head_top_x,head_top_y,upper_neck_x,upper_neck_y,right_shoulder_x,right_shoulder_y,right_elbow_x,right_elbow_y,right_wrist_x,right_wrist_y,thorax_x,thorax_y,left_shoulder_x,left_shoulder_y,left_elbow_x,left_elbow_y,left_wrist_x,left_wrist_y,pelvis_x,pelvis_y,right_hip_x,right_hip_y,right_knee_x,right_knee_y,right_ankle_x,right_ankle_y,left_hip_x,left_hip_y,left_knee_x,left_knee_y,left_ankle_x,left_ankle_y
0.46059782608695654,0.09661835748792275,0.46603260869565216,0.3526570048309179,0.39809782608695654,0.37681159420289856,0.4116847826086957,0.5845410628019323,0.42527173913043476,0.7632850241545894,0.46875,0.3719806763285024,0.5339673913043478,0.36714975845410625,0.5475543478260869,0.5458937198067633,0.4986413043478261,0.5845410628019323,0.4741847826086957,0.7971014492753624,0.43342391304347827,0.8019323671497585,0.40896739130434784,0.9710144927536233,0.47146739130434784,0.323671497584541,0.5122282608695652,0.7971014492753624,0.5557065217391305,0.9710144927536233,0.41983695652173914,0.7101449275362319
