head_top_x,head_top_y,upper_neck_x,upper_neck_y,right_shoulder_x,right_shoulder_y,right_elbow_x,right_elbow_y,right_wrist_x,right_wrist_y,thorax_x,thorax_y,left_shoulder_x,left_shoulder_y,left_elbow_x,left_elbow_y,left_wrist_x,left_wrist_y,pelvis_x,pelvis_y,right_hip_x,right_hip_y,right_knee_x,right_knee_y,right_ankle_x,right_ankle_y,left_hip_x,left_hip_y,left_knee_x,left_knee_y,left_ankle_x,left_ankle_y
0.7841666666666667,0.4540740740740741,0.8291666666666667,0.5696296296296297,0.7325,0.4955555555555555,0.07583333333333334,-0.0008333333333333334,0.8325,0.6111111111111112,0.8308333333333333,0.5577777777777777,0.9825,1.0,0.7491666666666666,0.8540740740740742,0.7308333333333333,0.8096296296296297,0.49083333333333334,0.0688888888888889,0.7791666666666667,0.5933333333333333,0.7241666666666666,0.7177777777777778,0.7875,0.5933333333333333,0.4375,0.16666666666666666,0.7175,0.4807407407407408,0.8341666666666666,0.5874074074074075
