head_top_x,head_top_y,upper_neck_x,upper_neck_y,right_shoulder_x,right_shoulder_y,right_elbow_x,right_elbow_y,right_wrist_x,right_wrist_y,thorax_x,thorax_y,left_shoulder_x,left_shoulder_y,left_elbow_x,left_elbow_y,left_wrist_x,left_wrist_y,pelvis_x,pelvis_y,right_hip_x,right_hip_y,right_knee_x,right_knee_y,right_ankle_x,right_ankle_y,left_hip_x,left_hip_y,left_knee_x,left_knee_y,left_ankle_x,left_ankle_y
0.501358695652174,0.0,0.47146739130434784,0.26570048309178745,0.33559782608695654,0.2946859903381643,0.15625,0.5410628019323672,0.21603260869565216,0.4251207729468599,0.46603260869565216,0.35748792270531404,0.5855978260869565,0.3913043478260869,0.6752717391304348,0.5797101449275363,0.7241847826086957,0.5652173913043479,0.44157608695652173,0.7729468599033817,0.34646739130434784,0.8164251207729468,0.2703804347826087,0.9710144927536233,0.44972826086956524,0.014492753623188422,0.501358695652174,0.8454106280193235,0.5502717391304348,0.7971014492753624,0.452445652173913,0.9420289855072463
