head_top_x,head_top_y,upper_neck_x,upper_neck_y,right_shoulder_x,right_shoulder_y,right_elbow_x,right_elbow_y,right_wrist_x,right_wrist_y,thorax_x,thorax_y,left_shoulder_x,left_shoulder_y,left_elbow_x,left_elbow_y,left_wrist_x,left_wrist_y,pelvis_x,pelvis_y,right_hip_x,right_hip_y,right_knee_x,right_knee_y,right_ankle_x,right_ankle_y,left_hip_x,left_hip_y,left_knee_x,left_knee_y,left_ankle_x,left_ankle_y
0.46875,0.4492753623188406,0.5067934782608695,0.41062801932367154,0.5095108695652174,0.4830917874396135,0.5258152173913043,0.4154589371980676,0.5149456521739131,0.3623188405797102,0.5339673913043478,0.38647342995169087,0.501358695652174,0.5120772946859903,0.5176630434782609,0.4444444444444444,0.5149456521739131,0.3623188405797102,0.53125,0.4927536231884058,0.5529891304347826,0.5024154589371981,0.501358695652174,0.5603864734299516,0.5095108695652174,0.7246376811594204,0.5176630434782609,0.5120772946859903,0.4904891304347826,0.5603864734299516,0.4986413043478261,0.7584541062801932
