head_top_x,head_top_y,upper_neck_x,upper_neck_y,right_shoulder_x,right_shoulder_y,right_elbow_x,right_elbow_y,right_wrist_x,right_wrist_y,thorax_x,thorax_y,left_shoulder_x,left_shoulder_y,left_elbow_x,left_elbow_y,left_wrist_x,left_wrist_y,pelvis_x,pelvis_y,right_hip_x,right_hip_y,right_knee_x,right_knee_y,right_ankle_x,right_ankle_y,left_hip_x,left_hip_y,left_knee_x,left_knee_y,left_ankle_x,left_ankle_y
0.9660326086956522,0.5845410628019323,0.8464673913043478,0.6038647342995169,0.8491847826086957,0.6038647342995169,0.7269021739130435,0.7198067632850241,0.7404891304347826,0.9178743961352657,0.8383152173913043,0.6135265700483092,0.84375,0.6135265700483092,0.7214673913043478,0.7246376811594204,0.7377717391304348,0.9082125603864735,0.7105978260869565,0.5217391304347826,0.7105978260869565,0.5120772946859903,0.7269021739130435,0.5072463768115942,0.8654891304347826,0.5942028985507246,0.7105978260869565,0.5217391304347826,0.7214673913043478,0.7198067632850241,0.8573369565217391,0.5893719806763286
