head_top_x,head_top_y,upper_neck_x,upper_neck_y,right_shoulder_x,right_shoulder_y,right_elbow_x,right_elbow_y,right_wrist_x,right_wrist_y,thorax_x,thorax_y,left_shoulder_x,left_shoulder_y,left_elbow_x,left_elbow_y,left_wrist_x,left_wrist_y,pelvis_x,pelvis_y,right_hip_x,right_hip_y,right_knee_x,right_knee_y,right_ankle_x,right_ankle_y,left_hip_x,left_hip_y,left_knee_x,left_knee_y,left_ankle_x,left_ankle_y
0.40625,0.03381642512077295,0.47690217391304346,0.20772946859903385,0.47146739130434784,0.21739130434782605,0.452445652173913,0.3333333333333333,0.39266304347826086,0.34782608695652173,0.4796195652173913,0.20772946859903385,0.485054347826087,0.18840579710144933,0.46059782608695654,0.34299516908212563,0.38179347826086957,0.32850241545893716,0.485054347826087,0.45893719806763283,0.47146739130434784,0.45410628019323673,0.452445652173913,0.6714975845410627,0.5149456521739131,0.9323671497584543,0.49592391304347827,0.45893719806763283,0.4741847826086957,0.7294685990338164,0.5095108695652174,0.966183574879227
