head_top_x,head_top_y,upper_neck_x,upper_neck_y,right_shoulder_x,right_shoulder_y,right_elbow_x,right_elbow_y,right_wrist_x,right_wrist_y,thorax_x,thorax_y,left_shoulder_x,left_shoulder_y,left_elbow_x,left_elbow_y,left_wrist_x,left_wrist_y,pelvis_x,pelvis_y,right_hip_x,right_hip_y,right_knee_x,right_knee_y,right_ankle_x,right_ankle_y,left_hip_x,left_hip_y,left_knee_x,left_knee_y,left_ankle_x,left_ankle_y
0.36820652173913043,0.3043478260869565,0.46875,0.35748792270531404,0.47690217391304346,0.36714975845410625,0.4171195652173913,0.3816425120772947,0.422554347826087,0.22705314009661837,0.47146739130434784,0.3719806763285024,0.48777173913043476,0.3719806763285024,0.5040760869565217,0.497584541062802,0.48233695652173914,0.497584541062802,0.485054347826087,0.5652173913043479,0.485054347826087,0.5652173913043479,0.46875,0.6135265700483092,0.47690217391304346,0.7487922705314011,0.48777173913043476,0.5797101449275363,0.5203804347826086,0.6038647342995169,0.49320652173913043,0.7584541062801932
