head_top_x,head_top_y,upper_neck_x,upper_neck_y,right_shoulder_x,right_shoulder_y,right_elbow_x,right_elbow_y,right_wrist_x,right_wrist_y,thorax_x,thorax_y,left_shoulder_x,left_shoulder_y,left_elbow_x,left_elbow_y,left_wrist_x,left_wrist_y,pelvis_x,pelvis_y,right_hip_x,right_hip_y,right_knee_x,right_knee_y,right_ankle_x,right_ankle_y,left_hip_x,left_hip_y,left_knee_x,left_knee_y,left_ankle_x,left_ankle_y
0.19429347826086957,0.01894814311594203,0.23505434782608695,0.25101336050724643,0.25407608695652173,0.28485620471014494,0.35190217391304346,0.5701030344202899,0.44429347826086957,0.5701030344202899,0.264945652173913,0.28969089673913045,0.26766304347826086,0.27035212862318847,0.35190217391304346,0.5652683423913044,0.46875,0.5701030344202899,0.4388586956521739,0.6087805706521738,0.42527173913043476,0.637788722826087,0.4361413043478261,0.8746886322463768,0.5176630434782609,0.9036967844202899,0.47146739130434784,0.5942764945652174,0.5475543478260869,0.6522927989130435,0.5448369565217391,0.8891927083333334
