head_top_x,head_top_y,upper_neck_x,upper_neck_y,right_shoulder_x,right_shoulder_y,right_elbow_x,right_elbow_y,right_wrist_x,right_wrist_y,thorax_x,thorax_y,left_shoulder_x,left_shoulder_y,left_elbow_x,left_elbow_y,left_wrist_x,left_wrist_y,pelvis_x,pelvis_y,right_hip_x,right_hip_y,right_knee_x,right_knee_y,right_ankle_x,right_ankle_y,left_hip_x,left_hip_y,left_knee_x,left_knee_y,left_ankle_x,left_ankle_y
0.5557065217391305,0.03864734299516911,0.5557065217391305,0.2898550724637681,0.48777173913043476,0.3526570048309179,0.4361413043478261,0.5314009661835749,0.4904891304347826,0.3816425120772947,0.5584239130434783,0.34782608695652173,0.6453804347826086,0.34782608695652173,0.7105978260869565,0.4927536231884058,0.7160326086956522,0.4154589371980676,0.5692934782608695,0.7971014492753624,0.53125,0.8115942028985508,0.3845108695652174,0.4927536231884058,0.688858695652174,0.47826086956521735,0.6209239130434783,0.7826086956521738,0.6399456521739131,0.9516908212560387,0.3654891304347826,0.5893719806763286
