head_top_x,head_top_y,upper_neck_x,upper_neck_y,right_shoulder_x,right_shoulder_y,right_elbow_x,right_elbow_y,right_wrist_x,right_wrist_y,thorax_x,thorax_y,left_shoulder_x,left_shoulder_y,left_elbow_x,left_elbow_y,left_wrist_x,left_wrist_y,pelvis_x,pelvis_y,right_hip_x,right_hip_y,right_knee_x,right_knee_y,right_ankle_x,right_ankle_y,left_hip_x,left_hip_y,left_knee_x,left_knee_y,left_ankle_x,left_ankle_y
0.43083333333333335,0.07777777777777779,0.4825,0.3118518518518518,0.49416666666666664,0.48370370370370375,0.4575,0.43037037037037035,0.4225,0.6496296296296296,0.4891666666666667,0.3059259259259259,0.49916666666666665,0.22000000000000006,0.4708333333333333,0.33259259259259255,0.3775,0.3266666666666667,0.5041666666666667,0.43333333333333335,0.4975,0.44814814814814813,0.4891666666666667,0.7000000000000001,0.4875,0.7118518518518518,0.49916666666666665,0.4362962962962963,0.49083333333333334,0.6614814814814814,0.49083333333333334,0.6940740740740741
