head_top_x,head_top_y,upper_neck_x,upper_neck_y,right_shoulder_x,right_shoulder_y,right_elbow_x,right_elbow_y,right_wrist_x,right_wrist_y,thorax_x,thorax_y,left_shoulder_x,left_shoulder_y,left_elbow_x,left_elbow_y,left_wrist_x,left_wrist_y,pelvis_x,pelvis_y,right_hip_x,right_hip_y,right_knee_x,right_knee_y,right_ankle_x,right_ankle_y,left_hip_x,left_hip_y,left_knee_x,left_knee_y,left_ankle_x,left_ankle_y
0.4116847826086957,0.06280193236714975,0.5122282608695652,0.1256038647342995,0.5285326086956522,0.024154589371980686,0.327445652173913,0.4927536231884058,0.7024456521739131,0.6666666666666666,0.5203804347826086,0.10144927536231879,0.5095108695652174,0.06280193236714975,0.327445652173913,0.47826086956521735,0.6915760869565217,0.642512077294686,0.6453804347826086,0.6280193236714976,0.4633152173913043,0.12077294685990342,0.24048913043478262,0.48792270531400966,0.09646739130434782,0.3719806763285024,0.6453804347826086,0.7004830917874396,0.2513586956521739,0.4734299516908213,0.07744565217391304,0.4444444444444444
