head_top_x,head_top_y,upper_neck_x,upper_neck_y,right_shoulder_x,right_shoulder_y,right_elbow_x,right_elbow_y,right_wrist_x,right_wrist_y,thorax_x,thorax_y,left_shoulder_x,left_shoulder_y,left_elbow_x,left_elbow_y,left_wrist_x,left_wrist_y,pelvis_x,pelvis_y,right_hip_x,right_hip_y,right_knee_x,right_knee_y,right_ankle_x,right_ankle_y,left_hip_x,left_hip_y,left_knee_x,left_knee_y,left_ankle_x,left_ankle_y
0.48777173913043476,0.009661835748792265,0.46875,0.20772946859903385,0.422554347826087,0.16425120772946863,0.34375,0.20772946859903385,0.40896739130434784,0.22705314009661837,0.4741847826086957,0.19806763285024154,0.5122282608695652,0.18357487922705318,0.5529891304347826,0.21739130434782605,0.5557065217391305,0.24154589371980675,0.46603260869565216,0.45410628019323673,0.4361413043478261,0.45410628019323673,0.43342391304347827,0.7053140096618358,0.43342391304347827,0.893719806763285,0.49592391304347827,0.463768115942029,0.5067934782608695,0.6956521739130435,0.5149456521739131,0.9082125603864735
