head_top_x,head_top_y,upper_neck_x,upper_neck_y,right_shoulder_x,right_shoulder_y,right_elbow_x,right_elbow_y,right_wrist_x,right_wrist_y,thorax_x,thorax_y,left_shoulder_x,left_shoulder_y,left_elbow_x,left_elbow_y,left_wrist_x,left_wrist_y,pelvis_x,pelvis_y,right_hip_x,right_hip_y,right_knee_x,right_knee_y,right_ankle_x,right_ankle_y,left_hip_x,left_hip_y,left_knee_x,left_knee_y,left_ankle_x,left_ankle_y
0.46059782608695654,0.5942028985507246,0.26766304347826086,0.5072463768115942,0.39809782608695654,0.6666666666666666,0.49592391304347827,0.7053140096618358,0.5067934782608695,0.4347826086956521,0.327445652173913,0.6231884057971013,0.27309782608695654,0.5700483091787439,0.485054347826087,0.6666666666666666,0.5122282608695652,0.43961352657004826,0.38179347826086957,0.6183574879227053,0.39809782608695654,0.6280193236714976,0.2595108695652174,0.3913043478260869,0.5095108695652174,0.36714975845410625,0.39266304347826086,0.5942028985507246,0.25679347826086957,0.33816425120772947,0.5095108695652174,0.3719806763285024
