head_top_x,head_top_y,upper_neck_x,upper_neck_y,right_shoulder_x,right_shoulder_y,right_elbow_x,right_elbow_y,right_wrist_x,right_wrist_y,thorax_x,thorax_y,left_shoulder_x,left_shoulder_y,left_elbow_x,left_elbow_y,left_wrist_x,left_wrist_y,pelvis_x,pelvis_y,right_hip_x,right_hip_y,right_knee_x,right_knee_y,right_ankle_x,right_ankle_y,left_hip_x,left_hip_y,left_knee_x,left_knee_y,left_ankle_x,left_ankle_y
0.8057065217391305,0.6135265700483092,0.6834239130434783,0.47826086956521735,0.6644021739130435,0.4492753623188406,0.5448369565217391,0.5217391304347826,0.7051630434782609,0.6376811594202899,0.6671195652173914,0.45893719806763283,0.6698369565217391,0.4347826086956521,0.6290760869565217,0.5314009661835749,0.6589673913043478,0.6280193236714976,0.5176630434782609,0.5314009661835749,0.5095108695652174,0.5265700483091789,0.47146739130434784,0.6231884057971013,0.45516304347826086,0.7487922705314011,0.5203804347826086,0.5265700483091789,0.47146739130434784,0.6231884057971013,0.4633152173913043,0.681159420289855
