head_top_x,head_top_y,upper_neck_x,upper_neck_y,right_shoulder_x,right_shoulder_y,right_elbow_x,right_elbow_y,right_wrist_x,right_wrist_y,thorax_x,thorax_y,left_shoulder_x,left_shoulder_y,left_elbow_x,left_elbow_y,left_wrist_x,left_wrist_y,pelvis_x,pelvis_y,right_hip_x,right_hip_y,right_knee_x,right_knee_y,right_ankle_x,right_ankle_y,left_hip_x,left_hip_y,left_knee_x,left_knee_y,left_ankle_x,left_ankle_y
0.5475543478260869,0.323671497584541,0.5176630434782609,0.5603864734299516,0.45516304347826086,0.4927536231884058,0.37907608695652173,0.5797101449275363,0.360054347826087,0.6908212560386473,0.5203804347826086,0.4830917874396135,0.5692934782608695,0.4734299516908213,0.626358695652174,0.5845410628019323,0.6589673913043478,0.7149758454106281,0.5149456521739131,0.5652173913043479,0.48777173913043476,0.5748792270531402,0.4578804347826087,0.5603864734299516,0.5122282608695652,0.6328502415458936,0.5448369565217391,0.5555555555555556,0.5230978260869565,0.642512077294686,0.5149456521739131,0.6376811594202899
