head_top_x,head_top_y,upper_neck_x,upper_neck_y,right_shoulder_x,right_shoulder_y,right_elbow_x,right_elbow_y,right_wrist_x,right_wrist_y,thorax_x,thorax_y,left_shoulder_x,left_shoulder_y,left_elbow_x,left_elbow_y,left_wrist_x,left_wrist_y,pelvis_x,pelvis_y,right_hip_x,right_hip_y,right_knee_x,right_knee_y,right_ankle_x,right_ankle_y,left_hip_x,left_hip_y,left_knee_x,left_knee_y,left_ankle_x,left_ankle_y
0.3546195652173913,0.10628019323671495,0.4986413043478261,0.1690821256038647,0.5095108695652174,0.15942028985507248,0.53125,0.42028985507246375,0.6997282608695652,0.5120772946859903,0.5067934782608695,0.13043478260869565,0.47690217391304346,0.1352657004830918,0.42527173913043476,0.41062801932367154,0.3546195652173913,0.6280193236714976,0.5692934782608695,0.5120772946859903,0.6290760869565217,0.5265700483091789,0.65625,0.5265700483091789,0.6915760869565217,0.5169082125603865,0.5258152173913043,0.536231884057971,0.35733695652173914,0.5942028985507246,0.3029891304347826,0.608695652173913
