head_top_x,head_top_y,upper_neck_x,upper_neck_y,right_shoulder_x,right_shoulder_y,right_elbow_x,right_elbow_y,right_wrist_x,right_wrist_y,thorax_x,thorax_y,left_shoulder_x,left_shoulder_y,left_elbow_x,left_elbow_y,left_wrist_x,left_wrist_y,pelvis_x,pelvis_y,right_hip_x,right_hip_y,right_knee_x,right_knee_y,right_ankle_x,right_ankle_y,left_hip_x,left_hip_y,left_knee_x,left_knee_y,left_ankle_x,left_ankle_y
0.3546195652173913,0.31884057971014496,0.40896739130434784,0.4347826086956521,0.41440217391304346,0.36714975845410625,0.37907608695652173,0.5797101449275363,0.389945652173913,0.7777777777777778,0.39809782608695654,0.3961352657004831,0.4171195652173913,0.3961352657004831,0.40896739130434784,0.497584541062802,0.39266304347826086,0.7729468599033817,0.5230978260869565,0.4347826086956521,0.5557065217391305,0.5217391304347826,0.6997282608695652,0.5700483091787439,0.389945652173913,0.7584541062801932,0.5339673913043478,0.36714975845410625,0.751358695652174,0.3719806763285024,0.39266304347826086,0.7826086956521738
