head_top_x,head_top_y,upper_neck_x,upper_neck_y,right_shoulder_x,right_shoulder_y,right_elbow_x,right_elbow_y,right_wrist_x,right_wrist_y,thorax_x,thorax_y,left_shoulder_x,left_shoulder_y,left_elbow_x,left_elbow_y,left_wrist_x,left_wrist_y,pelvis_x,pelvis_y,right_hip_x,right_hip_y,right_knee_x,right_knee_y,right_ankle_x,right_ankle_y,left_hip_x,left_hip_y,left_knee_x,left_knee_y,left_ankle_x,left_ankle_y
0.44972826086956524,0.463768115942029,0.26222826086956524,0.2222222222222222,0.6399456521739131,0.43961352657004826,0.5339673913043478,0.4734299516908213,0.49592391304347827,0.5217391304347826,0.5366847826086957,0.4830917874396135,0.6345108695652174,0.42995169082125606,0.43070652173913043,0.5024154589371981,0.45516304347826086,0.5169082125603865,0.6317934782608695,0.4347826086956521,0.6317934782608695,0.4251207729468599,0.8872282608695652,0.5120772946859903,0.46059782608695654,0.4830917874396135,0.6480978260869565,0.42028985507246375,0.9035326086956522,0.4927536231884058,0.4633152173913043,0.48792270531400966
