head_top_x,head_top_y,upper_neck_x,upper_neck_y,right_shoulder_x,right_shoulder_y,right_elbow_x,right_elbow_y,right_wrist_x,right_wrist_y,thorax_x,thorax_y,left_shoulder_x,left_shoulder_y,left_elbow_x,left_elbow_y,left_wrist_x,left_wrist_y,pelvis_x,pelvis_y,right_hip_x,right_hip_y,right_knee_x,right_knee_y,right_ankle_x,right_ankle_y,left_hip_x,left_hip_y,left_knee_x,left_knee_y,left_ankle_x,left_ankle_y
0.4508333333333333,0.19925925925925922,0.48083333333333333,0.1962962962962963,0.4241666666666667,0.1696296296296296,0.3441666666666667,0.19925925925925922,0.44416666666666665,0.1962962962962963,0.48083333333333333,0.19333333333333336,0.5208333333333334,0.19333333333333336,0.5925,0.2081481481481481,0.5525,0.24666666666666665,0.4691666666666667,0.4422222222222223,0.44083333333333335,0.4422222222222223,0.43416666666666665,0.7207407407407407,0.4375,0.8896296296296295,0.49416666666666664,0.43925925925925924,0.5125,0.6940740740740741,0.5175,0.8985185185185185
