head_top_x,head_top_y,upper_neck_x,upper_neck_y,right_shoulder_x,right_shoulder_y,right_elbow_x,right_elbow_y,right_wrist_x,right_wrist_y,thorax_x,thorax_y,left_shoulder_x,left_shoulder_y,left_elbow_x,left_elbow_y,left_wrist_x,left_wrist_y,pelvis_x,pelvis_y,right_hip_x,right_hip_y,right_knee_x,right_knee_y,right_ankle_x,right_ankle_y,left_hip_x,left_hip_y,left_knee_x,left_knee_y,left_ankle_x,left_ankle_y
0.37907608695652173,0.024154589371980686,0.3763586956521739,0.25120772946859904,0.31929347826086957,0.25603864734299514,0.27309782608695654,0.34782608695652173,0.31657608695652173,0.41062801932367154,0.3763586956521739,0.25603864734299514,0.4279891304347826,0.25120772946859904,0.4796195652173913,0.33816425120772947,0.5258152173913043,0.3526570048309179,0.38179347826086957,0.5217391304347826,0.35733695652173914,0.5217391304347826,0.389945652173913,0.7198067632850241,0.3845108695652174,0.9565217391304347,0.40896739130434784,0.5120772946859903,0.39809782608695654,0.7198067632850241,0.38179347826086957,0.9420289855072463
