head_top_x,head_top_y,upper_neck_x,upper_neck_y,right_shoulder_x,right_shoulder_y,right_elbow_x,right_elbow_y,right_wrist_x,right_wrist_y,thorax_x,thorax_y,left_shoulder_x,left_shoulder_y,left_elbow_x,left_elbow_y,left_wrist_x,left_wrist_y,pelvis_x,pelvis_y,right_hip_x,right_hip_y,right_knee_x,right_knee_y,right_ankle_x,right_ankle_y,left_hip_x,left_hip_y,left_knee_x,left_knee_y,left_ankle_x,left_ankle_y
0.3075,0.3118518518518518,0.43083333333333335,0.44814814814814813,0.3591666666666667,0.45999999999999996,0.24916666666666668,0.5785185185185185,0.12583333333333332,0.6496296296296296,0.42583333333333334,0.43925925925925924,0.49583333333333335,0.41555555555555557,0.44916666666666666,0.6407407407407408,0.3625,0.6437037037037037,0.5141666666666667,0.6851851851851851,0.4741666666666667,0.697037037037037,0.33916666666666667,0.697037037037037,0.14083333333333334,0.7799999999999999,0.5541666666666667,0.6674074074074073,0.7091666666666666,0.7266666666666666,0.9091666666666667,0.7948148148148149
