head_top_x,head_top_y,upper_neck_x,upper_neck_y,right_shoulder_x,right_shoulder_y,right_elbow_x,right_elbow_y,right_wrist_x,right_wrist_y,thorax_x,thorax_y,left_shoulder_x,left_shoulder_y,left_elbow_x,left_elbow_y,left_wrist_x,left_wrist_y,pelvis_x,pelvis_y,right_hip_x,right_hip_y,right_knee_x,right_knee_y,right_ankle_x,right_ankle_y,left_hip_x,left_hip_y,left_knee_x,left_knee_y,left_ankle_x,left_ankle_y
0.5176630434782609,0.15760869565217392,0.5448369565217391,0.3605072463768116,0.422554347826087,0.338768115942029,0.35190217391304346,0.5634057971014492,0.31657608695652173,0.7155797101449276,0.5448369565217391,0.3713768115942029,0.6725543478260869,0.39311594202898553,0.7133152173913043,0.6612318840579711,0.5692934782608695,0.7626811594202899,0.53125,0.8858695652173912,0.44157608695652173,0.8605072463768115,0.7105978260869565,0.6829710144927535,0.501358695652174,0.8351449275362319,0.6073369565217391,0.8894927536231885,0.5502717391304348,0.9221014492753623,0.46875,0.8315217391304347
