head_top_x,head_top_y,upper_neck_x,upper_neck_y,right_shoulder_x,right_shoulder_y,right_elbow_x,right_elbow_y,right_wrist_x,right_wrist_y,thorax_x,thorax_y,left_shoulder_x,left_shoulder_y,left_elbow_x,left_elbow_y,left_wrist_x,left_wrist_y,pelvis_x,pelvis_y,right_hip_x,right_hip_y,right_knee_x,right_knee_y,right_ankle_x,right_ankle_y,left_hip_x,left_hip_y,left_knee_x,left_knee_y,left_ankle_x,left_ankle_y
0.1925,0.10710069444444448,0.9391666666666667,0.5370659722222223,0.5291666666666667,0.6378854166666666,0.5391666666666667,0.13675347222222226,0.32416666666666666,0.5429965277777777,0.9658333333333333,0.5222395833333332,0.6091666666666666,0.3591493055555556,0.9391666666666667,0.5429965277777777,0.30083333333333334,0.554857638888889,0.5341666666666667,0.6111979166666667,0.8841666666666667,0.5459618055555556,0.4741666666666667,0.59340625,0.4841666666666667,0.6082326388888888,0.5375,0.6230590277777779,0.8925,0.5518923611111112,0.4775,0.6082326388888888
