head_top_x,head_top_y,upper_neck_x,upper_neck_y,right_shoulder_x,right_shoulder_y,right_elbow_x,right_elbow_y,right_wrist_x,right_wrist_y,thorax_x,thorax_y,left_shoulder_x,left_shoulder_y,left_elbow_x,left_elbow_y,left_wrist_x,left_wrist_y,pelvis_x,pelvis_y,right_hip_x,right_hip_y,right_knee_x,right_knee_y,right_ankle_x,right_ankle_y,left_hip_x,left_hip_y,left_knee_x,left_knee_y,left_ankle_x,left_ankle_y
0.5475543478260869,0.40096618357487923,0.563858695652174,0.2608695652173913,0.5964673913043478,0.2705314009661836,0.5991847826086957,0.45410628019323673,0.623641304347826,0.7004830917874396,0.5557065217391305,0.2801932367149758,0.5448369565217391,0.2898550724637681,0.5964673913043478,0.4830917874396135,0.6209239130434783,0.6908212560386473,0.5557065217391305,0.07246376811594206,0.563858695652174,0.05797101449275358,0.5394021739130435,0.18357487922705318,0.27309782608695654,0.647342995169082,0.5475543478260869,0.05797101449275358,0.26222826086956524,0.30917874396135264,0.27309782608695654,0.647342995169082
