head_top_x,head_top_y,upper_neck_x,upper_neck_y,right_shoulder_x,right_shoulder_y,right_elbow_x,right_elbow_y,right_wrist_x,right_wrist_y,thorax_x,thorax_y,left_shoulder_x,left_shoulder_y,left_elbow_x,left_elbow_y,left_wrist_x,left_wrist_y,pelvis_x,pelvis_y,right_hip_x,right_hip_y,right_knee_x,right_knee_y,right_ankle_x,right_ankle_y,left_hip_x,left_hip_y,left_knee_x,left_knee_y,left_ankle_x,left_ankle_y
0.39266304347826086,0.4830917874396135,0.40353260869565216,0.4057971014492754,0.40353260869565216,0.43961352657004826,0.41440217391304346,0.5748792270531402,0.4008152173913043,0.3816425120772947,0.40353260869565216,0.3913043478260869,0.40896739130434784,0.4444444444444444,0.41440217391304346,0.5748792270531402,0.40896739130434784,0.37681159420289856,0.41983695652173914,0.2608695652173913,0.4388586956521739,0.27536231884057977,0.4279891304347826,0.5893719806763286,0.3953804347826087,0.3913043478260869,0.422554347826087,0.2463768115942029,0.422554347826087,0.5797101449275363,0.3953804347826087,0.3719806763285024
