head_top_x,head_top_y,upper_neck_x,upper_neck_y,right_shoulder_x,right_shoulder_y,right_elbow_x,right_elbow_y,right_wrist_x,right_wrist_y,thorax_x,thorax_y,left_shoulder_x,left_shoulder_y,left_elbow_x,left_elbow_y,left_wrist_x,left_wrist_y,pelvis_x,pelvis_y,right_hip_x,right_hip_y,right_knee_x,right_knee_y,right_ankle_x,right_ankle_y,left_hip_x,left_hip_y,left_knee_x,left_knee_y,left_ankle_x,left_ankle_y
0.49592391304347827,0.2608695652173913,0.44157608695652173,0.42028985507246375,0.4470108695652174,0.4057971014492754,0.5122282608695652,0.36714975845410625,0.5421195652173914,0.2898550724637681,0.44429347826086957,0.41062801932367154,0.4361413043478261,0.41062801932367154,0.48777173913043476,0.536231884057971,0.5557065217391305,0.5652173913043479,0.4388586956521739,0.5990338164251209,0.44157608695652173,0.5942028985507246,0.5692934782608695,0.5893719806763286,0.751358695652174,0.6908212560386473,0.43342391304347827,0.5942028985507246,0.563858695652174,0.5845410628019323,0.7649456521739131,0.6714975845410627
