head_top_x,head_top_y,upper_neck_x,upper_neck_y,right_shoulder_x,right_shoulder_y,right_elbow_x,right_elbow_y,right_wrist_x,right_wrist_y,thorax_x,thorax_y,left_shoulder_x,left_shoulder_y,left_elbow_x,left_elbow_y,left_wrist_x,left_wrist_y,pelvis_x,pelvis_y,right_hip_x,right_hip_y,right_knee_x,right_knee_y,right_ankle_x,right_ankle_y,left_hip_x,left_hip_y,left_knee_x,left_knee_y,left_ankle_x,left_ankle_y
0.4470108695652174,0.07729468599033822,0.40625,0.30917874396135264,0.452445652173913,0.34299516908212563,0.46875,0.5700483091787439,0.5230978260869565,0.7777777777777778,0.4008152173913043,0.34299516908212563,0.35190217391304346,0.33816425120772947,0.3328804347826087,0.5700483091787439,0.389945652173913,0.6570048309178743,0.4171195652173913,0.7729468599033817,0.4578804347826087,0.7777777777777778,0.4741847826086957,0.9806763285024154,0.44972826086956524,0.2801932367149758,0.3763586956521739,0.7729468599033817,0.3736413043478261,0.9903381642512077,0.452445652173913,0.9371980676328503
