head_top_x,head_top_y,upper_neck_x,upper_neck_y,right_shoulder_x,right_shoulder_y,right_elbow_x,right_elbow_y,right_wrist_x,right_wrist_y,thorax_x,thorax_y,left_shoulder_x,left_shoulder_y,left_elbow_x,left_elbow_y,left_wrist_x,left_wrist_y,pelvis_x,pelvis_y,right_hip_x,right_hip_y,right_knee_x,right_knee_y,right_ankle_x,right_ankle_y,left_hip_x,left_hip_y,left_knee_x,left_knee_y,left_ankle_x,left_ankle_y
0.5448369565217391,0.07729468599033822,0.5421195652173914,0.31884057971014496,0.4796195652173913,0.35748792270531404,0.485054347826087,0.5410628019323672,0.5095108695652174,0.5893719806763286,0.5448369565217391,0.35748792270531404,0.6100543478260869,0.35748792270531404,0.5991847826086957,0.5410628019323672,0.5475543478260869,0.5990338164251209,0.4279891304347826,0.6280193236714976,0.4116847826086957,0.608695652173913,0.485054347826087,0.6376811594202899,0.5095108695652174,0.9371980676328503,0.5366847826086957,0.608695652173913,0.5557065217391305,0.6618357487922706,0.5448369565217391,0.9420289855072463
