head_top_x,head_top_y,upper_neck_x,upper_neck_y,right_shoulder_x,right_shoulder_y,right_elbow_x,right_elbow_y,right_wrist_x,right_wrist_y,thorax_x,thorax_y,left_shoulder_x,left_shoulder_y,left_elbow_x,left_elbow_y,left_wrist_x,left_wrist_y,pelvis_x,pelvis_y,right_hip_x,right_hip_y,right_knee_x,right_knee_y,right_ankle_x,right_ankle_y,left_hip_x,left_hip_y,left_knee_x,left_knee_y,left_ankle_x,left_ankle_y
0.5475543478260869,0.053140096618357474,0.5557065217391305,0.27536231884057977,0.501358695652174,0.25603864734299514,0.49592391304347827,0.4492753623188406,0.5040760869565217,0.6038647342995169,0.5557065217391305,0.26570048309178745,0.6372282608695652,0.2801932367149758,0.5964673913043478,0.47826086956521735,0.5366847826086957,0.6135265700483092,0.5557065217391305,0.5072463768115942,0.5285326086956522,0.5120772946859903,0.4578804347826087,0.6956521739130435,0.5421195652173914,0.6376811594202899,0.6046195652173914,0.5024154589371981,0.6290760869565217,0.7536231884057971,0.6182065217391305,0.5845410628019323
