head_top_x,head_top_y,upper_neck_x,upper_neck_y,right_shoulder_x,right_shoulder_y,right_elbow_x,right_elbow_y,right_wrist_x,right_wrist_y,thorax_x,thorax_y,left_shoulder_x,left_shoulder_y,left_elbow_x,left_elbow_y,left_wrist_x,left_wrist_y,pelvis_x,pelvis_y,right_hip_x,right_hip_y,right_knee_x,right_knee_y,right_ankle_x,right_ankle_y,left_hip_x,left_hip_y,left_knee_x,left_knee_y,left_ankle_x,left_ankle_y
0.3654891304347826,0.17115036231884054,0.3763586956521739,0.3823822463768116,0.43342391304347827,0.37278079710144923,0.5040760869565217,0.45919384057971013,0.4470108695652174,0.4879981884057971,0.3763586956521739,0.39678442028985506,0.31657608695652173,0.4015851449275362,0.2703804347826087,0.5408061594202899,0.33559782608695654,0.5408061594202899,0.4633152173913043,0.723233695652174,0.5095108695652174,0.7136322463768117,0.561141304347826,0.6368206521739131,0.71875,0.5120018115942028,0.4361413043478261,0.7472373188405798,0.34646739130434784,0.5216032608695652,0.9279891304347826,0.334375
