head_top_x,head_top_y,upper_neck_x,upper_neck_y,right_shoulder_x,right_shoulder_y,right_elbow_x,right_elbow_y,right_wrist_x,right_wrist_y,thorax_x,thorax_y,left_shoulder_x,left_shoulder_y,left_elbow_x,left_elbow_y,left_wrist_x,left_wrist_y,pelvis_x,pelvis_y,right_hip_x,right_hip_y,right_knee_x,right_knee_y,right_ankle_x,right_ankle_y,left_hip_x,left_hip_y,left_knee_x,left_knee_y,left_ankle_x,left_ankle_y
0.5692934782608695,0.2807971014492754,0.6508152173913043,0.40036231884057966,0.6616847826086957,0.34963768115942034,0.5339673913043478,0.39311594202898553,0.39809782608695654,0.3423913043478261,0.65625,0.40036231884057966,0.6807065217391305,0.411231884057971,0.748641304347826,0.4981884057971015,0.6779891304347826,0.5271739130434782,0.6154891304347826,0.6829710144927535,0.5964673913043478,0.7010869565217391,0.5475543478260869,0.7663043478260869,0.264945652173913,0.3278985507246377,0.6154891304347826,0.7010869565217391,0.5584239130434783,0.7989130434782609,0.2595108695652174,0.3315217391304348
