head_top_x,head_top_y,upper_neck_x,upper_neck_y,right_shoulder_x,right_shoulder_y,right_elbow_x,right_elbow_y,right_wrist_x,right_wrist_y,thorax_x,thorax_y,left_shoulder_x,left_shoulder_y,left_elbow_x,left_elbow_y,left_wrist_x,left_wrist_y,pelvis_x,pelvis_y,right_hip_x,right_hip_y,right_knee_x,right_knee_y,right_ankle_x,right_ankle_y,left_hip_x,left_hip_y,left_knee_x,left_knee_y,left_ankle_x,left_ankle_y
0.626358695652174,0.33816425120772947,0.5964673913043478,0.4347826086956521,0.5529891304347826,0.4154589371980676,0.53125,0.5169082125603865,0.46059782608695654,0.36714975845410625,0.6073369565217391,0.4347826086956521,0.6345108695652174,0.4444444444444444,0.6644021739130435,0.5024154589371981,0.6209239130434783,0.40096618357487923,0.561141304347826,0.5314009661835749,0.5366847826086957,0.5217391304347826,0.47690217391304346,0.5797101449275363,0.6073369565217391,0.45893719806763283,0.5828804347826086,0.536231884057971,0.5149456521739131,0.5893719806763286,0.6182065217391305,0.4347826086956521
