head_top_x,head_top_y,upper_neck_x,upper_neck_y,right_shoulder_x,right_shoulder_y,right_elbow_x,right_elbow_y,right_wrist_x,right_wrist_y,thorax_x,thorax_y,left_shoulder_x,left_shoulder_y,left_elbow_x,left_elbow_y,left_wrist_x,left_wrist_y,pelvis_x,pelvis_y,right_hip_x,right_hip_y,right_knee_x,right_knee_y,right_ankle_x,right_ankle_y,left_hip_x,left_hip_y,left_knee_x,left_knee_y,left_ankle_x,left_ankle_y
0.4633152173913043,0.12137681159420288,0.4633152173913043,0.2952898550724638,0.4008152173913043,0.32065217391304346,0.38722826086956524,0.4547101449275362,0.4796195652173913,0.42934782608695654,0.46059782608695654,0.3242753623188406,0.5149456521739131,0.32065217391304346,0.5557065217391305,0.4184782608695652,0.5502717391304348,0.4039855072463768,0.44972826086956524,0.6105072463768115,0.41983695652173914,0.6141304347826088,0.422554347826087,0.8894927536231885,0.44972826086956524,0.9438405797101449,0.48233695652173914,0.6177536231884058,0.49320652173913043,0.871376811594203,0.46603260869565216,0.9583333333333334
