head_top_x,head_top_y,upper_neck_x,upper_neck_y,right_shoulder_x,right_shoulder_y,right_elbow_x,right_elbow_y,right_wrist_x,right_wrist_y,thorax_x,thorax_y,left_shoulder_x,left_shoulder_y,left_elbow_x,left_elbow_y,left_wrist_x,left_wrist_y,pelvis_x,pelvis_y,right_hip_x,right_hip_y,right_knee_x,right_knee_y,right_ankle_x,right_ankle_y,left_hip_x,left_hip_y,left_knee_x,left_knee_y,left_ankle_x,left_ankle_y
0.47690217391304346,0.1721014492753623,0.44157608695652173,0.35326086956521735,0.41983695652173914,0.34963768115942034,0.5285326086956522,0.32065217391304346,0.4986413043478261,0.2010869565217391,0.44429347826086957,0.34963768115942034,0.45516304347826086,0.34963768115942034,0.5475543478260869,0.30978260869565216,0.5230978260869565,0.19384057971014493,0.46875,0.5634057971014492,0.4470108695652174,0.5670289855072465,0.43070652173913043,0.7518115942028986,0.3736413043478261,0.8677536231884058,0.49320652173913043,0.5597826086956522,0.5122282608695652,0.7119565217391304,0.501358695652174,0.8460144927536232
