head_top_x,head_top_y,upper_neck_x,upper_neck_y,right_shoulder_x,right_shoulder_y,right_elbow_x,right_elbow_y,right_wrist_x,right_wrist_y,thorax_x,thorax_y,left_shoulder_x,left_shoulder_y,left_elbow_x,left_elbow_y,left_wrist_x,left_wrist_y,pelvis_x,pelvis_y,right_hip_x,right_hip_y,right_knee_x,right_knee_y,right_ankle_x,right_ankle_y,left_hip_x,left_hip_y,left_knee_x,left_knee_y,left_ankle_x,left_ankle_y
0.40625,-0.001358695652173913,0.40353260869565216,0.1684782608695652,0.33559782608695654,0.17934782608695654,0.28396739130434784,0.28804347826086957,0.21875,0.26992753623188404,0.4008152173913043,0.17572463768115942,0.4633152173913043,0.17572463768115942,0.5176630434782609,0.2916666666666667,0.5584239130434783,0.31702898550724634,0.40625,0.39673913043478265,0.3736413043478261,0.40036231884057966,0.3763586956521739,0.5706521739130435,0.37907608695652173,0.7735507246376812,0.44157608695652173,0.40036231884057966,0.44157608695652173,0.5380434782608696,0.4388586956521739,0.5851449275362319
