head_top_x,head_top_y,upper_neck_x,upper_neck_y,right_shoulder_x,right_shoulder_y,right_elbow_x,right_elbow_y,right_wrist_x,right_wrist_y,thorax_x,thorax_y,left_shoulder_x,left_shoulder_y,left_elbow_x,left_elbow_y,left_wrist_x,left_wrist_y,pelvis_x,pelvis_y,right_hip_x,right_hip_y,right_knee_x,right_knee_y,right_ankle_x,right_ankle_y,left_hip_x,left_hip_y,left_knee_x,left_knee_y,left_ankle_x,left_ankle_y
0.37907608695652173,-0.001358695652173913,0.3654891304347826,0.15942028985507248,0.3029891304347826,0.1352657004830918,0.327445652173913,0.3623188405797102,0.422554347826087,0.3961352657004831,0.3654891304347826,0.09178743961352659,0.42527173913043476,0.08212560386473428,0.49320652173913043,0.20772946859903385,0.5203804347826086,0.2946859903381643,0.35190217391304346,0.4057971014492754,0.3111413043478261,0.4057971014492754,0.28125,0.7004830917874396,0.24864130434782608,0.9565217391304347,0.38179347826086957,0.4154589371980676,0.37092391304347827,0.7149758454106281,0.35733695652173914,0.9516908212560387
