head_top_x,head_top_y,upper_neck_x,upper_neck_y,right_shoulder_x,right_shoulder_y,right_elbow_x,right_elbow_y,right_wrist_x,right_wrist_y,thorax_x,thorax_y,left_shoulder_x,left_shoulder_y,left_elbow_x,left_elbow_y,left_wrist_x,left_wrist_y,pelvis_x,pelvis_y,right_hip_x,right_hip_y,right_knee_x,right_knee_y,right_ankle_x,right_ankle_y,left_hip_x,left_hip_y,left_knee_x,left_knee_y,left_ankle_x,left_ankle_y
0.41983695652173914,0.07729468599033822,0.4008152173913043,0.24154589371980675,0.36820652173913043,0.2801932367149758,0.36820652173913043,0.5265700483091789,0.42527173913043476,0.7198067632850241,0.4171195652173913,0.21739130434782605,0.422554347826087,0.2801932367149758,0.42527173913043476,0.4927536231884058,0.46059782608695654,0.6956521739130435,0.41983695652173914,0.6135265700483092,0.41440217391304346,0.6328502415458936,0.8165760869565217,0.45410628019323673,0.6997282608695652,0.5893719806763286,0.45516304347826086,0.647342995169082,0.8084239130434783,0.4444444444444444,0.6942934782608695,0.5893719806763286
