head_top_x,head_top_y,upper_neck_x,upper_neck_y,right_shoulder_x,right_shoulder_y,right_elbow_x,right_elbow_y,right_wrist_x,right_wrist_y,thorax_x,thorax_y,left_shoulder_x,left_shoulder_y,left_elbow_x,left_elbow_y,left_wrist_x,left_wrist_y,pelvis_x,pelvis_y,right_hip_x,right_hip_y,right_knee_x,right_knee_y,right_ankle_x,right_ankle_y,left_hip_x,left_hip_y,left_knee_x,left_knee_y,left_ankle_x,left_ankle_y
0.3763586956521739,0.1684782608695652,0.3546195652173913,0.338768115942029,0.30570652173913043,0.34963768115942034,0.34103260869565216,0.4583333333333333,0.3953804347826087,0.4148550724637681,0.3491847826086957,0.35688405797101447,0.38722826086956524,0.3460144927536232,0.44429347826086957,0.42934782608695654,0.5502717391304348,0.43297101449275366,0.39809782608695654,0.4981884057971015,0.37907608695652173,0.5199275362318841,0.42527173913043476,0.5742753623188407,0.46875,0.7155797101449276,0.41440217391304346,0.47644927536231885,0.485054347826087,0.47282608695652173,0.5067934782608695,0.6648550724637681
