head_top_x,head_top_y,upper_neck_x,upper_neck_y,right_shoulder_x,right_shoulder_y,right_elbow_x,right_elbow_y,right_wrist_x,right_wrist_y,thorax_x,thorax_y,left_shoulder_x,left_shoulder_y,left_elbow_x,left_elbow_y,left_wrist_x,left_wrist_y,pelvis_x,pelvis_y,right_hip_x,right_hip_y,right_knee_x,right_knee_y,right_ankle_x,right_ankle_y,left_hip_x,left_hip_y,left_knee_x,left_knee_y,left_ankle_x,left_ankle_y
0.5448369565217391,0.19746376811594205,0.5475543478260869,0.3858695652173913,0.49320652173913043,0.3858695652173913,0.4796195652173913,0.4148550724637681,0.5230978260869565,0.34963768115942034,0.5502717391304348,0.39673913043478265,0.6046195652173914,0.411231884057971,0.6019021739130435,0.5307971014492754,0.6073369565217391,0.6612318840579711,0.5421195652173914,0.6612318840579711,0.5067934782608695,0.657608695652174,0.5122282608695652,0.9221014492753623,0.48777173913043476,0.9510869565217391,0.5665760869565217,0.6612318840579711,0.5557065217391305,0.9039855072463768,0.5991847826086957,0.9547101449275363
