head_top_x,head_top_y,upper_neck_x,upper_neck_y,right_shoulder_x,right_shoulder_y,right_elbow_x,right_elbow_y,right_wrist_x,right_wrist_y,thorax_x,thorax_y,left_shoulder_x,left_shoulder_y,left_elbow_x,left_elbow_y,left_wrist_x,left_wrist_y,pelvis_x,pelvis_y,right_hip_x,right_hip_y,right_knee_x,right_knee_y,right_ankle_x,right_ankle_y,left_hip_x,left_hip_y,left_knee_x,left_knee_y,left_ankle_x,left_ankle_y
0.6807065217391305,0.07246376811594206,0.623641304347826,0.27536231884057977,0.59375,0.26570048309178745,0.5421195652173914,0.3961352657004831,0.6127717391304348,0.3043478260869565,0.623641304347826,0.28502415458937197,0.6182065217391305,0.2705314009661836,0.6290760869565217,0.3526570048309179,0.6317934782608695,0.31884057971014496,0.59375,0.5265700483091789,0.5801630434782609,0.536231884057971,0.6725543478260869,0.6135265700483092,0.6154891304347826,0.642512077294686,0.6100543478260869,0.5314009661835749,0.6616847826086957,0.5990338164251209,0.6290760869565217,0.6714975845410627
