head_top_x,head_top_y,upper_neck_x,upper_neck_y,right_shoulder_x,right_shoulder_y,right_elbow_x,right_elbow_y,right_wrist_x,right_wrist_y,thorax_x,thorax_y,left_shoulder_x,left_shoulder_y,left_elbow_x,left_elbow_y,left_wrist_x,left_wrist_y,pelvis_x,pelvis_y,right_hip_x,right_hip_y,right_knee_x,right_knee_y,right_ankle_x,right_ankle_y,left_hip_x,left_hip_y,left_knee_x,left_knee_y,left_ankle_x,left_ankle_y
0.5727634803921569,0.10044642857142858,0.4731924019607843,0.24330357142857142,0.4961703431372549,0.2611607142857143,0.7182904411764707,0.25669642857142855,0.7642463235294117,0.18526785714285715,0.46553308823529416,0.25669642857142855,0.43489583333333337,0.24330357142857142,0.5880821078431372,0.265625,0.7259497549019608,0.22544642857142858,0.28170955882352944,0.47098214285714285,0.2970281862745098,0.47544642857142855,0.5114889705882354,0.6584821428571429,0.4195772058823529,0.8459821428571429,0.266390931372549,0.46651785714285715,0.3583026960784314,0.640625,0.2204350490196079,0.7879464285714286
