head_top_x,head_top_y,upper_neck_x,upper_neck_y,right_shoulder_x,right_shoulder_y,right_elbow_x,right_elbow_y,right_wrist_x,right_wrist_y,thorax_x,thorax_y,left_shoulder_x,left_shoulder_y,left_elbow_x,left_elbow_y,left_wrist_x,left_wrist_y,pelvis_x,pelvis_y,right_hip_x,right_hip_y,right_knee_x,right_knee_y,right_ankle_x,right_ankle_y,left_hip_x,left_hip_y,left_knee_x,left_knee_y,left_ankle_x,left_ankle_y
0.5625,0.04518518518518519,0.5741666666666667,0.30296296296296293,0.5075,0.2733333333333333,0.5008333333333334,0.457037037037037,0.5025,0.6140740740740741,0.5725,0.2733333333333333,0.6375,0.28518518518518515,0.6025,0.4807407407407408,0.5358333333333334,0.6170370370370369,0.5658333333333333,0.5251851851851852,0.5291666666666667,0.5222222222222221,0.4608333333333333,0.708888888888889,0.5341666666666667,0.6259259259259259,0.6058333333333333,0.5251851851851852,0.6241666666666666,0.7622222222222221,0.6141666666666666,0.6318518518518519
