head_top_x,head_top_y,upper_neck_x,upper_neck_y,right_shoulder_x,right_shoulder_y,right_elbow_x,right_elbow_y,right_wrist_x,right_wrist_y,thorax_x,thorax_y,left_shoulder_x,left_shoulder_y,left_elbow_x,left_elbow_y,left_wrist_x,left_wrist_y,pelvis_x,pelvis_y,right_hip_x,right_hip_y,right_knee_x,right_knee_y,right_ankle_x,right_ankle_y,left_hip_x,left_hip_y,left_knee_x,left_knee_y,left_ankle_x,left_ankle_y
0.5125,0.6828020833333333,0.4891666666666667,0.4716145833333333,0.3591666666666667,0.23317708333333328,0.4875,0.6237604166666666,0.5641666666666667,0.5806145833333334,0.5241666666666667,0.5692604166666666,0.5408333333333334,0.6646354166666667,0.6158333333333333,0.5215729166666667,0.4225,0.24680208333333328,0.5625,0.4784270833333333,0.5191666666666667,0.4761562499999999,0.4041666666666667,0.6237604166666666,0.32916666666666666,0.8008854166666667,0.5925,0.49886458333333333,0.3858333333333333,0.6419270833333333,0.5658333333333333,0.6146770833333333
