head_top_x,head_top_y,upper_neck_x,upper_neck_y,right_shoulder_x,right_shoulder_y,right_elbow_x,right_elbow_y,right_wrist_x,right_wrist_y,thorax_x,thorax_y,left_shoulder_x,left_shoulder_y,left_elbow_x,left_elbow_y,left_wrist_x,left_wrist_y,pelvis_x,pelvis_y,right_hip_x,right_hip_y,right_knee_x,right_knee_y,right_ankle_x,right_ankle_y,left_hip_x,left_hip_y,left_knee_x,left_knee_y,left_ankle_x,left_ankle_y
0.2725,0.0788888888888889,0.3425,0.2477777777777778,0.31083333333333335,0.29000000000000004,0.10416666666666667,0.45444444444444443,0.16583333333333333,0.5033333333333333,0.3675,0.28555555555555556,0.42083333333333334,0.2788888888888889,0.5091666666666667,0.4344444444444444,0.6591666666666667,0.4677777777777778,0.3308333333333333,0.6344444444444445,0.2658333333333333,0.6277777777777778,0.42583333333333334,0.6588888888888889,0.31416666666666665,0.9144444444444444,0.39916666666666667,0.61,0.3975,0.7455555555555556,0.3425,0.9055555555555556
