head_top_x,head_top_y,upper_neck_x,upper_neck_y,right_shoulder_x,right_shoulder_y,right_elbow_x,right_elbow_y,right_wrist_x,right_wrist_y,thorax_x,thorax_y,left_shoulder_x,left_shoulder_y,left_elbow_x,left_elbow_y,left_wrist_x,left_wrist_y,pelvis_x,pelvis_y,right_hip_x,right_hip_y,right_knee_x,right_knee_y,right_ankle_x,right_ankle_y,left_hip_x,left_hip_y,left_knee_x,left_knee_y,left_ankle_x,left_ankle_y
0.43583333333333335,0.4387499999999999,0.30083333333333334,0.4162499999999999,0.21083333333333334,0.4887499999999999,0.21416666666666667,0.6412499999999999,0.20416666666666666,0.71125,0.31416666666666665,0.4162499999999999,0.3858333333333333,0.32375,0.46416666666666667,0.23125000000000004,0.5308333333333334,0.07625,0.25083333333333335,0.5837499999999999,0.13916666666666666,0.7262500000000001,0.30083333333333334,0.96875,0.22916666666666666,0.9737499999999999,0.3025,0.6137499999999999,0.2808333333333333,0.92375,0.2675,0.95375
