head_top_x,head_top_y,upper_neck_x,upper_neck_y,right_shoulder_x,right_shoulder_y,right_elbow_x,right_elbow_y,right_wrist_x,right_wrist_y,thorax_x,thorax_y,left_shoulder_x,left_shoulder_y,left_elbow_x,left_elbow_y,left_wrist_x,left_wrist_y,pelvis_x,pelvis_y,right_hip_x,right_hip_y,right_knee_x,right_knee_y,right_ankle_x,right_ankle_y,left_hip_x,left_hip_y,left_knee_x,left_knee_y,left_ankle_x,left_ankle_y
0.3258333333333333,-0.0008333333333333334,0.39416666666666667,-0.0008333333333333334,0.12583333333333332,-0.0008333333333333334,0.4225,-0.0008333333333333334,0.5375,0.10117013888888889,0.3975,-0.0008333333333333334,0.1475,-0.0008333333333333334,0.3541666666666667,0.5074131944444444,0.30416666666666664,0.5637534722222223,0.3575,0.4688645833333334,0.3958333333333333,-0.0008333333333333334,0.31083333333333335,0.49851736111111106,0.30416666666666664,0.4570034722222222,0.3325,0.49555208333333345,0.3175,0.49851736111111106,0.3075,0.4510729166666667
