head_top_x,head_top_y,upper_neck_x,upper_neck_y,right_shoulder_x,right_shoulder_y,right_elbow_x,right_elbow_y,right_wrist_x,right_wrist_y,thorax_x,thorax_y,left_shoulder_x,left_shoulder_y,left_elbow_x,left_elbow_y,left_wrist_x,left_wrist_y,pelvis_x,pelvis_y,right_hip_x,right_hip_y,right_knee_x,right_knee_y,right_ankle_x,right_ankle_y,left_hip_x,left_hip_y,left_knee_x,left_knee_y,left_ankle_x,left_ankle_y
0.3075,0.030003472222222247,0.3775,0.24053819444444452,0.3275,0.2523993055555556,0.3225,0.3591493055555556,0.31083333333333335,0.47776041666666674,0.3775,0.2523993055555556,0.43083333333333335,0.24943402777777784,0.45416666666666666,0.4273506944444445,0.39916666666666667,0.47776041666666674,0.38916666666666666,0.5311354166666666,0.3575,0.5311354166666666,0.35083333333333333,0.78021875,0.36583333333333334,0.955170138888889,0.4191666666666667,0.5341006944444444,0.43583333333333335,0.768357638888889,0.4875,0.9462743055555556
