head_top_x,head_top_y,upper_neck_x,upper_neck_y,right_shoulder_x,right_shoulder_y,right_elbow_x,right_elbow_y,right_wrist_x,right_wrist_y,thorax_x,thorax_y,left_shoulder_x,left_shoulder_y,left_elbow_x,left_elbow_y,left_wrist_x,left_wrist_y,pelvis_x,pelvis_y,right_hip_x,right_hip_y,right_knee_x,right_knee_y,right_ankle_x,right_ankle_y,left_hip_x,left_hip_y,left_knee_x,left_knee_y,left_ankle_x,left_ankle_y
0.6625,0.0788888888888889,0.6925,0.26555555555555554,0.5625,0.29666666666666663,0.4325,0.4277777777777778,0.3458333333333333,0.5388888888888889,0.6925,0.31,0.8241666666666667,0.31222222222222223,0.8025,0.5366666666666666,0.3441666666666667,0.5299999999999999,0.7225,0.8433333333333333,0.6608333333333334,0.8433333333333333,0.3075,0.6677777777777778,0.29083333333333333,0.9766666666666667,0.7691666666666667,0.8211111111111111,0.3925,0.69,0.3958333333333333,0.9566666666666667
