head_top_x,head_top_y,upper_neck_x,upper_neck_y,right_shoulder_x,right_shoulder_y,right_elbow_x,right_elbow_y,right_wrist_x,right_wrist_y,thorax_x,thorax_y,left_shoulder_x,left_shoulder_y,left_elbow_x,left_elbow_y,left_wrist_x,left_wrist_y,pelvis_x,pelvis_y,right_hip_x,right_hip_y,right_knee_x,right_knee_y,right_ankle_x,right_ankle_y,left_hip_x,left_hip_y,left_knee_x,left_knee_y,left_ankle_x,left_ankle_y
0.6791666666666667,0.35888888888888887,0.5741666666666667,0.34111111111111114,0.5175,0.36777777777777776,0.4925,0.41888888888888887,0.4425,0.6344444444444445,0.5658333333333333,0.33888888888888885,0.6008333333333333,0.3277777777777778,0.31416666666666665,0.44111111111111106,0.3075,0.6211111111111111,0.3308333333333333,0.24111111111111114,0.3125,0.24333333333333332,0.5725,0.4566666666666667,0.5675,0.6144444444444445,0.32916666666666666,0.22777777777777777,0.6691666666666667,0.44111111111111106,0.6841666666666667,0.6055555555555556
