head_top_x,head_top_y,upper_neck_x,upper_neck_y,right_shoulder_x,right_shoulder_y,right_elbow_x,right_elbow_y,right_wrist_x,right_wrist_y,thorax_x,thorax_y,left_shoulder_x,left_shoulder_y,left_elbow_x,left_elbow_y,left_wrist_x,left_wrist_y,pelvis_x,pelvis_y,right_hip_x,right_hip_y,right_knee_x,right_knee_y,right_ankle_x,right_ankle_y,left_hip_x,left_hip_y,left_knee_x,left_knee_y,left_ankle_x,left_ankle_y
0.4625,0.40370370370370373,0.5975,0.40074074074074073,0.5791666666666667,0.33259259259259255,0.5008333333333334,0.4096296296296296,0.4125,0.4185185185185185,0.5925,0.39185185185185184,0.5991666666666666,0.46888888888888886,0.5008333333333334,0.5755555555555555,0.39416666666666667,0.5518518518518518,0.7291666666666666,0.4718518518518519,0.6908333333333333,0.42444444444444446,0.6958333333333333,0.7385185185185185,0.7241666666666666,0.8837037037037037,0.7625,0.49259259259259264,0.6658333333333334,0.7622222222222221,0.6425,0.8303703703703703
