head_top_x,head_top_y,upper_neck_x,upper_neck_y,right_shoulder_x,right_shoulder_y,right_elbow_x,right_elbow_y,right_wrist_x,right_wrist_y,thorax_x,thorax_y,left_shoulder_x,left_shoulder_y,left_elbow_x,left_elbow_y,left_wrist_x,left_wrist_y,pelvis_x,pelvis_y,right_hip_x,right_hip_y,right_knee_x,right_knee_y,right_ankle_x,right_ankle_y,left_hip_x,left_hip_y,left_knee_x,left_knee_y,left_ankle_x,left_ankle_y
0.5091666666666667,0.10444444444444449,0.5041666666666667,0.3711111111111111,0.4275,0.41259259259259257,0.4141666666666667,0.6318518518518519,0.4425,0.7888888888888889,0.5025,0.41555555555555557,0.5775,0.4185185185185185,0.5808333333333333,0.6407407407407408,0.5308333333333334,0.8007407407407408,0.4975,0.8125925925925925,0.4525,0.8155555555555556,0.5008333333333334,0.782962962962963,0.5208333333333334,0.8096296296296297,0.5425,0.8125925925925925,0.5175,0.9074074074074073,0.4225,0.6170370370370369
