head_top_x,head_top_y,upper_neck_x,upper_neck_y,right_shoulder_x,right_shoulder_y,right_elbow_x,right_elbow_y,right_wrist_x,right_wrist_y,thorax_x,thorax_y,left_shoulder_x,left_shoulder_y,left_elbow_x,left_elbow_y,left_wrist_x,left_wrist_y,pelvis_x,pelvis_y,right_hip_x,right_hip_y,right_knee_x,right_knee_y,right_ankle_x,right_ankle_y,left_hip_x,left_hip_y,left_knee_x,left_knee_y,left_ankle_x,left_ankle_y
0.4575,0.0037037037037036904,0.45916666666666667,0.27037037037037037,0.39416666666666667,0.2792592592592593,0.3875,0.4659259259259259,0.3325,0.43037037037037035,0.4575,0.2733333333333333,0.5191666666666667,0.2644444444444444,0.5041666666666667,0.4422222222222223,0.41083333333333333,0.41259259259259257,0.44583333333333336,0.5874074074074075,0.4091666666666667,0.5844444444444444,0.43416666666666665,0.8392592592592591,0.5058333333333334,0.9222222222222223,0.4841666666666667,0.5903703703703703,0.4875,0.8777777777777778,0.4925,0.9103703703703704
