head_top_x,head_top_y,upper_neck_x,upper_neck_y,right_shoulder_x,right_shoulder_y,right_elbow_x,right_elbow_y,right_wrist_x,right_wrist_y,thorax_x,thorax_y,left_shoulder_x,left_shoulder_y,left_elbow_x,left_elbow_y,left_wrist_x,left_wrist_y,pelvis_x,pelvis_y,right_hip_x,right_hip_y,right_knee_x,right_knee_y,right_ankle_x,right_ankle_y,left_hip_x,left_hip_y,left_knee_x,left_knee_y,left_ankle_x,left_ankle_y
0.5308333333333334,0.1518518518518518,0.6491666666666667,0.27037037037037037,0.6341666666666667,0.2614814814814815,0.6075,0.3977777777777778,0.5575,0.48370370370370375,0.6391666666666667,0.2614814814814815,0.6508333333333334,0.2644444444444444,0.6075,0.40074074074074073,0.5641666666666667,0.5074074074074074,0.7541666666666667,0.374074074074074,0.7425,0.37703703703703706,0.7025,0.5192592592592593,0.7208333333333333,0.6822222222222223,0.7658333333333334,0.36814814814814817,0.6541666666666667,0.48666666666666664,0.7225,0.6407407407407408
