head_top_x,head_top_y,upper_neck_x,upper_neck_y,right_shoulder_x,right_shoulder_y,right_elbow_x,right_elbow_y,right_wrist_x,right_wrist_y,thorax_x,thorax_y,left_shoulder_x,left_shoulder_y,left_elbow_x,left_elbow_y,left_wrist_x,left_wrist_y,pelvis_x,pelvis_y,right_hip_x,right_hip_y,right_knee_x,right_knee_y,right_ankle_x,right_ankle_y,left_hip_x,left_hip_y,left_knee_x,left_knee_y,left_ankle_x,left_ankle_y
0.4575,0.25625000000000003,0.45916666666666667,0.44375000000000003,0.39416666666666667,0.47125,0.3775,0.60875,0.37583333333333335,0.6262499999999999,0.4575,0.47125,0.5208333333333334,0.46874999999999994,0.5358333333333334,0.62125,0.5541666666666667,0.60375,0.4608333333333333,0.74625,0.4241666666666667,0.74875,0.4225,0.98125,0.4691666666666667,0.90625,0.49583333333333335,0.7437499999999999,0.5075,0.97625,0.6391666666666667,0.16625000000000004
