head_top_x,head_top_y,upper_neck_x,upper_neck_y,right_shoulder_x,right_shoulder_y,right_elbow_x,right_elbow_y,right_wrist_x,right_wrist_y,thorax_x,thorax_y,left_shoulder_x,left_shoulder_y,left_elbow_x,left_elbow_y,left_wrist_x,left_wrist_y,pelvis_x,pelvis_y,right_hip_x,right_hip_y,right_knee_x,right_knee_y,right_ankle_x,right_ankle_y,left_hip_x,left_hip_y,left_knee_x,left_knee_y,left_ankle_x,left_ankle_y
0.4691666666666667,0.15444444444444447,0.49583333333333335,0.35000000000000003,0.41583333333333333,0.37000000000000005,0.38916666666666666,0.5233333333333333,0.3775,0.4811111111111111,0.49583333333333335,0.35888888888888887,0.5758333333333333,0.34777777777777774,0.6241666666666666,0.49,0.5741666666666667,0.4766666666666666,0.4925,0.6411111111111111,0.44416666666666665,0.6366666666666667,0.4708333333333333,0.8611111111111112,0.48083333333333333,0.9877777777777778,0.5391666666666667,0.6433333333333334,0.5558333333333333,0.8522222222222222,0.5708333333333333,0.9766666666666667
