head_top_x,head_top_y,upper_neck_x,upper_neck_y,right_shoulder_x,right_shoulder_y,right_elbow_x,right_elbow_y,right_wrist_x,right_wrist_y,thorax_x,thorax_y,left_shoulder_x,left_shoulder_y,left_elbow_x,left_elbow_y,left_wrist_x,left_wrist_y,pelvis_x,pelvis_y,right_hip_x,right_hip_y,right_knee_x,right_knee_y,right_ankle_x,right_ankle_y,left_hip_x,left_hip_y,left_knee_x,left_knee_y,left_ankle_x,left_ankle_y
0.4975,0.08962962962962963,0.5408333333333334,0.3118518518518518,0.5058333333333334,0.32962962962962966,0.5058333333333334,0.3977777777777778,0.48083333333333333,0.4718518518518519,0.5358333333333334,0.32370370370370366,0.5275,0.3177777777777778,0.6041666666666666,0.3977777777777778,0.6691666666666667,0.4748148148148148,0.5475,0.5370370370370371,0.5275,0.5311111111111111,0.5158333333333334,0.6555555555555556,0.46416666666666667,0.8511111111111112,0.5708333333333333,0.5370370370370371,0.5908333333333333,0.6644444444444445,0.6275,0.8481481481481481
