head_top_x,head_top_y,upper_neck_x,upper_neck_y,right_shoulder_x,right_shoulder_y,right_elbow_x,right_elbow_y,right_wrist_x,right_wrist_y,thorax_x,thorax_y,left_shoulder_x,left_shoulder_y,left_elbow_x,left_elbow_y,left_wrist_x,left_wrist_y,pelvis_x,pelvis_y,right_hip_x,right_hip_y,right_knee_x,right_knee_y,right_ankle_x,right_ankle_y,left_hip_x,left_hip_y,left_knee_x,left_knee_y,left_ankle_x,left_ankle_y
0.44583333333333336,0.32962962962962966,0.5125,0.24074074074074078,0.4725,0.2437037037037037,0.43916666666666665,0.30296296296296293,0.4025,0.4422222222222223,0.5025,0.28518518518518515,0.5308333333333334,0.3414814814814815,0.5175,0.534074074074074,0.44583333333333336,0.705925925925926,0.49916666666666665,0.39481481481481484,0.4741666666666667,0.39185185185185184,0.4575,0.6022222222222222,0.43583333333333335,0.785925925925926,0.5258333333333334,0.40074074074074073,0.5225,0.6051851851851853,0.5125,0.7888888888888889
