head_top_x,head_top_y,upper_neck_x,upper_neck_y,right_shoulder_x,right_shoulder_y,right_elbow_x,right_elbow_y,right_wrist_x,right_wrist_y,thorax_x,thorax_y,left_shoulder_x,left_shoulder_y,left_elbow_x,left_elbow_y,left_wrist_x,left_wrist_y,pelvis_x,pelvis_y,right_hip_x,right_hip_y,right_knee_x,right_knee_y,right_ankle_x,right_ankle_y,left_hip_x,left_hip_y,left_knee_x,left_knee_y,left_ankle_x,left_ankle_y
0.31583333333333335,0.30874999999999997,0.2708333333333333,0.50875,0.17583333333333334,0.6112500000000001,0.13083333333333333,0.87625,0.5391666666666667,0.6337499999999999,0.2725,0.50625,0.3475,0.39125,0.4191666666666667,0.62125,0.5741666666666667,0.60125,0.39916666666666667,0.07374999999999998,0.5625,0.6337499999999999,0.13916666666666666,1.0,0.15583333333333332,1.0,0.3575,0.6262499999999999,0.6125,0.65875,0.7041666666666667,0.87625
