head_top_x,head_top_y,upper_neck_x,upper_neck_y,right_shoulder_x,right_shoulder_y,right_elbow_x,right_elbow_y,right_wrist_x,right_wrist_y,thorax_x,thorax_y,left_shoulder_x,left_shoulder_y,left_elbow_x,left_elbow_y,left_wrist_x,left_wrist_y,pelvis_x,pelvis_y,right_hip_x,right_hip_y,right_knee_x,right_knee_y,right_ankle_x,right_ankle_y,left_hip_x,left_hip_y,left_knee_x,left_knee_y,left_ankle_x,left_ankle_y
0.6741666666666667,0.43625,0.5808333333333333,0.35625,0.5175,0.41375,0.5108333333333334,0.65875,0.5291666666666667,0.6262499999999999,0.5925,0.37374999999999997,0.6558333333333334,0.36124999999999996,0.6841666666666667,0.5687499999999999,0.6891666666666667,0.73125,0.5775,0.5962500000000001,0.5391666666666667,0.5987499999999999,0.5641666666666667,0.78125,0.5725,0.83375,0.6058333333333333,0.42624999999999996,0.6191666666666666,0.73625,0.5925,0.7862499999999999
