head_top_x,head_top_y,upper_neck_x,upper_neck_y,right_shoulder_x,right_shoulder_y,right_elbow_x,right_elbow_y,right_wrist_x,right_wrist_y,thorax_x,thorax_y,left_shoulder_x,left_shoulder_y,left_elbow_x,left_elbow_y,left_wrist_x,left_wrist_y,pelvis_x,pelvis_y,right_hip_x,right_hip_y,right_knee_x,right_knee_y,right_ankle_x,right_ankle_y,left_hip_x,left_hip_y,left_knee_x,left_knee_y,left_ankle_x,left_ankle_y
0.17583333333333334,0.13874999999999998,0.31083333333333335,0.08375,0.25083333333333335,0.09625,0.17083333333333334,0.23625,0.2791666666666667,0.50125,0.3325,0.12125,0.3975,0.08375,0.5391666666666667,0.26875,0.5208333333333334,0.4162499999999999,0.43916666666666665,0.4462499999999999,0.3875,0.44875,0.4825,0.75125,0.49416666666666664,0.96375,0.4891666666666667,0.45374999999999993,0.5158333333333334,0.7262500000000001,0.5408333333333334,0.9462499999999999
