head_top_x,head_top_y,upper_neck_x,upper_neck_y,right_shoulder_x,right_shoulder_y,right_elbow_x,right_elbow_y,right_wrist_x,right_wrist_y,thorax_x,thorax_y,left_shoulder_x,left_shoulder_y,left_elbow_x,left_elbow_y,left_wrist_x,left_wrist_y,pelvis_x,pelvis_y,right_hip_x,right_hip_y,right_knee_x,right_knee_y,right_ankle_x,right_ankle_y,left_hip_x,left_hip_y,left_knee_x,left_knee_y,left_ankle_x,left_ankle_y
0.7258333333333333,0.12814814814814815,0.7575,0.3977777777777778,0.8191666666666667,0.41555555555555557,0.8425,0.6140740740740741,0.7775,0.62,0.7591666666666667,0.39185185185185184,0.6991666666666667,0.374074074074074,0.6341666666666667,0.5607407407407408,0.5708333333333333,0.7148148148148148,0.7408333333333333,0.708888888888889,0.7725,0.7237037037037037,0.7608333333333334,0.9637037037037037,0.6308333333333334,0.9488888888888888,0.7058333333333333,0.697037037037037,0.5608333333333333,0.945925925925926,0.6308333333333334,0.9074074074074073
