head_top_x,head_top_y,upper_neck_x,upper_neck_y,right_shoulder_x,right_shoulder_y,right_elbow_x,right_elbow_y,right_wrist_x,right_wrist_y,thorax_x,thorax_y,left_shoulder_x,left_shoulder_y,left_elbow_x,left_elbow_y,left_wrist_x,left_wrist_y,pelvis_x,pelvis_y,right_hip_x,right_hip_y,right_knee_x,right_knee_y,right_ankle_x,right_ankle_y,left_hip_x,left_hip_y,left_knee_x,left_knee_y,left_ankle_x,left_ankle_y
0.6441666666666667,0.34875,0.7158333333333333,0.53125,0.7241666666666666,0.55125,0.6541666666666667,0.4312499999999999,0.5141666666666667,0.34374999999999994,0.7341666666666666,0.58875,0.7741666666666667,0.68875,0.5825,0.4887499999999999,0.49083333333333334,0.36124999999999996,0.37583333333333335,0.44125,0.3858333333333333,0.43374999999999997,0.24083333333333334,0.4812499999999999,0.18583333333333332,0.4737499999999999,0.37416666666666665,0.42875,0.2675,0.47624999999999995,0.20916666666666667,0.45374999999999993
