head_top_x,head_top_y,upper_neck_x,upper_neck_y,right_shoulder_x,right_shoulder_y,right_elbow_x,right_elbow_y,right_wrist_x,right_wrist_y,thorax_x,thorax_y,left_shoulder_x,left_shoulder_y,left_elbow_x,left_elbow_y,left_wrist_x,left_wrist_y,pelvis_x,pelvis_y,right_hip_x,right_hip_y,right_knee_x,right_knee_y,right_ankle_x,right_ankle_y,left_hip_x,left_hip_y,left_knee_x,left_knee_y,left_ankle_x,left_ankle_y
0.31416666666666665,0.3266666666666667,0.4091666666666667,0.27037037037037037,0.3541666666666667,0.3533333333333333,0.38916666666666666,0.46888888888888886,0.38916666666666666,0.5874074074074075,0.38416666666666666,0.2733333333333333,0.41583333333333333,0.18740740740740738,0.4575,0.25555555555555554,0.49916666666666665,0.3266666666666667,0.3641666666666667,0.27629629629629626,0.3625,0.26740740740740737,0.39416666666666667,0.4274074074074074,0.3958333333333333,0.5785185185185185,0.44083333333333335,0.33851851851851855,0.43583333333333335,0.41259259259259257,0.4508333333333333,0.5992592592592592
