head_top_x,head_top_y,upper_neck_x,upper_neck_y,right_shoulder_x,right_shoulder_y,right_elbow_x,right_elbow_y,right_wrist_x,right_wrist_y,thorax_x,thorax_y,left_shoulder_x,left_shoulder_y,left_elbow_x,left_elbow_y,left_wrist_x,left_wrist_y,pelvis_x,pelvis_y,right_hip_x,right_hip_y,right_knee_x,right_knee_y,right_ankle_x,right_ankle_y,left_hip_x,left_hip_y,left_knee_x,left_knee_y,left_ankle_x,left_ankle_y
0.44583333333333336,0.23185185185185186,0.5208333333333334,0.4274074074074074,0.4041666666666667,0.4362962962962963,0.38083333333333336,0.5814814814814814,0.4041666666666667,0.7474074074074074,0.5041666666666667,0.40370370370370373,0.5891666666666666,0.38,0.6308333333333334,0.5311111111111111,0.6591666666666667,0.6881481481481482,0.6691666666666667,0.5014814814814815,0.6258333333333334,0.5162962962962963,0.6108333333333333,0.7148148148148148,0.6241666666666666,0.9340740740740741,0.7125,0.4807407407407408,0.6891666666666667,0.857037037037037,0.6725,0.9311111111111112
