head_top_x,head_top_y,upper_neck_x,upper_neck_y,right_shoulder_x,right_shoulder_y,right_elbow_x,right_elbow_y,right_wrist_x,right_wrist_y,thorax_x,thorax_y,left_shoulder_x,left_shoulder_y,left_elbow_x,left_elbow_y,left_wrist_x,left_wrist_y,pelvis_x,pelvis_y,right_hip_x,right_hip_y,right_knee_x,right_knee_y,right_ankle_x,right_ankle_y,left_hip_x,left_hip_y,left_knee_x,left_knee_y,left_ankle_x,left_ankle_y
0.4925,0.2677777777777777,0.5058333333333334,0.4611111111111111,0.5308333333333334,0.4388888888888889,0.5525,0.5566666666666666,0.5058333333333334,0.5522222222222223,0.5008333333333334,0.4477777777777778,0.4691666666666667,0.4566666666666667,0.47583333333333333,0.57,0.4175,0.6233333333333334,0.5041666666666667,0.6522222222222221,0.5141666666666667,0.65,0.47583333333333333,0.8388888888888889,0.4708333333333333,0.9855555555555555,0.49583333333333335,0.6544444444444445,0.4708333333333333,0.8477777777777779,0.5758333333333333,0.9566666666666667
