head_top_x,head_top_y,upper_neck_x,upper_neck_y,right_shoulder_x,right_shoulder_y,right_elbow_x,right_elbow_y,right_wrist_x,right_wrist_y,thorax_x,thorax_y,left_shoulder_x,left_shoulder_y,left_elbow_x,left_elbow_y,left_wrist_x,left_wrist_y,pelvis_x,pelvis_y,right_hip_x,right_hip_y,right_knee_x,right_knee_y,right_ankle_x,right_ankle_y,left_hip_x,left_hip_y,left_knee_x,left_knee_y,left_ankle_x,left_ankle_y
0.5908333333333333,0.0866666666666667,0.4708333333333333,0.2437037037037037,0.35583333333333333,0.2525925925925926,0.41583333333333333,0.8955555555555557,0.4875,0.8955555555555557,0.42916666666666664,0.29407407407407404,0.5008333333333334,0.3622222222222222,0.5258333333333334,0.5785185185185185,0.5625,0.7948148148148149,0.1825,0.6081481481481481,0.2525,0.7029629629629629,0.08583333333333333,0.9044444444444445,0.0625,0.8540740740740742,0.26416666666666666,0.6318518518518519,0.4241666666666667,0.8125925925925925,0.4875,0.8925925925925926
