head_top_x,head_top_y,upper_neck_x,upper_neck_y,right_shoulder_x,right_shoulder_y,right_elbow_x,right_elbow_y,right_wrist_x,right_wrist_y,thorax_x,thorax_y,left_shoulder_x,left_shoulder_y,left_elbow_x,left_elbow_y,left_wrist_x,left_wrist_y,pelvis_x,pelvis_y,right_hip_x,right_hip_y,right_knee_x,right_knee_y,right_ankle_x,right_ankle_y,left_hip_x,left_hip_y,left_knee_x,left_knee_y,left_ankle_x,left_ankle_y
0.6008333333333333,0.0688888888888889,0.6625,0.3118518518518518,0.7841666666666667,0.2644444444444444,0.9525,0.33851851851851855,0.9658333333333333,0.10444444444444449,0.6641666666666667,0.31481481481481477,0.5341666666666667,0.3711111111111111,0.4075,0.5548148148148149,0.43083333333333335,0.5251851851851852,0.7308333333333333,0.7207407407407407,0.8225,0.697037037037037,0.8825,0.9192592592592592,0.4741666666666667,0.49851851851851847,0.6675,0.7444444444444444,0.6991666666666667,0.9548148148148149,0.7058333333333333,1.0
