head_top_x,head_top_y,upper_neck_x,upper_neck_y,right_shoulder_x,right_shoulder_y,right_elbow_x,right_elbow_y,right_wrist_x,right_wrist_y,thorax_x,thorax_y,left_shoulder_x,left_shoulder_y,left_elbow_x,left_elbow_y,left_wrist_x,left_wrist_y,pelvis_x,pelvis_y,right_hip_x,right_hip_y,right_knee_x,right_knee_y,right_ankle_x,right_ankle_y,left_hip_x,left_hip_y,left_knee_x,left_knee_y,left_ankle_x,left_ankle_y
0.2991666666666667,0.31666666666666665,0.4575,0.28777777777777774,0.4975,0.31666666666666665,0.5225,0.4033333333333333,0.4625,0.5122222222222222,0.4708333333333333,0.2833333333333334,0.4791666666666667,0.2788888888888889,0.5391666666666667,0.4055555555555555,0.8141666666666667,0.59,0.8391666666666666,0.2988888888888889,0.7675,0.3322222222222222,0.7308333333333333,0.59,0.7025,0.8322222222222222,0.8441666666666666,0.3211111111111111,0.8741666666666666,0.7055555555555556,0.8558333333333333,0.9588888888888888
