head_top_x,head_top_y,upper_neck_x,upper_neck_y,right_shoulder_x,right_shoulder_y,right_elbow_x,right_elbow_y,right_wrist_x,right_wrist_y,thorax_x,thorax_y,left_shoulder_x,left_shoulder_y,left_elbow_x,left_elbow_y,left_wrist_x,left_wrist_y,pelvis_x,pelvis_y,right_hip_x,right_hip_y,right_knee_x,right_knee_y,right_ankle_x,right_ankle_y,left_hip_x,left_hip_y,left_knee_x,left_knee_y,left_ankle_x,left_ankle_y
0.41583333333333333,0.20222222222222225,0.2991666666666667,0.36814814814814817,0.20583333333333334,0.4066666666666667,0.15416666666666667,0.7325925925925927,0.3275,0.8274074074074075,0.2825,0.37703703703703706,0.3325,0.38,0.2808333333333333,0.62,0.2875,0.8185185185185185,0.1925,0.9044444444444445,0.14583333333333334,0.8807407407407406,0.2725,0.24962962962962967,0.31583333333333335,0.8777777777777778,0.23583333333333334,0.9370370370370371,0.2475,0.41259259259259257,0.2791666666666667,0.8392592592592591
