head_top_x,head_top_y,upper_neck_x,upper_neck_y,right_shoulder_x,right_shoulder_y,right_elbow_x,right_elbow_y,right_wrist_x,right_wrist_y,thorax_x,thorax_y,left_shoulder_x,left_shoulder_y,left_elbow_x,left_elbow_y,left_wrist_x,left_wrist_y,pelvis_x,pelvis_y,right_hip_x,right_hip_y,right_knee_x,right_knee_y,right_ankle_x,right_ankle_y,left_hip_x,left_hip_y,left_knee_x,left_knee_y,left_ankle_x,left_ankle_y
0.5191666666666667,0.2644444444444444,0.5241666666666667,0.3651851851851852,0.5275,0.36814814814814817,0.5008333333333334,0.4451851851851852,0.5141666666666667,0.6762962962962962,0.5258333333333334,0.3651851851851852,0.5291666666666667,0.37703703703703706,0.49083333333333334,0.542962962962963,0.5141666666666667,0.6851851851851851,0.4125,0.24962962962962967,0.4025,0.23185185185185186,0.6691666666666667,0.2614814814814815,0.09916666666666667,0.40074074074074073,0.4275,0.23777777777777775,0.22583333333333333,0.36814814814814817,0.10916666666666666,0.42148148148148146
