head_top_x,head_top_y,upper_neck_x,upper_neck_y,right_shoulder_x,right_shoulder_y,right_elbow_x,right_elbow_y,right_wrist_x,right_wrist_y,thorax_x,thorax_y,left_shoulder_x,left_shoulder_y,left_elbow_x,left_elbow_y,left_wrist_x,left_wrist_y,pelvis_x,pelvis_y,right_hip_x,right_hip_y,right_knee_x,right_knee_y,right_ankle_x,right_ankle_y,left_hip_x,left_hip_y,left_knee_x,left_knee_y,left_ankle_x,left_ankle_y
0.16294642857142858,0.04329427083333334,0.5066964285714286,0.1783203125,0.43526785714285715,0.2021484375,0.2924107142857143,0.49602864583333345,0.30580357142857145,0.43248697916666673,0.49330357142857145,0.2021484375,0.515625,0.2021484375,0.4888392857142857,0.46425781250000003,0.4888392857142857,0.5516276041666666,0.47098214285714285,0.6151692708333334,0.46205357142857145,0.6231119791666667,0.40848214285714285,0.9011067708333335,0.5915178571428571,0.9487630208333334,0.5066964285714286,0.6231119791666667,0.43526785714285715,0.9090494791666667,0.8236607142857143,0.8852213541666666
