head_top_x,head_top_y,upper_neck_x,upper_neck_y,right_shoulder_x,right_shoulder_y,right_elbow_x,right_elbow_y,right_wrist_x,right_wrist_y,thorax_x,thorax_y,left_shoulder_x,left_shoulder_y,left_elbow_x,left_elbow_y,left_wrist_x,left_wrist_y,pelvis_x,pelvis_y,right_hip_x,right_hip_y,right_knee_x,right_knee_y,right_ankle_x,right_ankle_y,left_hip_x,left_hip_y,left_knee_x,left_knee_y,left_ankle_x,left_ankle_y
0.47098214285714285,0.29761904761904767,0.4888392857142857,0.5198412698412699,0.453125,0.5198412698412699,0.44419642857142855,0.3531746031746032,0.47544642857142855,0.21031746031746035,0.49776785714285715,0.5277777777777778,0.5200892857142857,0.4563492063492063,0.453125,0.33730158730158727,0.40848214285714285,0.3452380952380952,0.546875,0.7738095238095237,0.5066964285714286,0.7658730158730158,0.49330357142857145,0.8928571428571429,0.6138392857142857,0.9166666666666666,0.5647321428571429,0.7817460317460319,0.5200892857142857,0.8928571428571429,0.671875,0.8690476190476191
