head_top_x,head_top_y,upper_neck_x,upper_neck_y,right_shoulder_x,right_shoulder_y,right_elbow_x,right_elbow_y,right_wrist_x,right_wrist_y,thorax_x,thorax_y,left_shoulder_x,left_shoulder_y,left_elbow_x,left_elbow_y,left_wrist_x,left_wrist_y,pelvis_x,pelvis_y,right_hip_x,right_hip_y,right_knee_x,right_knee_y,right_ankle_x,right_ankle_y,left_hip_x,left_hip_y,left_knee_x,left_knee_y,left_ankle_x,left_ankle_y
0.47544642857142855,-0.002232142857142857,0.46205357142857145,0.21031746031746035,0.44419642857142855,0.21031746031746035,0.34151785714285715,0.21031746031746035,0.39955357142857145,0.21031746031746035,0.46205357142857145,0.20238095238095236,0.49776785714285715,0.21031746031746035,0.5736607142857143,0.21031746031746035,0.4174107142857143,0.21031746031746035,0.47098214285714285,0.4563492063492063,0.4486607142857143,0.4563492063492063,0.421875,0.6626984126984126,0.4263392857142857,0.8849206349206349,0.4888392857142857,0.4563492063492063,0.5066964285714286,0.6626984126984126,0.515625,0.9007936507936508
