head_top_x,head_top_y,upper_neck_x,upper_neck_y,right_shoulder_x,right_shoulder_y,right_elbow_x,right_elbow_y,right_wrist_x,right_wrist_y,thorax_x,thorax_y,left_shoulder_x,left_shoulder_y,left_elbow_x,left_elbow_y,left_wrist_x,left_wrist_y,pelvis_x,pelvis_y,right_hip_x,right_hip_y,right_knee_x,right_knee_y,right_ankle_x,right_ankle_y,left_hip_x,left_hip_y,left_knee_x,left_knee_y,left_ankle_x,left_ankle_y
0.31026785714285715,0.28968253968253965,0.421875,0.44047619047619047,0.34598214285714285,0.4563492063492063,0.24776785714285715,0.5674603174603176,0.11830357142857142,0.6626984126984126,0.4174107142857143,0.4246031746031746,0.484375,0.4087301587301588,0.44419642857142855,0.6388888888888888,0.35044642857142855,0.6547619047619047,0.49776785714285715,0.6626984126984126,0.453125,0.6626984126984126,0.3325892857142857,0.6150793650793651,0.890625,0.7738095238095237,0.5424107142857143,0.6626984126984126,0.6897321428571429,0.7261904761904763,0.8995535714285714,0.7817460317460319
