head_top_x,head_top_y,upper_neck_x,upper_neck_y,right_shoulder_x,right_shoulder_y,right_elbow_x,right_elbow_y,right_wrist_x,right_wrist_y,thorax_x,thorax_y,left_shoulder_x,left_shoulder_y,left_elbow_x,left_elbow_y,left_wrist_x,left_wrist_y,pelvis_x,pelvis_y,right_hip_x,right_hip_y,right_knee_x,right_knee_y,right_ankle_x,right_ankle_y,left_hip_x,left_hip_y,left_knee_x,left_knee_y,left_ankle_x,left_ankle_y
0.11830357142857142,0.08333333333333333,0.21205357142857142,0.22619047619047616,0.22544642857142858,0.27380952380952384,0.3013392857142857,0.369047619047619,0.5959821428571429,0.27380952380952384,0.22991071428571427,0.21825396825396826,0.19866071428571427,0.2420634920634921,0.6227678571428571,0.21031746031746035,0.6138392857142857,0.37698412698412703,0.4888392857142857,0.39285714285714285,0.5513392857142857,0.2420634920634921,0.609375,0.5912698412698413,0.5736607142857143,0.9325396825396824,0.4174107142857143,0.4563492063492063,0.6227678571428571,0.5753968253968255,0.5602678571428571,0.9246031746031745
