head_top_x,head_top_y,upper_neck_x,upper_neck_y,right_shoulder_x,right_shoulder_y,right_elbow_x,right_elbow_y,right_wrist_x,right_wrist_y,thorax_x,thorax_y,left_shoulder_x,left_shoulder_y,left_elbow_x,left_elbow_y,left_wrist_x,left_wrist_y,pelvis_x,pelvis_y,right_hip_x,right_hip_y,right_knee_x,right_knee_y,right_ankle_x,right_ankle_y,left_hip_x,left_hip_y,left_knee_x,left_knee_y,left_ankle_x,left_ankle_y
0.23883928571428573,0.6125279017857143,0.31026785714285715,0.43005022321428577,0.3549107142857143,0.46046316964285705,0.453125,0.6611886160714285,0.421875,0.22932477678571425,0.3325892857142857,0.42396763392857134,0.328125,0.4178850446428571,0.3013392857142857,0.27798549107142856,0.4174107142857143,0.22932477678571425,0.5245535714285714,0.3023158482142857,0.515625,0.27190290178571425,0.734375,0.5942801339285715,0.8549107142857143,0.6307756696428573,0.5111607142857143,0.29015066964285713,0.6808035714285714,0.5577845982142857,0.8504464285714286,0.6307756696428573
