head_top_x,head_top_y,upper_neck_x,upper_neck_y,right_shoulder_x,right_shoulder_y,right_elbow_x,right_elbow_y,right_wrist_x,right_wrist_y,thorax_x,thorax_y,left_shoulder_x,left_shoulder_y,left_elbow_x,left_elbow_y,left_wrist_x,left_wrist_y,pelvis_x,pelvis_y,right_hip_x,right_hip_y,right_knee_x,right_knee_y,right_ankle_x,right_ankle_y,left_hip_x,left_hip_y,left_knee_x,left_knee_y,left_ankle_x,left_ankle_y
0.5245535714285714,0.29761904761904767,0.453125,0.49603174603174605,0.4174107142857143,0.5436507936507936,0.3861607142857143,0.6785714285714286,0.46651785714285715,0.4563492063492063,0.4486607142857143,0.5357142857142857,0.47098214285714285,0.5515873015873015,0.5111607142857143,0.5277777777777778,0.5245535714285714,0.511904761904762,0.43080357142857145,0.8849206349206349,0.4174107142857143,0.9007936507936508,0.3950892857142857,0.6468253968253967,0.6763392857142857,0.7738095238095237,0.43526785714285715,0.9007936507936508,0.5691964285714286,0.6865079365079365,0.5915178571428571,0.003968253968253954
