head_top_x,head_top_y,upper_neck_x,upper_neck_y,right_shoulder_x,right_shoulder_y,right_elbow_x,right_elbow_y,right_wrist_x,right_wrist_y,thorax_x,thorax_y,left_shoulder_x,left_shoulder_y,left_elbow_x,left_elbow_y,left_wrist_x,left_wrist_y,pelvis_x,pelvis_y,right_hip_x,right_hip_y,right_knee_x,right_knee_y,right_ankle_x,right_ankle_y,left_hip_x,left_hip_y,left_knee_x,left_knee_y,left_ankle_x,left_ankle_y
0.5558035714285714,0.2171595982142857,0.4486607142857143,0.35097656250000003,0.4174107142857143,0.42396763392857134,0.49330357142857145,0.6551060267857143,0.609375,0.6916015625,0.4263392857142857,0.3813895089285713,0.44419642857142855,0.3570591517857143,0.5200892857142857,0.48479352678571425,0.5870535714285714,0.5456194196428572,0.30580357142857145,0.6611886160714285,0.27901785714285715,0.6672712053571428,0.4575892857142857,0.7585100446428572,0.4888392857142857,0.9409877232142857,0.3325892857142857,0.6429408482142858,0.5111607142857143,0.6794363839285714,0.5959821428571429,0.7645926339285715
