head_top_x,head_top_y,upper_neck_x,upper_neck_y,right_shoulder_x,right_shoulder_y,right_elbow_x,right_elbow_y,right_wrist_x,right_wrist_y,thorax_x,thorax_y,left_shoulder_x,left_shoulder_y,left_elbow_x,left_elbow_y,left_wrist_x,left_wrist_y,pelvis_x,pelvis_y,right_hip_x,right_hip_y,right_knee_x,right_knee_y,right_ankle_x,right_ankle_y,left_hip_x,left_hip_y,left_knee_x,left_knee_y,left_ankle_x,left_ankle_y
0.38169642857142855,0.08816964285714286,0.33705357142857145,0.2890625,0.25669642857142855,0.3694196428571428,0.24330357142857142,0.6305803571428571,0.36830357142857145,0.6104910714285714,0.328125,0.3359375,0.40401785714285715,0.2890625,0.515625,0.3091517857142857,0.453125,0.20200892857142855,0.36830357142857145,0.7109375,0.33705357142857145,0.7377232142857143,0.5379464285714286,0.7109375,0.578125,0.9587053571428571,0.39955357142857145,0.6774553571428571,0.5513392857142857,0.7109375,0.5825892857142857,0.9787946428571429
