head_top_x,head_top_y,upper_neck_x,upper_neck_y,right_shoulder_x,right_shoulder_y,right_elbow_x,right_elbow_y,right_wrist_x,right_wrist_y,thorax_x,thorax_y,left_shoulder_x,left_shoulder_y,left_elbow_x,left_elbow_y,left_wrist_x,left_wrist_y,pelvis_x,pelvis_y,right_hip_x,right_hip_y,right_knee_x,right_knee_y,right_ankle_x,right_ankle_y,left_hip_x,left_hip_y,left_knee_x,left_knee_y,left_ankle_x,left_ankle_y
0.5111607142857143,0.03861607142857144,0.515625,0.2988839285714286,0.41294642857142855,0.3462053571428571,0.33705357142857145,0.5354910714285714,0.3638392857142857,0.47239583333333335,0.515625,0.3462053571428571,0.6004464285714286,0.3462053571428571,0.6272321428571429,0.5985863095238094,0.5736607142857143,0.5512648809523809,0.5022321428571429,0.8036458333333334,0.43973214285714285,0.8115327380952381,0.6361607142857143,0.6537946428571428,0.020089285714285716,0.14114583333333333,0.5558035714285714,0.7957589285714286,0.640625,0.9771577380952382,0.024553571428571428,0.8982886904761904
