head_top_x,head_top_y,upper_neck_x,upper_neck_y,right_shoulder_x,right_shoulder_y,right_elbow_x,right_elbow_y,right_wrist_x,right_wrist_y,thorax_x,thorax_y,left_shoulder_x,left_shoulder_y,left_elbow_x,left_elbow_y,left_wrist_x,left_wrist_y,pelvis_x,pelvis_y,right_hip_x,right_hip_y,right_knee_x,right_knee_y,right_ankle_x,right_ankle_y,left_hip_x,left_hip_y,left_knee_x,left_knee_y,left_ankle_x,left_ankle_y
0.15848214285714285,0.3055555555555556,0.28348214285714285,0.3055555555555556,0.265625,0.4087301587301588,0.31473214285714285,0.5277777777777778,0.3013392857142857,0.7103174603174602,0.2700892857142857,0.3134920634920635,0.27455357142857145,0.28174603174603174,0.38169642857142855,0.3611111111111111,0.515625,0.1706349206349206,0.5245535714285714,0.3531746031746032,0.5424107142857143,0.32142857142857145,0.5022321428571429,0.5833333333333334,0.7879464285714286,0.23412698412698407,0.5334821428571429,0.369047619047619,0.6450892857142857,0.4642857142857143,0.6138392857142857,0.9166666666666666
