head_top_x,head_top_y,upper_neck_x,upper_neck_y,right_shoulder_x,right_shoulder_y,right_elbow_x,right_elbow_y,right_wrist_x,right_wrist_y,thorax_x,thorax_y,left_shoulder_x,left_shoulder_y,left_elbow_x,left_elbow_y,left_wrist_x,left_wrist_y,pelvis_x,pelvis_y,right_hip_x,right_hip_y,right_knee_x,right_knee_y,right_ankle_x,right_ankle_y,left_hip_x,left_hip_y,left_knee_x,left_knee_y,left_ankle_x,left_ankle_y
0.40848214285714285,0.5100446428571429,0.328125,0.3694196428571428,0.234375,0.43638392857142855,0.203125,0.6171875,0.31473214285714285,0.8180803571428571,0.34151785714285715,0.3828125,0.40401785714285715,0.31584821428571425,0.4575892857142857,0.21540178571428573,0.5245535714285714,0.1015625,0.18973214285714285,0.6975446428571429,0.15401785714285715,0.7042410714285714,0.5558035714285714,0.4765625,0.5334821428571429,0.10825892857142859,0.31026785714285715,0.5100446428571429,0.5691964285714286,0.5033482142857143,0.5424107142857143,0.08147321428571427
