head_top_x,head_top_y,upper_neck_x,upper_neck_y,right_shoulder_x,right_shoulder_y,right_elbow_x,right_elbow_y,right_wrist_x,right_wrist_y,thorax_x,thorax_y,left_shoulder_x,left_shoulder_y,left_elbow_x,left_elbow_y,left_wrist_x,left_wrist_y,pelvis_x,pelvis_y,right_hip_x,right_hip_y,right_knee_x,right_knee_y,right_ankle_x,right_ankle_y,left_hip_x,left_hip_y,left_knee_x,left_knee_y,left_ankle_x,left_ankle_y
0.47544642857142855,0.19444444444444445,0.43973214285714285,0.4087301587301588,0.44419642857142855,0.4087301587301588,0.3861607142857143,0.4563492063492063,0.31026785714285715,0.4722222222222222,0.4486607142857143,0.40079365079365076,0.43526785714285715,0.44047619047619047,0.5066964285714286,0.22619047619047616,0.6138392857142857,0.21825396825396826,0.6941964285714286,0.3055555555555556,0.6986607142857143,0.29761904761904767,0.7075892857142857,0.4563492063492063,0.18080357142857142,0.5515873015873015,0.6941964285714286,0.29761904761904767,0.7209821428571429,0.4484126984126984,0.16741071428571427,0.5515873015873015
