head_top_x,head_top_y,upper_neck_x,upper_neck_y,right_shoulder_x,right_shoulder_y,right_elbow_x,right_elbow_y,right_wrist_x,right_wrist_y,thorax_x,thorax_y,left_shoulder_x,left_shoulder_y,left_elbow_x,left_elbow_y,left_wrist_x,left_wrist_y,pelvis_x,pelvis_y,right_hip_x,right_hip_y,right_knee_x,right_knee_y,right_ankle_x,right_ankle_y,left_hip_x,left_hip_y,left_knee_x,left_knee_y,left_ankle_x,left_ankle_y
0.44419642857142855,0.011904761904761911,0.4799107142857143,0.27380952380952384,0.44419642857142855,0.27380952380952384,0.4263392857142857,0.4166666666666667,0.38169642857142855,0.4722222222222222,0.4799107142857143,0.28174603174603174,0.515625,0.29761904761904767,0.49776785714285715,0.4642857142857143,0.43526785714285715,0.4642857142857143,0.5513392857142857,0.511904761904762,0.5111607142857143,0.5039682539682541,0.3950892857142857,0.5833333333333334,0.46205357142857145,0.8452380952380953,0.5915178571428571,0.5198412698412699,0.8013392857142857,0.4642857142857143,0.546875,0.8690476190476191
