head_top_x,head_top_y,upper_neck_x,upper_neck_y,right_shoulder_x,right_shoulder_y,right_elbow_x,right_elbow_y,right_wrist_x,right_wrist_y,thorax_x,thorax_y,left_shoulder_x,left_shoulder_y,left_elbow_x,left_elbow_y,left_wrist_x,left_wrist_y,pelvis_x,pelvis_y,right_hip_x,right_hip_y,right_knee_x,right_knee_y,right_ankle_x,right_ankle_y,left_hip_x,left_hip_y,left_knee_x,left_knee_y,left_ankle_x,left_ankle_y
0.578125,0.48014322916666663,0.546875,0.6548828124999999,0.5111607142857143,0.6548828124999999,0.453125,0.44837239583333344,0.5245535714285714,0.5119140625,0.546875,0.6469401041666667,0.6004464285714286,0.6548828124999999,0.6852678571428571,0.7263671875000001,0.703125,0.7184244791666666,0.3325892857142857,0.4007161458333333,0.34598214285714285,0.3689453125,0.35044642857142855,0.3689453125,0.3236607142857143,0.28157552083333337,0.3325892857142857,0.3689453125,0.3236607142857143,0.4007161458333333,0.34598214285714285,0.28157552083333337
