head_top_x,head_top_y,upper_neck_x,upper_neck_y,right_shoulder_x,right_shoulder_y,right_elbow_x,right_elbow_y,right_wrist_x,right_wrist_y,thorax_x,thorax_y,left_shoulder_x,left_shoulder_y,left_elbow_x,left_elbow_y,left_wrist_x,left_wrist_y,pelvis_x,pelvis_y,right_hip_x,right_hip_y,right_knee_x,right_knee_y,right_ankle_x,right_ankle_y,left_hip_x,left_hip_y,left_knee_x,left_knee_y,left_ankle_x,left_ankle_y
0.4575892857142857,0.5625,0.34151785714285715,0.5327380952380952,0.31026785714285715,0.5327380952380952,0.2924107142857143,0.6934523809523809,0.30580357142857145,0.8422619047619048,0.33705357142857145,0.5327380952380952,0.3549107142857143,0.5267857142857143,0.359375,0.7113095238095238,0.359375,0.8541666666666666,0.4486607142857143,0.11011904761904763,0.43973214285714285,0.10416666666666667,0.37723214285714285,0.14583333333333334,0.328125,0.8482142857142857,0.47544642857142855,0.0982142857142857,0.390625,0.13988095238095236,0.34151785714285715,0.8363095238095238
