head_top_x,head_top_y,upper_neck_x,upper_neck_y,right_shoulder_x,right_shoulder_y,right_elbow_x,right_elbow_y,right_wrist_x,right_wrist_y,thorax_x,thorax_y,left_shoulder_x,left_shoulder_y,left_elbow_x,left_elbow_y,left_wrist_x,left_wrist_y,pelvis_x,pelvis_y,right_hip_x,right_hip_y,right_knee_x,right_knee_y,right_ankle_x,right_ankle_y,left_hip_x,left_hip_y,left_knee_x,left_knee_y,left_ankle_x,left_ankle_y
0.44419642857142855,0.4246031746031746,0.5915178571428571,0.39285714285714285,0.5691964285714286,0.3055555555555556,0.484375,0.4166666666666667,0.41294642857142855,0.49603174603174605,0.6004464285714286,0.37698412698412703,0.6540178571428571,0.4722222222222222,0.5111607142857143,0.5674603174603176,0.40848214285714285,0.5833333333333334,0.6986607142857143,0.5039682539682541,0.6584821428571429,0.5039682539682541,0.5959821428571429,0.5833333333333334,0.6227678571428571,0.6944444444444444,0.7299107142857143,0.5198412698412699,0.6629464285714286,0.7658730158730158,0.7209821428571429,0.9246031746031745
