head_top_x,head_top_y,upper_neck_x,upper_neck_y,right_shoulder_x,right_shoulder_y,right_elbow_x,right_elbow_y,right_wrist_x,right_wrist_y,thorax_x,thorax_y,left_shoulder_x,left_shoulder_y,left_elbow_x,left_elbow_y,left_wrist_x,left_wrist_y,pelvis_x,pelvis_y,right_hip_x,right_hip_y,right_knee_x,right_knee_y,right_ankle_x,right_ankle_y,left_hip_x,left_hip_y,left_knee_x,left_knee_y,left_ankle_x,left_ankle_y
0.5066964285714286,0.12301587301587297,0.5066964285714286,0.369047619047619,0.421875,0.40079365079365076,0.40848214285714285,0.623015873015873,0.44419642857142855,0.7976190476190477,0.5066964285714286,0.40079365079365076,0.5825892857142857,0.39285714285714285,0.5915178571428571,0.6150793650793651,0.5290178571428571,0.7976190476190477,0.484375,0.8055555555555556,0.43526785714285715,0.8055555555555556,0.28348214285714285,0.9087301587301587,0.390625,0.5277777777777778,0.5334821428571429,0.8055555555555556,0.5200892857142857,0.6944444444444444,0.5825892857142857,0.6944444444444444
