head_top_x,head_top_y,upper_neck_x,upper_neck_y,right_shoulder_x,right_shoulder_y,right_elbow_x,right_elbow_y,right_wrist_x,right_wrist_y,thorax_x,thorax_y,left_shoulder_x,left_shoulder_y,left_elbow_x,left_elbow_y,left_wrist_x,left_wrist_y,pelvis_x,pelvis_y,right_hip_x,right_hip_y,right_knee_x,right_knee_y,right_ankle_x,right_ankle_y,left_hip_x,left_hip_y,left_knee_x,left_knee_y,left_ankle_x,left_ankle_y
0.5424107142857143,0.1547619047619048,0.6584821428571429,0.27380952380952384,0.6361607142857143,0.2658730158730159,0.5870535714285714,0.40079365079365076,0.5558035714285714,0.4801587301587301,0.6495535714285714,0.27380952380952384,0.671875,0.2658730158730159,0.6272321428571429,0.3531746031746032,0.578125,0.4801587301587301,0.734375,0.40079365079365076,0.7299107142857143,0.39285714285714285,0.6450892857142857,0.4722222222222222,0.7299107142857143,0.6150793650793651,0.7566964285714286,0.40079365079365076,0.6540178571428571,0.4801587301587301,0.7254464285714286,0.6547619047619047
