head_top_x,head_top_y,upper_neck_x,upper_neck_y,right_shoulder_x,right_shoulder_y,right_elbow_x,right_elbow_y,right_wrist_x,right_wrist_y,thorax_x,thorax_y,left_shoulder_x,left_shoulder_y,left_elbow_x,left_elbow_y,left_wrist_x,left_wrist_y,pelvis_x,pelvis_y,right_hip_x,right_hip_y,right_knee_x,right_knee_y,right_ankle_x,right_ankle_y,left_hip_x,left_hip_y,left_knee_x,left_knee_y,left_ankle_x,left_ankle_y
0.453125,0.2421875,0.43973214285714285,0.43638392857142855,0.38169642857142855,0.4430803571428571,0.22991071428571427,0.4899553571428571,0.3638392857142857,0.6372767857142856,0.43973214285714285,0.4430803571428571,0.49330357142857145,0.44977678571428564,0.5200892857142857,0.5435267857142856,0.5558035714285714,0.6171875,0.453125,0.7444196428571429,0.4263392857142857,0.7444196428571429,0.43973214285714285,0.9988839285714285,0.8727678571428571,0.11495535714285714,0.484375,0.7444196428571429,0.49330357142857145,0.9988839285714285,0.47098214285714285,0.7979910714285714
