head_top_x,head_top_y,upper_neck_x,upper_neck_y,right_shoulder_x,right_shoulder_y,right_elbow_x,right_elbow_y,right_wrist_x,right_wrist_y,thorax_x,thorax_y,left_shoulder_x,left_shoulder_y,left_elbow_x,left_elbow_y,left_wrist_x,left_wrist_y,pelvis_x,pelvis_y,right_hip_x,right_hip_y,right_knee_x,right_knee_y,right_ankle_x,right_ankle_y,left_hip_x,left_hip_y,left_knee_x,left_knee_y,left_ankle_x,left_ankle_y
0.3950892857142857,0.0011160714285714244,0.31026785714285715,0.17522321428571427,0.28348214285714285,0.21540178571428573,0.2700892857142857,0.6506696428571429,0.484375,0.4430803571428571,0.3013392857142857,0.20200892857142855,0.296875,0.1953125,0.35044642857142855,0.32924107142857145,0.453125,0.26897321428571425,0.35044642857142855,0.6104910714285714,0.31473214285714285,0.6439732142857143,0.390625,0.6171875,0.44419642857142855,0.7979910714285714,0.3861607142857143,0.5435267857142856,0.4174107142857143,0.5970982142857143,0.44419642857142855,0.7979910714285714
