head_top_x,head_top_y,upper_neck_x,upper_neck_y,right_shoulder_x,right_shoulder_y,right_elbow_x,right_elbow_y,right_wrist_x,right_wrist_y,thorax_x,thorax_y,left_shoulder_x,left_shoulder_y,left_elbow_x,left_elbow_y,left_wrist_x,left_wrist_y,pelvis_x,pelvis_y,right_hip_x,right_hip_y,right_knee_x,right_knee_y,right_ankle_x,right_ankle_y,left_hip_x,left_hip_y,left_knee_x,left_knee_y,left_ankle_x,left_ankle_y
0.36830357142857145,0.027777777777777776,0.6584821428571429,0.4642857142857143,0.6495535714285714,0.4087301587301588,0.515625,0.38492063492063494,0.49776785714285715,0.28174603174603174,0.6540178571428571,0.4484126984126984,0.6584821428571429,0.4484126984126984,0.4575892857142857,0.4087301587301588,0.484375,0.29761904761904767,0.5513392857142857,0.4722222222222222,0.546875,0.4722222222222222,0.4575892857142857,0.39285714285714285,0.40848214285714285,0.5595238095238096,0.5513392857142857,0.48809523809523814,0.4263392857142857,0.38492063492063494,0.41294642857142855,0.5515873015873015
