head_top_x,head_top_y,upper_neck_x,upper_neck_y,right_shoulder_x,right_shoulder_y,right_elbow_x,right_elbow_y,right_wrist_x,right_wrist_y,thorax_x,thorax_y,left_shoulder_x,left_shoulder_y,left_elbow_x,left_elbow_y,left_wrist_x,left_wrist_y,pelvis_x,pelvis_y,right_hip_x,right_hip_y,right_knee_x,right_knee_y,right_ankle_x,right_ankle_y,left_hip_x,left_hip_y,left_knee_x,left_knee_y,left_ankle_x,left_ankle_y
0.49330357142857145,0.7896825396825398,0.4486607142857143,0.5674603174603176,0.3861607142857143,0.5833333333333334,0.34598214285714285,0.7420634920634921,0.33705357142857145,0.9087301587301587,0.4486607142857143,0.5515873015873015,0.5602678571428571,0.4563492063492063,0.4888392857142857,0.38492063492063494,0.43973214285714285,0.29761904761904767,0.38169642857142855,0.4087301587301588,0.34598214285714285,0.4246031746031746,0.33705357142857145,0.5912698412698413,0.3549107142857143,0.8452380952380953,0.4174107142857143,0.38492063492063494,0.671875,0.48809523809523814,0.40848214285714285,0.8055555555555556
