head_top_x,head_top_y,upper_neck_x,upper_neck_y,right_shoulder_x,right_shoulder_y,right_elbow_x,right_elbow_y,right_wrist_x,right_wrist_y,thorax_x,thorax_y,left_shoulder_x,left_shoulder_y,left_elbow_x,left_elbow_y,left_wrist_x,left_wrist_y,pelvis_x,pelvis_y,right_hip_x,right_hip_y,right_knee_x,right_knee_y,right_ankle_x,right_ankle_y,left_hip_x,left_hip_y,left_knee_x,left_knee_y,left_ankle_x,left_ankle_y
0.43526785714285715,0.6041666666666666,0.4799107142857143,0.5267857142857143,0.453125,0.4791666666666667,0.46651785714285715,0.4077380952380953,0.5200892857142857,0.3363095238095238,0.4799107142857143,0.5267857142857143,0.484375,0.5565476190476191,0.5334821428571429,0.6339285714285715,0.5290178571428571,0.33035714285714285,0.5424107142857143,0.0863095238095238,0.5111607142857143,0.0982142857142857,0.484375,0.37202380952380953,0.5066964285714286,0.6279761904761906,0.5691964285714286,0.0744047619047619,0.5245535714285714,0.5863095238095238,0.5200892857142857,0.6101190476190476
