head_top_x,head_top_y,upper_neck_x,upper_neck_y,right_shoulder_x,right_shoulder_y,right_elbow_x,right_elbow_y,right_wrist_x,right_wrist_y,thorax_x,thorax_y,left_shoulder_x,left_shoulder_y,left_elbow_x,left_elbow_y,left_wrist_x,left_wrist_y,pelvis_x,pelvis_y,right_hip_x,right_hip_y,right_knee_x,right_knee_y,right_ankle_x,right_ankle_y,left_hip_x,left_hip_y,left_knee_x,left_knee_y,left_ankle_x,left_ankle_y
0.43973214285714285,0.11507936507936506,0.40401785714285715,0.3531746031746032,0.328125,0.3531746031746032,0.2924107142857143,0.5674603174603176,0.30580357142857145,0.7261904761904763,0.40848214285714285,0.3452380952380952,0.47544642857142855,0.3452380952380952,0.5111607142857143,0.5436507936507936,0.5558035714285714,0.6785714285714286,0.3638392857142857,0.6150793650793651,0.31919642857142855,0.6150793650793651,0.37723214285714285,0.9246031746031745,0.37276785714285715,0.9087301587301587,0.40401785714285715,0.6150793650793651,0.40401785714285715,0.8928571428571429,0.40401785714285715,0.9166666666666666
