head_top_x,head_top_y,upper_neck_x,upper_neck_y,right_shoulder_x,right_shoulder_y,right_elbow_x,right_elbow_y,right_wrist_x,right_wrist_y,thorax_x,thorax_y,left_shoulder_x,left_shoulder_y,left_elbow_x,left_elbow_y,left_wrist_x,left_wrist_y,pelvis_x,pelvis_y,right_hip_x,right_hip_y,right_knee_x,right_knee_y,right_ankle_x,right_ankle_y,left_hip_x,left_hip_y,left_knee_x,left_knee_y,left_ankle_x,left_ankle_y
0.23883928571428573,0.31845238095238093,0.3861607142857143,0.20535714285714288,0.421875,0.18154761904761907,0.546875,0.3363095238095238,0.5200892857142857,0.7410714285714285,0.34598214285714285,0.21726190476190474,0.23883928571428573,0.2351190476190476,0.234375,0.3898809523809524,0.19419642857142858,0.5208333333333334,0.5200892857142857,0.3005952380952381,0.5513392857142857,0.29464285714285715,0.5334821428571429,0.5505952380952381,0.515625,0.7470238095238094,0.4799107142857143,0.3125,0.46205357142857145,0.5267857142857143,0.453125,0.7291666666666666
