head_top_x,head_top_y,upper_neck_x,upper_neck_y,right_shoulder_x,right_shoulder_y,right_elbow_x,right_elbow_y,right_wrist_x,right_wrist_y,thorax_x,thorax_y,left_shoulder_x,left_shoulder_y,left_elbow_x,left_elbow_y,left_wrist_x,left_wrist_y,pelvis_x,pelvis_y,right_hip_x,right_hip_y,right_knee_x,right_knee_y,right_ankle_x,right_ankle_y,left_hip_x,left_hip_y,left_knee_x,left_knee_y,left_ankle_x,left_ankle_y
0.34598214285714285,0.32924107142857145,0.28348214285714285,0.46986607142857145,0.24330357142857142,0.5167410714285714,0.4263392857142857,0.6037946428571429,0.5513392857142857,0.6305803571428571,0.2924107142857143,0.3828125,0.328125,0.5569196428571429,0.43973214285714285,0.5703125,0.5290178571428571,0.6238839285714285,0.28348214285714285,0.29575892857142855,0.27455357142857145,0.2890625,0.5959821428571429,0.6372767857142856,0.6183035714285714,0.6506696428571429,0.28348214285714285,0.2890625,0.5825892857142857,0.6305803571428571,0.6272321428571429,0.6439732142857143
