head_top_x,head_top_y,upper_neck_x,upper_neck_y,right_shoulder_x,right_shoulder_y,right_elbow_x,right_elbow_y,right_wrist_x,right_wrist_y,thorax_x,thorax_y,left_shoulder_x,left_shoulder_y,left_elbow_x,left_elbow_y,left_wrist_x,left_wrist_y,pelvis_x,pelvis_y,right_hip_x,right_hip_y,right_knee_x,right_knee_y,right_ankle_x,right_ankle_y,left_hip_x,left_hip_y,left_knee_x,left_knee_y,left_ankle_x,left_ankle_y
0.6852678571428571,0.46986607142857145,0.5870535714285714,0.3560267857142857,0.546875,0.37611607142857145,0.4263392857142857,0.5636160714285714,0.515625,0.7176339285714285,0.5959821428571429,0.36272321428571425,0.6852678571428571,0.36272321428571425,0.6986607142857143,0.5100446428571429,0.6986607142857143,0.6908482142857143,0.421875,0.40290178571428564,0.37723214285714285,0.43638392857142855,0.43080357142857145,0.6774553571428571,0.4799107142857143,0.9520089285714285,0.515625,0.3359375,0.43526785714285715,0.6506696428571429,0.46205357142857145,0.9252232142857143
