head_top_x,head_top_y,upper_neck_x,upper_neck_y,right_shoulder_x,right_shoulder_y,right_elbow_x,right_elbow_y,right_wrist_x,right_wrist_y,thorax_x,thorax_y,left_shoulder_x,left_shoulder_y,left_elbow_x,left_elbow_y,left_wrist_x,left_wrist_y,pelvis_x,pelvis_y,right_hip_x,right_hip_y,right_knee_x,right_knee_y,right_ankle_x,right_ankle_y,left_hip_x,left_hip_y,left_knee_x,left_knee_y,left_ankle_x,left_ankle_y
0.203125,0.07477678571428573,0.34598214285714285,0.08147321428571427,0.31919642857142855,0.1015625,0.3950892857142857,0.26897321428571425,0.46205357142857145,0.36272321428571425,0.36830357142857145,0.08147321428571427,0.4174107142857143,0.05468750000000001,0.5200892857142857,0.20200892857142855,0.5022321428571429,0.36272321428571425,0.46205357142857145,0.40290178571428564,0.421875,0.4296875,0.484375,0.6573660714285714,0.5200892857142857,0.9453125,0.5111607142857143,0.38950892857142855,0.6004464285714286,0.5569196428571429,0.5915178571428571,0.8381696428571429
