head_top_x,head_top_y,upper_neck_x,upper_neck_y,right_shoulder_x,right_shoulder_y,right_elbow_x,right_elbow_y,right_wrist_x,right_wrist_y,thorax_x,thorax_y,left_shoulder_x,left_shoulder_y,left_elbow_x,left_elbow_y,left_wrist_x,left_wrist_y,pelvis_x,pelvis_y,right_hip_x,right_hip_y,right_knee_x,right_knee_y,right_ankle_x,right_ankle_y,left_hip_x,left_hip_y,left_knee_x,left_knee_y,left_ankle_x,left_ankle_y
0.7075892857142857,0.1468253968253968,0.734375,0.3611111111111111,0.7075892857142857,0.3611111111111111,0.6227678571428571,0.2658730158730159,0.6183035714285714,0.1626984126984127,0.7299107142857143,0.369047619047619,0.703125,0.3531746031746032,0.640625,0.5436507936507936,0.5602678571428571,0.7182539682539681,0.7299107142857143,0.7341269841269842,0.7388392857142857,0.7261904761904763,0.5870535714285714,0.8452380952380953,0.546875,0.9325396825396824,0.7165178571428571,0.7341269841269842,0.5602678571428571,0.9166666666666666,0.5334821428571429,0.9246031746031745
