head_top_x,head_top_y,upper_neck_x,upper_neck_y,right_shoulder_x,right_shoulder_y,right_elbow_x,right_elbow_y,right_wrist_x,right_wrist_y,thorax_x,thorax_y,left_shoulder_x,left_shoulder_y,left_elbow_x,left_elbow_y,left_wrist_x,left_wrist_y,pelvis_x,pelvis_y,right_hip_x,right_hip_y,right_knee_x,right_knee_y,right_ankle_x,right_ankle_y,left_hip_x,left_hip_y,left_knee_x,left_knee_y,left_ankle_x,left_ankle_y
0.8995535714285714,0.2579365079365079,0.8058035714285714,0.4642857142857143,0.7388392857142857,0.4484126984126984,0.6272321428571429,0.4642857142857143,0.5915178571428571,0.4166666666666667,0.7834821428571429,0.48809523809523814,0.8102678571428571,0.5436507936507936,0.7075892857142857,0.5277777777777778,0.6183035714285714,0.4563492063492063,0.609375,0.6468253968253967,0.5870535714285714,0.5912698412698413,0.5424107142857143,0.7738095238095237,0.33705357142857145,0.5515873015873015,0.6227678571428571,0.6706349206349207,0.5558035714285714,0.7817460317460319,0.34598214285714285,0.5357142857142857
