head_top_x,head_top_y,upper_neck_x,upper_neck_y,right_shoulder_x,right_shoulder_y,right_elbow_x,right_elbow_y,right_wrist_x,right_wrist_y,thorax_x,thorax_y,left_shoulder_x,left_shoulder_y,left_elbow_x,left_elbow_y,left_wrist_x,left_wrist_y,pelvis_x,pelvis_y,right_hip_x,right_hip_y,right_knee_x,right_knee_y,right_ankle_x,right_ankle_y,left_hip_x,left_hip_y,left_knee_x,left_knee_y,left_ankle_x,left_ankle_y
0.5245535714285714,0.3958333333333333,0.5602678571428571,0.30654761904761907,0.47544642857142855,0.2648809523809524,0.5066964285714286,0.6101190476190476,0.4799107142857143,0.8541666666666666,0.5602678571428571,0.31845238095238093,0.6450892857142857,0.33035714285714285,0.6495535714285714,0.5863095238095238,0.6183035714285714,0.7589285714285715,0.5290178571428571,0.3422619047619047,0.484375,0.37202380952380953,0.49330357142857145,0.5744047619047619,0.4799107142857143,0.8363095238095238,0.609375,0.37797619047619047,0.6272321428571429,0.5565476190476191,0.6138392857142857,0.7946428571428572
