head_top_x,head_top_y,upper_neck_x,upper_neck_y,right_shoulder_x,right_shoulder_y,right_elbow_x,right_elbow_y,right_wrist_x,right_wrist_y,thorax_x,thorax_y,left_shoulder_x,left_shoulder_y,left_elbow_x,left_elbow_y,left_wrist_x,left_wrist_y,pelvis_x,pelvis_y,right_hip_x,right_hip_y,right_knee_x,right_knee_y,right_ankle_x,right_ankle_y,left_hip_x,left_hip_y,left_knee_x,left_knee_y,left_ankle_x,left_ankle_y
0.6183035714285714,0.15449218750000007,0.5602678571428571,0.3768880208333334,0.5647321428571429,0.42454427083333335,0.5647321428571429,0.4166015625,0.5691964285714286,0.5992838541666666,0.5647321428571429,0.28951822916666664,0.5513392857142857,0.4007161458333333,0.5647321428571429,0.43248697916666673,0.5602678571428571,0.6072265625,0.40848214285714285,0.09889322916666674,0.421875,0.08300781250000001,0.5558035714285714,0.4563151041666667,0.5513392857142857,0.8216796875,0.40848214285714285,0.08300781250000001,0.5602678571428571,0.42454427083333335,0.5558035714285714,0.8057942708333333
