head_top_x,head_top_y,upper_neck_x,upper_neck_y,right_shoulder_x,right_shoulder_y,right_elbow_x,right_elbow_y,right_wrist_x,right_wrist_y,thorax_x,thorax_y,left_shoulder_x,left_shoulder_y,left_elbow_x,left_elbow_y,left_wrist_x,left_wrist_y,pelvis_x,pelvis_y,right_hip_x,right_hip_y,right_knee_x,right_knee_y,right_ankle_x,right_ankle_y,left_hip_x,left_hip_y,left_knee_x,left_knee_y,left_ankle_x,left_ankle_y
0.4263392857142857,0.36272321428571425,0.5558035714285714,0.41629464285714274,0.6004464285714286,0.34263392857142855,0.6361607142857143,0.5167410714285714,0.5647321428571429,0.7310267857142856,0.5736607142857143,0.41629464285714274,0.546875,0.4765625,0.5558035714285714,0.7109375,0.5424107142857143,0.8649553571428571,0.7254464285714286,0.6439732142857143,0.7477678571428571,0.6305803571428571,0.6004464285714286,0.8984375,0.6897321428571429,0.7444196428571429,0.703125,0.6707589285714285,0.5647321428571429,0.9185267857142856,0.6941964285714286,0.6037946428571429
