head_top_x,head_top_y,upper_neck_x,upper_neck_y,right_shoulder_x,right_shoulder_y,right_elbow_x,right_elbow_y,right_wrist_x,right_wrist_y,thorax_x,thorax_y,left_shoulder_x,left_shoulder_y,left_elbow_x,left_elbow_y,left_wrist_x,left_wrist_y,pelvis_x,pelvis_y,right_hip_x,right_hip_y,right_knee_x,right_knee_y,right_ankle_x,right_ankle_y,left_hip_x,left_hip_y,left_knee_x,left_knee_y,left_ankle_x,left_ankle_y
0.3638392857142857,0.10714285714285715,0.38169642857142855,0.28174603174603174,0.34598214285714285,0.29761904761904767,0.43973214285714285,0.4642857142857143,0.4263392857142857,0.5912698412698413,0.37723214285714285,0.2579365079365079,0.4174107142857143,0.21031746031746035,0.46205357142857145,0.25,0.4888392857142857,0.32936507936507936,0.37276785714285715,0.27380952380952384,0.359375,0.28968253968253965,0.41294642857142855,0.4642857142857143,0.39955357142857145,0.5992063492063492,0.38169642857142855,0.23412698412698407,0.44419642857142855,0.4563492063492063,0.4486607142857143,0.5992063492063492
