head_top_x,head_top_y,upper_neck_x,upper_neck_y,right_shoulder_x,right_shoulder_y,right_elbow_x,right_elbow_y,right_wrist_x,right_wrist_y,thorax_x,thorax_y,left_shoulder_x,left_shoulder_y,left_elbow_x,left_elbow_y,left_wrist_x,left_wrist_y,pelvis_x,pelvis_y,right_hip_x,right_hip_y,right_knee_x,right_knee_y,right_ankle_x,right_ankle_y,left_hip_x,left_hip_y,left_knee_x,left_knee_y,left_ankle_x,left_ankle_y
0.515625,0.09126984126984124,0.5200892857142857,0.33730158730158727,0.43973214285714285,0.37698412698412703,0.40401785714285715,0.6468253968253967,0.3950892857142857,0.8849206349206349,0.5200892857142857,0.40079365079365076,0.6138392857142857,0.4087301587301588,0.6361607142857143,0.7182539682539681,0.6272321428571429,0.9642857142857143,0.5066964285714286,0.8214285714285714,0.4575892857142857,0.8214285714285714,0.6183035714285714,0.8849206349206349,0.020089285714285716,0.12301587301587297,0.5558035714285714,0.8373015873015874,0.5111607142857143,0.1388888888888889,0.8325892857142857,0.01984126984126982
