head_top_x,head_top_y,upper_neck_x,upper_neck_y,right_shoulder_x,right_shoulder_y,right_elbow_x,right_elbow_y,right_wrist_x,right_wrist_y,thorax_x,thorax_y,left_shoulder_x,left_shoulder_y,left_elbow_x,left_elbow_y,left_wrist_x,left_wrist_y,pelvis_x,pelvis_y,right_hip_x,right_hip_y,right_knee_x,right_knee_y,right_ankle_x,right_ankle_y,left_hip_x,left_hip_y,left_knee_x,left_knee_y,left_ankle_x,left_ankle_y
0.41294642857142855,0.2579365079365079,0.5290178571428571,0.40079365079365076,0.46205357142857145,0.3611111111111111,0.24330357142857142,0.28174603174603174,0.39955357142857145,0.32936507936507936,0.5245535714285714,0.39285714285714285,0.5870535714285714,0.39285714285714285,0.6450892857142857,0.5515873015873015,0.671875,0.7023809523809523,0.6674107142857143,0.4722222222222222,0.6272321428571429,0.48809523809523814,0.5245535714285714,0.6785714285714286,0.6227678571428571,0.9325396825396824,0.7120535714285714,0.4642857142857143,0.6852678571428571,0.7579365079365079,0.6941964285714286,0.9801587301587301
