head_top_x,head_top_y,upper_neck_x,upper_neck_y,right_shoulder_x,right_shoulder_y,right_elbow_x,right_elbow_y,right_wrist_x,right_wrist_y,thorax_x,thorax_y,left_shoulder_x,left_shoulder_y,left_elbow_x,left_elbow_y,left_wrist_x,left_wrist_y,pelvis_x,pelvis_y,right_hip_x,right_hip_y,right_knee_x,right_knee_y,right_ankle_x,right_ankle_y,left_hip_x,left_hip_y,left_knee_x,left_knee_y,left_ankle_x,left_ankle_y
0.453125,0.008928571428571433,0.4575892857142857,0.19345238095238093,0.33705357142857145,0.2589285714285714,0.19866071428571427,0.3363095238095238,0.33705357142857145,0.4613095238095238,0.4575892857142857,0.24702380952380953,0.5870535714285714,0.22321428571428573,0.5915178571428571,0.30654761904761907,0.35044642857142855,0.29464285714285715,0.5200892857142857,0.7946428571428572,0.46205357142857145,0.8005952380952381,0.2924107142857143,0.3958333333333333,0.9263392857142857,0.10416666666666667,0.578125,0.7946428571428572,0.5066964285714286,0.16964285714285712,0.5736607142857143,0.9017857142857143
