head_top_x,head_top_y,upper_neck_x,upper_neck_y,right_shoulder_x,right_shoulder_y,right_elbow_x,right_elbow_y,right_wrist_x,right_wrist_y,thorax_x,thorax_y,left_shoulder_x,left_shoulder_y,left_elbow_x,left_elbow_y,left_wrist_x,left_wrist_y,pelvis_x,pelvis_y,right_hip_x,right_hip_y,right_knee_x,right_knee_y,right_ankle_x,right_ankle_y,left_hip_x,left_hip_y,left_knee_x,left_knee_y,left_ankle_x,left_ankle_y
0.578125,0.09920634920634924,0.4486607142857143,0.25,0.3861607142857143,0.21031746031746035,0.390625,0.5992063492063492,0.5915178571428571,0.1468253968253968,0.43973214285714285,0.2579365079365079,0.5111607142857143,0.33730158730158727,0.5200892857142857,0.6071428571428571,0.5691964285714286,0.7738095238095237,0.27901785714285715,0.6865079365079365,0.25223214285714285,0.7103174603174602,0.40848214285714285,0.7896825396825398,0.43973214285714285,0.9007936507936508,0.30580357142857145,0.6785714285714286,0.5513392857142857,0.8293650793650793,0.5111607142857143,0.8373015873015874
