head_top_x,head_top_y,upper_neck_x,upper_neck_y,right_shoulder_x,right_shoulder_y,right_elbow_x,right_elbow_y,right_wrist_x,right_wrist_y,thorax_x,thorax_y,left_shoulder_x,left_shoulder_y,left_elbow_x,left_elbow_y,left_wrist_x,left_wrist_y,pelvis_x,pelvis_y,right_hip_x,right_hip_y,right_knee_x,right_knee_y,right_ankle_x,right_ankle_y,left_hip_x,left_hip_y,left_knee_x,left_knee_y,left_ankle_x,left_ankle_y
0.6272321428571429,0.05952380952380951,0.609375,0.29761904761904767,0.7120535714285714,0.2658730158730159,0.7299107142857143,0.4484126984126984,0.6540178571428571,0.5039682539682541,0.6138392857142857,0.32142857142857145,0.5245535714285714,0.3452380952380952,0.4174107142857143,0.5277777777777778,0.3950892857142857,0.5357142857142857,0.7299107142857143,0.7341269841269842,0.7834821428571429,0.7341269841269842,0.5513392857142857,0.8214285714285714,0.953125,0.9325396825396824,0.6763392857142857,0.7420634920634921,0.5558035714285714,0.7896825396825398,0.34598214285714285,0.8531746031746033
