head_top_x,head_top_y,upper_neck_x,upper_neck_y,right_shoulder_x,right_shoulder_y,right_elbow_x,right_elbow_y,right_wrist_x,right_wrist_y,thorax_x,thorax_y,left_shoulder_x,left_shoulder_y,left_elbow_x,left_elbow_y,left_wrist_x,left_wrist_y,pelvis_x,pelvis_y,right_hip_x,right_hip_y,right_knee_x,right_knee_y,right_ankle_x,right_ankle_y,left_hip_x,left_hip_y,left_knee_x,left_knee_y,left_ankle_x,left_ankle_y
0.5959821428571429,0.027777777777777776,0.6272321428571429,0.28174603174603174,0.5736607142857143,0.27380952380952384,0.49776785714285715,0.28174603174603174,0.41294642857142855,0.28968253968253965,0.6272321428571429,0.28174603174603174,0.6897321428571429,0.28968253968253965,0.7790178571428571,0.3611111111111111,0.7611607142857143,0.369047619047619,0.6183035714285714,0.6388888888888888,0.5870535714285714,0.6071428571428571,0.47098214285714285,0.7261904761904763,0.4575892857142857,0.9801587301587301,0.6450892857142857,0.6547619047619047,0.5290178571428571,0.7976190476190477,0.484375,0.9642857142857143
