head_top_x,head_top_y,upper_neck_x,upper_neck_y,right_shoulder_x,right_shoulder_y,right_elbow_x,right_elbow_y,right_wrist_x,right_wrist_y,thorax_x,thorax_y,left_shoulder_x,left_shoulder_y,left_elbow_x,left_elbow_y,left_wrist_x,left_wrist_y,pelvis_x,pelvis_y,right_hip_x,right_hip_y,right_knee_x,right_knee_y,right_ankle_x,right_ankle_y,left_hip_x,left_hip_y,left_knee_x,left_knee_y,left_ankle_x,left_ankle_y
0.5334821428571429,-0.002232142857142857,0.578125,0.17559523809523805,0.453125,0.19345238095238093,0.3950892857142857,0.37202380952380953,0.328125,0.24702380952380953,0.578125,0.19345238095238093,0.6897321428571429,0.22321428571428573,0.671875,0.6101190476190476,0.47098214285714285,0.5565476190476191,0.5602678571428571,0.7708333333333334,0.5066964285714286,0.7648809523809524,0.34151785714285715,0.8958333333333334,0.4174107142857143,0.5744047619047619,0.6316964285714286,0.7827380952380952,0.6495535714285714,0.6101190476190476,0.6495535714285714,0.9255952380952381
