head_top_x,head_top_y,upper_neck_x,upper_neck_y,right_shoulder_x,right_shoulder_y,right_elbow_x,right_elbow_y,right_wrist_x,right_wrist_y,thorax_x,thorax_y,left_shoulder_x,left_shoulder_y,left_elbow_x,left_elbow_y,left_wrist_x,left_wrist_y,pelvis_x,pelvis_y,right_hip_x,right_hip_y,right_knee_x,right_knee_y,right_ankle_x,right_ankle_y,left_hip_x,left_hip_y,left_knee_x,left_knee_y,left_ankle_x,left_ankle_y
0.40401785714285715,0.17857142857142852,0.31026785714285715,0.3611111111111111,0.31473214285714285,0.130952380952381,0.3236607142857143,0.06746031746031741,0.3236607142857143,0.7976190476190477,0.33705357142857145,0.3055555555555556,0.33705357142857145,0.4246031746031746,0.47544642857142855,0.4801587301587301,0.46205357142857145,0.5992063492063492,0.6138392857142857,0.3134920634920635,0.609375,0.3134920634920635,0.6138392857142857,0.6388888888888888,0.6540178571428571,0.9722222222222222,0.6183035714285714,0.32936507936507936,0.6138392857142857,0.6150793650793651,0.6584821428571429,0.9722222222222222
