head_top_x,head_top_y,upper_neck_x,upper_neck_y,right_shoulder_x,right_shoulder_y,right_elbow_x,right_elbow_y,right_wrist_x,right_wrist_y,thorax_x,thorax_y,left_shoulder_x,left_shoulder_y,left_elbow_x,left_elbow_y,left_wrist_x,left_wrist_y,pelvis_x,pelvis_y,right_hip_x,right_hip_y,right_knee_x,right_knee_y,right_ankle_x,right_ankle_y,left_hip_x,left_hip_y,left_knee_x,left_knee_y,left_ankle_x,left_ankle_y
0.6852678571428571,0.1706349206349206,0.578125,0.28174603174603174,0.5513392857142857,0.2420634920634921,0.5334821428571429,0.37698412698412703,0.5066964285714286,0.4801587301587301,0.5691964285714286,0.28174603174603174,0.5513392857142857,0.27380952380952384,0.5290178571428571,0.39285714285714285,0.5022321428571429,0.5039682539682541,0.3950892857142857,0.4246031746031746,0.4263392857142857,0.4642857142857143,0.34151785714285715,0.6388888888888888,0.5022321428571429,0.6468253968253967,0.4575892857142857,0.511904761904762,0.49330357142857145,0.5436507936507936,0.5022321428571429,0.6468253968253967
