head_top_x,head_top_y,upper_neck_x,upper_neck_y,right_shoulder_x,right_shoulder_y,right_elbow_x,right_elbow_y,right_wrist_x,right_wrist_y,thorax_x,thorax_y,left_shoulder_x,left_shoulder_y,left_elbow_x,left_elbow_y,left_wrist_x,left_wrist_y,pelvis_x,pelvis_y,right_hip_x,right_hip_y,right_knee_x,right_knee_y,right_ankle_x,right_ankle_y,left_hip_x,left_hip_y,left_knee_x,left_knee_y,left_ankle_x,left_ankle_y
0.5258333333333334,0.03375000000000002,0.5025,0.23874999999999996,0.44416666666666665,0.27124999999999994,0.2991666666666667,0.23625,0.22583333333333333,0.4237499999999999,0.5008333333333334,0.26375000000000004,0.5641666666666667,0.23375,0.6191666666666666,0.22124999999999997,0.5191666666666667,0.08375,0.49916666666666665,0.40374999999999994,0.48083333333333333,0.41874999999999996,0.7841666666666667,0.56625,0.8508333333333333,0.7437499999999999,0.5058333333333334,0.36124999999999996,0.7875,0.5687499999999999,0.7641666666666667,0.91125
