head_top_x,head_top_y,upper_neck_x,upper_neck_y,right_shoulder_x,right_shoulder_y,right_elbow_x,right_elbow_y,right_wrist_x,right_wrist_y,thorax_x,thorax_y,left_shoulder_x,left_shoulder_y,left_elbow_x,left_elbow_y,left_wrist_x,left_wrist_y,pelvis_x,pelvis_y,right_hip_x,right_hip_y,right_knee_x,right_knee_y,right_ankle_x,right_ankle_y,left_hip_x,left_hip_y,left_knee_x,left_knee_y,left_ankle_x,left_ankle_y
0.36083333333333334,0.5708787218591139,0.42083333333333334,0.4453885257806826,0.3858333333333333,0.45933188090050836,0.3975,0.5615831517792302,0.4375,0.4244734931009441,0.42083333333333334,0.45933188090050836,0.44916666666666666,0.45933188090050836,0.4791666666666667,0.5336964415395788,0.5208333333333334,0.4988380537400145,0.44083333333333335,0.6289760348583878,0.43583333333333335,0.6336238198983297,0.4275,0.7451706608569354,0.4275,0.8381263616557734,0.4475,0.6289760348583878,0.4191666666666667,0.7498184458968774,0.42583333333333334,0.8358024691358024
