head_top_x,head_top_y,upper_neck_x,upper_neck_y,right_shoulder_x,right_shoulder_y,right_elbow_x,right_elbow_y,right_wrist_x,right_wrist_y,thorax_x,thorax_y,left_shoulder_x,left_shoulder_y,left_elbow_x,left_elbow_y,left_wrist_x,left_wrist_y,pelvis_x,pelvis_y,right_hip_x,right_hip_y,right_knee_x,right_knee_y,right_ankle_x,right_ankle_y,left_hip_x,left_hip_y,left_knee_x,left_knee_y,left_ankle_x,left_ankle_y
0.5508333333333333,0.4712724434035909,0.45416666666666666,0.43629976580796254,0.3725,0.4987509758001561,0.4575,0.666120218579235,0.43416666666666665,0.5711943793911006,0.43583333333333335,0.47377049180327857,0.49916666666666665,0.4213114754098361,0.5341666666666667,0.46877439500390317,0.4558333333333333,0.548711943793911,0.39916666666666667,0.5711943793911006,0.3775,0.5911787665886026,0.5258333333333334,0.6736143637782982,0.49083333333333334,0.6786104605776736,0.43416666666666665,0.5811865729898518,0.5325,0.6711163153786104,0.5025,0.6985948477751756
