head_top_x,head_top_y,upper_neck_x,upper_neck_y,right_shoulder_x,right_shoulder_y,right_elbow_x,right_elbow_y,right_wrist_x,right_wrist_y,thorax_x,thorax_y,left_shoulder_x,left_shoulder_y,left_elbow_x,left_elbow_y,left_wrist_x,left_wrist_y,pelvis_x,pelvis_y,right_hip_x,right_hip_y,right_knee_x,right_knee_y,right_ankle_x,right_ankle_y,left_hip_x,left_hip_y,left_knee_x,left_knee_y,left_ankle_x,left_ankle_y
0.4410196078431372,0.10583333333333333,0.48870588235294116,0.25083333333333335,0.5263529411764706,0.24916666666666668,0.43349019607843137,0.12416666666666666,0.4636078431372549,0.19416666666666665,0.4912156862745098,0.2575,0.4636078431372549,0.24916666666666668,0.40588235294117647,0.23416666666666666,0.41592156862745094,0.19916666666666666,0.4535686274509804,0.48583333333333334,0.4661176470588235,0.4775,0.33309803921568626,0.5641666666666667,0.36823529411764705,0.7591666666666667,0.43098039215686273,0.4841666666666667,0.31803921568627447,0.5491666666666667,0.26282352941176473,0.7941666666666667
