head_top_x,head_top_y,upper_neck_x,upper_neck_y,right_shoulder_x,right_shoulder_y,right_elbow_x,right_elbow_y,right_wrist_x,right_wrist_y,thorax_x,thorax_y,left_shoulder_x,left_shoulder_y,left_elbow_x,left_elbow_y,left_wrist_x,left_wrist_y,pelvis_x,pelvis_y,right_hip_x,right_hip_y,right_knee_x,right_knee_y,right_ankle_x,right_ankle_y,left_hip_x,left_hip_y,left_knee_x,left_knee_y,left_ankle_x,left_ankle_y
0.3511011011011011,0.29583333333333334,0.41366366366366364,0.42583333333333334,0.3160660660660661,0.41083333333333333,0.3285785785785786,0.44416666666666665,0.37112112112112117,0.43416666666666665,0.4086586586586587,0.41583333333333333,0.5012512512512513,0.42083333333333334,0.5738238238238239,0.4975,0.5462962962962964,0.5641666666666667,0.4161661661661662,0.5708333333333333,0.3661161161161161,0.5741666666666667,0.4186686686686688,0.7291666666666666,0.5538038038038039,0.8358333333333333,0.4637137137137137,0.5675,0.3861361361361362,0.6841666666666667,0.33108108108108114,0.8341666666666666
