head_top_x,head_top_y,upper_neck_x,upper_neck_y,right_shoulder_x,right_shoulder_y,right_elbow_x,right_elbow_y,right_wrist_x,right_wrist_y,thorax_x,thorax_y,left_shoulder_x,left_shoulder_y,left_elbow_x,left_elbow_y,left_wrist_x,left_wrist_y,pelvis_x,pelvis_y,right_hip_x,right_hip_y,right_knee_x,right_knee_y,right_ankle_x,right_ankle_y,left_hip_x,left_hip_y,left_knee_x,left_knee_y,left_ankle_x,left_ankle_y
0.5338028169014084,0.2575,0.5763693270735524,0.4275,0.5763693270735524,0.39416666666666667,0.5413145539906102,0.44916666666666666,0.4536776212832551,0.4141666666666667,0.5763693270735524,0.4141666666666667,0.5938967136150235,0.5308333333333334,0.5738654147104851,0.6341666666666667,0.6890453834115806,0.7191666666666666,0.6114241001564946,0.5308333333333334,0.598904538341158,0.5258333333333334,0.5538341158059469,0.6225,0.5838810641627542,0.7458333333333333,0.6214397496087637,0.5325,0.5538341158059469,0.6341666666666667,0.5838810641627542,0.7491666666666666
