head_top_x,head_top_y,upper_neck_x,upper_neck_y,right_shoulder_x,right_shoulder_y,right_elbow_x,right_elbow_y,right_wrist_x,right_wrist_y,thorax_x,thorax_y,left_shoulder_x,left_shoulder_y,left_elbow_x,left_elbow_y,left_wrist_x,left_wrist_y,pelvis_x,pelvis_y,right_hip_x,right_hip_y,right_knee_x,right_knee_y,right_ankle_x,right_ankle_y,left_hip_x,left_hip_y,left_knee_x,left_knee_y,left_ankle_x,left_ankle_y
0.4225,0.2859154929577465,0.3441666666666667,0.46619718309859154,0.31083333333333335,0.4536776212832551,0.2725,0.6615023474178404,0.28583333333333333,0.6640062597809077,0.3525,0.44616588419405323,0.3925,0.44866979655712047,0.3591666666666667,0.5588419405320814,0.3491666666666667,0.7115805946791862,0.2975,0.5763693270735524,0.2708333333333333,0.5613458528951487,0.31083333333333335,0.6690140845070424,0.25583333333333336,0.7366197183098591,0.32416666666666666,0.5888888888888889,0.3491666666666667,0.6640062597809077,0.3525,0.7241001564945226
