head_top_x,head_top_y,upper_neck_x,upper_neck_y,right_shoulder_x,right_shoulder_y,right_elbow_x,right_elbow_y,right_wrist_x,right_wrist_y,thorax_x,thorax_y,left_shoulder_x,left_shoulder_y,left_elbow_x,left_elbow_y,left_wrist_x,left_wrist_y,pelvis_x,pelvis_y,right_hip_x,right_hip_y,right_knee_x,right_knee_y,right_ankle_x,right_ankle_y,left_hip_x,left_hip_y,left_knee_x,left_knee_y,left_ankle_x,left_ankle_y
0.4241666666666667,0.20647931303669004,0.5408333333333334,0.30640124902419985,0.43416666666666665,0.34637002341920375,0.4691666666666667,0.4987509758001561,0.45916666666666667,0.36385636221701795,0.5175,0.30390320062451204,0.5441666666666667,0.26643247462919595,0.6008333333333333,0.3988290398126464,0.4841666666666667,0.34637002341920375,0.5741666666666667,0.5062451209992194,0.5308333333333334,0.5237314597970336,0.5408333333333334,0.6386416861826698,0.5558333333333333,0.8060109289617486,0.6125,0.4962529274004683,0.6125,0.6011709601873536,0.6441666666666667,0.8085089773614363
