head_top_x,head_top_y,upper_neck_x,upper_neck_y,right_shoulder_x,right_shoulder_y,right_elbow_x,right_elbow_y,right_wrist_x,right_wrist_y,thorax_x,thorax_y,left_shoulder_x,left_shoulder_y,left_elbow_x,left_elbow_y,left_wrist_x,left_wrist_y,pelvis_x,pelvis_y,right_hip_x,right_hip_y,right_knee_x,right_knee_y,right_ankle_x,right_ankle_y,left_hip_x,left_hip_y,left_knee_x,left_knee_y,left_ankle_x,left_ankle_y
0.5037558685446009,0.32416666666666666,0.521283255086072,0.3908333333333333,0.4762128325508608,0.3641666666666667,0.3910798122065728,0.32083333333333336,0.31846635367762127,0.2675,0.5162754303599374,0.39416666666666667,0.5738654147104851,0.4175,0.5588419405320814,0.4658333333333333,0.6214397496087637,0.36583333333333334,0.4812206572769953,0.4708333333333333,0.44866979655712047,0.45916666666666667,0.4336463223787167,0.37916666666666665,0.4261345852895148,0.43583333333333335,0.5262910798122065,0.4741666666666667,0.5713615023474178,0.4241666666666667,0.5413145539906102,0.4325
