head_top_x,head_top_y,upper_neck_x,upper_neck_y,right_shoulder_x,right_shoulder_y,right_elbow_x,right_elbow_y,right_wrist_x,right_wrist_y,thorax_x,thorax_y,left_shoulder_x,left_shoulder_y,left_elbow_x,left_elbow_y,left_wrist_x,left_wrist_y,pelvis_x,pelvis_y,right_hip_x,right_hip_y,right_knee_x,right_knee_y,right_ankle_x,right_ankle_y,left_hip_x,left_hip_y,left_knee_x,left_knee_y,left_ankle_x,left_ankle_y
0.5337236533957845,0.1575,0.5012490241998439,0.3075,0.37884465261514444,0.31583333333333335,0.34387197501951594,0.3975,0.28641686182669784,0.4075,0.4987509758001561,0.32416666666666666,0.6186572989851679,0.32916666666666666,0.47377049180327857,0.4241666666666667,0.32638563622170175,0.4075,0.5462138953942234,0.5258333333333334,0.5012490241998439,0.5291666666666667,0.5686963309914129,0.6608333333333334,0.4862607338017174,0.7941666666666667,0.5911787665886026,0.5241666666666667,0.5412177985948478,0.6391666666666667,0.5062451209992194,0.8091666666666667
