head_top_x,head_top_y,upper_neck_x,upper_neck_y,right_shoulder_x,right_shoulder_y,right_elbow_x,right_elbow_y,right_wrist_x,right_wrist_y,thorax_x,thorax_y,left_shoulder_x,left_shoulder_y,left_elbow_x,left_elbow_y,left_wrist_x,left_wrist_y,pelvis_x,pelvis_y,right_hip_x,right_hip_y,right_knee_x,right_knee_y,right_ankle_x,right_ankle_y,left_hip_x,left_hip_y,left_knee_x,left_knee_y,left_ankle_x,left_ankle_y
0.42208504801097396,0.21583333333333332,0.4308641975308642,0.36583333333333334,0.31234567901234567,0.41083333333333333,0.2706447187928669,0.5441666666666667,0.340877914951989,0.5941666666666666,0.4330589849108368,0.4025,0.5537722908093279,0.3908333333333333,0.6218106995884773,0.5141666666666667,0.5910836762688615,0.5808333333333333,0.45720164609053504,0.6041666666666666,0.3847736625514403,0.6058333333333333,0.30576131687242797,0.6825,0.33868312757201646,0.9041666666666667,0.5274348422496571,0.6025,0.6152263374485597,0.6858333333333333,0.6305898491083676,0.9058333333333334
