head_top_x,head_top_y,upper_neck_x,upper_neck_y,right_shoulder_x,right_shoulder_y,right_elbow_x,right_elbow_y,right_wrist_x,right_wrist_y,thorax_x,thorax_y,left_shoulder_x,left_shoulder_y,left_elbow_x,left_elbow_y,left_wrist_x,left_wrist_y,pelvis_x,pelvis_y,right_hip_x,right_hip_y,right_knee_x,right_knee_y,right_ankle_x,right_ankle_y,left_hip_x,left_hip_y,left_knee_x,left_knee_y,left_ankle_x,left_ankle_y
0.5641666666666667,0.4756129887342611,0.5191666666666667,0.6155732273028496,0.5141666666666667,0.541351888667992,0.45916666666666667,0.5625579854208085,0.4708333333333333,0.5689198144466534,0.5191666666666667,0.5731610337972167,0.5275,0.5392312789927105,0.5441666666666667,0.47773359840954277,0.5541666666666667,0.47137176938369785,0.43416666666666665,0.6240556660039762,0.43916666666666665,0.6219350563286945,0.45416666666666666,0.6092113982770047,0.4608333333333333,0.6516235917826375,0.4091666666666667,0.6325381047051026,0.4775,0.6282968853545394,0.4608333333333333,0.6282968853545394
