head_top_x,head_top_y,upper_neck_x,upper_neck_y,right_shoulder_x,right_shoulder_y,right_elbow_x,right_elbow_y,right_wrist_x,right_wrist_y,thorax_x,thorax_y,left_shoulder_x,left_shoulder_y,left_elbow_x,left_elbow_y,left_wrist_x,left_wrist_y,pelvis_x,pelvis_y,right_hip_x,right_hip_y,right_knee_x,right_knee_y,right_ankle_x,right_ankle_y,left_hip_x,left_hip_y,left_knee_x,left_knee_y,left_ankle_x,left_ankle_y
0.07416666666666667,0.27348314606741575,0.0725,0.2974531835205993,0.12416666666666666,0.1656179775280899,0.3975,0.2662921348314607,0.43583333333333335,0.4820224719101123,0.10583333333333333,0.27827715355805244,0.14083333333333334,0.1536329588014981,0.43083333333333335,0.24951310861423218,0.4225,0.4676404494382022,0.4191666666666667,0.11048689138576778,0.43416666666666665,0.07213483146067418,0.15416666666666667,0.31183520599250936,0.4508333333333333,0.5898876404494382,0.3958333333333333,0.08891385767790264,0.1425,0.32861423220973784,0.4425,0.6114606741573034
