head_top_x,head_top_y,upper_neck_x,upper_neck_y,right_shoulder_x,right_shoulder_y,right_elbow_x,right_elbow_y,right_wrist_x,right_wrist_y,thorax_x,thorax_y,left_shoulder_x,left_shoulder_y,left_elbow_x,left_elbow_y,left_wrist_x,left_wrist_y,pelvis_x,pelvis_y,right_hip_x,right_hip_y,right_knee_x,right_knee_y,right_ankle_x,right_ankle_y,left_hip_x,left_hip_y,left_knee_x,left_knee_y,left_ankle_x,left_ankle_y
0.5112412177985948,0.010833333333333334,0.528727556596409,0.13083333333333333,0.36385636221701795,0.11083333333333334,0.2789227166276346,0.3075,0.36135831381733013,0.4191666666666667,0.5237314597970336,0.1375,0.6886026541764246,0.16083333333333333,0.656128024980484,0.3408333333333333,0.5437158469945356,0.21083333333333334,0.441295862607338,0.4375,0.34637002341920375,0.43916666666666665,0.09656518345042935,0.36916666666666664,0.4787665886026542,0.5175,0.5437158469945356,0.4425,0.6686182669789228,0.41083333333333333,0.34387197501951594,0.5425
