head_top_x,head_top_y,upper_neck_x,upper_neck_y,right_shoulder_x,right_shoulder_y,right_elbow_x,right_elbow_y,right_wrist_x,right_wrist_y,thorax_x,thorax_y,left_shoulder_x,left_shoulder_y,left_elbow_x,left_elbow_y,left_wrist_x,left_wrist_y,pelvis_x,pelvis_y,right_hip_x,right_hip_y,right_knee_x,right_knee_y,right_ankle_x,right_ankle_y,left_hip_x,left_hip_y,left_knee_x,left_knee_y,left_ankle_x,left_ankle_y
0.3616265750286369,0.23416666666666666,0.45693012600229094,0.3575,0.4624284077892325,0.3641666666666667,0.5119129438717068,0.5041666666666667,0.44593356242840776,0.5841666666666666,0.48442153493699885,0.3858333333333333,0.5064146620847652,0.4075,0.5504009163802978,0.5591666666666667,0.42210767468499427,0.6325,0.675028636884307,0.49416666666666664,0.62737686139748,0.4975,0.4331042382588774,0.5958333333333333,0.4331042382588774,0.8108333333333333,0.7190148911798396,0.4891666666666667,0.6585337915234822,0.7158333333333333,0.8766323024054983,0.8058333333333333
