head_top_x,head_top_y,upper_neck_x,upper_neck_y,right_shoulder_x,right_shoulder_y,right_elbow_x,right_elbow_y,right_wrist_x,right_wrist_y,thorax_x,thorax_y,left_shoulder_x,left_shoulder_y,left_elbow_x,left_elbow_y,left_wrist_x,left_wrist_y,pelvis_x,pelvis_y,right_hip_x,right_hip_y,right_knee_x,right_knee_y,right_ankle_x,right_ankle_y,left_hip_x,left_hip_y,left_knee_x,left_knee_y,left_ankle_x,left_ankle_y
0.3575,0.8459797033567525,0.3525,0.588680718188915,0.30416666666666664,0.5911787665886026,0.30416666666666664,0.7060889929742388,0.2991666666666667,0.7285714285714285,0.3525,0.5961748633879782,0.3975,0.5986729117876658,0.3875,0.723575331772053,0.3591666666666667,0.8035128805620609,0.3641666666666667,0.7485558157689306,0.3225,0.7485558157689306,0.32916666666666666,0.7335675253708042,0.3775,0.7960187353629976,0.3525,0.6436377829820452,0.3725,0.7360655737704918,0.3575,0.8334894613583138
