head_top_x,head_top_y,upper_neck_x,upper_neck_y,right_shoulder_x,right_shoulder_y,right_elbow_x,right_elbow_y,right_wrist_x,right_wrist_y,thorax_x,thorax_y,left_shoulder_x,left_shoulder_y,left_elbow_x,left_elbow_y,left_wrist_x,left_wrist_y,pelvis_x,pelvis_y,right_hip_x,right_hip_y,right_knee_x,right_knee_y,right_ankle_x,right_ankle_y,left_hip_x,left_hip_y,left_knee_x,left_knee_y,left_ankle_x,left_ankle_y
0.4966873706004141,0.16916666666666666,0.5585231193926846,0.3125,0.4768115942028986,0.3025,0.4657694962042789,0.3925,0.4503105590062112,0.49083333333333334,0.5563146997929607,0.30416666666666664,0.6380262249827466,0.30583333333333335,0.671152518978606,0.4025,0.6821946169772256,0.4891666666666667,0.5629399585921325,0.5041666666666667,0.5209799861973775,0.5025,0.5231884057971014,0.6258333333333334,0.5430641821946169,0.7741666666666667,0.6026915113871636,0.5041666666666667,0.624775707384403,0.6275,0.6490683229813665,0.7591666666666667
