head_top_x,head_top_y,upper_neck_x,upper_neck_y,right_shoulder_x,right_shoulder_y,right_elbow_x,right_elbow_y,right_wrist_x,right_wrist_y,thorax_x,thorax_y,left_shoulder_x,left_shoulder_y,left_elbow_x,left_elbow_y,left_wrist_x,left_wrist_y,pelvis_x,pelvis_y,right_hip_x,right_hip_y,right_knee_x,right_knee_y,right_ankle_x,right_ankle_y,left_hip_x,left_hip_y,left_knee_x,left_knee_y,left_ankle_x,left_ankle_y
0.2225,0.12771699489423777,0.2708333333333333,0.33311451495258937,0.22416666666666665,0.34945295404814003,0.23583333333333334,0.4264770240700219,0.18916666666666668,0.4801604668125456,0.2725,0.33311451495258937,0.31916666666666665,0.3167760758570386,0.27416666666666667,0.5105032822757111,0.18416666666666667,0.49883296863603205,0.3225,0.5315098468271334,0.28583333333333333,0.5338439095550693,0.25583333333333336,0.7369073668854851,0.1875,0.900291757840992,0.35583333333333333,0.5221735959153903,0.37083333333333335,0.7229029905178702,0.39416666666666667,0.9166301969365426
