head_top_x,head_top_y,upper_neck_x,upper_neck_y,right_shoulder_x,right_shoulder_y,right_elbow_x,right_elbow_y,right_wrist_x,right_wrist_y,thorax_x,thorax_y,left_shoulder_x,left_shoulder_y,left_elbow_x,left_elbow_y,left_wrist_x,left_wrist_y,pelvis_x,pelvis_y,right_hip_x,right_hip_y,right_knee_x,right_knee_y,right_ankle_x,right_ankle_y,left_hip_x,left_hip_y,left_knee_x,left_knee_y,left_ankle_x,left_ankle_y
0.503347280334728,0.08416666666666667,0.4698744769874477,0.23083333333333333,0.3694560669456068,0.25583333333333336,0.398465829846583,0.3825,0.4810320781032078,0.46416666666666667,0.4587168758716877,0.2625,0.5502092050209205,0.2675,0.6238493723849373,0.35583333333333333,0.7220362622036263,0.43916666666666665,0.38507670850767084,0.4558333333333333,0.3158995815899582,0.44916666666666666,0.38953974895397486,0.5575,0.29804741980474203,0.6808333333333333,0.4520223152022316,0.4658333333333333,0.5278940027894004,0.5708333333333333,0.41185495118549514,0.6608333333333334
