head_top_x,head_top_y,upper_neck_x,upper_neck_y,right_shoulder_x,right_shoulder_y,right_elbow_x,right_elbow_y,right_wrist_x,right_wrist_y,thorax_x,thorax_y,left_shoulder_x,left_shoulder_y,left_elbow_x,left_elbow_y,left_wrist_x,left_wrist_y,pelvis_x,pelvis_y,right_hip_x,right_hip_y,right_knee_x,right_knee_y,right_ankle_x,right_ankle_y,left_hip_x,left_hip_y,left_knee_x,left_knee_y,left_ankle_x,left_ankle_y
0.5413145539906102,0.21083333333333334,0.5162754303599374,0.3541666666666667,0.45618153364632236,0.3375,0.4161189358372457,0.42083333333333334,0.36604068857589983,0.48583333333333334,0.5162754303599374,0.3425,0.5763693270735524,0.3458333333333333,0.5312989045383412,0.3958333333333333,0.4887323943661972,0.4658333333333333,0.5287949921752738,0.5308333333333334,0.4937402190923318,0.5258333333333334,0.4862284820031299,0.6675,0.5513302034428795,0.7825,0.563849765258216,0.5308333333333334,0.5763693270735524,0.6691666666666667,0.5738654147104851,0.7891666666666667
