head_top_x,head_top_y,upper_neck_x,upper_neck_y,right_shoulder_x,right_shoulder_y,right_elbow_x,right_elbow_y,right_wrist_x,right_wrist_y,thorax_x,thorax_y,left_shoulder_x,left_shoulder_y,left_elbow_x,left_elbow_y,left_wrist_x,left_wrist_y,pelvis_x,pelvis_y,right_hip_x,right_hip_y,right_knee_x,right_knee_y,right_ankle_x,right_ankle_y,left_hip_x,left_hip_y,left_knee_x,left_knee_y,left_ankle_x,left_ankle_y
0.5108333333333334,0.29141295862607336,0.4625,0.48126463700234184,0.41083333333333333,0.4437939110070258,0.4141666666666667,0.5836846213895394,0.45416666666666666,0.7085870413739266,0.4725,0.4288056206088993,0.5391666666666667,0.4138173302107728,0.5725,0.5237314597970336,0.5908333333333333,0.6586260733801718,0.45916666666666667,0.46877439500390317,0.4175,0.4637782982045277,0.4058333333333333,0.5736924277907884,0.3925,0.7585480093676814,0.5025,0.4562841530054645,0.5691666666666667,0.5986729117876658,0.6108333333333333,0.7510538641686182
