head_top_x,head_top_y,upper_neck_x,upper_neck_y,right_shoulder_x,right_shoulder_y,right_elbow_x,right_elbow_y,right_wrist_x,right_wrist_y,thorax_x,thorax_y,left_shoulder_x,left_shoulder_y,left_elbow_x,left_elbow_y,left_wrist_x,left_wrist_y,pelvis_x,pelvis_y,right_hip_x,right_hip_y,right_knee_x,right_knee_y,right_ankle_x,right_ankle_y,left_hip_x,left_hip_y,left_knee_x,left_knee_y,left_ankle_x,left_ankle_y
0.12916666666666668,0.6317033414832925,0.09583333333333334,0.6238793806030971,0.18083333333333335,0.33178484107579465,0.06416666666666666,0.2431132844335778,0.3425,0.45696821515892416,0.1225,0.39959250203748986,0.2325,0.30570497147514264,0.33916666666666667,0.2509372453137734,0.35083333333333333,0.4621841890790546,0.1225,0.3917685411572942,0.0725,0.376120619396903,0.3175,0.25876120619396903,0.0775,0.21964140179299108,0.1775,0.4100244498777506,0.31916666666666665,0.25876120619396903,0.09916666666666667,0.21442542787286062
