head_top_x,head_top_y,upper_neck_x,upper_neck_y,right_shoulder_x,right_shoulder_y,right_elbow_x,right_elbow_y,right_wrist_x,right_wrist_y,thorax_x,thorax_y,left_shoulder_x,left_shoulder_y,left_elbow_x,left_elbow_y,left_wrist_x,left_wrist_y,pelvis_x,pelvis_y,right_hip_x,right_hip_y,right_knee_x,right_knee_y,right_ankle_x,right_ankle_y,left_hip_x,left_hip_y,left_knee_x,left_knee_y,left_ankle_x,left_ankle_y
0.5408333333333334,0.25,0.5775,0.26333333333333336,0.9075,0.2188888888888889,0.43583333333333335,0.32555555555555554,0.3641666666666667,0.43222222222222223,0.4225,0.33,0.5208333333333334,0.20777777777777776,0.4675,0.27,0.3491666666666667,0.39222222222222225,0.5641666666666667,0.22111111111111112,0.46416666666666667,0.5011111111111112,0.4658333333333333,0.46555555555555556,0.5325,0.5411111111111112,0.5341666666666667,0.25,0.4891666666666667,0.4611111111111111,0.5058333333333334,0.5677777777777777
