head_top_x,head_top_y,upper_neck_x,upper_neck_y,right_shoulder_x,right_shoulder_y,right_elbow_x,right_elbow_y,right_wrist_x,right_wrist_y,thorax_x,thorax_y,left_shoulder_x,left_shoulder_y,left_elbow_x,left_elbow_y,left_wrist_x,left_wrist_y,pelvis_x,pelvis_y,right_hip_x,right_hip_y,right_knee_x,right_knee_y,right_ankle_x,right_ankle_y,left_hip_x,left_hip_y,left_knee_x,left_knee_y,left_ankle_x,left_ankle_y
0.5375,0.10156128024980482,0.5908333333333333,0.30640124902419985,0.5458333333333333,0.30640124902419985,0.5558333333333333,0.4937548790007807,0.5575,0.44629195940671346,0.5908333333333333,0.31139734582357526,0.6325,0.30889929742388755,0.6758333333333333,0.36885245901639335,0.6441666666666667,0.4712724434035909,0.6058333333333333,0.45878220140515213,0.5775,0.4612802498048399,0.5558333333333333,0.606167056986729,0.5425,0.7385636221701796,0.6291666666666667,0.4612802498048399,0.6191666666666666,0.6161592505854802,0.6758333333333333,0.7710382513661201
