head_top_x,head_top_y,upper_neck_x,upper_neck_y,right_shoulder_x,right_shoulder_y,right_elbow_x,right_elbow_y,right_wrist_x,right_wrist_y,thorax_x,thorax_y,left_shoulder_x,left_shoulder_y,left_elbow_x,left_elbow_y,left_wrist_x,left_wrist_y,pelvis_x,pelvis_y,right_hip_x,right_hip_y,right_knee_x,right_knee_y,right_ankle_x,right_ankle_y,left_hip_x,left_hip_y,left_knee_x,left_knee_y,left_ankle_x,left_ankle_y
0.4877777777777778,0.10083333333333333,0.49444444444444446,0.25416666666666665,0.4366666666666667,0.21583333333333332,0.3544444444444444,0.2075,0.23666666666666666,0.21083333333333334,0.49444444444444446,0.23583333333333334,0.5588888888888889,0.2608333333333333,0.5499999999999999,0.36083333333333334,0.45222222222222225,0.36916666666666664,0.5433333333333333,0.3925,0.49,0.3825,0.4344444444444444,0.5408333333333334,0.4166666666666667,0.7108333333333333,0.601111111111111,0.4025,0.5633333333333334,0.5708333333333333,0.5299999999999999,0.6558333333333334
