head_top_x,head_top_y,upper_neck_x,upper_neck_y,right_shoulder_x,right_shoulder_y,right_elbow_x,right_elbow_y,right_wrist_x,right_wrist_y,thorax_x,thorax_y,left_shoulder_x,left_shoulder_y,left_elbow_x,left_elbow_y,left_wrist_x,left_wrist_y,pelvis_x,pelvis_y,right_hip_x,right_hip_y,right_knee_x,right_knee_y,right_ankle_x,right_ankle_y,left_hip_x,left_hip_y,left_knee_x,left_knee_y,left_ankle_x,left_ankle_y
0.46416666666666667,0.06501182033096928,0.5308333333333334,0.25413711583924353,0.4608333333333333,0.23396375098502759,0.38083333333333336,0.1532702915681639,0.30583333333333335,0.04483845547675335,0.5175,0.26926713947990544,0.5891666666666666,0.2818754925137904,0.5925,0.5037825059101654,0.5308333333333334,0.7408195429472025,0.4891666666666667,0.5264775413711583,0.4375,0.5012608353033885,0.3591666666666667,0.6172576832151301,0.31583333333333335,0.7357762017336487,0.5441666666666667,0.5441292356185974,0.3725,0.5970843183609141,0.5291666666666667,0.7282111899133177
