head_top_x,head_top_y,upper_neck_x,upper_neck_y,right_shoulder_x,right_shoulder_y,right_elbow_x,right_elbow_y,right_wrist_x,right_wrist_y,thorax_x,thorax_y,left_shoulder_x,left_shoulder_y,left_elbow_x,left_elbow_y,left_wrist_x,left_wrist_y,pelvis_x,pelvis_y,right_hip_x,right_hip_y,right_knee_x,right_knee_y,right_ankle_x,right_ankle_y,left_hip_x,left_hip_y,left_knee_x,left_knee_y,left_ankle_x,left_ankle_y
0.4475,0.3988888888888889,0.3825,0.4588888888888889,0.3541666666666667,0.4366666666666667,0.5858333333333333,0.4344444444444444,0.5758333333333333,0.31666666666666665,0.3825,0.4633333333333333,0.5991666666666666,0.31222222222222223,0.5841666666666666,0.3522222222222222,0.5741666666666667,0.24111111111111114,0.5191666666666667,0.39222222222222225,0.5025,0.3811111111111111,0.4925,0.3277777777777778,0.2175,0.16555555555555557,0.5558333333333333,0.3855555555555556,0.5658333333333333,0.30777777777777776,0.5508333333333333,0.29000000000000004
