head_top_x,head_top_y,upper_neck_x,upper_neck_y,right_shoulder_x,right_shoulder_y,right_elbow_x,right_elbow_y,right_wrist_x,right_wrist_y,thorax_x,thorax_y,left_shoulder_x,left_shoulder_y,left_elbow_x,left_elbow_y,left_wrist_x,left_wrist_y,pelvis_x,pelvis_y,right_hip_x,right_hip_y,right_knee_x,right_knee_y,right_ankle_x,right_ankle_y,left_hip_x,left_hip_y,left_knee_x,left_knee_y,left_ankle_x,left_ankle_y
0.49444444444444446,0.6375,0.3855555555555556,0.5608333333333333,0.30777777777777776,0.5525,0.30777777777777776,0.5158333333333334,0.21444444444444444,0.42583333333333334,0.39444444444444443,0.5625,0.44111111111111106,0.6258333333333334,0.44333333333333336,0.6925,0.45,0.6625,0.29444444444444445,0.5858333333333333,0.27444444444444444,0.5391666666666667,0.24111111111111114,0.4508333333333333,0.22111111111111112,0.43083333333333335,0.2788888888888889,0.6041666666666666,0.23444444444444446,0.4891666666666667,0.2011111111111111,0.4425
