head_top_x,head_top_y,upper_neck_x,upper_neck_y,right_shoulder_x,right_shoulder_y,right_elbow_x,right_elbow_y,right_wrist_x,right_wrist_y,thorax_x,thorax_y,left_shoulder_x,left_shoulder_y,left_elbow_x,left_elbow_y,left_wrist_x,left_wrist_y,pelvis_x,pelvis_y,right_hip_x,right_hip_y,right_knee_x,right_knee_y,right_ankle_x,right_ankle_y,left_hip_x,left_hip_y,left_knee_x,left_knee_y,left_ankle_x,left_ankle_y
0.5037558685446009,0.19916666666666666,0.5613458528951487,0.3441666666666667,0.42363067292644757,0.36583333333333334,0.4261345852895148,0.4725,0.5262910798122065,0.5358333333333334,0.5688575899843504,0.36583333333333334,0.7165884194053208,0.3675,0.7967136150234742,0.4775,0.6790297339593114,0.5541666666666667,0.5713615023474178,0.6025,0.48372456964006266,0.5925,0.28841940532081384,0.7025,0.4536776212832551,0.8575,0.6539906103286386,0.6125,0.43114241001564946,0.7258333333333333,0.6164319248826291,0.8741666666666666
