head_top_x,head_top_y,upper_neck_x,upper_neck_y,right_shoulder_x,right_shoulder_y,right_elbow_x,right_elbow_y,right_wrist_x,right_wrist_y,thorax_x,thorax_y,left_shoulder_x,left_shoulder_y,left_elbow_x,left_elbow_y,left_wrist_x,left_wrist_y,pelvis_x,pelvis_y,right_hip_x,right_hip_y,right_knee_x,right_knee_y,right_ankle_x,right_ankle_y,left_hip_x,left_hip_y,left_knee_x,left_knee_y,left_ankle_x,left_ankle_y
0.5941666666666666,0.3038179148311307,0.43583333333333335,0.40719530102790014,0.6608333333333334,0.38604992657856096,0.6708333333333333,0.37430249632892804,0.5825,0.313215859030837,0.4275,0.4306901615271659,0.4975,0.40014684287812036,0.6675,0.36490455212922174,0.5775,0.2897209985315712,0.1125,0.4165932452276065,0.06416666666666666,0.41424375917767986,0.6475,0.47298091042584434,0.7191666666666666,0.6162995594713657,0.1625,0.4306901615271659,0.6558333333333334,0.4800293685756241,0.7208333333333333,0.5998531571218796
