head_top_x,head_top_y,upper_neck_x,upper_neck_y,right_shoulder_x,right_shoulder_y,right_elbow_x,right_elbow_y,right_wrist_x,right_wrist_y,thorax_x,thorax_y,left_shoulder_x,left_shoulder_y,left_elbow_x,left_elbow_y,left_wrist_x,left_wrist_y,pelvis_x,pelvis_y,right_hip_x,right_hip_y,right_knee_x,right_knee_y,right_ankle_x,right_ankle_y,left_hip_x,left_hip_y,left_knee_x,left_knee_y,left_ankle_x,left_ankle_y
0.5858333333333333,0.2391882900864937,0.5908333333333333,0.42228875582168995,0.5425,0.41377245508982036,0.5291666666666667,0.5053226879574185,0.5425,0.5117099135063207,0.5925,0.41164337990685296,0.6375,0.40738522954091816,0.6675,0.47551563539587494,0.6358333333333334,0.5053226879574185,0.5958333333333333,0.535129740518962,0.5725,0.5393878908848969,0.5758333333333333,0.658616101131071,0.5991666666666666,0.7735861610113106,0.6208333333333333,0.5372588157019295,0.6075,0.669261477045908,0.6175,0.7884896872920825
