head_top_x,head_top_y,upper_neck_x,upper_neck_y,right_shoulder_x,right_shoulder_y,right_elbow_x,right_elbow_y,right_wrist_x,right_wrist_y,thorax_x,thorax_y,left_shoulder_x,left_shoulder_y,left_elbow_x,left_elbow_y,left_wrist_x,left_wrist_y,pelvis_x,pelvis_y,right_hip_x,right_hip_y,right_knee_x,right_knee_y,right_ankle_x,right_ankle_y,left_hip_x,left_hip_y,left_knee_x,left_knee_y,left_ankle_x,left_ankle_y
0.1325,0.36135831381733013,0.2708333333333333,0.31389539422326307,0.2791666666666667,0.34637002341920375,0.2791666666666667,0.4537861046057767,0.19416666666666665,0.4288056206088993,0.2841666666666667,0.31639344262295077,0.29583333333333334,0.28641686182669784,0.30916666666666665,0.5037470725995316,0.3225,0.7060889929742388,0.43583333333333335,0.5936768149882904,0.38083333333333336,0.6136612021857923,0.4425,0.7185792349726776,0.4241666666666667,0.8010148321623731,0.3858333333333333,0.606167056986729,0.4691666666666667,0.7310694769711163,0.44583333333333336,0.7860265417642466
