head_top_x,head_top_y,upper_neck_x,upper_neck_y,right_shoulder_x,right_shoulder_y,right_elbow_x,right_elbow_y,right_wrist_x,right_wrist_y,thorax_x,thorax_y,left_shoulder_x,left_shoulder_y,left_elbow_x,left_elbow_y,left_wrist_x,left_wrist_y,pelvis_x,pelvis_y,right_hip_x,right_hip_y,right_knee_x,right_knee_y,right_ankle_x,right_ankle_y,left_hip_x,left_hip_y,left_knee_x,left_knee_y,left_ankle_x,left_ankle_y
0.5375,0.09470899470899473,0.5425,0.26825396825396824,0.4791666666666667,0.2957671957671958,0.4575,0.40370370370370373,0.43083333333333335,0.47777777777777775,0.5408333333333334,0.28095238095238095,0.6025,0.2661375661375662,0.6525,0.3677248677248677,0.6391666666666667,0.44603174603174606,0.5425,0.5412698412698412,0.5008333333333334,0.5433862433862434,0.5075,0.7084656084656086,0.5075,0.8693121693121695,0.5825,0.5391534391534392,0.5975,0.7148148148148149,0.6008333333333333,0.8735449735449736
