head_top_x,head_top_y,upper_neck_x,upper_neck_y,right_shoulder_x,right_shoulder_y,right_elbow_x,right_elbow_y,right_wrist_x,right_wrist_y,thorax_x,thorax_y,left_shoulder_x,left_shoulder_y,left_elbow_x,left_elbow_y,left_wrist_x,left_wrist_y,pelvis_x,pelvis_y,right_hip_x,right_hip_y,right_knee_x,right_knee_y,right_ankle_x,right_ankle_y,left_hip_x,left_hip_y,left_knee_x,left_knee_y,left_ankle_x,left_ankle_y
0.4075,0.5522222222222223,0.8325,0.9255555555555556,0.5258333333333334,0.57,0.5608333333333333,0.5255555555555556,0.25916666666666666,0.5322222222222223,0.9625,0.8922222222222222,0.9825,0.89,0.5491666666666667,0.49222222222222217,0.5575,0.581111111111111,0.3125,0.44555555555555554,0.4008333333333333,0.47,0.4191666666666667,0.5455555555555556,0.5441666666666667,0.5744444444444444,0.37416666666666665,0.5033333333333333,0.4191666666666667,0.5322222222222223,0.5425,0.5877777777777777
