head_top_x,head_top_y,upper_neck_x,upper_neck_y,right_shoulder_x,right_shoulder_y,right_elbow_x,right_elbow_y,right_wrist_x,right_wrist_y,thorax_x,thorax_y,left_shoulder_x,left_shoulder_y,left_elbow_x,left_elbow_y,left_wrist_x,left_wrist_y,pelvis_x,pelvis_y,right_hip_x,right_hip_y,right_knee_x,right_knee_y,right_ankle_x,right_ankle_y,left_hip_x,left_hip_y,left_knee_x,left_knee_y,left_ankle_x,left_ankle_y
0.28103103103103105,0.0975,0.3686186186186186,0.23583333333333334,0.27352352352352355,0.2941666666666667,0.1809309309309309,0.41583333333333333,0.1984484484484485,0.27416666666666667,0.39864864864864863,0.2758333333333333,0.5312812812812814,0.25416666666666665,0.5362862862862863,0.4075,0.4737237237237238,0.5175,0.42617617617617615,0.47583333333333333,0.3410910910910911,0.49083333333333334,0.643893893893894,0.5691666666666667,0.7840340340340342,0.6975,0.5187687687687687,0.4625,0.5437937937937938,0.5691666666666667,0.39864864864864863,0.7708333333333334
