head_top_x,head_top_y,upper_neck_x,upper_neck_y,right_shoulder_x,right_shoulder_y,right_elbow_x,right_elbow_y,right_wrist_x,right_wrist_y,thorax_x,thorax_y,left_shoulder_x,left_shoulder_y,left_elbow_x,left_elbow_y,left_wrist_x,left_wrist_y,pelvis_x,pelvis_y,right_hip_x,right_hip_y,right_knee_x,right_knee_y,right_ankle_x,right_ankle_y,left_hip_x,left_hip_y,left_knee_x,left_knee_y,left_ankle_x,left_ankle_y
0.4008333333333333,0.6053361053361054,0.49916666666666665,0.725086625086625,0.5308333333333334,0.7605682605682604,0.6208333333333333,0.7849618849618848,0.6108333333333333,0.6807345807345807,0.48583333333333334,0.7273042273042272,0.4475,0.7273042273042272,0.6141666666666666,0.6452529452529452,0.37583333333333335,0.6607761607761607,0.7391666666666666,0.7317394317394317,0.7408333333333333,0.7361746361746361,0.5241666666666667,0.26160776160776167,0.7358333333333333,0.40131670131670133,0.7408333333333333,0.7273042273042272,0.5325,0.2682605682605682,0.7591666666666667,0.42792792792792794
