head_top_x,head_top_y,upper_neck_x,upper_neck_y,right_shoulder_x,right_shoulder_y,right_elbow_x,right_elbow_y,right_wrist_x,right_wrist_y,thorax_x,thorax_y,left_shoulder_x,left_shoulder_y,left_elbow_x,left_elbow_y,left_wrist_x,left_wrist_y,pelvis_x,pelvis_y,right_hip_x,right_hip_y,right_knee_x,right_knee_y,right_ankle_x,right_ankle_y,left_hip_x,left_hip_y,left_knee_x,left_knee_y,left_ankle_x,left_ankle_y
0.4862607338017174,0.3491666666666667,0.3838407494145199,0.31416666666666665,0.34637002341920375,0.43416666666666665,0.2789227166276346,0.5908333333333333,0.2439500390320062,0.7425,0.4063231850117096,0.28583333333333333,0.5237314597970336,0.24416666666666667,0.8334894613583138,0.5308333333333334,0.6536299765807962,0.6041666666666666,0.4637782982045277,0.36083333333333334,0.3963309914129586,0.3908333333333333,0.4063231850117096,0.6625,0.4562841530054645,0.8825,0.588680718188915,0.3375,0.4612802498048399,0.35583333333333333,0.22646370023419202,0.7625
