head_top_x,head_top_y,upper_neck_x,upper_neck_y,right_shoulder_x,right_shoulder_y,right_elbow_x,right_elbow_y,right_wrist_x,right_wrist_y,thorax_x,thorax_y,left_shoulder_x,left_shoulder_y,left_elbow_x,left_elbow_y,left_wrist_x,left_wrist_y,pelvis_x,pelvis_y,right_hip_x,right_hip_y,right_knee_x,right_knee_y,right_ankle_x,right_ankle_y,left_hip_x,left_hip_y,left_knee_x,left_knee_y,left_ankle_x,left_ankle_y
0.38916666666666666,0.27392661982825917,0.4425,0.4263075722092115,0.3908333333333333,0.40882123341139726,0.2841666666666667,0.451288056206089,0.0975,0.4188134270101483,0.43583333333333335,0.4188134270101483,0.43083333333333335,0.3388758782201405,0.5058333333333334,0.19149102263856363,0.3825,0.32888368462138945,0.4091666666666667,0.4537861046057767,0.3641666666666667,0.4238095238095237,0.31416666666666665,0.4387978142076502,0.059166666666666666,0.45878220140515213,0.5025,0.45878220140515213,0.3641666666666667,0.4912568306010929,0.07083333333333333,0.4387978142076502
