head_top_x,head_top_y,upper_neck_x,upper_neck_y,right_shoulder_x,right_shoulder_y,right_elbow_x,right_elbow_y,right_wrist_x,right_wrist_y,thorax_x,thorax_y,left_shoulder_x,left_shoulder_y,left_elbow_x,left_elbow_y,left_wrist_x,left_wrist_y,pelvis_x,pelvis_y,right_hip_x,right_hip_y,right_knee_x,right_knee_y,right_ankle_x,right_ankle_y,left_hip_x,left_hip_y,left_knee_x,left_knee_y,left_ankle_x,left_ankle_y
0.5308333333333334,0.17956551255940256,0.5508333333333333,0.36205023761031907,0.49416666666666664,0.36856754921928037,0.5025,0.4837067209775967,0.5158333333333334,0.574949083503055,0.5475,0.36205023761031907,0.6008333333333333,0.3577053632043449,0.6108333333333333,0.4641547861507128,0.5891666666666666,0.5553971486761711,0.5541666666666667,0.5467073998642228,0.5258333333333334,0.5423625254582485,0.4775,0.6618465716225389,0.4508333333333333,0.813917175831636,0.5808333333333333,0.5510522742701969,0.5875,0.6792260692464357,0.6158333333333333,0.8160896130346232
