head_top_x,head_top_y,upper_neck_x,upper_neck_y,right_shoulder_x,right_shoulder_y,right_elbow_x,right_elbow_y,right_wrist_x,right_wrist_y,thorax_x,thorax_y,left_shoulder_x,left_shoulder_y,left_elbow_x,left_elbow_y,left_wrist_x,left_wrist_y,pelvis_x,pelvis_y,right_hip_x,right_hip_y,right_knee_x,right_knee_y,right_ankle_x,right_ankle_y,left_hip_x,left_hip_y,left_knee_x,left_knee_y,left_ankle_x,left_ankle_y
0.30583333333333335,0.10813771517996872,0.4225,0.2057902973395931,0.39916666666666667,0.2308294209702661,0.5525,0.33849765258215964,0.5325,0.4061032863849765,0.46416666666666667,0.24835680751173714,0.5358333333333334,0.2583724569640063,0.5975,0.36604068857589983,0.5891666666666666,0.4136150234741784,0.5308333333333334,0.4411580594679186,0.5308333333333334,0.4336463223787167,0.5658333333333333,0.5087636932707356,0.5125,0.7341158059467919,0.5458333333333333,0.43615023474178405,0.6191666666666666,0.5012519561815336,0.8158333333333333,0.3685446009389671
