head_top_x,head_top_y,upper_neck_x,upper_neck_y,right_shoulder_x,right_shoulder_y,right_elbow_x,right_elbow_y,right_wrist_x,right_wrist_y,thorax_x,thorax_y,left_shoulder_x,left_shoulder_y,left_elbow_x,left_elbow_y,left_wrist_x,left_wrist_y,pelvis_x,pelvis_y,right_hip_x,right_hip_y,right_knee_x,right_knee_y,right_ankle_x,right_ankle_y,left_hip_x,left_hip_y,left_knee_x,left_knee_y,left_ankle_x,left_ankle_y
0.5236760124610592,0.15916666666666668,0.44143302180685356,0.2975,0.37663551401869155,0.29083333333333333,0.3118380062305296,0.3408333333333333,0.29190031152647977,0.3825,0.44143302180685356,0.2991666666666667,0.5062305295950156,0.30583333333333335,0.5311526479750779,0.3525,0.5685358255451712,0.3775,0.4165109034267913,0.4375,0.3641744548286605,0.43583333333333335,0.3292834890965732,0.5658333333333333,0.3093457943925234,0.6658333333333334,0.4688473520249222,0.4375,0.45140186915887853,0.5675,0.45140186915887853,0.6641666666666667
