head_top_x,head_top_y,upper_neck_x,upper_neck_y,right_shoulder_x,right_shoulder_y,right_elbow_x,right_elbow_y,right_wrist_x,right_wrist_y,thorax_x,thorax_y,left_shoulder_x,left_shoulder_y,left_elbow_x,left_elbow_y,left_wrist_x,left_wrist_y,pelvis_x,pelvis_y,right_hip_x,right_hip_y,right_knee_x,right_knee_y,right_ankle_x,right_ankle_y,left_hip_x,left_hip_y,left_knee_x,left_knee_y,left_ankle_x,left_ankle_y
0.6758333333333333,0.12450099800399203,0.6308333333333334,0.3390718562874252,0.5725,0.344061876247505,0.5475,0.43388223552894206,0.5825,0.38897205588822364,0.6275,0.3540419161676647,0.6808333333333333,0.3690119760479042,0.6808333333333333,0.4189121756487027,0.6425,0.408932135728543,0.5958333333333333,0.658433133732535,0.5625,0.6559381237524949,0.5758333333333333,0.8779940119760479,0.6025,0.9278942115768465,0.6291666666666667,0.6609281437125749,0.6125,0.9054391217564871,0.6141666666666666,1.0
