head_top_x,head_top_y,upper_neck_x,upper_neck_y,right_shoulder_x,right_shoulder_y,right_elbow_x,right_elbow_y,right_wrist_x,right_wrist_y,thorax_x,thorax_y,left_shoulder_x,left_shoulder_y,left_elbow_x,left_elbow_y,left_wrist_x,left_wrist_y,pelvis_x,pelvis_y,right_hip_x,right_hip_y,right_knee_x,right_knee_y,right_ankle_x,right_ankle_y,left_hip_x,left_hip_y,left_knee_x,left_knee_y,left_ankle_x,left_ankle_y
0.3308333333333333,0.10062597809076683,0.42583333333333334,0.2633802816901409,0.3541666666666667,0.22582159624413148,0.2925,0.24334898278560252,0.22083333333333333,0.3009389671361502,0.4125,0.2583724569640063,0.4725,0.29843505477308296,0.5675,0.2633802816901409,0.6275,0.3635367762128326,0.5175,0.3635367762128326,0.47583333333333333,0.376056338028169,0.4175,0.5513302034428795,0.44583333333333336,0.7341158059467919,0.5525,0.35101721439749606,0.5191666666666667,0.5087636932707356,0.5508333333333333,0.7341158059467919
