head_top_x,head_top_y,upper_neck_x,upper_neck_y,right_shoulder_x,right_shoulder_y,right_elbow_x,right_elbow_y,right_wrist_x,right_wrist_y,thorax_x,thorax_y,left_shoulder_x,left_shoulder_y,left_elbow_x,left_elbow_y,left_wrist_x,left_wrist_y,pelvis_x,pelvis_y,right_hip_x,right_hip_y,right_knee_x,right_knee_y,right_ankle_x,right_ankle_y,left_hip_x,left_hip_y,left_knee_x,left_knee_y,left_ankle_x,left_ankle_y
0.49222222222222217,0.25083333333333335,0.5166666666666666,0.39916666666666667,0.43222222222222223,0.4125,0.39222222222222225,0.4791666666666667,0.41888888888888887,0.5325,0.5166666666666666,0.4075,0.5988888888888889,0.4041666666666667,0.6277777777777778,0.4825,0.6144444444444445,0.5658333333333333,0.5277777777777778,0.5591666666666667,0.48333333333333334,0.5591666666666667,0.49222222222222217,0.7025,0.4811111111111111,0.8191666666666667,0.5722222222222223,0.5608333333333333,0.581111111111111,0.6958333333333333,0.5855555555555556,0.8158333333333333
