head_top_x,head_top_y,upper_neck_x,upper_neck_y,right_shoulder_x,right_shoulder_y,right_elbow_x,right_elbow_y,right_wrist_x,right_wrist_y,thorax_x,thorax_y,left_shoulder_x,left_shoulder_y,left_elbow_x,left_elbow_y,left_wrist_x,left_wrist_y,pelvis_x,pelvis_y,right_hip_x,right_hip_y,right_knee_x,right_knee_y,right_ankle_x,right_ankle_y,left_hip_x,left_hip_y,left_knee_x,left_knee_y,left_ankle_x,left_ankle_y
0.4141666666666667,-0.0008333333333333334,0.4675,0.19318181818181815,0.4141666666666667,0.19788401253918494,0.4125,0.26606583072100315,0.31916666666666665,0.23785266457680249,0.4658333333333333,0.1837774294670846,0.5175,0.17202194357366773,0.6175,0.13205329153605017,0.6741666666666667,0.27076802507836994,0.4891666666666667,0.5152821316614421,0.44083333333333335,0.5176332288401253,0.3441666666666667,0.710423197492163,0.18083333333333335,0.8162225705329152,0.5391666666666667,0.5058777429467084,0.6625,0.6398902821316614,0.7508333333333334,0.8867554858934169
