head_top_x,head_top_y,upper_neck_x,upper_neck_y,right_shoulder_x,right_shoulder_y,right_elbow_x,right_elbow_y,right_wrist_x,right_wrist_y,thorax_x,thorax_y,left_shoulder_x,left_shoulder_y,left_elbow_x,left_elbow_y,left_wrist_x,left_wrist_y,pelvis_x,pelvis_y,right_hip_x,right_hip_y,right_knee_x,right_knee_y,right_ankle_x,right_ankle_y,left_hip_x,left_hip_y,left_knee_x,left_knee_y,left_ankle_x,left_ankle_y
0.34111111111111114,0.20583333333333334,0.33888888888888885,0.18916666666666668,0.29000000000000004,0.18416666666666667,0.36333333333333334,0.24416666666666667,0.4766666666666666,0.3308333333333333,0.32555555555555554,0.18916666666666668,0.37222222222222223,0.17916666666666667,0.5744444444444444,0.4058333333333333,0.561111111111111,0.3225,0.32555555555555554,0.43583333333333335,0.3055555555555556,0.4375,0.4788888888888889,0.5591666666666667,0.4033333333333333,0.6841666666666667,0.32555555555555554,0.4775,0.4811111111111111,0.5508333333333333,0.4033333333333333,0.6891666666666667
