head_top_x,head_top_y,upper_neck_x,upper_neck_y,right_shoulder_x,right_shoulder_y,right_elbow_x,right_elbow_y,right_wrist_x,right_wrist_y,thorax_x,thorax_y,left_shoulder_x,left_shoulder_y,left_elbow_x,left_elbow_y,left_wrist_x,left_wrist_y,pelvis_x,pelvis_y,right_hip_x,right_hip_y,right_knee_x,right_knee_y,right_ankle_x,right_ankle_y,left_hip_x,left_hip_y,left_knee_x,left_knee_y,left_ankle_x,left_ankle_y
0.7210772833723653,0.0725,0.6836065573770492,0.20916666666666667,0.5961748633879782,0.19083333333333333,0.5362217017954722,0.2708333333333333,0.451288056206089,0.3275,0.6886026541764246,0.19583333333333333,0.7885245901639344,0.1925,0.830991412958626,0.2725,0.8984387197501952,0.3525,0.6786104605776736,0.4025,0.6136612021857923,0.39416666666666667,0.588680718188915,0.6008333333333333,0.5661982825917252,0.6241666666666666,0.7460577673692428,0.4025,0.7560499609679937,0.5925,0.7510538641686182,0.7808333333333334
