head_top_x,head_top_y,upper_neck_x,upper_neck_y,right_shoulder_x,right_shoulder_y,right_elbow_x,right_elbow_y,right_wrist_x,right_wrist_y,thorax_x,thorax_y,left_shoulder_x,left_shoulder_y,left_elbow_x,left_elbow_y,left_wrist_x,left_wrist_y,pelvis_x,pelvis_y,right_hip_x,right_hip_y,right_knee_x,right_knee_y,right_ankle_x,right_ankle_y,left_hip_x,left_hip_y,left_knee_x,left_knee_y,left_ankle_x,left_ankle_y
0.5635983263598326,0.19583333333333333,0.5390516039051604,0.3408333333333333,0.4051603905160391,0.38416666666666666,0.33152022315202234,0.48583333333333334,0.42301255230125523,0.4975,0.5368200836820083,0.37583333333333335,0.6684797768479778,0.3675,0.7711297071129708,0.4975,0.6305439330543934,0.4675,0.5234309623430962,0.6358333333333334,0.43640167364016735,0.6191666666666666,0.2623430962343097,0.6441666666666667,0.21771269177126923,0.8208333333333333,0.6059972105997211,0.6425,0.7465829846582985,0.6975,0.4810320781032078,0.7958333333333333
