head_top_x,head_top_y,upper_neck_x,upper_neck_y,right_shoulder_x,right_shoulder_y,right_elbow_x,right_elbow_y,right_wrist_x,right_wrist_y,thorax_x,thorax_y,left_shoulder_x,left_shoulder_y,left_elbow_x,left_elbow_y,left_wrist_x,left_wrist_y,pelvis_x,pelvis_y,right_hip_x,right_hip_y,right_knee_x,right_knee_y,right_ankle_x,right_ankle_y,left_hip_x,left_hip_y,left_knee_x,left_knee_y,left_ankle_x,left_ankle_y
0.17083333333333334,0.23521568627450978,0.059166666666666666,0.2226666666666667,0.2075,0.5163137254901962,0.5108333333333334,0.25780392156862747,0.11916666666666667,0.2703529411764706,0.21083333333333334,0.42345098039215684,0.26916666666666667,0.5163137254901962,0.2608333333333333,0.5012549019607844,0.12583333333333332,0.25780392156862747,0.25583333333333336,0.48117647058823526,0.24416666666666667,0.5263529411764706,0.25416666666666665,0.43600000000000005,0.2225,0.5188235294117647,0.2225,0.4786666666666667,0.25583333333333336,0.4661176470588235,0.22416666666666665,0.5389019607843137
