head_top_x,head_top_y,upper_neck_x,upper_neck_y,right_shoulder_x,right_shoulder_y,right_elbow_x,right_elbow_y,right_wrist_x,right_wrist_y,thorax_x,thorax_y,left_shoulder_x,left_shoulder_y,left_elbow_x,left_elbow_y,left_wrist_x,left_wrist_y,pelvis_x,pelvis_y,right_hip_x,right_hip_y,right_knee_x,right_knee_y,right_ankle_x,right_ankle_y,left_hip_x,left_hip_y,left_knee_x,left_knee_y,left_ankle_x,left_ankle_y
0.3738485558157689,0.17416666666666666,0.37884465261514444,0.3275,0.2964090554254489,0.3425,0.22646370023419202,0.4091666666666667,0.14402810304449648,0.4708333333333333,0.37884465261514444,0.3358333333333333,0.45878220140515213,0.3258333333333333,0.5512099921935988,0.38416666666666666,0.6236533957845434,0.4608333333333333,0.3888368462138953,0.5025,0.34137392661982824,0.5058333333333334,0.31889149102263853,0.6291666666666667,0.32638563622170175,0.7275,0.43629976580796254,0.49916666666666665,0.43629976580796254,0.6391666666666667,0.441295862607338,0.7625
