head_top_x,head_top_y,upper_neck_x,upper_neck_y,right_shoulder_x,right_shoulder_y,right_elbow_x,right_elbow_y,right_wrist_x,right_wrist_y,thorax_x,thorax_y,left_shoulder_x,left_shoulder_y,left_elbow_x,left_elbow_y,left_wrist_x,left_wrist_y,pelvis_x,pelvis_y,right_hip_x,right_hip_y,right_knee_x,right_knee_y,right_ankle_x,right_ankle_y,left_hip_x,left_hip_y,left_knee_x,left_knee_y,left_ankle_x,left_ankle_y
0.4025,0.26893052302888365,0.48083333333333333,0.3913348946135831,0.4041666666666667,0.4038251366120218,0.3591666666666667,0.4962529274004683,0.36583333333333334,0.5686963309914129,0.4775,0.3963309914129586,0.5375,0.36885245901639335,0.5941666666666666,0.5562060889929742,0.4241666666666667,0.35386416861826697,0.4708333333333333,0.606167056986729,0.4325,0.5512099921935988,0.4058333333333333,0.5012490241998439,0.5058333333333334,0.6136612021857923,0.4708333333333333,0.6011709601873536,0.4708333333333333,0.3863387978142077,0.4225,0.3863387978142077
