head_top_x,head_top_y,upper_neck_x,upper_neck_y,right_shoulder_x,right_shoulder_y,right_elbow_x,right_elbow_y,right_wrist_x,right_wrist_y,thorax_x,thorax_y,left_shoulder_x,left_shoulder_y,left_elbow_x,left_elbow_y,left_wrist_x,left_wrist_y,pelvis_x,pelvis_y,right_hip_x,right_hip_y,right_knee_x,right_knee_y,right_ankle_x,right_ankle_y,left_hip_x,left_hip_y,left_knee_x,left_knee_y,left_ankle_x,left_ankle_y
0.5641666666666667,0.0770980392156863,0.5991666666666666,0.27537254901960784,0.5691666666666667,0.287921568627451,0.5375,0.3782745098039216,0.48583333333333334,0.41341176470588237,0.6008333333333333,0.28290196078431373,0.6358333333333334,0.2778823529411764,0.6875,0.3732549019607843,0.6991666666666667,0.395843137254902,0.6591666666666667,0.48117647058823526,0.6341666666666667,0.48117647058823526,0.5858333333333333,0.6392941176470589,0.6258333333333334,0.7898823529411765,0.6841666666666667,0.47615686274509805,0.6775,0.6744313725490196,0.7425,0.8375686274509804
