head_top_x,head_top_y,upper_neck_x,upper_neck_y,right_shoulder_x,right_shoulder_y,right_elbow_x,right_elbow_y,right_wrist_x,right_wrist_y,thorax_x,thorax_y,left_shoulder_x,left_shoulder_y,left_elbow_x,left_elbow_y,left_wrist_x,left_wrist_y,pelvis_x,pelvis_y,right_hip_x,right_hip_y,right_knee_x,right_knee_y,right_ankle_x,right_ankle_y,left_hip_x,left_hip_y,left_knee_x,left_knee_y,left_ankle_x,left_ankle_y
0.4962616822429907,0.049166666666666664,0.5785046728971962,0.19583333333333333,0.47632398753894095,0.2225,0.37663551401869155,0.35083333333333333,0.23208722741433027,0.3675,0.5934579439252337,0.22416666666666665,0.7155763239875389,0.2225,0.8451713395638629,0.3258333333333333,0.8551401869158879,0.4325,0.738006230529595,0.45916666666666667,0.7180685358255452,0.4658333333333333,0.8327102803738319,0.6391666666666667,0.9722741433021806,0.8358333333333333,0.7629283489096572,0.45416666666666666,0.6557632398753893,0.6458333333333334,0.6532710280373832,0.8775
