head_top_x,head_top_y,upper_neck_x,upper_neck_y,right_shoulder_x,right_shoulder_y,right_elbow_x,right_elbow_y,right_wrist_x,right_wrist_y,thorax_x,thorax_y,left_shoulder_x,left_shoulder_y,left_elbow_x,left_elbow_y,left_wrist_x,left_wrist_y,pelvis_x,pelvis_y,right_hip_x,right_hip_y,right_knee_x,right_knee_y,right_ankle_x,right_ankle_y,left_hip_x,left_hip_y,left_knee_x,left_knee_y,left_ankle_x,left_ankle_y
0.6988888888888889,0.38083333333333336,0.6144444444444445,0.5425,0.65,0.4325,0.6411111111111111,0.42916666666666664,0.5966666666666667,0.43083333333333335,0.6655555555555556,0.3525,0.7122222222222222,0.43583333333333335,0.6766666666666666,0.44916666666666666,0.6944444444444445,0.4025,0.3655555555555556,0.49916666666666665,0.37666666666666665,0.4891666666666667,0.46555555555555556,0.3925,0.6744444444444445,0.4325,0.3833333333333333,0.49416666666666664,0.44555555555555554,0.4241666666666667,0.6722222222222222,0.44583333333333336
