head_top_x,head_top_y,upper_neck_x,upper_neck_y,right_shoulder_x,right_shoulder_y,right_elbow_x,right_elbow_y,right_wrist_x,right_wrist_y,thorax_x,thorax_y,left_shoulder_x,left_shoulder_y,left_elbow_x,left_elbow_y,left_wrist_x,left_wrist_y,pelvis_x,pelvis_y,right_hip_x,right_hip_y,right_knee_x,right_knee_y,right_ankle_x,right_ankle_y,left_hip_x,left_hip_y,left_knee_x,left_knee_y,left_ankle_x,left_ankle_y
0.46267870579383,0.17916666666666667,0.40970654627539504,0.32416666666666666,0.27005267118133935,0.33416666666666667,0.25560571858540254,0.4841666666666667,0.390443942814146,0.4225,0.407298720842739,0.3358333333333333,0.5493604213694507,0.3408333333333333,0.5397291196388262,0.48583333333333334,0.518058690744921,0.44583333333333336,0.3832204665161776,0.5325,0.32061700526711817,0.5358333333333334,0.1881866064710309,0.5675,0.3133935289691498,0.8008333333333333,0.45063957863054926,0.5308333333333334,0.5638073739653875,0.5775,0.6360421369450714,0.8091666666666667
