head_top_x,head_top_y,upper_neck_x,upper_neck_y,right_shoulder_x,right_shoulder_y,right_elbow_x,right_elbow_y,right_wrist_x,right_wrist_y,thorax_x,thorax_y,left_shoulder_x,left_shoulder_y,left_elbow_x,left_elbow_y,left_wrist_x,left_wrist_y,pelvis_x,pelvis_y,right_hip_x,right_hip_y,right_knee_x,right_knee_y,right_ankle_x,right_ankle_y,left_hip_x,left_hip_y,left_knee_x,left_knee_y,left_ankle_x,left_ankle_y
0.4837626854020296,0.4008333333333333,0.5836846213895394,0.5141666666666667,0.4987509758001561,0.5275,0.4487900078064012,0.6008333333333333,0.3738485558157689,0.6458333333333334,0.578688524590164,0.5058333333333334,0.6636221701795472,0.4891666666666667,0.7610460577673692,0.5191666666666667,0.7310694769711163,0.5075,0.6861046057767369,0.6408333333333334,0.6411397345823574,0.6491666666666667,0.6161592505854802,0.7208333333333333,0.7035909445745512,0.8325,0.7285714285714285,0.6308333333333334,0.7560499609679937,0.7058333333333333,0.820999219359875,0.8008333333333333
