head_top_x,head_top_y,upper_neck_x,upper_neck_y,right_shoulder_x,right_shoulder_y,right_elbow_x,right_elbow_y,right_wrist_x,right_wrist_y,thorax_x,thorax_y,left_shoulder_x,left_shoulder_y,left_elbow_x,left_elbow_y,left_wrist_x,left_wrist_y,pelvis_x,pelvis_y,right_hip_x,right_hip_y,right_knee_x,right_knee_y,right_ankle_x,right_ankle_y,left_hip_x,left_hip_y,left_knee_x,left_knee_y,left_ankle_x,left_ankle_y
0.61,0.2708333333333333,0.6388888888888888,0.42083333333333334,0.5588888888888889,0.43583333333333335,0.5299999999999999,0.5191666666666667,0.5566666666666666,0.5725,0.6411111111111111,0.43083333333333335,0.7277777777777777,0.42583333333333334,0.7233333333333333,0.5175,0.6188888888888888,0.5441666666666667,0.6322222222222221,0.5858333333333333,0.59,0.5875,0.5988888888888889,0.7058333333333333,0.6522222222222221,0.8141666666666667,0.6744444444444445,0.5858333333333333,0.6611111111111111,0.7208333333333333,0.6833333333333332,0.8575
