head_top_x,head_top_y,upper_neck_x,upper_neck_y,right_shoulder_x,right_shoulder_y,right_elbow_x,right_elbow_y,right_wrist_x,right_wrist_y,thorax_x,thorax_y,left_shoulder_x,left_shoulder_y,left_elbow_x,left_elbow_y,left_wrist_x,left_wrist_y,pelvis_x,pelvis_y,right_hip_x,right_hip_y,right_knee_x,right_knee_y,right_ankle_x,right_ankle_y,left_hip_x,left_hip_y,left_knee_x,left_knee_y,left_ankle_x,left_ankle_y
0.5513918629550321,0.0475,0.5034261241970021,0.19416666666666665,0.4029264810849392,0.2075,0.32755174875089216,0.30083333333333334,0.3047109207708779,0.41583333333333333,0.5011420413990008,0.20583333333333334,0.5970735189150607,0.2025,0.5765167737330478,0.2925,0.5970735189150607,0.3225,0.48058529621698787,0.4141666666666667,0.4417558886509636,0.4141666666666667,0.4942897930049964,0.5891666666666666,0.4417558886509636,0.7575,0.5194147037830121,0.41083333333333333,0.4623126338329763,0.5858333333333333,0.3983583154889364,0.7525
