head_top_x,head_top_y,upper_neck_x,upper_neck_y,right_shoulder_x,right_shoulder_y,right_elbow_x,right_elbow_y,right_wrist_x,right_wrist_y,thorax_x,thorax_y,left_shoulder_x,left_shoulder_y,left_elbow_x,left_elbow_y,left_wrist_x,left_wrist_y,pelvis_x,pelvis_y,right_hip_x,right_hip_y,right_knee_x,right_knee_y,right_ankle_x,right_ankle_y,left_hip_x,left_hip_y,left_knee_x,left_knee_y,left_ankle_x,left_ankle_y
0.44979079497907953,0.3541666666666667,0.48995815899581596,0.49083333333333334,0.402928870292887,0.4925,0.38730822873082293,0.5708333333333333,0.394002789400279,0.6191666666666666,0.4832635983263599,0.48083333333333333,0.5702928870292887,0.4741666666666667,0.592608089260809,0.5825,0.5725244072524408,0.5275,0.6193863319386331,0.4508333333333333,0.5948396094839609,0.44916666666666666,0.43640167364016735,0.7608333333333334,0.41185495118549514,0.9291666666666667,0.6439330543933055,0.4558333333333333,0.5189679218967922,0.6391666666666667,0.5948396094839609,0.9325
