head_top_x,head_top_y,upper_neck_x,upper_neck_y,right_shoulder_x,right_shoulder_y,right_elbow_x,right_elbow_y,right_wrist_x,right_wrist_y,thorax_x,thorax_y,left_shoulder_x,left_shoulder_y,left_elbow_x,left_elbow_y,left_wrist_x,left_wrist_y,pelvis_x,pelvis_y,right_hip_x,right_hip_y,right_knee_x,right_knee_y,right_ankle_x,right_ankle_y,left_hip_x,left_hip_y,left_knee_x,left_knee_y,left_ankle_x,left_ankle_y
0.4875,0.002865961199294529,0.49916666666666665,0.1770282186948854,0.42583333333333334,0.16159611992945327,0.3775,0.25418871252204583,0.37083333333333335,0.3489858906525573,0.49583333333333335,0.1704144620811288,0.5641666666666667,0.17923280423280424,0.5858333333333333,0.30048500881834217,0.6208333333333333,0.38425925925925924,0.49916666666666665,0.4107142857142857,0.4575,0.41291887125220456,0.4525,0.6003086419753086,0.42916666666666664,0.7369929453262787,0.5375,0.40630511463844793,0.5558333333333333,0.5848765432098766,0.5858333333333333,0.7414021164021164
