head_top_x,head_top_y,upper_neck_x,upper_neck_y,right_shoulder_x,right_shoulder_y,right_elbow_x,right_elbow_y,right_wrist_x,right_wrist_y,thorax_x,thorax_y,left_shoulder_x,left_shoulder_y,left_elbow_x,left_elbow_y,left_wrist_x,left_wrist_y,pelvis_x,pelvis_y,right_hip_x,right_hip_y,right_knee_x,right_knee_y,right_ankle_x,right_ankle_y,left_hip_x,left_hip_y,left_knee_x,left_knee_y,left_ankle_x,left_ankle_y
0.5775,0.5237314597970336,0.5275,0.4063231850117096,0.5075,0.4837626854020296,0.5025,0.6036690085870414,0.41083333333333333,0.5112412177985948,0.5175,0.4338017174082748,0.5775,0.4437939110070258,0.5275,0.5986729117876658,0.42083333333333334,0.5237314597970336,0.5108333333333334,0.4213114754098361,0.4475,0.518735362997658,0.37416666666666665,0.6286494925839188,0.20083333333333334,0.5437158469945356,0.4925,0.4238095238095237,0.4608333333333333,0.6236533957845434,0.4225,0.626151444184231
