head_top_x,head_top_y,upper_neck_x,upper_neck_y,right_shoulder_x,right_shoulder_y,right_elbow_x,right_elbow_y,right_wrist_x,right_wrist_y,thorax_x,thorax_y,left_shoulder_x,left_shoulder_y,left_elbow_x,left_elbow_y,left_wrist_x,left_wrist_y,pelvis_x,pelvis_y,right_hip_x,right_hip_y,right_knee_x,right_knee_y,right_ankle_x,right_ankle_y,left_hip_x,left_hip_y,left_knee_x,left_knee_y,left_ankle_x,left_ankle_y
0.4708333333333333,0.3110552763819096,0.44583333333333336,0.5442211055276381,0.4225,0.536180904522613,0.4241666666666667,0.66214405360134,0.42916666666666664,0.6862646566164154,0.44583333333333336,0.5335008375209381,0.4691666666666667,0.536180904522613,0.5008333333333334,0.723785594639866,0.4775,0.6165829145728643,0.46416666666666667,0.6648241206030151,0.4508333333333333,0.6862646566164154,0.4325,0.7371859296482411,0.43083333333333335,0.8577889447236182,0.4691666666666667,0.6433835845896146,0.49083333333333334,0.7130653266331658,0.44416666666666665,0.8149078726968174
