head_top_x,head_top_y,upper_neck_x,upper_neck_y,right_shoulder_x,right_shoulder_y,right_elbow_x,right_elbow_y,right_wrist_x,right_wrist_y,thorax_x,thorax_y,left_shoulder_x,left_shoulder_y,left_elbow_x,left_elbow_y,left_wrist_x,left_wrist_y,pelvis_x,pelvis_y,right_hip_x,right_hip_y,right_knee_x,right_knee_y,right_ankle_x,right_ankle_y,left_hip_x,left_hip_y,left_knee_x,left_knee_y,left_ankle_x,left_ankle_y
0.5775,0.4437939110070258,0.5258333333333334,0.4912568306010929,0.5125,0.5037470725995316,0.5075,0.5262295081967212,0.5508333333333333,0.6136612021857923,0.5391666666666667,0.4637782982045277,0.5591666666666667,0.3888368462138953,0.5775,0.3738485558157689,0.5525,0.5362217017954722,0.5825,0.5437158469945356,0.5708333333333333,0.41131928181108507,0.5108333333333334,0.5237314597970336,0.5475,0.5861826697892272,0.5258333333333334,0.004137392661982806,0.5175,0.5037470725995316,0.5408333333333334,0.5612021857923498
