head_top_x,head_top_y,upper_neck_x,upper_neck_y,right_shoulder_x,right_shoulder_y,right_elbow_x,right_elbow_y,right_wrist_x,right_wrist_y,thorax_x,thorax_y,left_shoulder_x,left_shoulder_y,left_elbow_x,left_elbow_y,left_wrist_x,left_wrist_y,pelvis_x,pelvis_y,right_hip_x,right_hip_y,right_knee_x,right_knee_y,right_ankle_x,right_ankle_y,left_hip_x,left_hip_y,left_knee_x,left_knee_y,left_ankle_x,left_ankle_y
0.4791666666666667,0.17583333333333334,0.4875,0.3275,0.4091666666666667,0.36083333333333334,0.3958333333333333,0.4708333333333333,0.3975,0.5875,0.4875,0.35583333333333333,0.5641666666666667,0.3525,0.5925,0.4575,0.5941666666666666,0.5625,0.49583333333333335,0.6008333333333333,0.4575,0.5991666666666666,0.46416666666666667,0.7575,0.4725,0.8975,0.5325,0.5991666666666666,0.5275,0.7608333333333334,0.5208333333333334,0.9208333333333333
