head_top_x,head_top_y,upper_neck_x,upper_neck_y,right_shoulder_x,right_shoulder_y,right_elbow_x,right_elbow_y,right_wrist_x,right_wrist_y,thorax_x,thorax_y,left_shoulder_x,left_shoulder_y,left_elbow_x,left_elbow_y,left_wrist_x,left_wrist_y,pelvis_x,pelvis_y,right_hip_x,right_hip_y,right_knee_x,right_knee_y,right_ankle_x,right_ankle_y,left_hip_x,left_hip_y,left_knee_x,left_knee_y,left_ankle_x,left_ankle_y
0.33387978142076497,0.2975,0.4762685402029664,0.4075,0.3913348946135831,0.4241666666666667,0.36885245901639335,0.5225,0.3563622170179547,0.4241666666666667,0.4837626854020296,0.4191666666666667,0.5836846213895394,0.4058333333333333,0.5462138953942234,0.5291666666666667,0.441295862607338,0.44083333333333335,0.5736924277907884,0.5825,0.5012490241998439,0.5741666666666667,0.27392661982825917,0.5975,0.3813427010148321,0.7658333333333334,0.6486338797814207,0.5908333333333333,0.4387978142076502,0.6025,0.4937548790007807,0.8075
