head_top_x,head_top_y,upper_neck_x,upper_neck_y,right_shoulder_x,right_shoulder_y,right_elbow_x,right_elbow_y,right_wrist_x,right_wrist_y,thorax_x,thorax_y,left_shoulder_x,left_shoulder_y,left_elbow_x,left_elbow_y,left_wrist_x,left_wrist_y,pelvis_x,pelvis_y,right_hip_x,right_hip_y,right_knee_x,right_knee_y,right_ankle_x,right_ankle_y,left_hip_x,left_hip_y,left_knee_x,left_knee_y,left_ankle_x,left_ankle_y
0.2525,0.2677777777777777,0.32083333333333336,0.41888888888888887,0.2725,0.37666666666666665,0.24916666666666668,0.3811111111111111,0.21916666666666668,0.3855555555555556,0.3125,0.39222222222222225,0.3525,0.41444444444444445,0.3641666666666667,0.5188888888888888,0.37916666666666665,0.4077777777777778,0.3675,0.4566666666666667,0.3525,0.45,0.30083333333333334,0.4788888888888889,0.30916666666666665,0.581111111111111,0.3908333333333333,0.44333333333333336,0.36083333333333334,0.49,0.3575,0.6188888888888888
