head_top_x,head_top_y,upper_neck_x,upper_neck_y,right_shoulder_x,right_shoulder_y,right_elbow_x,right_elbow_y,right_wrist_x,right_wrist_y,thorax_x,thorax_y,left_shoulder_x,left_shoulder_y,left_elbow_x,left_elbow_y,left_wrist_x,left_wrist_y,pelvis_x,pelvis_y,right_hip_x,right_hip_y,right_knee_x,right_knee_y,right_ankle_x,right_ankle_y,left_hip_x,left_hip_y,left_knee_x,left_knee_y,left_ankle_x,left_ankle_y
0.5025,0.2221183800623053,0.5075,0.43395638629283484,0.5141666666666667,0.3866043613707165,0.4875,0.3242990654205608,0.44583333333333336,0.2993769470404985,0.5108333333333334,0.40654205607476634,0.5175,0.4015576323987539,0.5241666666666667,0.3143302180685359,0.4475,0.30436137071651087,0.44916666666666666,0.47133956386292836,0.44416666666666665,0.46137071651090356,0.4175,0.47383177570093465,0.43416666666666665,0.47383177570093465,0.4575,0.478816199376947,0.41583333333333333,0.4838006230529596,0.3575,0.47133956386292836
