head_top_x,head_top_y,upper_neck_x,upper_neck_y,right_shoulder_x,right_shoulder_y,right_elbow_x,right_elbow_y,right_wrist_x,right_wrist_y,thorax_x,thorax_y,left_shoulder_x,left_shoulder_y,left_elbow_x,left_elbow_y,left_wrist_x,left_wrist_y,pelvis_x,pelvis_y,right_hip_x,right_hip_y,right_knee_x,right_knee_y,right_ankle_x,right_ankle_y,left_hip_x,left_hip_y,left_knee_x,left_knee_y,left_ankle_x,left_ankle_y
0.4987509758001561,0.22916666666666666,0.4762685402029664,0.3725,0.4163153786104605,0.3491666666666667,0.3913348946135831,0.4008333333333333,0.3913348946135831,0.4625,0.4787665886026542,0.3575,0.5412177985948478,0.3625,0.5562060889929742,0.4141666666666667,0.548711943793911,0.4708333333333333,0.4612802498048399,0.5141666666666667,0.4263075722092115,0.5008333333333334,0.3838407494145199,0.6075,0.29391100702576106,0.7641666666666667,0.5037470725995316,0.5091666666666667,0.48875878220140506,0.6058333333333333,0.30390320062451204,0.7675
