head_top_x,head_top_y,upper_neck_x,upper_neck_y,right_shoulder_x,right_shoulder_y,right_elbow_x,right_elbow_y,right_wrist_x,right_wrist_y,thorax_x,thorax_y,left_shoulder_x,left_shoulder_y,left_elbow_x,left_elbow_y,left_wrist_x,left_wrist_y,pelvis_x,pelvis_y,right_hip_x,right_hip_y,right_knee_x,right_knee_y,right_ankle_x,right_ankle_y,left_hip_x,left_hip_y,left_knee_x,left_knee_y,left_ankle_x,left_ankle_y
0.6408333333333334,0.14555555555555555,0.5908333333333333,0.3322222222222222,0.5408333333333334,0.3233333333333333,0.5041666666666667,0.40111111111111114,0.5208333333333334,0.4877777777777778,0.5925,0.32555555555555554,0.6391666666666667,0.3344444444444445,0.6325,0.4166666666666667,0.6258333333333334,0.5055555555555555,0.5691666666666667,0.4588888888888889,0.5408333333333334,0.4566666666666667,0.5408333333333334,0.59,0.5175,0.73,0.5941666666666666,0.46555555555555556,0.6108333333333333,0.581111111111111,0.6008333333333333,0.6633333333333334
