head_top_x,head_top_y,upper_neck_x,upper_neck_y,right_shoulder_x,right_shoulder_y,right_elbow_x,right_elbow_y,right_wrist_x,right_wrist_y,thorax_x,thorax_y,left_shoulder_x,left_shoulder_y,left_elbow_x,left_elbow_y,left_wrist_x,left_wrist_y,pelvis_x,pelvis_y,right_hip_x,right_hip_y,right_knee_x,right_knee_y,right_ankle_x,right_ankle_y,left_hip_x,left_hip_y,left_knee_x,left_knee_y,left_ankle_x,left_ankle_y
0.8191666666666667,0.8766666666666666,0.6591666666666667,0.6566666666666667,0.6641666666666667,0.6233333333333334,0.9591666666666666,0.24111111111111114,0.6891666666666667,0.5855555555555556,0.6858333333333333,0.4677777777777778,0.7125,0.5922222222222223,0.7058333333333333,0.6122222222222221,0.6875,0.5544444444444445,0.6175,0.6566666666666667,0.6575,0.5455555555555556,0.5875,0.6277777777777778,0.6875,0.6144444444444445,0.6375,0.6277777777777778,0.6125,0.601111111111111,0.6691666666666667,0.6211111111111111
