head_top_x,head_top_y,upper_neck_x,upper_neck_y,right_shoulder_x,right_shoulder_y,right_elbow_x,right_elbow_y,right_wrist_x,right_wrist_y,thorax_x,thorax_y,left_shoulder_x,left_shoulder_y,left_elbow_x,left_elbow_y,left_wrist_x,left_wrist_y,pelvis_x,pelvis_y,right_hip_x,right_hip_y,right_knee_x,right_knee_y,right_ankle_x,right_ankle_y,left_hip_x,left_hip_y,left_knee_x,left_knee_y,left_ankle_x,left_ankle_y
0.5425,0.1339622641509434,0.5225,0.32264150943396225,0.4691666666666667,0.3025157232704402,0.3958333333333333,0.30503144654088055,0.4175,0.16918238993710688,0.5275,0.3,0.5825,0.30503144654088055,0.5808333333333333,0.42830188679245285,0.5041666666666667,0.4861635220125786,0.5308333333333334,0.5062893081761006,0.48583333333333334,0.4937106918238994,0.4558333333333333,0.5339622641509434,0.4558333333333333,0.7779874213836477,0.5791666666666667,0.5138364779874214,0.5241666666666667,0.5364779874213836,0.5441666666666667,0.7805031446540881
