head_top_x,head_top_y,upper_neck_x,upper_neck_y,right_shoulder_x,right_shoulder_y,right_elbow_x,right_elbow_y,right_wrist_x,right_wrist_y,thorax_x,thorax_y,left_shoulder_x,left_shoulder_y,left_elbow_x,left_elbow_y,left_wrist_x,left_wrist_y,pelvis_x,pelvis_y,right_hip_x,right_hip_y,right_knee_x,right_knee_y,right_ankle_x,right_ankle_y,left_hip_x,left_hip_y,left_knee_x,left_knee_y,left_ankle_x,left_ankle_y
0.3975,0.1922222222222222,0.4891666666666667,0.2788888888888889,0.4791666666666667,0.24111111111111114,0.5075,0.3433333333333333,0.4475,0.49444444444444446,0.5258333333333334,0.3433333333333333,0.5675,0.28777777777777774,0.5675,0.41,0.4658333333333333,0.4677777777777778,0.5141666666666667,0.44555555555555554,0.49416666666666664,0.4588888888888889,0.4425,0.5722222222222223,0.4425,0.561111111111111,0.5008333333333334,0.4588888888888889,0.5208333333333334,0.5499999999999999,0.43583333333333335,0.561111111111111
