head_top_x,head_top_y,upper_neck_x,upper_neck_y,right_shoulder_x,right_shoulder_y,right_elbow_x,right_elbow_y,right_wrist_x,right_wrist_y,thorax_x,thorax_y,left_shoulder_x,left_shoulder_y,left_elbow_x,left_elbow_y,left_wrist_x,left_wrist_y,pelvis_x,pelvis_y,right_hip_x,right_hip_y,right_knee_x,right_knee_y,right_ankle_x,right_ankle_y,left_hip_x,left_hip_y,left_knee_x,left_knee_y,left_ankle_x,left_ankle_y
0.7391666666666666,0.10405932864949258,0.7591666666666667,0.2439500390320062,0.7841666666666667,0.09656518345042935,0.8291666666666667,0.17400468384074935,0.7841666666666667,0.13903200624512096,0.7491666666666666,0.04160811865729896,0.8358333333333333,0.07658079625292738,0.7608333333333334,0.20647931303669004,0.7525,0.12903981264637002,0.44083333333333335,0.21397345823575326,0.7641666666666667,0.13903200624512096,0.5925,0.2814207650273224,0.6691666666666667,0.30889929742388755,0.4675,0.2039812646370023,0.5891666666666666,0.27642466822794687,0.6825,0.30390320062451204
