head_top_x,head_top_y,upper_neck_x,upper_neck_y,right_shoulder_x,right_shoulder_y,right_elbow_x,right_elbow_y,right_wrist_x,right_wrist_y,thorax_x,thorax_y,left_shoulder_x,left_shoulder_y,left_elbow_x,left_elbow_y,left_wrist_x,left_wrist_y,pelvis_x,pelvis_y,right_hip_x,right_hip_y,right_knee_x,right_knee_y,right_ankle_x,right_ankle_y,left_hip_x,left_hip_y,left_knee_x,left_knee_y,left_ankle_x,left_ankle_y
0.26167979002624675,0.12583333333333332,0.31837270341207347,0.2708333333333333,0.26797900262467195,0.2991666666666667,0.29527559055118113,0.4041666666666667,0.29737532808398953,0.4891666666666667,0.32887139107611557,0.29583333333333334,0.39396325459317594,0.2875,0.4485564304461943,0.4091666666666667,0.31837270341207347,0.4925,0.41706036745406827,0.48583333333333334,0.3813648293963255,0.49416666666666664,0.44015748031496066,0.6891666666666667,0.5430446194225722,0.8441666666666666,0.4548556430446195,0.47583333333333333,0.39396325459317594,0.6758333333333333,0.3981627296587927,0.8725
