head_top_x,head_top_y,upper_neck_x,upper_neck_y,right_shoulder_x,right_shoulder_y,right_elbow_x,right_elbow_y,right_wrist_x,right_wrist_y,thorax_x,thorax_y,left_shoulder_x,left_shoulder_y,left_elbow_x,left_elbow_y,left_wrist_x,left_wrist_y,pelvis_x,pelvis_y,right_hip_x,right_hip_y,right_knee_x,right_knee_y,right_ankle_x,right_ankle_y,left_hip_x,left_hip_y,left_knee_x,left_knee_y,left_ankle_x,left_ankle_y
0.5158333333333334,0.012222222222222209,0.5008333333333334,0.20333333333333337,0.43583333333333335,0.18333333333333335,0.4141666666666667,0.31444444444444447,0.4041666666666667,0.18777777777777774,0.5025,0.1922222222222222,0.5691666666666667,0.19666666666666668,0.5775,0.3433333333333333,0.5858333333333333,0.45444444444444443,0.49083333333333334,0.5366666666666666,0.4608333333333333,0.5322222222222223,0.48583333333333334,0.7277777777777777,0.5008333333333334,0.9011111111111111,0.5191666666666667,0.5388888888888889,0.5175,0.7255555555555556,0.5225,0.8855555555555555
