head_top_x,head_top_y,upper_neck_x,upper_neck_y,right_shoulder_x,right_shoulder_y,right_elbow_x,right_elbow_y,right_wrist_x,right_wrist_y,thorax_x,thorax_y,left_shoulder_x,left_shoulder_y,left_elbow_x,left_elbow_y,left_wrist_x,left_wrist_y,pelvis_x,pelvis_y,right_hip_x,right_hip_y,right_knee_x,right_knee_y,right_ankle_x,right_ankle_y,left_hip_x,left_hip_y,left_knee_x,left_knee_y,left_ankle_x,left_ankle_y
0.5575,0.1061762034514078,0.5975,0.3415985467756585,0.5158333333333334,0.3125340599455041,0.49583333333333335,0.4549500454132606,0.4525,0.5276112624886468,0.5925,0.30381471389645776,0.6725,0.2950953678474114,0.7058333333333333,0.41716621253405994,0.7525,0.5072661217075386,0.6025,0.4316984559491371,0.5691666666666667,0.4258855585831063,0.5491666666666667,0.5944595821980019,0.5658333333333333,0.7543142597638511,0.6391666666666667,0.44332425068119896,0.6158333333333333,0.6496821071752952,0.7041666666666667,0.7601271571298819
