head_top_x,head_top_y,upper_neck_x,upper_neck_y,right_shoulder_x,right_shoulder_y,right_elbow_x,right_elbow_y,right_wrist_x,right_wrist_y,thorax_x,thorax_y,left_shoulder_x,left_shoulder_y,left_elbow_x,left_elbow_y,left_wrist_x,left_wrist_y,pelvis_x,pelvis_y,right_hip_x,right_hip_y,right_knee_x,right_knee_y,right_ankle_x,right_ankle_y,left_hip_x,left_hip_y,left_knee_x,left_knee_y,left_ankle_x,left_ankle_y
0.4275,0.1722222222222222,0.42583333333333334,0.33,0.3908333333333333,0.31222222222222223,0.3591666666666667,0.3233333333333333,0.3358333333333333,0.33888888888888885,0.42916666666666664,0.31222222222222223,0.4625,0.30777777777777776,0.5375,0.31222222222222223,0.6141666666666666,0.31,0.3925,0.4588888888888889,0.3675,0.45222222222222225,0.35083333333333333,0.5566666666666666,0.3325,0.6388888888888888,0.4175,0.4633333333333333,0.43583333333333335,0.5566666666666666,0.45916666666666667,0.6477777777777778
