head_top_x,head_top_y,upper_neck_x,upper_neck_y,right_shoulder_x,right_shoulder_y,right_elbow_x,right_elbow_y,right_wrist_x,right_wrist_y,thorax_x,thorax_y,left_shoulder_x,left_shoulder_y,left_elbow_x,left_elbow_y,left_wrist_x,left_wrist_y,pelvis_x,pelvis_y,right_hip_x,right_hip_y,right_knee_x,right_knee_y,right_ankle_x,right_ankle_y,left_hip_x,left_hip_y,left_knee_x,left_knee_y,left_ankle_x,left_ankle_y
0.6341666666666667,0.12799097065462756,0.4425,0.3278404815650866,0.5141666666666667,0.2869074492099323,0.42583333333333334,0.34710308502633563,0.3475,0.44100827689992483,0.5225,0.2748683220466517,0.5541666666666667,0.3158013544018059,0.5475,0.5084273890142965,0.5541666666666667,0.7684725357411587,0.4025,0.4434161023325809,0.3525,0.4169300225733634,0.3358333333333333,0.609556057185854,0.32916666666666666,0.7564334085778781,0.4008333333333333,0.4939804364183597,0.3425,0.609556057185854,0.2708333333333333,0.8045899172310007
