head_top_x,head_top_y,upper_neck_x,upper_neck_y,right_shoulder_x,right_shoulder_y,right_elbow_x,right_elbow_y,right_wrist_x,right_wrist_y,thorax_x,thorax_y,left_shoulder_x,left_shoulder_y,left_elbow_x,left_elbow_y,left_wrist_x,left_wrist_y,pelvis_x,pelvis_y,right_hip_x,right_hip_y,right_knee_x,right_knee_y,right_ankle_x,right_ankle_y,left_hip_x,left_hip_y,left_knee_x,left_knee_y,left_ankle_x,left_ankle_y
0.4725,0.5433333333333333,0.4691666666666667,0.4877777777777778,0.41083333333333333,0.5211111111111112,0.38416666666666666,0.4477777777777778,0.3225,0.5055555555555555,0.47583333333333333,0.4988888888888889,0.4608333333333333,0.5077777777777778,0.49083333333333334,0.4611111111111111,0.48583333333333334,0.47,0.44916666666666666,0.5388888888888889,0.4375,0.49444444444444446,0.48583333333333334,0.5455555555555556,0.4608333333333333,0.5211111111111112,0.44416666666666665,0.5388888888888889,0.48583333333333334,0.5455555555555556,0.4658333333333333,0.5344444444444445
