head_top_x,head_top_y,upper_neck_x,upper_neck_y,right_shoulder_x,right_shoulder_y,right_elbow_x,right_elbow_y,right_wrist_x,right_wrist_y,thorax_x,thorax_y,left_shoulder_x,left_shoulder_y,left_elbow_x,left_elbow_y,left_wrist_x,left_wrist_y,pelvis_x,pelvis_y,right_hip_x,right_hip_y,right_knee_x,right_knee_y,right_ankle_x,right_ankle_y,left_hip_x,left_hip_y,left_knee_x,left_knee_y,left_ankle_x,left_ankle_y
0.2394828791055206,0.3525,0.3155136268343815,0.48083333333333333,0.37812718378756116,0.5075,0.4698113207547169,0.45416666666666666,0.6330538085255065,0.45416666666666666,0.31998602375960866,0.4841666666666667,0.2461914744933613,0.4775,0.4631027253668762,0.43916666666666665,0.3088050314465408,0.4025,0.5324248777078966,0.5575,0.5659678546471,0.5675,0.5234800838574423,0.4275,0.6554157931516422,0.4041666666666667,0.5100628930817609,0.5675,0.5726764500349406,0.3825,0.21712089447938504,0.3775
