head_top_x,head_top_y,upper_neck_x,upper_neck_y,right_shoulder_x,right_shoulder_y,right_elbow_x,right_elbow_y,right_wrist_x,right_wrist_y,thorax_x,thorax_y,left_shoulder_x,left_shoulder_y,left_elbow_x,left_elbow_y,left_wrist_x,left_wrist_y,pelvis_x,pelvis_y,right_hip_x,right_hip_y,right_knee_x,right_knee_y,right_ankle_x,right_ankle_y,left_hip_x,left_hip_y,left_knee_x,left_knee_y,left_ankle_x,left_ankle_y
0.403435468895079,0.0875,0.43017641597028783,0.23583333333333334,0.2935004642525534,0.2758333333333333,0.33509749303621167,0.4175,0.41532033426183845,0.5225,0.4331476323119777,0.2725,0.5727948003714022,0.2675,0.5698235840297122,0.4041666666666667,0.49257195914577534,0.5108333333333334,0.45097493036211694,0.4891666666666667,0.3707520891364902,0.4891666666666667,0.37966573816155985,0.6491666666666667,0.42126276694521814,0.7941666666666667,0.5341689879294336,0.4891666666666667,0.5133704735376043,0.6541666666666667,0.5460538532961932,0.7791666666666667
