head_top_x,head_top_y,upper_neck_x,upper_neck_y,right_shoulder_x,right_shoulder_y,right_elbow_x,right_elbow_y,right_wrist_x,right_wrist_y,thorax_x,thorax_y,left_shoulder_x,left_shoulder_y,left_elbow_x,left_elbow_y,left_wrist_x,left_wrist_y,pelvis_x,pelvis_y,right_hip_x,right_hip_y,right_knee_x,right_knee_y,right_ankle_x,right_ankle_y,left_hip_x,left_hip_y,left_knee_x,left_knee_y,left_ankle_x,left_ankle_y
0.4765807962529274,0.16294642857142858,0.4297423887587822,0.296875,0.3427567748410839,0.4263392857142857,0.26246236199397793,0.5915178571428571,0.229006356641017,0.7566964285714286,0.4297423887587822,0.2700892857142857,0.5501840080294413,0.27455357142857145,0.8312144529943125,0.515625,0.6371696219471394,0.6004464285714286,0.42305118768819006,0.49330357142857145,0.34944797591167615,0.7522321428571429,0.36283037805286045,0.4263392857142857,0.31599197055871525,0.23883928571428573,0.4899631983941117,0.546875,0.48327199732351955,0.6897321428571429,0.4765807962529274,0.6540178571428571
