head_top_x,head_top_y,upper_neck_x,upper_neck_y,right_shoulder_x,right_shoulder_y,right_elbow_x,right_elbow_y,right_wrist_x,right_wrist_y,thorax_x,thorax_y,left_shoulder_x,left_shoulder_y,left_elbow_x,left_elbow_y,left_wrist_x,left_wrist_y,pelvis_x,pelvis_y,right_hip_x,right_hip_y,right_knee_x,right_knee_y,right_ankle_x,right_ankle_y,left_hip_x,left_hip_y,left_knee_x,left_knee_y,left_ankle_x,left_ankle_y
0.7308464369354298,0.44419642857142855,0.7509200401472065,0.5870535714285714,0.7375376380060221,0.5825892857142857,0.5970224155235866,0.6183035714285714,0.5100368016058883,0.6495535714285714,0.7576112412177985,0.5915178571428571,0.7910672465707594,0.5915178571428571,0.6438608230177317,0.6361607142857143,0.48327199732351955,0.6584821428571429,0.7442288390766143,0.7299107142857143,0.7375376380060221,0.7254464285714286,0.42305118768819006,0.578125,0.41635998661759777,0.12723214285714285,0.7643024422883907,0.7209821428571429,0.7442288390766143,0.7745535714285714,0.6037136165941787,0.9174107142857143
