head_top_x,head_top_y,upper_neck_x,upper_neck_y,right_shoulder_x,right_shoulder_y,right_elbow_x,right_elbow_y,right_wrist_x,right_wrist_y,thorax_x,thorax_y,left_shoulder_x,left_shoulder_y,left_elbow_x,left_elbow_y,left_wrist_x,left_wrist_y,pelvis_x,pelvis_y,right_hip_x,right_hip_y,right_knee_x,right_knee_y,right_ankle_x,right_ankle_y,left_hip_x,left_hip_y,left_knee_x,left_knee_y,left_ankle_x,left_ankle_y
0.7522321428571429,0.2394236664622931,0.6897321428571429,0.3865726548129982,0.6584821428571429,0.3436541998773759,0.6540178571428571,0.48467198038013487,0.6941964285714286,0.362047823421214,0.6897321428571429,0.4172286940527284,0.6763392857142857,0.4294911097486205,0.6361607142857143,0.48467198038013487,0.6986607142857143,0.3927038626609442,0.37723214285714285,0.4294911097486205,0.37276785714285715,0.4294911097486205,0.36830357142857145,0.7544451256897609,0.3549107142857143,0.8709380748007358,0.36830357142857145,0.4233599019006744,0.36830357142857145,0.7176578786020847,0.36830357142857145,0.8464132434089517
