head_top_x,head_top_y,upper_neck_x,upper_neck_y,right_shoulder_x,right_shoulder_y,right_elbow_x,right_elbow_y,right_wrist_x,right_wrist_y,thorax_x,thorax_y,left_shoulder_x,left_shoulder_y,left_elbow_x,left_elbow_y,left_wrist_x,left_wrist_y,pelvis_x,pelvis_y,right_hip_x,right_hip_y,right_knee_x,right_knee_y,right_ankle_x,right_ankle_y,left_hip_x,left_hip_y,left_knee_x,left_knee_y,left_ankle_x,left_ankle_y
0.5357142857142857,0.265625,0.4722222222222222,0.40848214285714285,0.39285714285714285,0.3950892857142857,0.3531746031746032,0.35044642857142855,0.4722222222222222,0.265625,0.4722222222222222,0.40401785714285715,0.5515873015873015,0.40401785714285715,0.6388888888888888,0.34151785714285715,0.5753968253968255,0.24776785714285715,0.4166666666666667,0.5915178571428571,0.3531746031746032,0.5870535714285714,0.32936507936507936,0.6763392857142857,0.369047619047619,0.6852678571428571,0.49603174603174605,0.5870535714285714,0.4722222222222222,0.6540178571428571,0.4801587301587301,0.6941964285714286
