head_top_x,head_top_y,upper_neck_x,upper_neck_y,right_shoulder_x,right_shoulder_y,right_elbow_x,right_elbow_y,right_wrist_x,right_wrist_y,thorax_x,thorax_y,left_shoulder_x,left_shoulder_y,left_elbow_x,left_elbow_y,left_wrist_x,left_wrist_y,pelvis_x,pelvis_y,right_hip_x,right_hip_y,right_knee_x,right_knee_y,right_ankle_x,right_ankle_y,left_hip_x,left_hip_y,left_knee_x,left_knee_y,left_ankle_x,left_ankle_y
0.43973214285714285,0.7212223472065992,0.4486607142857143,0.5862392200974877,0.44419642857142855,0.6162354705661792,0.4575892857142857,0.631233595800525,0.4486607142857143,0.5862392200974877,0.43526785714285715,0.5337457817772778,0.3861607142857143,0.5562429696287965,0.4575892857142857,0.6087364079490064,0.43973214285714285,0.5337457817772778,0.7209821428571429,0.38376452943382083,0.7522321428571429,0.32377202849643794,0.765625,0.5487439070116235,0.05133928571428571,0.2562804649418823,0.703125,0.3687664041994751,0.7790178571428571,0.5712410948631421,0.08258928571428571,0.2562804649418823
