head_top_x,head_top_y,upper_neck_x,upper_neck_y,right_shoulder_x,right_shoulder_y,right_elbow_x,right_elbow_y,right_wrist_x,right_wrist_y,thorax_x,thorax_y,left_shoulder_x,left_shoulder_y,left_elbow_x,left_elbow_y,left_wrist_x,left_wrist_y,pelvis_x,pelvis_y,right_hip_x,right_hip_y,right_knee_x,right_knee_y,right_ankle_x,right_ankle_y,left_hip_x,left_hip_y,left_knee_x,left_knee_y,left_ankle_x,left_ankle_y
0.47321428571428575,0.24330357142857142,0.5148809523809524,0.40401785714285715,0.4255952380952381,0.40401785714285715,0.37797619047619047,0.47544642857142855,0.43154761904761907,0.5424107142857143,0.5148809523809524,0.40401785714285715,0.5922619047619048,0.39955357142857145,0.6279761904761906,0.4799107142857143,0.6160714285714285,0.5647321428571429,0.5267857142857143,0.5558035714285714,0.4851190476190476,0.5558035714285714,0.4851190476190476,0.6897321428571429,0.4791666666666667,0.8236607142857143,0.5684523809523809,0.5513392857142857,0.5744047619047619,0.6674107142857143,0.5803571428571428,0.8236607142857143
