head_top_x,head_top_y,upper_neck_x,upper_neck_y,right_shoulder_x,right_shoulder_y,right_elbow_x,right_elbow_y,right_wrist_x,right_wrist_y,thorax_x,thorax_y,left_shoulder_x,left_shoulder_y,left_elbow_x,left_elbow_y,left_wrist_x,left_wrist_y,pelvis_x,pelvis_y,right_hip_x,right_hip_y,right_knee_x,right_knee_y,right_ankle_x,right_ankle_y,left_hip_x,left_hip_y,left_knee_x,left_knee_y,left_ankle_x,left_ankle_y
0.38738738738738737,0.16741071428571427,0.36164736164736166,0.30580357142857145,0.3101673101673102,0.2924107142857143,0.2908622908622909,0.34151785714285715,0.380952380952381,0.36830357142857145,0.36808236808236805,0.296875,0.4195624195624195,0.296875,0.5032175032175032,0.3638392857142857,0.5032175032175032,0.37276785714285715,0.36164736164736166,0.43973214285714285,0.323037323037323,0.43526785714285715,0.2908622908622909,0.546875,0.27155727155727155,0.640625,0.3938223938223938,0.43526785714285715,0.3938223938223938,0.5424107142857143,0.36164736164736166,0.6316964285714286
