head_top_x,head_top_y,upper_neck_x,upper_neck_y,right_shoulder_x,right_shoulder_y,right_elbow_x,right_elbow_y,right_wrist_x,right_wrist_y,thorax_x,thorax_y,left_shoulder_x,left_shoulder_y,left_elbow_x,left_elbow_y,left_wrist_x,left_wrist_y,pelvis_x,pelvis_y,right_hip_x,right_hip_y,right_knee_x,right_knee_y,right_ankle_x,right_ankle_y,left_hip_x,left_hip_y,left_knee_x,left_knee_y,left_ankle_x,left_ankle_y
0.7075892857142857,0.19555035128805617,0.5870535714285714,0.26246236199397793,0.5647321428571429,0.20893275342924056,0.5602678571428571,0.14202074272331885,0.5870535714285714,0.22231515557042486,0.5870535714285714,0.26915356306457006,0.6004464285714286,0.31599197055871525,0.609375,0.3561391769822683,0.640625,0.38959518233522916,0.46205357142857145,0.4899631983941117,0.453125,0.5100368016058883,0.515625,0.5301104048176647,0.5379464285714286,0.7174640347942455,0.47098214285714285,0.5033456005352962,0.5200892857142857,0.543492806958849,0.5290178571428571,0.7107728337236534
