head_top_x,head_top_y,upper_neck_x,upper_neck_y,right_shoulder_x,right_shoulder_y,right_elbow_x,right_elbow_y,right_wrist_x,right_wrist_y,thorax_x,thorax_y,left_shoulder_x,left_shoulder_y,left_elbow_x,left_elbow_y,left_wrist_x,left_wrist_y,pelvis_x,pelvis_y,right_hip_x,right_hip_y,right_knee_x,right_knee_y,right_ankle_x,right_ankle_y,left_hip_x,left_hip_y,left_knee_x,left_knee_y,left_ankle_x,left_ankle_y
0.4910714285714286,0.16294642857142858,0.4791666666666667,0.31473214285714285,0.41964285714285715,0.31026785714285715,0.37797619047619047,0.36830357142857145,0.34821428571428575,0.421875,0.4791666666666667,0.31473214285714285,0.5565476190476191,0.3236607142857143,0.5684523809523809,0.3861607142857143,0.5684523809523809,0.4575892857142857,0.47321428571428575,0.43973214285714285,0.4375,0.43973214285714285,0.43154761904761907,0.5558035714285714,0.43154761904761907,0.6495535714285714,0.49702380952380953,0.44419642857142855,0.5029761904761906,0.5647321428571429,0.5148809523809524,0.6495535714285714
