head_top_x,head_top_y,upper_neck_x,upper_neck_y,right_shoulder_x,right_shoulder_y,right_elbow_x,right_elbow_y,right_wrist_x,right_wrist_y,thorax_x,thorax_y,left_shoulder_x,left_shoulder_y,left_elbow_x,left_elbow_y,left_wrist_x,left_wrist_y,pelvis_x,pelvis_y,right_hip_x,right_hip_y,right_knee_x,right_knee_y,right_ankle_x,right_ankle_y,left_hip_x,left_hip_y,left_knee_x,left_knee_y,left_ankle_x,left_ankle_y
0.48327199732351955,0.234375,0.41635998661759777,0.3549107142857143,0.3293743726998996,0.36830357142857145,0.31599197055871525,0.5200892857142857,0.31599197055871525,0.6495535714285714,0.42305118768819006,0.34151785714285715,0.5234192037470726,0.3236607142857143,0.5167280026764804,0.4799107142857143,0.5368016058882569,0.5200892857142857,0.4096687855470056,0.609375,0.36952157912345257,0.609375,0.34944797591167615,0.6941964285714286,0.36283037805286045,0.6941964285714286,0.4565071930411508,0.609375,0.49665439946470386,0.6808035714285714,0.44981599197055866,0.6763392857142857
