head_top_x,head_top_y,upper_neck_x,upper_neck_y,right_shoulder_x,right_shoulder_y,right_elbow_x,right_elbow_y,right_wrist_x,right_wrist_y,thorax_x,thorax_y,left_shoulder_x,left_shoulder_y,left_elbow_x,left_elbow_y,left_wrist_x,left_wrist_y,pelvis_x,pelvis_y,right_hip_x,right_hip_y,right_knee_x,right_knee_y,right_ankle_x,right_ankle_y,left_hip_x,left_hip_y,left_knee_x,left_knee_y,left_ankle_x,left_ankle_y
0.4578228820598007,0.13616071428571427,0.5291995431893688,0.2611607142857143,0.5097331810631229,0.25669642857142855,0.4902668189368772,0.3638392857142857,0.4253789451827243,0.31473214285714285,0.535688330564784,0.2611607142857143,0.581109842192691,0.25223214285714285,0.4902668189368772,0.31026785714285715,0.4448453073089702,0.3013392857142857,0.6654640780730897,0.4174107142857143,0.626531353820598,0.421875,0.626531353820598,0.5736607142857143,0.6330201411960132,0.6852678571428571,0.6914192275747509,0.4174107142857143,0.671952865448505,0.5736607142857143,0.7433295265780732,0.7433035714285714
