head_top_x,head_top_y,upper_neck_x,upper_neck_y,right_shoulder_x,right_shoulder_y,right_elbow_x,right_elbow_y,right_wrist_x,right_wrist_y,thorax_x,thorax_y,left_shoulder_x,left_shoulder_y,left_elbow_x,left_elbow_y,left_wrist_x,left_wrist_y,pelvis_x,pelvis_y,right_hip_x,right_hip_y,right_knee_x,right_knee_y,right_ankle_x,right_ankle_y,left_hip_x,left_hip_y,left_knee_x,left_knee_y,left_ankle_x,left_ankle_y
0.5954433497536946,0.09151785714285714,0.4722906403940887,0.18973214285714285,0.42918719211822665,0.171875,0.44766009852216754,0.25669642857142855,0.5461822660098523,0.3236607142857143,0.4722906403940887,0.18973214285714285,0.521551724137931,0.19866071428571427,0.5338669950738916,0.27901785714285715,0.5831280788177339,0.31473214285714285,0.3737684729064039,0.31473214285714285,0.355295566502463,0.31026785714285715,0.4107142857142857,0.49776785714285715,0.27524630541871925,0.5959821428571429,0.3983990147783251,0.31473214285714285,0.416871921182266,0.484375,0.4230295566502463,0.6584821428571429
