head_top_x,head_top_y,upper_neck_x,upper_neck_y,right_shoulder_x,right_shoulder_y,right_elbow_x,right_elbow_y,right_wrist_x,right_wrist_y,thorax_x,thorax_y,left_shoulder_x,left_shoulder_y,left_elbow_x,left_elbow_y,left_wrist_x,left_wrist_y,pelvis_x,pelvis_y,right_hip_x,right_hip_y,right_knee_x,right_knee_y,right_ankle_x,right_ankle_y,left_hip_x,left_hip_y,left_knee_x,left_knee_y,left_ankle_x,left_ankle_y
0.5208333333333334,0.04241071428571429,0.5148809523809524,0.19419642857142858,0.4255952380952381,0.18526785714285715,0.3839285714285714,0.35044642857142855,0.34821428571428575,0.25669642857142855,0.5148809523809524,0.22544642857142858,0.6041666666666666,0.24330357142857142,0.6160714285714285,0.390625,0.4910714285714286,0.34151785714285715,0.4791666666666667,0.4799107142857143,0.43154761904761907,0.47544642857142855,0.43154761904761907,0.6629464285714286,0.5267857142857143,0.8370535714285714,0.5267857142857143,0.484375,0.5029761904761906,0.6897321428571429,0.5267857142857143,0.8727678571428571
