head_top_x,head_top_y,upper_neck_x,upper_neck_y,right_shoulder_x,right_shoulder_y,right_elbow_x,right_elbow_y,right_wrist_x,right_wrist_y,thorax_x,thorax_y,left_shoulder_x,left_shoulder_y,left_elbow_x,left_elbow_y,left_wrist_x,left_wrist_y,pelvis_x,pelvis_y,right_hip_x,right_hip_y,right_knee_x,right_knee_y,right_ankle_x,right_ankle_y,left_hip_x,left_hip_y,left_knee_x,left_knee_y,left_ankle_x,left_ankle_y
0.39955357142857145,0.2410714285714286,0.44419642857142855,0.40178571428571425,0.4575892857142857,0.41964285714285715,0.4486607142857143,0.3244047619047619,0.3549107142857143,0.6636904761904762,0.43080357142857145,0.3839285714285714,0.3950892857142857,0.3958333333333333,0.546875,0.3363095238095238,0.6183035714285714,0.29464285714285715,0.7209821428571429,0.5148809523809524,0.7254464285714286,0.49702380952380953,0.8504464285714286,0.6755952380952381,0.8816964285714286,0.6696428571428572,0.7165178571428571,0.5148809523809524,0.859375,0.6755952380952381,0.8772321428571429,0.6696428571428572
