head_top_x,head_top_y,upper_neck_x,upper_neck_y,right_shoulder_x,right_shoulder_y,right_elbow_x,right_elbow_y,right_wrist_x,right_wrist_y,thorax_x,thorax_y,left_shoulder_x,left_shoulder_y,left_elbow_x,left_elbow_y,left_wrist_x,left_wrist_y,pelvis_x,pelvis_y,right_hip_x,right_hip_y,right_knee_x,right_knee_y,right_ankle_x,right_ankle_y,left_hip_x,left_hip_y,left_knee_x,left_knee_y,left_ankle_x,left_ankle_y
0.3236607142857143,0.5167280026764804,0.578125,0.24907995985279352,0.5691964285714286,0.25577116092338575,0.5022321428571429,0.5167280026764804,0.40848214285714285,0.48327199732351955,0.5825892857142857,0.25577116092338575,0.5915178571428571,0.229006356641017,0.5290178571428571,0.5769488123118099,0.41294642857142855,0.46319839411174296,0.43526785714285715,0.5301104048176647,0.40401785714285715,0.5033456005352962,0.390625,0.48327199732351955,0.390625,0.5234192037470726,0.421875,0.49665439946470386,0.5379464285714286,0.5836400133824021,0.41294642857142855,0.5100368016058883
