head_top_x,head_top_y,upper_neck_x,upper_neck_y,right_shoulder_x,right_shoulder_y,right_elbow_x,right_elbow_y,right_wrist_x,right_wrist_y,thorax_x,thorax_y,left_shoulder_x,left_shoulder_y,left_elbow_x,left_elbow_y,left_wrist_x,left_wrist_y,pelvis_x,pelvis_y,right_hip_x,right_hip_y,right_knee_x,right_knee_y,right_ankle_x,right_ankle_y,left_hip_x,left_hip_y,left_knee_x,left_knee_y,left_ankle_x,left_ankle_y
0.765625,0.0003353454057679398,0.7165178571428571,0.2015425888665325,0.7388392857142857,0.25519785378940313,0.5736607142857143,0.30885311871227367,0.6897321428571429,0.3423876592890677,0.7075892857142857,0.24178403755868547,0.7611607142857143,0.2686116700201207,0.578125,0.32897384305835015,0.24776785714285715,0.5503018108651913,0.43526785714285715,0.37592219986586184,0.47098214285714285,0.3625083836351442,0.5959821428571429,0.5435949027498322,0.23883928571428573,0.5503018108651913,0.44419642857142855,0.3625083836351442,0.3013392857142857,0.41616364855801474,0.234375,0.5435949027498322
