head_top_x,head_top_y,upper_neck_x,upper_neck_y,right_shoulder_x,right_shoulder_y,right_elbow_x,right_elbow_y,right_wrist_x,right_wrist_y,thorax_x,thorax_y,left_shoulder_x,left_shoulder_y,left_elbow_x,left_elbow_y,left_wrist_x,left_wrist_y,pelvis_x,pelvis_y,right_hip_x,right_hip_y,right_knee_x,right_knee_y,right_ankle_x,right_ankle_y,left_hip_x,left_hip_y,left_knee_x,left_knee_y,left_ankle_x,left_ankle_y
0.5702576112412178,0.16294642857142858,0.5301104048176647,0.28794642857142855,0.5033456005352962,0.2700892857142857,0.46319839411174296,0.39955357142857145,0.5167280026764804,0.49776785714285715,0.5301104048176647,0.27901785714285715,0.5635664101706257,0.2700892857142857,0.5635664101706257,0.36830357142857145,0.5635664101706257,0.46651785714285715,0.5167280026764804,0.4888392857142857,0.5100368016058883,0.5111607142857143,0.5100368016058883,0.6138392857142857,0.40297758447641346,0.8683035714285714,0.5301104048176647,0.515625,0.6639344262295082,0.6450892857142857,0.40297758447641346,0.8549107142857143
