head_top_x,head_top_y,upper_neck_x,upper_neck_y,right_shoulder_x,right_shoulder_y,right_elbow_x,right_elbow_y,right_wrist_x,right_wrist_y,thorax_x,thorax_y,left_shoulder_x,left_shoulder_y,left_elbow_x,left_elbow_y,left_wrist_x,left_wrist_y,pelvis_x,pelvis_y,right_hip_x,right_hip_y,right_knee_x,right_knee_y,right_ankle_x,right_ankle_y,left_hip_x,left_hip_y,left_knee_x,left_knee_y,left_ankle_x,left_ankle_y
0.33705357142857145,0.009345794392523374,0.34151785714285715,0.18958611481975973,0.3325892857142857,0.20293724966622162,0.31473214285714285,0.5300400534045394,0.2700892857142857,0.7369826435246997,0.34151785714285715,0.20961281708945267,0.31026785714285715,0.20961281708945267,0.40401785714285715,0.5567423230974633,0.27455357142857145,0.7303070761014686,0.49776785714285715,0.6969292389853138,0.4575892857142857,0.6702269692923899,0.37723214285714285,0.48331108144192253,0.296875,0.7303070761014686,0.453125,0.6835781041388518,0.3861607142857143,0.48331108144192253,0.28794642857142855,0.7436582109479306
