head_top_x,head_top_y,upper_neck_x,upper_neck_y,right_shoulder_x,right_shoulder_y,right_elbow_x,right_elbow_y,right_wrist_x,right_wrist_y,thorax_x,thorax_y,left_shoulder_x,left_shoulder_y,left_elbow_x,left_elbow_y,left_wrist_x,left_wrist_y,pelvis_x,pelvis_y,right_hip_x,right_hip_y,right_knee_x,right_knee_y,right_ankle_x,right_ankle_y,left_hip_x,left_hip_y,left_knee_x,left_knee_y,left_ankle_x,left_ankle_y
0.22991071428571427,0.4672619047619047,0.328125,0.49702380952380953,0.578125,0.2351190476190476,0.5602678571428571,0.3660714285714286,0.5558035714285714,0.5208333333333334,0.34151785714285715,0.4910714285714286,0.5915178571428571,0.2410714285714286,0.5691964285714286,0.37202380952380953,0.5602678571428571,0.5208333333333334,0.5200892857142857,0.4910714285714286,0.5111607142857143,0.4851190476190476,0.4799107142857143,0.5089285714285715,0.5424107142857143,0.9494047619047619,0.5379464285714286,0.49702380952380953,0.5513392857142857,0.7767857142857143,0.5379464285714286,0.9494047619047619
