head_top_x,head_top_y,upper_neck_x,upper_neck_y,right_shoulder_x,right_shoulder_y,right_elbow_x,right_elbow_y,right_wrist_x,right_wrist_y,thorax_x,thorax_y,left_shoulder_x,left_shoulder_y,left_elbow_x,left_elbow_y,left_wrist_x,left_wrist_y,pelvis_x,pelvis_y,right_hip_x,right_hip_y,right_knee_x,right_knee_y,right_ankle_x,right_ankle_y,left_hip_x,left_hip_y,left_knee_x,left_knee_y,left_ankle_x,left_ankle_y
0.4294117647058823,0.09151785714285714,0.46974789915966386,0.24776785714285715,0.5100840336134455,0.24330357142857142,0.45630252100840335,0.40848214285714285,0.4831932773109243,0.10491071428571429,0.46974789915966386,0.24330357142857142,0.4226890756302521,0.22991071428571427,0.43613445378151255,0.15848214285714285,0.46974789915966386,0.109375,0.4764705882352941,0.5334821428571429,0.4831932773109243,0.5245535714285714,0.34873949579831937,0.7388392857142857,0.29495798319327726,0.8013392857142857,0.4630252100840336,0.5245535714285714,0.30840336134453783,0.7879464285714286,0.36890756302521005,0.9754464285714286
