head_top_x,head_top_y,upper_neck_x,upper_neck_y,right_shoulder_x,right_shoulder_y,right_elbow_x,right_elbow_y,right_wrist_x,right_wrist_y,thorax_x,thorax_y,left_shoulder_x,left_shoulder_y,left_elbow_x,left_elbow_y,left_wrist_x,left_wrist_y,pelvis_x,pelvis_y,right_hip_x,right_hip_y,right_knee_x,right_knee_y,right_ankle_x,right_ankle_y,left_hip_x,left_hip_y,left_knee_x,left_knee_y,left_ankle_x,left_ankle_y
0.35044642857142855,0.10534898891063274,0.36830357142857145,0.261904761904762,0.38169642857142855,0.22928897586431835,0.5022321428571429,0.2553816046966732,0.39955357142857145,0.1966731898238748,0.37276785714285715,0.261904761904762,0.3638392857142857,0.2553816046966732,0.47098214285714285,0.261904761904762,0.43973214285714285,0.7380952380952381,0.6004464285714286,0.3401826484018265,0.34151785714285715,0.4054142204827137,0.359375,0.5032615786040444,0.2700892857142857,0.6141552511415526,0.5870535714285714,0.33365949119373783,0.31919642857142855,0.49673842139595575,0.2611607142857143,0.6272015655577299
