head_top_x,head_top_y,upper_neck_x,upper_neck_y,right_shoulder_x,right_shoulder_y,right_elbow_x,right_elbow_y,right_wrist_x,right_wrist_y,thorax_x,thorax_y,left_shoulder_x,left_shoulder_y,left_elbow_x,left_elbow_y,left_wrist_x,left_wrist_y,pelvis_x,pelvis_y,right_hip_x,right_hip_y,right_knee_x,right_knee_y,right_ankle_x,right_ankle_y,left_hip_x,left_hip_y,left_knee_x,left_knee_y,left_ankle_x,left_ankle_y
0.5245535714285714,0.10600907029478458,0.5379464285714286,0.28741496598639454,0.4799107142857143,0.2987528344671202,0.453125,0.4178004535147392,0.4263392857142857,0.485827664399093,0.546875,0.2987528344671202,0.609375,0.28741496598639454,0.6584821428571429,0.395124716553288,0.6361607142857143,0.4688208616780045,0.5558035714285714,0.5085034013605443,0.5200892857142857,0.5085034013605443,0.47098214285714285,0.6218820861678005,0.47544642857142855,0.8032879818594105,0.5915178571428571,0.514172335600907,0.5647321428571429,0.6558956916099773,0.546875,0.7919501133786849
