head_top_x,head_top_y,upper_neck_x,upper_neck_y,right_shoulder_x,right_shoulder_y,right_elbow_x,right_elbow_y,right_wrist_x,right_wrist_y,thorax_x,thorax_y,left_shoulder_x,left_shoulder_y,left_elbow_x,left_elbow_y,left_wrist_x,left_wrist_y,pelvis_x,pelvis_y,right_hip_x,right_hip_y,right_knee_x,right_knee_y,right_ankle_x,right_ankle_y,left_hip_x,left_hip_y,left_knee_x,left_knee_y,left_ankle_x,left_ankle_y
0.4899631983941117,0.05133928571428571,0.4765807962529274,0.18973214285714285,0.41635998661759777,0.18080357142857142,0.4096687855470056,0.25669642857142855,0.4297423887587822,0.16741071428571427,0.4765807962529274,0.17633928571428573,0.5702576112412178,0.16294642857142858,0.5836400133824021,0.22991071428571427,0.46988959518233525,0.16294642857142858,0.48327199732351955,0.33705357142857145,0.43643358982937436,0.3325892857142857,0.3962863834058213,0.47544642857142855,0.42305118768819006,0.6183035714285714,0.5301104048176647,0.33705357142857145,0.543492806958849,0.47098214285714285,0.5368016058882569,0.6049107142857143
