head_top_x,head_top_y,upper_neck_x,upper_neck_y,right_shoulder_x,right_shoulder_y,right_elbow_x,right_elbow_y,right_wrist_x,right_wrist_y,thorax_x,thorax_y,left_shoulder_x,left_shoulder_y,left_elbow_x,left_elbow_y,left_wrist_x,left_wrist_y,pelvis_x,pelvis_y,right_hip_x,right_hip_y,right_knee_x,right_knee_y,right_ankle_x,right_ankle_y,left_hip_x,left_hip_y,left_knee_x,left_knee_y,left_ankle_x,left_ankle_y
0.5022321428571429,0.21628838451268362,0.49330357142857145,0.41655540720961287,0.4575892857142857,0.41655540720961287,0.41294642857142855,0.2563417890520695,0.44419642857142855,0.6034712950600801,0.49776785714285715,0.4098798397863819,0.5245535714285714,0.403204272363151,0.5066964285714286,0.33644859813084116,0.453125,0.2830440587449934,0.46651785714285715,0.5233644859813084,0.4486607142857143,0.5433911882510013,0.43080357142857145,0.4632843791722297,0.43973214285714285,0.6234979973297731,0.484375,0.5166889185580774,0.6183035714285714,0.636849132176235,0.44419642857142855,0.6234979973297731
