head_top_x,head_top_y,upper_neck_x,upper_neck_y,right_shoulder_x,right_shoulder_y,right_elbow_x,right_elbow_y,right_wrist_x,right_wrist_y,thorax_x,thorax_y,left_shoulder_x,left_shoulder_y,left_elbow_x,left_elbow_y,left_wrist_x,left_wrist_y,pelvis_x,pelvis_y,right_hip_x,right_hip_y,right_knee_x,right_knee_y,right_ankle_x,right_ankle_y,left_hip_x,left_hip_y,left_knee_x,left_knee_y,left_ankle_x,left_ankle_y
0.6044474393530997,0.04241071428571429,0.6381401617250673,0.19866071428571427,0.4629380053908355,0.2611607142857143,0.3955525606469003,0.40848214285714285,0.3214285714285714,0.5200892857142857,0.6381401617250673,0.2611607142857143,0.799865229110512,0.2700892857142857,0.8133423180592991,0.4486607142857143,0.8066037735849058,0.5736607142857143,0.5977088948787063,0.609375,0.5235849056603774,0.6138392857142857,0.5033692722371969,0.8191964285714286,0.5438005390835579,0.9709821428571429,0.6853099730458221,0.6138392857142857,0.745956873315364,0.8236607142857143,0.772911051212938,0.9709821428571429
