head_top_x,head_top_y,upper_neck_x,upper_neck_y,right_shoulder_x,right_shoulder_y,right_elbow_x,right_elbow_y,right_wrist_x,right_wrist_y,thorax_x,thorax_y,left_shoulder_x,left_shoulder_y,left_elbow_x,left_elbow_y,left_wrist_x,left_wrist_y,pelvis_x,pelvis_y,right_hip_x,right_hip_y,right_knee_x,right_knee_y,right_ankle_x,right_ankle_y,left_hip_x,left_hip_y,left_knee_x,left_knee_y,left_ankle_x,left_ankle_y
0.39233193277310924,0.11383928571428571,0.43960084033613445,0.24330357142857142,0.3503151260504202,0.22544642857142858,0.3135504201680672,0.27455357142857145,0.3082983193277311,0.35044642857142855,0.4343487394957983,0.22544642857142858,0.5026260504201682,0.19866071428571427,0.5709033613445378,0.24330357142857142,0.6286764705882354,0.3325892857142857,0.48161764705882354,0.3325892857142857,0.42909663865546216,0.3325892857142857,0.41334033613445376,0.4575892857142857,0.42909663865546216,0.6049107142857143,0.5236344537815126,0.3236607142857143,0.5656512605042017,0.4575892857142857,0.6181722689075632,0.5825892857142857
