head_top_x,head_top_y,upper_neck_x,upper_neck_y,right_shoulder_x,right_shoulder_y,right_elbow_x,right_elbow_y,right_wrist_x,right_wrist_y,thorax_x,thorax_y,left_shoulder_x,left_shoulder_y,left_elbow_x,left_elbow_y,left_wrist_x,left_wrist_y,pelvis_x,pelvis_y,right_hip_x,right_hip_y,right_knee_x,right_knee_y,right_ankle_x,right_ankle_y,left_hip_x,left_hip_y,left_knee_x,left_knee_y,left_ankle_x,left_ankle_y
0.609375,0.09958667011108242,0.6316964285714286,0.24941875484370965,0.5334821428571429,0.2907517437354689,0.41294642857142855,0.19775251872901062,0.36830357142857145,0.053087057607853275,0.6316964285714286,0.3010849909584087,0.6629464285714286,0.3010849909584087,0.40401785714285715,0.19775251872901062,0.36830357142857145,0.053087057607853275,0.5825892857142857,0.5387496770860244,0.578125,0.5439163006974942,0.7254464285714286,0.4819168173598553,0.6897321428571429,0.7350813743218807,0.6049107142857143,0.5594161715319039,0.7299107142857143,0.4819168173598553,0.6897321428571429,0.7299147507104108
