head_top_x,head_top_y,upper_neck_x,upper_neck_y,right_shoulder_x,right_shoulder_y,right_elbow_x,right_elbow_y,right_wrist_x,right_wrist_y,thorax_x,thorax_y,left_shoulder_x,left_shoulder_y,left_elbow_x,left_elbow_y,left_wrist_x,left_wrist_y,pelvis_x,pelvis_y,right_hip_x,right_hip_y,right_knee_x,right_knee_y,right_ankle_x,right_ankle_y,left_hip_x,left_hip_y,left_knee_x,left_knee_y,left_ankle_x,left_ankle_y
0.4318316538233551,0.12276785714285714,0.43775933609958506,0.27901785714285715,0.34291641967990505,0.27455357142857145,0.3251333728512152,0.37276785714285715,0.34291641967990505,0.37276785714285715,0.43775933609958506,0.28348214285714285,0.532602252519265,0.28348214285714285,0.6155898043864848,0.37723214285714285,0.6807943094250148,0.46651785714285715,0.43775933609958506,0.49776785714285715,0.384410195613515,0.5022321428571429,0.33106105512744516,0.6852678571428571,0.42590397154712495,0.8370535714285714,0.491108476585655,0.49330357142857145,0.47332542975696507,0.671875,0.455542382928275,0.8459821428571429
