head_top_x,head_top_y,upper_neck_x,upper_neck_y,right_shoulder_x,right_shoulder_y,right_elbow_x,right_elbow_y,right_wrist_x,right_wrist_y,thorax_x,thorax_y,left_shoulder_x,left_shoulder_y,left_elbow_x,left_elbow_y,left_wrist_x,left_wrist_y,pelvis_x,pelvis_y,right_hip_x,right_hip_y,right_knee_x,right_knee_y,right_ankle_x,right_ankle_y,left_hip_x,left_hip_y,left_knee_x,left_knee_y,left_ankle_x,left_ankle_y
0.47544642857142855,0.030106257378984654,0.41294642857142855,0.17178276269185358,0.34151785714285715,0.22373081463990557,0.5602678571428571,0.41263282172373084,0.09151785714285714,0.25206611570247933,0.40401785714285715,0.21428571428571427,0.484375,0.2190082644628099,0.5558035714285714,0.3937426210153483,0.6450892857142857,0.5543093270365997,0.27455357142857145,0.49291617473435656,0.22991071428571427,0.49291617473435656,0.453125,0.6629279811097992,0.6049107142857143,0.7101534828807556,0.34598214285714285,0.4881936245572609,0.49776785714285715,0.474025974025974,0.6183035714285714,0.70543093270366
