head_top_x,head_top_y,upper_neck_x,upper_neck_y,right_shoulder_x,right_shoulder_y,right_elbow_x,right_elbow_y,right_wrist_x,right_wrist_y,thorax_x,thorax_y,left_shoulder_x,left_shoulder_y,left_elbow_x,left_elbow_y,left_wrist_x,left_wrist_y,pelvis_x,pelvis_y,right_hip_x,right_hip_y,right_knee_x,right_knee_y,right_ankle_x,right_ankle_y,left_hip_x,left_hip_y,left_knee_x,left_knee_y,left_ankle_x,left_ankle_y
0.5742500742500742,0.05580357142857143,0.5504900504900505,0.22098214285714285,0.4257499257499257,0.2700892857142857,0.3128898128898129,0.41294642857142855,0.5742500742500742,0.296875,0.5445500445500446,0.27455357142857145,0.6752301752301751,0.27901785714285715,0.7049302049302048,0.421875,0.6098901098901098,0.3013392857142857,0.4732699732699733,0.6584821428571429,0.401989901989902,0.671875,0.3188298188298188,0.40401785714285715,0.4673299673299673,0.8683035714285714,0.5564300564300565,0.6540178571428571,0.5980100980100981,0.8727678571428571,0.6158301158301158,0.7834821428571429
