head_top_x,head_top_y,upper_neck_x,upper_neck_y,right_shoulder_x,right_shoulder_y,right_elbow_x,right_elbow_y,right_wrist_x,right_wrist_y,thorax_x,thorax_y,left_shoulder_x,left_shoulder_y,left_elbow_x,left_elbow_y,left_wrist_x,left_wrist_y,pelvis_x,pelvis_y,right_hip_x,right_hip_y,right_knee_x,right_knee_y,right_ankle_x,right_ankle_y,left_hip_x,left_hip_y,left_knee_x,left_knee_y,left_ankle_x,left_ankle_y
0.7388392857142857,0.566079295154185,0.5424107142857143,0.4150409062303335,0.5424107142857143,0.37098804279421016,0.44419642857142855,0.3772813089993706,0.6941964285714286,0.566079295154185,0.5290178571428571,0.4150409062303335,0.5111607142857143,0.43392070484581496,0.6540178571428571,0.38357457520453114,0.6986607142857143,0.5597860289490245,0.515625,0.33952171176840784,0.5245535714285714,0.3080553807426054,0.5736607142857143,0.47168030207677786,0.7388392857142857,0.773757079924481,0.5066964285714286,0.3772813089993706,0.6138392857142857,0.46538703587161734,0.7075892857142857,0.566079295154185
