head_top_x,head_top_y,upper_neck_x,upper_neck_y,right_shoulder_x,right_shoulder_y,right_elbow_x,right_elbow_y,right_wrist_x,right_wrist_y,thorax_x,thorax_y,left_shoulder_x,left_shoulder_y,left_elbow_x,left_elbow_y,left_wrist_x,left_wrist_y,pelvis_x,pelvis_y,right_hip_x,right_hip_y,right_knee_x,right_knee_y,right_ankle_x,right_ankle_y,left_hip_x,left_hip_y,left_knee_x,left_knee_y,left_ankle_x,left_ankle_y
0.6450892857142857,0.46988959518233525,0.5602678571428571,0.37621278019404486,0.578125,0.36952157912345257,0.44419642857142855,0.26915356306457006,0.515625,0.41635998661759777,0.5647321428571429,0.36283037805286045,0.578125,0.37621278019404486,0.6316964285714286,0.5033456005352962,0.6941964285714286,0.46988959518233525,0.37723214285714285,0.382903981264637,0.3861607142857143,0.382903981264637,0.5959821428571429,0.41635998661759777,0.640625,0.7509200401472065,0.37276785714285715,0.38959518233522916,0.6138392857142857,0.41635998661759777,0.6495535714285714,0.7442288390766143
