head_top_x,head_top_y,upper_neck_x,upper_neck_y,right_shoulder_x,right_shoulder_y,right_elbow_x,right_elbow_y,right_wrist_x,right_wrist_y,thorax_x,thorax_y,left_shoulder_x,left_shoulder_y,left_elbow_x,left_elbow_y,left_wrist_x,left_wrist_y,pelvis_x,pelvis_y,right_hip_x,right_hip_y,right_knee_x,right_knee_y,right_ankle_x,right_ankle_y,left_hip_x,left_hip_y,left_knee_x,left_knee_y,left_ankle_x,left_ankle_y
0.34420928865373307,0.08705357142857142,0.414756025867137,0.22544642857142858,0.5146972369194591,0.22991071428571427,0.567607289829512,0.36830357142857145,0.5970017636684304,0.4888392857142857,0.42063492063492064,0.23883928571428573,0.32069370958259846,0.25223214285714285,0.27366255144032925,0.3861607142857143,0.21487360376249265,0.33705357142857145,0.4559082892416226,0.4575892857142857,0.49118165784832457,0.46205357142857145,0.43239271017048797,0.6941964285714286,0.40299823633156967,0.8816964285714286,0.42063492063492064,0.46205357142857145,0.379482657260435,0.6808035714285714,0.35008818342151676,0.8950892857142857
