head_top_x,head_top_y,upper_neck_x,upper_neck_y,right_shoulder_x,right_shoulder_y,right_elbow_x,right_elbow_y,right_wrist_x,right_wrist_y,thorax_x,thorax_y,left_shoulder_x,left_shoulder_y,left_elbow_x,left_elbow_y,left_wrist_x,left_wrist_y,pelvis_x,pelvis_y,right_hip_x,right_hip_y,right_knee_x,right_knee_y,right_ankle_x,right_ankle_y,left_hip_x,left_hip_y,left_knee_x,left_knee_y,left_ankle_x,left_ankle_y
0.5558035714285714,0.09151785714285714,0.484375,0.22544642857142858,0.41294642857142855,0.203125,0.34151785714285715,0.296875,0.3861607142857143,0.34151785714285715,0.484375,0.22991071428571427,0.5558035714285714,0.23883928571428573,0.5647321428571429,0.33705357142857145,0.6316964285714286,0.37276785714285715,0.46205357142857145,0.43080357142857145,0.40848214285714285,0.43526785714285715,0.34151785714285715,0.5959821428571429,0.3013392857142857,0.703125,0.515625,0.4263392857142857,0.6183035714285714,0.5825892857142857,0.6674107142857143,0.734375
