head_top_x,head_top_y,upper_neck_x,upper_neck_y,right_shoulder_x,right_shoulder_y,right_elbow_x,right_elbow_y,right_wrist_x,right_wrist_y,thorax_x,thorax_y,left_shoulder_x,left_shoulder_y,left_elbow_x,left_elbow_y,left_wrist_x,left_wrist_y,pelvis_x,pelvis_y,right_hip_x,right_hip_y,right_knee_x,right_knee_y,right_ankle_x,right_ankle_y,left_hip_x,left_hip_y,left_knee_x,left_knee_y,left_ankle_x,left_ankle_y
0.5022321428571429,0.13274932614555252,0.515625,0.3214285714285714,0.44419642857142855,0.3079514824797844,0.37276785714285715,0.33490566037735847,0.40848214285714285,0.19339622641509432,0.515625,0.3079514824797844,0.5825892857142857,0.31469002695417786,0.5558035714285714,0.45619946091644203,0.5111607142857143,0.24730458221024257,0.5245535714285714,0.5101078167115903,0.4888392857142857,0.49663072776280326,0.453125,0.5370619946091644,0.4486607142857143,0.799865229110512,0.5736607142857143,0.5033692722371969,0.5111607142857143,0.5505390835579516,0.546875,0.7931266846361188
