head_top_x,head_top_y,upper_neck_x,upper_neck_y,right_shoulder_x,right_shoulder_y,right_elbow_x,right_elbow_y,right_wrist_x,right_wrist_y,thorax_x,thorax_y,left_shoulder_x,left_shoulder_y,left_elbow_x,left_elbow_y,left_wrist_x,left_wrist_y,pelvis_x,pelvis_y,right_hip_x,right_hip_y,right_knee_x,right_knee_y,right_ankle_x,right_ankle_y,left_hip_x,left_hip_y,left_knee_x,left_knee_y,left_ankle_x,left_ankle_y
0.5268977884040645,0.12723214285714285,0.5268977884040645,0.2924107142857143,0.35355648535564854,0.31919642857142855,0.32367005379557684,0.47544642857142855,0.4252839210998207,0.484375,0.5209205020920502,0.34151785714285715,0.6823072325164375,0.37723214285714285,0.8078302450687388,0.49776785714285715,0.622534369396294,0.47544642857142855,0.5149432157800359,0.6272321428571429,0.4193066347878064,0.6138392857142857,0.23998804542737603,0.6495535714285714,0.10251046025104604,0.859375,0.622534369396294,0.6316964285714286,0.7540346682606097,0.6986607142857143,0.08457860131500299,0.8861607142857143
