head_top_x,head_top_y,upper_neck_x,upper_neck_y,right_shoulder_x,right_shoulder_y,right_elbow_x,right_elbow_y,right_wrist_x,right_wrist_y,thorax_x,thorax_y,left_shoulder_x,left_shoulder_y,left_elbow_x,left_elbow_y,left_wrist_x,left_wrist_y,pelvis_x,pelvis_y,right_hip_x,right_hip_y,right_knee_x,right_knee_y,right_ankle_x,right_ankle_y,left_hip_x,left_hip_y,left_knee_x,left_knee_y,left_ankle_x,left_ankle_y
0.34944797591167615,0.28348214285714285,0.43643358982937436,0.40848214285714285,0.3360655737704918,0.43080357142857145,0.30260956841753095,0.5513392857142857,0.26915356306457006,0.546875,0.44981599197055866,0.41294642857142855,0.5702576112412178,0.40401785714285715,0.6304784208765473,0.546875,0.40297758447641346,0.49330357142857145,0.5368016058882569,0.5736607142857143,0.4565071930411508,0.5736607142857143,0.2959183673469387,0.5959821428571429,0.34944797591167615,0.7388392857142857,0.6104048176647708,0.5736607142857143,0.4297423887587822,0.6049107142857143,0.5568752091000335,0.7745535714285714
