head_top_x,head_top_y,upper_neck_x,upper_neck_y,right_shoulder_x,right_shoulder_y,right_elbow_x,right_elbow_y,right_wrist_x,right_wrist_y,thorax_x,thorax_y,left_shoulder_x,left_shoulder_y,left_elbow_x,left_elbow_y,left_wrist_x,left_wrist_y,pelvis_x,pelvis_y,right_hip_x,right_hip_y,right_knee_x,right_knee_y,right_ankle_x,right_ankle_y,left_hip_x,left_hip_y,left_knee_x,left_knee_y,left_ankle_x,left_ankle_y
0.5647321428571429,0.4097416744475568,0.4799107142857143,0.48443821973233736,0.515625,0.48443821973233736,0.41294642857142855,0.6774042950513539,0.515625,0.8018985371926547,0.4799107142857143,0.48443821973233736,0.453125,0.5280112044817927,0.4799107142857143,0.6400560224089636,0.515625,0.7272019919078744,0.27455357142857145,0.36616868969810146,0.265625,0.4035169623404918,0.47098214285714285,0.5342359165888577,0.515625,0.7707749766573297,0.25669642857142855,0.3537192654839713,0.484375,0.5093370681605977,0.5111607142857143,0.7707749766573297
