head_top_x,head_top_y,upper_neck_x,upper_neck_y,right_shoulder_x,right_shoulder_y,right_elbow_x,right_elbow_y,right_wrist_x,right_wrist_y,thorax_x,thorax_y,left_shoulder_x,left_shoulder_y,left_elbow_x,left_elbow_y,left_wrist_x,left_wrist_y,pelvis_x,pelvis_y,right_hip_x,right_hip_y,right_knee_x,right_knee_y,right_ankle_x,right_ankle_y,left_hip_x,left_hip_y,left_knee_x,left_knee_y,left_ankle_x,left_ankle_y
0.6103489412466447,0.05133928571428571,0.5268416343572919,0.18526785714285715,0.4552639427378467,0.19866071428571427,0.3657918282135401,0.31919642857142855,0.3896510587533552,0.43973214285714285,0.5149120190873845,0.203125,0.5626304801670147,0.21205357142857142,0.6103489412466447,0.359375,0.6938562481359976,0.4575892857142857,0.473158365642708,0.46205357142857145,0.4373695198329854,0.46205357142857145,0.5029824038174769,0.6540178571428571,0.473158365642708,0.8415178571428571,0.5149120190873845,0.4575892857142857,0.5268416343572919,0.6450892857142857,0.5507008648971071,0.828125
