head_top_x,head_top_y,upper_neck_x,upper_neck_y,right_shoulder_x,right_shoulder_y,right_elbow_x,right_elbow_y,right_wrist_x,right_wrist_y,thorax_x,thorax_y,left_shoulder_x,left_shoulder_y,left_elbow_x,left_elbow_y,left_wrist_x,left_wrist_y,pelvis_x,pelvis_y,right_hip_x,right_hip_y,right_knee_x,right_knee_y,right_ankle_x,right_ankle_y,left_hip_x,left_hip_y,left_knee_x,left_knee_y,left_ankle_x,left_ankle_y
0.4494047619047619,0.6004464285714286,0.40178571428571425,0.546875,0.3958333333333333,0.5602678571428571,0.4136904761904762,0.453125,0.2410714285714286,0.3861607142857143,0.40178571428571425,0.5513392857142857,0.41964285714285715,0.5870535714285714,0.5327380952380952,0.27901785714285715,0.43154761904761907,0.421875,0.3898809523809524,0.5022321428571429,0.3839285714285714,0.484375,0.4255952380952381,0.6183035714285714,0.43154761904761907,0.7924107142857143,0.34821428571428575,0.5111607142857143,0.45535714285714285,0.609375,0.43154761904761907,0.7879464285714286
