head_top_x,head_top_y,upper_neck_x,upper_neck_y,right_shoulder_x,right_shoulder_y,right_elbow_x,right_elbow_y,right_wrist_x,right_wrist_y,thorax_x,thorax_y,left_shoulder_x,left_shoulder_y,left_elbow_x,left_elbow_y,left_wrist_x,left_wrist_y,pelvis_x,pelvis_y,right_hip_x,right_hip_y,right_knee_x,right_knee_y,right_ankle_x,right_ankle_y,left_hip_x,left_hip_y,left_knee_x,left_knee_y,left_ankle_x,left_ankle_y
0.3950892857142857,0.7678571428571428,0.421875,0.6752645502645502,0.43973214285714285,0.628968253968254,0.38169642857142855,0.6554232804232805,0.46651785714285715,0.5231481481481481,0.43526785714285715,0.6355820105820105,0.453125,0.662037037037037,0.484375,0.6223544973544973,0.47098214285714285,0.5231481481481481,0.6674107142857143,0.5892857142857142,0.7120535714285714,0.5892857142857142,0.8147321428571429,0.6157407407407407,0.9486607142857143,0.5562169312169313,0.7209821428571429,0.5958994708994709,0.796875,0.5826719576719577,0.9709821428571429,0.5694444444444444
