head_top_x,head_top_y,upper_neck_x,upper_neck_y,right_shoulder_x,right_shoulder_y,right_elbow_x,right_elbow_y,right_wrist_x,right_wrist_y,thorax_x,thorax_y,left_shoulder_x,left_shoulder_y,left_elbow_x,left_elbow_y,left_wrist_x,left_wrist_y,pelvis_x,pelvis_y,right_hip_x,right_hip_y,right_knee_x,right_knee_y,right_ankle_x,right_ankle_y,left_hip_x,left_hip_y,left_knee_x,left_knee_y,left_ankle_x,left_ankle_y
0.5167280026764804,0.15848214285714285,0.49665439946470386,0.3013392857142857,0.36952157912345257,0.30580357142857145,0.26915356306457006,0.4174107142857143,0.3962863834058213,0.4263392857142857,0.4899631983941117,0.31026785714285715,0.617096018735363,0.31473214285714285,0.5167280026764804,0.3861607142857143,0.36283037805286045,0.41294642857142855,0.543492806958849,0.5245535714285714,0.4899631983941117,0.5290178571428571,0.5234192037470726,0.6540178571428571,0.4431247908999665,0.7924107142857143,0.6037136165941787,0.515625,0.5501840080294413,0.6540178571428571,0.5234192037470726,0.8191964285714286
