head_top_x,head_top_y,upper_neck_x,upper_neck_y,right_shoulder_x,right_shoulder_y,right_elbow_x,right_elbow_y,right_wrist_x,right_wrist_y,thorax_x,thorax_y,left_shoulder_x,left_shoulder_y,left_elbow_x,left_elbow_y,left_wrist_x,left_wrist_y,pelvis_x,pelvis_y,right_hip_x,right_hip_y,right_knee_x,right_knee_y,right_ankle_x,right_ankle_y,left_hip_x,left_hip_y,left_knee_x,left_knee_y,left_ankle_x,left_ankle_y
0.7700892857142857,0.6104048176647708,0.6674107142857143,0.5702576112412178,0.6361607142857143,0.5501840080294413,0.4575892857142857,0.49665439946470386,0.34598214285714285,0.37621278019404486,0.6540178571428571,0.5702576112412178,0.6584821428571429,0.5769488123118099,0.6495535714285714,0.7107728337236534,0.6584821428571429,0.5368016058882569,0.46651785714285715,0.5368016058882569,0.46205357142857145,0.5368016058882569,0.35044642857142855,0.7308464369354298,0.11383928571428571,0.617096018735363,0.47098214285714285,0.5501840080294413,0.3549107142857143,0.7241552358648377,0.13616071428571427,0.6037136165941787
