head_top_x,head_top_y,upper_neck_x,upper_neck_y,right_shoulder_x,right_shoulder_y,right_elbow_x,right_elbow_y,right_wrist_x,right_wrist_y,thorax_x,thorax_y,left_shoulder_x,left_shoulder_y,left_elbow_x,left_elbow_y,left_wrist_x,left_wrist_y,pelvis_x,pelvis_y,right_hip_x,right_hip_y,right_knee_x,right_knee_y,right_ankle_x,right_ankle_y,left_hip_x,left_hip_y,left_knee_x,left_knee_y,left_ankle_x,left_ankle_y
0.4025010597710894,0.734375,0.47032640949554894,0.2924107142857143,0.4957609156422212,0.28794642857142855,0.47032640949554894,0.33705357142857145,0.4025010597710894,0.40848214285714285,0.4872827469266638,0.31026785714285715,0.5127172530733363,0.2924107142857143,0.4788045782111064,0.3236607142857143,0.3855447223399745,0.4263392857142857,0.3601102161933022,0.515625,0.3770665536244171,0.5066964285714286,0.3770665536244171,0.6897321428571429,0.4788045782111064,0.8459821428571429,0.34315387876218734,0.5111607142857143,0.34315387876218734,0.6897321428571429,0.4025010597710894,0.8727678571428571
