head_top_x,head_top_y,upper_neck_x,upper_neck_y,right_shoulder_x,right_shoulder_y,right_elbow_x,right_elbow_y,right_wrist_x,right_wrist_y,thorax_x,thorax_y,left_shoulder_x,left_shoulder_y,left_elbow_x,left_elbow_y,left_wrist_x,left_wrist_y,pelvis_x,pelvis_y,right_hip_x,right_hip_y,right_knee_x,right_knee_y,right_ankle_x,right_ankle_y,left_hip_x,left_hip_y,left_knee_x,left_knee_y,left_ankle_x,left_ankle_y
0.31473214285714285,0.8312144529943125,0.37723214285714285,0.7241552358648377,0.37723214285714285,0.7576112412177985,0.30580357142857145,0.6037136165941787,0.37723214285714285,0.5167280026764804,0.37723214285714285,0.7241552358648377,0.37276785714285715,0.7643024422883907,0.43526785714285715,0.6572432251589161,0.36830357142857145,0.5167280026764804,0.421875,0.5836400133824021,0.453125,0.5702576112412178,0.6272321428571429,0.6572432251589161,0.671875,0.7174640347942455,0.421875,0.5970224155235866,0.43526785714285715,0.5903312144529942,0.671875,0.7308464369354298
