head_top_x,head_top_y,upper_neck_x,upper_neck_y,right_shoulder_x,right_shoulder_y,right_elbow_x,right_elbow_y,right_wrist_x,right_wrist_y,thorax_x,thorax_y,left_shoulder_x,left_shoulder_y,left_elbow_x,left_elbow_y,left_wrist_x,left_wrist_y,pelvis_x,pelvis_y,right_hip_x,right_hip_y,right_knee_x,right_knee_y,right_ankle_x,right_ankle_y,left_hip_x,left_hip_y,left_knee_x,left_knee_y,left_ankle_x,left_ankle_y
0.41294642857142855,0.036048064085447265,0.4486607142857143,0.26301735647530045,0.47544642857142855,0.3097463284379173,0.484375,0.4232309746328438,0.5066964285714286,0.650200267022697,0.453125,0.3097463284379173,0.43526785714285715,0.32309746328437916,0.484375,0.4432576769025368,0.484375,0.616822429906542,0.46651785714285715,0.5233644859813084,0.46651785714285715,0.5033377837116155,0.41294642857142855,0.5767690253671562,0.453125,0.6835781041388518,0.47544642857142855,0.5233644859813084,0.39955357142857145,0.5834445927903872,0.47544642857142855,0.6902536715620828
