head_top_x,head_top_y,upper_neck_x,upper_neck_y,right_shoulder_x,right_shoulder_y,right_elbow_x,right_elbow_y,right_wrist_x,right_wrist_y,thorax_x,thorax_y,left_shoulder_x,left_shoulder_y,left_elbow_x,left_elbow_y,left_wrist_x,left_wrist_y,pelvis_x,pelvis_y,right_hip_x,right_hip_y,right_knee_x,right_knee_y,right_ankle_x,right_ankle_y,left_hip_x,left_hip_y,left_knee_x,left_knee_y,left_ankle_x,left_ankle_y
0.36830357142857145,0.4968876439464675,0.38169642857142855,0.42841581076875196,0.4575892857142857,0.5217864923747276,0.43973214285714285,0.39106753812636164,0.37723214285714285,0.4719887955182073,0.41294642857142855,0.4657640834111422,0.4263392857142857,0.5404606286959227,0.41294642857142855,0.5217864923747276,0.37276785714285715,0.45331465919701214,0.6540178571428571,0.5404606286959227,0.6674107142857143,0.565359477124183,0.546875,0.5342359165888577,0.7790178571428571,0.42841581076875196,0.6540178571428571,0.5466853408029879,0.38169642857142855,0.32882041705571113,0.35044642857142855,0.3474945533769063
