head_top_x,head_top_y,upper_neck_x,upper_neck_y,right_shoulder_x,right_shoulder_y,right_elbow_x,right_elbow_y,right_wrist_x,right_wrist_y,thorax_x,thorax_y,left_shoulder_x,left_shoulder_y,left_elbow_x,left_elbow_y,left_wrist_x,left_wrist_y,pelvis_x,pelvis_y,right_hip_x,right_hip_y,right_knee_x,right_knee_y,right_ankle_x,right_ankle_y,left_hip_x,left_hip_y,left_knee_x,left_knee_y,left_ankle_x,left_ankle_y
0.30260956841753095,0.19866071428571427,0.26246236199397793,0.33705357142857145,0.16209434593509536,0.3325892857142857,0.18216794914687182,0.41294642857142855,0.2156239544998327,0.46651785714285715,0.26246236199397793,0.3325892857142857,0.36283037805286045,0.3325892857142857,0.4297423887587822,0.40848214285714285,0.6037136165941787,0.31473214285714285,0.2892271662763466,0.5111607142857143,0.24238875878220137,0.5066964285714286,0.20224155235864832,0.6004464285714286,0.2156239544998327,0.7388392857142857,0.3360655737704918,0.5066964285714286,0.3561391769822683,0.5870535714285714,0.3561391769822683,0.7433035714285714
