head_top_x,head_top_y,upper_neck_x,upper_neck_y,right_shoulder_x,right_shoulder_y,right_elbow_x,right_elbow_y,right_wrist_x,right_wrist_y,thorax_x,thorax_y,left_shoulder_x,left_shoulder_y,left_elbow_x,left_elbow_y,left_wrist_x,left_wrist_y,pelvis_x,pelvis_y,right_hip_x,right_hip_y,right_knee_x,right_knee_y,right_ankle_x,right_ankle_y,left_hip_x,left_hip_y,left_knee_x,left_knee_y,left_ankle_x,left_ankle_y
0.3638392857142857,0.5529100529100529,0.4263392857142857,0.4159663865546218,0.44419642857142855,0.559134765017118,0.4486607142857143,0.2790227201991908,0.5245535714285714,0.4595393713040772,0.421875,0.49066293183940246,0.3950892857142857,0.4097416744475568,0.49330357142857145,0.49066293183940246,0.5290178571428571,0.4595393713040772,0.6049107142857143,0.2727980080921258,0.6183035714285714,0.26034858387799564,0.7566964285714286,0.36616868969810146,0.4174107142857143,0.8267973856209151,0.609375,0.2727980080921258,0.765625,0.3723934018051665,0.4174107142857143,0.8267973856209151
