head_top_x,head_top_y,upper_neck_x,upper_neck_y,right_shoulder_x,right_shoulder_y,right_elbow_x,right_elbow_y,right_wrist_x,right_wrist_y,thorax_x,thorax_y,left_shoulder_x,left_shoulder_y,left_elbow_x,left_elbow_y,left_wrist_x,left_wrist_y,pelvis_x,pelvis_y,right_hip_x,right_hip_y,right_knee_x,right_knee_y,right_ankle_x,right_ankle_y,left_hip_x,left_hip_y,left_knee_x,left_knee_y,left_ankle_x,left_ankle_y
0.4972098214285714,0.05580357142857143,0.48046875,0.203125,0.3856026785714285,0.24776785714285715,0.3465401785714285,0.37276785714285715,0.3186383928571429,0.484375,0.4748883928571429,0.234375,0.5697544642857142,0.21205357142857142,0.59765625,0.35044642857142855,0.6311383928571429,0.4575892857142857,0.49162946428571425,0.46205357142857145,0.44140625,0.47098214285714285,0.5362723214285714,0.671875,0.5753348214285714,0.8816964285714286,0.5418526785714286,0.453125,0.5362723214285714,0.6763392857142857,0.59765625,0.8861607142857143
