head_top_x,head_top_y,upper_neck_x,upper_neck_y,right_shoulder_x,right_shoulder_y,right_elbow_x,right_elbow_y,right_wrist_x,right_wrist_y,thorax_x,thorax_y,left_shoulder_x,left_shoulder_y,left_elbow_x,left_elbow_y,left_wrist_x,left_wrist_y,pelvis_x,pelvis_y,right_hip_x,right_hip_y,right_knee_x,right_knee_y,right_ankle_x,right_ankle_y,left_hip_x,left_hip_y,left_knee_x,left_knee_y,left_ankle_x,left_ankle_y
0.2821482196482197,0.09151785714285714,0.3625858000858001,0.22991071428571427,0.24192942942942944,0.265625,0.1748981123981124,0.40848214285714285,0.1950075075075075,0.5424107142857143,0.3759920634920635,0.265625,0.523460960960961,0.25669642857142855,0.5301640926640926,0.41294642857142855,0.46313277563277566,0.515625,0.40950772200772206,0.5111607142857143,0.3156638781638782,0.5245535714285714,0.12797619047619047,0.7477678571428571,0.39610145860145873,0.7700892857142857,0.5100546975546976,0.4799107142857143,0.5971954096954097,0.5111607142857143,0.751367438867439,0.6852678571428571
