head_top_x,head_top_y,upper_neck_x,upper_neck_y,right_shoulder_x,right_shoulder_y,right_elbow_x,right_elbow_y,right_wrist_x,right_wrist_y,thorax_x,thorax_y,left_shoulder_x,left_shoulder_y,left_elbow_x,left_elbow_y,left_wrist_x,left_wrist_y,pelvis_x,pelvis_y,right_hip_x,right_hip_y,right_knee_x,right_knee_y,right_ankle_x,right_ankle_y,left_hip_x,left_hip_y,left_knee_x,left_knee_y,left_ankle_x,left_ankle_y
0.5111607142857143,0.23507712944332665,0.5200892857142857,0.4228705566733736,0.4486607142857143,0.40945674044265595,0.44419642857142855,0.5301810865191147,0.453125,0.6240778001341382,0.5200892857142857,0.37592219986586184,0.5825892857142857,0.3558014755197854,0.6183035714285714,0.46311200536552644,0.6361607142857143,0.5167672702883971,0.5379464285714286,0.5771294433266264,0.49776785714285715,0.5838363514419852,0.515625,0.7515090543259558,0.515625,0.8722334004024145,0.5736607142857143,0.5704225352112676,0.5959821428571429,0.7380952380952381,0.5870535714285714,0.8051643192488261
