head_top_x,head_top_y,upper_neck_x,upper_neck_y,right_shoulder_x,right_shoulder_y,right_elbow_x,right_elbow_y,right_wrist_x,right_wrist_y,thorax_x,thorax_y,left_shoulder_x,left_shoulder_y,left_elbow_x,left_elbow_y,left_wrist_x,left_wrist_y,pelvis_x,pelvis_y,right_hip_x,right_hip_y,right_knee_x,right_knee_y,right_ankle_x,right_ankle_y,left_hip_x,left_hip_y,left_knee_x,left_knee_y,left_ankle_x,left_ankle_y
0.13169642857142858,0.06845238095238097,0.23883928571428573,0.18154761904761907,0.22544642857142858,0.22321428571428573,0.4575892857142857,0.37797619047619047,0.30580357142857145,0.37797619047619047,0.23883928571428573,0.19940476190476195,0.25223214285714285,0.1875,0.4486607142857143,0.29464285714285715,0.31026785714285715,0.37202380952380953,0.515625,0.4672619047619047,0.5111607142857143,0.4672619047619047,0.5066964285714286,0.6577380952380952,0.49330357142857145,0.9196428571428572,0.5245535714285714,0.4613095238095238,0.5245535714285714,0.6636904761904762,0.5513392857142857,0.9196428571428572
