head_top_x,head_top_y,upper_neck_x,upper_neck_y,right_shoulder_x,right_shoulder_y,right_elbow_x,right_elbow_y,right_wrist_x,right_wrist_y,thorax_x,thorax_y,left_shoulder_x,left_shoulder_y,left_elbow_x,left_elbow_y,left_wrist_x,left_wrist_y,pelvis_x,pelvis_y,right_hip_x,right_hip_y,right_knee_x,right_knee_y,right_ankle_x,right_ankle_y,left_hip_x,left_hip_y,left_knee_x,left_knee_y,left_ankle_x,left_ankle_y
0.6495535714285714,0.1517857142857143,0.5870535714285714,0.3244047619047619,0.546875,0.34821428571428575,0.515625,0.4255952380952381,0.5245535714285714,0.5029761904761906,0.5915178571428571,0.3125,0.6272321428571429,0.3244047619047619,0.6316964285714286,0.4375,0.6227678571428571,0.5565476190476191,0.5602678571428571,0.43154761904761907,0.5290178571428571,0.4255952380952381,0.5424107142857143,0.5744047619047619,0.5200892857142857,0.7410714285714285,0.5915178571428571,0.43154761904761907,0.609375,0.6041666666666666,0.5870535714285714,0.6934523809523809
