head_top_x,head_top_y,upper_neck_x,upper_neck_y,right_shoulder_x,right_shoulder_y,right_elbow_x,right_elbow_y,right_wrist_x,right_wrist_y,thorax_x,thorax_y,left_shoulder_x,left_shoulder_y,left_elbow_x,left_elbow_y,left_wrist_x,left_wrist_y,pelvis_x,pelvis_y,right_hip_x,right_hip_y,right_knee_x,right_knee_y,right_ankle_x,right_ankle_y,left_hip_x,left_hip_y,left_knee_x,left_knee_y,left_ankle_x,left_ankle_y
0.6371696219471394,0.328125,0.48327199732351955,0.40401785714285715,0.4297423887587822,0.41294642857142855,0.37621278019404486,0.2611607142857143,0.26915356306457006,0.18973214285714285,0.5100368016058883,0.3861607142857143,0.5769488123118099,0.40401785714285715,0.5970224155235866,0.4486607142857143,0.5903312144529942,0.453125,0.3427567748410839,0.515625,0.30260956841753095,0.5111607142857143,0.4765807962529274,0.5825892857142857,0.3561391769822683,0.7165178571428571,0.382903981264637,0.515625,0.38959518233522916,0.6316964285714286,0.34944797591167615,0.7075892857142857
