head_top_x,head_top_y,upper_neck_x,upper_neck_y,right_shoulder_x,right_shoulder_y,right_elbow_x,right_elbow_y,right_wrist_x,right_wrist_y,thorax_x,thorax_y,left_shoulder_x,left_shoulder_y,left_elbow_x,left_elbow_y,left_wrist_x,left_wrist_y,pelvis_x,pelvis_y,right_hip_x,right_hip_y,right_knee_x,right_knee_y,right_ankle_x,right_ankle_y,left_hip_x,left_hip_y,left_knee_x,left_knee_y,left_ankle_x,left_ankle_y
0.6098901098901098,0.16294642857142858,0.6158301158301158,0.2611607142857143,0.5861300861300862,0.24330357142857142,0.5326700326700327,0.2924107142857143,0.49108999108999113,0.5066964285714286,0.6098901098901098,0.2611607142857143,0.603950103950104,0.25223214285714285,0.5920700920700921,0.43080357142857145,0.5683100683100683,0.46205357142857145,0.5148500148500149,0.5111607142857143,0.5089100089100089,0.5111607142857143,0.33070983070983073,0.6227678571428571,0.4138699138699139,0.8950892857142857,0.5148500148500149,0.5066964285714286,0.3128898128898129,0.6004464285714286,0.3663498663498664,0.7924107142857143
