head_top_x,head_top_y,upper_neck_x,upper_neck_y,right_shoulder_x,right_shoulder_y,right_elbow_x,right_elbow_y,right_wrist_x,right_wrist_y,thorax_x,thorax_y,left_shoulder_x,left_shoulder_y,left_elbow_x,left_elbow_y,left_wrist_x,left_wrist_y,pelvis_x,pelvis_y,right_hip_x,right_hip_y,right_knee_x,right_knee_y,right_ankle_x,right_ankle_y,left_hip_x,left_hip_y,left_knee_x,left_knee_y,left_ankle_x,left_ankle_y
0.8102678571428571,0.2928026172300982,0.703125,0.4454743729552891,0.703125,0.4672846237731734,0.6986607142857143,0.2928026172300982,0.8058035714285714,0.3146128680479826,0.6986607142857143,0.460014540167212,0.7120535714285714,0.47455470737913485,0.8325892857142857,0.4091239549254817,0.8191964285714286,0.27826245001817523,0.5379464285714286,0.5908760450745183,0.5200892857142857,0.5617957106506726,0.40848214285714285,0.6999272991639404,0.19866071428571427,0.7435478007997092,0.5558035714285714,0.6199563794983642,0.40848214285714285,0.6926572155579789,0.203125,0.7508178844056707
