head_top_x,head_top_y,upper_neck_x,upper_neck_y,right_shoulder_x,right_shoulder_y,right_elbow_x,right_elbow_y,right_wrist_x,right_wrist_y,thorax_x,thorax_y,left_shoulder_x,left_shoulder_y,left_elbow_x,left_elbow_y,left_wrist_x,left_wrist_y,pelvis_x,pelvis_y,right_hip_x,right_hip_y,right_knee_x,right_knee_y,right_ankle_x,right_ankle_y,left_hip_x,left_hip_y,left_knee_x,left_knee_y,left_ankle_x,left_ankle_y
0.5501840080294413,0.020089285714285716,0.48327199732351955,0.12723214285714285,0.34944797591167615,0.12276785714285714,0.25577116092338575,0.2924107142857143,0.3561391769822683,0.40401785714285715,0.48327199732351955,0.15401785714285715,0.6371696219471394,0.171875,0.6371696219471394,0.3325892857142857,0.543492806958849,0.18973214285714285,0.49665439946470386,0.43080357142857145,0.4431247908999665,0.4486607142857143,0.4765807962529274,0.6584821428571429,0.5501840080294413,0.7209821428571429,0.543492806958849,0.421875,0.6840080294412846,0.40848214285714285,0.6572432251589161,0.5870535714285714
