head_top_x,head_top_y,upper_neck_x,upper_neck_y,right_shoulder_x,right_shoulder_y,right_elbow_x,right_elbow_y,right_wrist_x,right_wrist_y,thorax_x,thorax_y,left_shoulder_x,left_shoulder_y,left_elbow_x,left_elbow_y,left_wrist_x,left_wrist_y,pelvis_x,pelvis_y,right_hip_x,right_hip_y,right_knee_x,right_knee_y,right_ankle_x,right_ankle_y,left_hip_x,left_hip_y,left_knee_x,left_knee_y,left_ankle_x,left_ankle_y
0.5022321428571429,-0.002232142857142857,0.484375,0.17226473922902494,0.41294642857142855,0.14864417989417988,0.36830357142857145,0.24903155706727137,0.3549107142857143,0.33760865457294026,0.4799107142857143,0.15454931972789118,0.5558035714285714,0.16045445956160242,0.5825892857142857,0.28446239606953894,0.6183035714285714,0.38484977324263037,0.484375,0.3907549130763417,0.4486607142857143,0.3907549130763417,0.44419642857142855,0.579719387755102,0.4174107142857143,0.7568735827664399,0.5245535714285714,0.3907549130763417,0.546875,0.579719387755102,0.5870535714285714,0.7627787226001512
