head_top_x,head_top_y,upper_neck_x,upper_neck_y,right_shoulder_x,right_shoulder_y,right_elbow_x,right_elbow_y,right_wrist_x,right_wrist_y,thorax_x,thorax_y,left_shoulder_x,left_shoulder_y,left_elbow_x,left_elbow_y,left_wrist_x,left_wrist_y,pelvis_x,pelvis_y,right_hip_x,right_hip_y,right_knee_x,right_knee_y,right_ankle_x,right_ankle_y,left_hip_x,left_hip_y,left_knee_x,left_knee_y,left_ankle_x,left_ankle_y
0.780435499835038,0.5915178571428571,0.3581326294952161,0.41294642857142855,0.384526558891455,0.3861607142857143,0.39112504124051467,0.5870535714285714,0.4571098647311119,0.578125,0.3581326294952161,0.41294642857142855,0.3251402177499175,0.38169642857142855,0.37792807654239524,0.6183035714285714,0.4901022764764105,0.453125,0.3977235235895745,0.6049107142857143,0.3977235235895745,0.5915178571428571,0.688056746948202,0.4174107142857143,0.7210491586935005,0.5825892857142857,0.4043220059386342,0.609375,0.688056746948202,0.4174107142857143,0.7144506763444408,0.5825892857142857
