head_top_x,head_top_y,upper_neck_x,upper_neck_y,right_shoulder_x,right_shoulder_y,right_elbow_x,right_elbow_y,right_wrist_x,right_wrist_y,thorax_x,thorax_y,left_shoulder_x,left_shoulder_y,left_elbow_x,left_elbow_y,left_wrist_x,left_wrist_y,pelvis_x,pelvis_y,right_hip_x,right_hip_y,right_knee_x,right_knee_y,right_ankle_x,right_ankle_y,left_hip_x,left_hip_y,left_knee_x,left_knee_y,left_ankle_x,left_ankle_y
0.18526785714285715,0.578125,0.3236607142857143,0.5200892857142857,0.2700892857142857,0.5245535714285714,0.16294642857142858,0.5334821428571429,0.19866071428571427,0.5334821428571429,0.31026785714285715,0.515625,0.34598214285714285,0.46651785714285715,0.4575892857142857,0.4575892857142857,0.484375,0.49330357142857145,0.4888392857142857,0.49776785714285715,0.4799107142857143,0.5022321428571429,0.5870535714285714,0.5915178571428571,0.7075892857142857,0.546875,0.515625,0.4888392857142857,0.6183035714285714,0.6450892857142857,0.6227678571428571,0.6629464285714286
