head_top_x,head_top_y,upper_neck_x,upper_neck_y,right_shoulder_x,right_shoulder_y,right_elbow_x,right_elbow_y,right_wrist_x,right_wrist_y,thorax_x,thorax_y,left_shoulder_x,left_shoulder_y,left_elbow_x,left_elbow_y,left_wrist_x,left_wrist_y,pelvis_x,pelvis_y,right_hip_x,right_hip_y,right_knee_x,right_knee_y,right_ankle_x,right_ankle_y,left_hip_x,left_hip_y,left_knee_x,left_knee_y,left_ankle_x,left_ankle_y
0.22098214285714285,0.6101190476190476,0.40848214285714285,0.4791666666666667,0.35044642857142855,0.49702380952380953,0.2611607142857143,0.6577380952380952,0.27455357142857145,0.7053571428571428,0.40401785714285715,0.4791666666666667,0.40401785714285715,0.4791666666666667,0.2611607142857143,0.6279761904761906,0.28348214285714285,0.7113095238095238,0.5513392857142857,0.4077380952380953,0.5602678571428571,0.40178571428571425,0.6316964285714286,0.3005952380952381,0.10491071428571429,0.2351190476190476,0.5424107142857143,0.40178571428571425,0.6584821428571429,0.3005952380952381,0.10491071428571429,0.2410714285714286
