head_top_x,head_top_y,upper_neck_x,upper_neck_y,right_shoulder_x,right_shoulder_y,right_elbow_x,right_elbow_y,right_wrist_x,right_wrist_y,thorax_x,thorax_y,left_shoulder_x,left_shoulder_y,left_elbow_x,left_elbow_y,left_wrist_x,left_wrist_y,pelvis_x,pelvis_y,right_hip_x,right_hip_y,right_knee_x,right_knee_y,right_ankle_x,right_ankle_y,left_hip_x,left_hip_y,left_knee_x,left_knee_y,left_ankle_x,left_ankle_y
0.5627615062761506,0.296875,0.4252839210998207,0.37276785714285715,0.35953377166766287,0.3325892857142857,0.23401075911536162,0.359375,0.37746563060370597,0.41294642857142855,0.4432157800358637,0.359375,0.5388523610280932,0.36830357142857145,0.622534369396294,0.3325892857142857,0.8496712492528392,0.36830357142857145,0.4432157800358637,0.46651785714285715,0.39539748953974896,0.47544642857142855,0.43126120741183505,0.5424107142857143,0.44919306634787814,0.640625,0.4970113568439929,0.4575892857142857,0.5149432157800359,0.5245535714285714,0.5029886431560072,0.6495535714285714
