head_top_x,head_top_y,upper_neck_x,upper_neck_y,right_shoulder_x,right_shoulder_y,right_elbow_x,right_elbow_y,right_wrist_x,right_wrist_y,thorax_x,thorax_y,left_shoulder_x,left_shoulder_y,left_elbow_x,left_elbow_y,left_wrist_x,left_wrist_y,pelvis_x,pelvis_y,right_hip_x,right_hip_y,right_knee_x,right_knee_y,right_ankle_x,right_ankle_y,left_hip_x,left_hip_y,left_knee_x,left_knee_y,left_ankle_x,left_ankle_y
0.38942020322773463,0.37276785714285715,0.46712492528392113,0.4799107142857143,0.38942020322773463,0.5066964285714286,0.44919306634787814,0.5290178571428571,0.4013747758517633,0.5870535714285714,0.47310221159593546,0.43973214285714285,0.5388523610280932,0.4174107142857143,0.5567842199641363,0.515625,0.4193066347878064,0.6049107142857143,0.6165570830842797,0.484375,0.4850567842199641,0.4799107142857143,0.44919306634787814,0.578125,0.38942020322773463,0.9129464285714286,0.6763299462044232,0.49330357142857145,0.4850567842199641,0.6004464285714286,0.5747160789001793,0.9263392857142857
