head_top_x,head_top_y,upper_neck_x,upper_neck_y,right_shoulder_x,right_shoulder_y,right_elbow_x,right_elbow_y,right_wrist_x,right_wrist_y,thorax_x,thorax_y,left_shoulder_x,left_shoulder_y,left_elbow_x,left_elbow_y,left_wrist_x,left_wrist_y,pelvis_x,pelvis_y,right_hip_x,right_hip_y,right_knee_x,right_knee_y,right_ankle_x,right_ankle_y,left_hip_x,left_hip_y,left_knee_x,left_knee_y,left_ankle_x,left_ankle_y
0.36021138765768834,0.04241071428571429,0.3465734742584385,0.18973214285714285,0.18973747016706444,0.19419642857142858,0.1829185134674395,0.33705357142857145,0.14200477326968972,0.46651785714285715,0.3329355608591885,0.19419642857142858,0.4829526082509376,0.19419642857142858,0.4829526082509376,0.35044642857142855,0.4829526082509376,0.43973214285714285,0.3670303443573133,0.4174107142857143,0.27156495056256386,0.4174107142857143,0.31247869076031365,0.6138392857142857,0.26474599386293896,0.8102678571428571,0.43521991135356286,0.40848214285714285,0.42840095465393796,0.6183035714285714,0.6125127855438118,0.890625
