head_top_x,head_top_y,upper_neck_x,upper_neck_y,right_shoulder_x,right_shoulder_y,right_elbow_x,right_elbow_y,right_wrist_x,right_wrist_y,thorax_x,thorax_y,left_shoulder_x,left_shoulder_y,left_elbow_x,left_elbow_y,left_wrist_x,left_wrist_y,pelvis_x,pelvis_y,right_hip_x,right_hip_y,right_knee_x,right_knee_y,right_ankle_x,right_ankle_y,left_hip_x,left_hip_y,left_knee_x,left_knee_y,left_ankle_x,left_ankle_y
0.7611607142857143,0.12217750950145316,0.7299107142857143,0.26972948803934715,0.6674107142857143,0.27867203219315895,0.5870535714285714,0.36809747373127655,0.6227678571428571,0.4843505477308294,0.7299107142857143,0.2965571205007825,0.8102678571428571,0.32338475296221775,0.7388392857142857,0.4396378269617706,0.6674107142857143,0.48882181980773526,0.6049107142857143,0.4932930918846412,0.5959821428571429,0.4798792756539236,0.38169642857142855,0.5380058126537001,0.359375,0.6721439749608764,0.6495535714285714,0.49776436396154705,0.484375,0.5737759892689471,0.37276785714285715,0.6810865191146882
