head_top_x,head_top_y,upper_neck_x,upper_neck_y,right_shoulder_x,right_shoulder_y,right_elbow_x,right_elbow_y,right_wrist_x,right_wrist_y,thorax_x,thorax_y,left_shoulder_x,left_shoulder_y,left_elbow_x,left_elbow_y,left_wrist_x,left_wrist_y,pelvis_x,pelvis_y,right_hip_x,right_hip_y,right_knee_x,right_knee_y,right_ankle_x,right_ankle_y,left_hip_x,left_hip_y,left_knee_x,left_knee_y,left_ankle_x,left_ankle_y
0.5397675130009176,0.05133928571428571,0.4969409605383909,0.19419642857142858,0.4051697766901193,0.19866071428571427,0.33175282961150193,0.296875,0.30116243499541145,0.39955357142857145,0.4908228816151728,0.203125,0.5764759865402264,0.203125,0.5825940654634444,0.28348214285714285,0.6009483022330988,0.328125,0.4602324869990822,0.41294642857142855,0.41740593453655545,0.41294642857142855,0.47246864484551854,0.5870535714285714,0.41128785561333736,0.7611607142857143,0.4969409605383909,0.41294642857142855,0.4785867237687366,0.5825892857142857,0.41740593453655545,0.7433035714285714
