head_top_x,head_top_y,upper_neck_x,upper_neck_y,right_shoulder_x,right_shoulder_y,right_elbow_x,right_elbow_y,right_wrist_x,right_wrist_y,thorax_x,thorax_y,left_shoulder_x,left_shoulder_y,left_elbow_x,left_elbow_y,left_wrist_x,left_wrist_y,pelvis_x,pelvis_y,right_hip_x,right_hip_y,right_knee_x,right_knee_y,right_ankle_x,right_ankle_y,left_hip_x,left_hip_y,left_knee_x,left_knee_y,left_ankle_x,left_ankle_y
0.3156638781638782,0.078125,0.41621085371085376,0.20758928571428573,0.6843361218361218,0.24776785714285715,0.7245549120549121,0.47098214285714285,0.6910392535392537,0.5959821428571429,0.40950772200772206,0.20758928571428573,0.27544508794508793,0.25669642857142855,0.3156638781638782,0.4174107142857143,0.3089607464607465,0.5200892857142857,0.5100546975546976,0.5424107142857143,0.5904922779922779,0.5513392857142857,0.7580705705705706,0.6629464285714286,0.6642267267267268,0.9174107142857143,0.42291398541398545,0.5334821428571429,0.3357732732732733,0.6808035714285714,0.3826951951951952,0.921875
