head_top_x,head_top_y,upper_neck_x,upper_neck_y,right_shoulder_x,right_shoulder_y,right_elbow_x,right_elbow_y,right_wrist_x,right_wrist_y,thorax_x,thorax_y,left_shoulder_x,left_shoulder_y,left_elbow_x,left_elbow_y,left_wrist_x,left_wrist_y,pelvis_x,pelvis_y,right_hip_x,right_hip_y,right_knee_x,right_knee_y,right_ankle_x,right_ankle_y,left_hip_x,left_hip_y,left_knee_x,left_knee_y,left_ankle_x,left_ankle_y
0.6183035714285714,0.0863095238095238,0.5602678571428571,0.30654761904761907,0.44419642857142855,0.29464285714285715,0.3549107142857143,0.4136904761904762,0.3013392857142857,0.4375,0.5647321428571429,0.3244047619047619,0.6897321428571429,0.3660714285714286,0.5870535714285714,0.7291666666666666,0.453125,0.7708333333333334,0.5245535714285714,0.5803571428571428,0.4575892857142857,0.5684523809523809,0.23883928571428573,0.7113095238095238,0.16741071428571427,0.7351190476190476,0.5691964285714286,0.6101190476190476,0.6629464285714286,0.5625,0.41294642857142855,0.8601190476190476
