head_top_x,head_top_y,upper_neck_x,upper_neck_y,right_shoulder_x,right_shoulder_y,right_elbow_x,right_elbow_y,right_wrist_x,right_wrist_y,thorax_x,thorax_y,left_shoulder_x,left_shoulder_y,left_elbow_x,left_elbow_y,left_wrist_x,left_wrist_y,pelvis_x,pelvis_y,right_hip_x,right_hip_y,right_knee_x,right_knee_y,right_ankle_x,right_ankle_y,left_hip_x,left_hip_y,left_knee_x,left_knee_y,left_ankle_x,left_ankle_y
0.28794642857142855,0.23803702410059374,0.3950892857142857,0.36377925253230875,0.41294642857142855,0.32885085574572126,0.390625,0.4965071603213413,0.46205357142857145,0.2939224589591338,0.40401785714285715,0.3707649318896263,0.36830357142857145,0.3917219699615788,0.5424107142857143,0.4685644428920713,0.47544642857142855,0.3078938176737688,0.453125,0.4685644428920713,0.43526785714285715,0.4825358016067062,0.515625,0.5454069158225636,0.11383928571428571,0.2729654208871813,0.47544642857142855,0.4825358016067062,0.5647321428571429,0.5174641983932938,0.12723214285714285,0.28693677960181624
