head_top_x,head_top_y,upper_neck_x,upper_neck_y,right_shoulder_x,right_shoulder_y,right_elbow_x,right_elbow_y,right_wrist_x,right_wrist_y,thorax_x,thorax_y,left_shoulder_x,left_shoulder_y,left_elbow_x,left_elbow_y,left_wrist_x,left_wrist_y,pelvis_x,pelvis_y,right_hip_x,right_hip_y,right_knee_x,right_knee_y,right_ankle_x,right_ankle_y,left_hip_x,left_hip_y,left_knee_x,left_knee_y,left_ankle_x,left_ankle_y
0.515625,0.0029761904761904656,0.5111607142857143,0.19940476190476195,0.4575892857142857,0.19345238095238093,0.41294642857142855,0.2827380952380953,0.40848214285714285,0.1875,0.5111607142857143,0.19940476190476195,0.5558035714285714,0.19940476190476195,0.5691964285714286,0.3422619047619047,0.5915178571428571,0.25297619047619047,0.4799107142857143,0.5446428571428572,0.44419642857142855,0.5446428571428572,0.49330357142857145,0.6517857142857143,0.49330357142857145,0.8601190476190476,0.5066964285714286,0.5327380952380952,0.515625,0.7053571428571428,0.515625,0.8779761904761906
