head_top_x,head_top_y,upper_neck_x,upper_neck_y,right_shoulder_x,right_shoulder_y,right_elbow_x,right_elbow_y,right_wrist_x,right_wrist_y,thorax_x,thorax_y,left_shoulder_x,left_shoulder_y,left_elbow_x,left_elbow_y,left_wrist_x,left_wrist_y,pelvis_x,pelvis_y,right_hip_x,right_hip_y,right_knee_x,right_knee_y,right_ankle_x,right_ankle_y,left_hip_x,left_hip_y,left_knee_x,left_knee_y,left_ankle_x,left_ankle_y
0.3013392857142857,0.014887922382067589,0.37276785714285715,0.19555035128805617,0.30580357142857145,0.20893275342924056,0.3325892857142857,0.31599197055871525,0.39955357142857145,0.26915356306457006,0.37276785714285715,0.19555035128805617,0.43080357142857145,0.15540314486450313,0.47544642857142855,0.26246236199397793,0.5245535714285714,0.17547674807627966,0.43526785714285715,0.42305118768819006,0.39955357142857145,0.42305118768819006,0.37723214285714285,0.6505520240883239,0.37723214285714285,0.8579792572766811,0.47544642857142855,0.41635998661759777,0.5022321428571429,0.6371696219471394,0.5334821428571429,0.817832050853128
