head_top_x,head_top_y,upper_neck_x,upper_neck_y,right_shoulder_x,right_shoulder_y,right_elbow_x,right_elbow_y,right_wrist_x,right_wrist_y,thorax_x,thorax_y,left_shoulder_x,left_shoulder_y,left_elbow_x,left_elbow_y,left_wrist_x,left_wrist_y,pelvis_x,pelvis_y,right_hip_x,right_hip_y,right_knee_x,right_knee_y,right_ankle_x,right_ankle_y,left_hip_x,left_hip_y,left_knee_x,left_knee_y,left_ankle_x,left_ankle_y
0.8236607142857143,0.20224155235864832,0.6852678571428571,0.30930076948812313,0.6540178571428571,0.30260956841753095,0.7522321428571429,0.3360655737704918,0.6674107142857143,0.34944797591167615,0.6852678571428571,0.30930076948812313,0.6897321428571429,0.25577116092338575,0.7611607142857143,0.2959183673469387,0.6763392857142857,0.34944797591167615,0.421875,0.46319839411174296,0.421875,0.44981599197055866,0.47544642857142855,0.4765807962529274,0.7611607142857143,0.18216794914687182,0.421875,0.4765807962529274,0.43526785714285715,0.46988959518233525,0.7924107142857143,0.18885915021746405
