head_top_x,head_top_y,upper_neck_x,upper_neck_y,right_shoulder_x,right_shoulder_y,right_elbow_x,right_elbow_y,right_wrist_x,right_wrist_y,thorax_x,thorax_y,left_shoulder_x,left_shoulder_y,left_elbow_x,left_elbow_y,left_wrist_x,left_wrist_y,pelvis_x,pelvis_y,right_hip_x,right_hip_y,right_knee_x,right_knee_y,right_ankle_x,right_ankle_y,left_hip_x,left_hip_y,left_knee_x,left_knee_y,left_ankle_x,left_ankle_y
0.5774456521739131,0.35326086956521735,0.38722826086956524,0.35326086956521735,0.33016304347826086,0.3423913043478261,0.28396739130434784,0.4221014492753623,0.3491847826086957,0.44021739130434784,0.38722826086956524,0.34963768115942034,0.45516304347826086,0.3242753623188406,0.5394021739130435,0.4583333333333333,0.5529891304347826,0.4474637681159421,0.3763586956521739,0.5344202898550724,0.3383152173913043,0.5235507246376812,0.327445652173913,0.6503623188405797,0.39809782608695654,0.7699275362318841,0.41983695652173914,0.5344202898550724,0.5692934782608695,0.5344202898550724,0.59375,0.7880434782608696
