head_top_x,head_top_y,upper_neck_x,upper_neck_y,right_shoulder_x,right_shoulder_y,right_elbow_x,right_elbow_y,right_wrist_x,right_wrist_y,thorax_x,thorax_y,left_shoulder_x,left_shoulder_y,left_elbow_x,left_elbow_y,left_wrist_x,left_wrist_y,pelvis_x,pelvis_y,right_hip_x,right_hip_y,right_knee_x,right_knee_y,right_ankle_x,right_ankle_y,left_hip_x,left_hip_y,left_knee_x,left_knee_y,left_ankle_x,left_ankle_y
0.42527173913043476,-0.001358695652173913,0.46059782608695654,0.17225194221071283,0.41983695652173914,0.1837518740629685,0.4116847826086957,0.2527514651765027,0.31929347826086957,0.24891815455908411,0.46059782608695654,0.1760852528281314,0.4986413043478261,0.16841863159329423,0.6127717391304348,0.12625221480169005,0.6671195652173914,0.27191801826359546,0.48233695652173914,0.5134165871609649,0.43342391304347827,0.5172498977783835,0.34375,0.7012488074144746,0.17798913043478262,0.82008143655445,0.5258152173913043,0.5057499659261279,0.6616847826086957,0.636082526918359,0.751358695652174,0.9005809595202399
