head_top_x,head_top_y,upper_neck_x,upper_neck_y,right_shoulder_x,right_shoulder_y,right_elbow_x,right_elbow_y,right_wrist_x,right_wrist_y,thorax_x,thorax_y,left_shoulder_x,left_shoulder_y,left_elbow_x,left_elbow_y,left_wrist_x,left_wrist_y,pelvis_x,pelvis_y,right_hip_x,right_hip_y,right_knee_x,right_knee_y,right_ankle_x,right_ankle_y,left_hip_x,left_hip_y,left_knee_x,left_knee_y,left_ankle_x,left_ankle_y
0.561141304347826,0.1337595907928389,0.5991847826086957,0.27698209718670075,0.5801630434782609,0.2933503836317135,0.5366847826086957,0.3629156010230179,0.485054347826087,0.3997442455242967,0.6073369565217391,0.30153452685421994,0.6209239130434783,0.26061381074168793,0.5910326086956522,0.2237851662404092,0.5720108695652174,0.2074168797953964,0.6480978260869565,0.41202046035805623,0.6372282608695652,0.4242966751918159,0.5855978260869565,0.6207161125319693,0.623641304347826,0.7843989769820973,0.6480978260869565,0.3792838874680307,0.6725543478260869,0.6616368286445012,0.7377717391304348,0.8171355498721228
