head_top_x,head_top_y,upper_neck_x,upper_neck_y,right_shoulder_x,right_shoulder_y,right_elbow_x,right_elbow_y,right_wrist_x,right_wrist_y,thorax_x,thorax_y,left_shoulder_x,left_shoulder_y,left_elbow_x,left_elbow_y,left_wrist_x,left_wrist_y,pelvis_x,pelvis_y,right_hip_x,right_hip_y,right_knee_x,right_knee_y,right_ankle_x,right_ankle_y,left_hip_x,left_hip_y,left_knee_x,left_knee_y,left_ankle_x,left_ankle_y
0.4945652173913044,0.19429347826086957,0.4692028985507246,0.33016304347826086,0.38224637681159424,0.297554347826087,0.4039855072463768,0.46059782608695654,0.621376811594203,0.3845108695652174,0.46195652173913043,0.3111413043478261,0.5199275362318841,0.3328804347826087,0.621376811594203,0.41440217391304346,0.6539855072463768,0.40625,0.5054347826086957,0.4741847826086957,0.4692028985507246,0.47690217391304346,0.6902173913043478,0.4470108695652174,0.6721014492753623,0.6372282608695652,0.5380434782608696,0.4741847826086957,0.6684782608695653,0.44972826086956524,0.6793478260869565,0.6535326086956522
