head_top_x,head_top_y,upper_neck_x,upper_neck_y,right_shoulder_x,right_shoulder_y,right_elbow_x,right_elbow_y,right_wrist_x,right_wrist_y,thorax_x,thorax_y,left_shoulder_x,left_shoulder_y,left_elbow_x,left_elbow_y,left_wrist_x,left_wrist_y,pelvis_x,pelvis_y,right_hip_x,right_hip_y,right_knee_x,right_knee_y,right_ankle_x,right_ankle_y,left_hip_x,left_hip_y,left_knee_x,left_knee_y,left_ankle_x,left_ankle_y
0.5040760869565217,0.0018115942028985588,0.4986413043478261,0.1902173913043478,0.42527173913043476,0.1684782608695652,0.4116847826086957,0.30978260869565216,0.4008152173913043,0.20833333333333334,0.501358695652174,0.17572463768115942,0.5720108695652174,0.1902173913043478,0.5692934782608695,0.338768115942029,0.5828804347826086,0.25905797101449274,0.49592391304347827,0.4981884057971015,0.452445652173913,0.4945652173913044,0.4741847826086957,0.39311594202898553,0.5095108695652174,0.5235507246376812,0.5448369565217391,0.48007246376811596,0.5258152173913043,0.35688405797101447,0.5475543478260869,0.5271739130434782
