head_top_x,head_top_y,upper_neck_x,upper_neck_y,right_shoulder_x,right_shoulder_y,right_elbow_x,right_elbow_y,right_wrist_x,right_wrist_y,thorax_x,thorax_y,left_shoulder_x,left_shoulder_y,left_elbow_x,left_elbow_y,left_wrist_x,left_wrist_y,pelvis_x,pelvis_y,right_hip_x,right_hip_y,right_knee_x,right_knee_y,right_ankle_x,right_ankle_y,left_hip_x,left_hip_y,left_knee_x,left_knee_y,left_ankle_x,left_ankle_y
0.4979587670953256,0.19701086956521738,0.5510308226168605,0.35190217391304346,0.4244743825270464,0.3491847826086957,0.4203919167176975,0.44429347826086957,0.48162890385793017,0.5040760869565217,0.5591957542355582,0.36277173913043476,0.7102469891814657,0.3654891304347826,0.7959787711777915,0.4796195652173913,0.6530924678505817,0.5394021739130435,0.5510308226168605,0.5964673913043478,0.4734639722392325,0.5828804347826086,0.2693406817717902,0.7024456521739131,0.4285568483363952,0.8519021739130435,0.6367626046131865,0.6182065217391305,0.4203919167176975,0.7350543478260869,0.6000204123290467,0.873641304347826
