head_top_x,head_top_y,upper_neck_x,upper_neck_y,right_shoulder_x,right_shoulder_y,right_elbow_x,right_elbow_y,right_wrist_x,right_wrist_y,thorax_x,thorax_y,left_shoulder_x,left_shoulder_y,left_elbow_x,left_elbow_y,left_wrist_x,left_wrist_y,pelvis_x,pelvis_y,right_hip_x,right_hip_y,right_knee_x,right_knee_y,right_ankle_x,right_ankle_y,left_hip_x,left_hip_y,left_knee_x,left_knee_y,left_ankle_x,left_ankle_y
0.2653903903903904,0.09103260869565218,0.35515406711058883,0.22418478260869565,0.24906972189580887,0.2866847826086957,0.16746637942290116,0.41440217391304346,0.18786721504112808,0.26766304347826086,0.38779540409975194,0.26766304347826086,0.526521086303695,0.2513586956521739,0.5346814205509858,0.40625,0.45715824520172355,0.5176630434782609,0.4367574095834966,0.5230978260869565,0.34699373286329815,0.5203804347826086,0.6244450972711841,0.561141304347826,0.7631707794751273,0.686141304347826,0.5346814205509858,0.4986413043478261,0.5387615876746311,0.5665760869565217,0.3918755712233973,0.7595108695652174
