head_top_x,head_top_y,upper_neck_x,upper_neck_y,right_shoulder_x,right_shoulder_y,right_elbow_x,right_elbow_y,right_wrist_x,right_wrist_y,thorax_x,thorax_y,left_shoulder_x,left_shoulder_y,left_elbow_x,left_elbow_y,left_wrist_x,left_wrist_y,pelvis_x,pelvis_y,right_hip_x,right_hip_y,right_knee_x,right_knee_y,right_ankle_x,right_ankle_y,left_hip_x,left_hip_y,left_knee_x,left_knee_y,left_ankle_x,left_ankle_y
0.3654891304347826,0.24786579313083185,0.33559782608695654,0.4106611078022633,0.33559782608695654,0.44242604725034745,0.40896739130434784,0.6052213619217789,0.4361413043478261,0.728310502283105,0.33559782608695654,0.4305141949573159,0.34103260869565216,0.454337899543379,0.40353260869565216,0.6012507444907682,0.43342391304347827,0.7124280325590628,0.623641304347826,0.5575739527496526,0.6100543478260869,0.5774270399047051,0.5964673913043478,0.6528687710939052,0.3491847826086957,0.18433591423466353,0.6426630434782609,0.5615445701806632,0.6589673913043478,0.6052213619217789,0.3763586956521739,0.20021838395870561
