head_top_x,head_top_y,upper_neck_x,upper_neck_y,right_shoulder_x,right_shoulder_y,right_elbow_x,right_elbow_y,right_wrist_x,right_wrist_y,thorax_x,thorax_y,left_shoulder_x,left_shoulder_y,left_elbow_x,left_elbow_y,left_wrist_x,left_wrist_y,pelvis_x,pelvis_y,right_hip_x,right_hip_y,right_knee_x,right_knee_y,right_ankle_x,right_ankle_y,left_hip_x,left_hip_y,left_knee_x,left_knee_y,left_ankle_x,left_ankle_y
0.5285326086956522,0.46195652173913043,0.5339673913043478,0.43297101449275366,0.5584239130434783,0.4076086956521739,0.47690217391304346,0.4583333333333333,0.48233695652173914,0.44021739130434784,0.5394021739130435,0.44384057971014496,0.5203804347826086,0.4474637681159421,0.53125,0.44384057971014496,0.5230978260869565,0.4474637681159421,0.5203804347826086,0.4692028985507246,0.5149456521739131,0.48007246376811596,0.49592391304347827,0.6141304347826088,0.5747282608695652,0.4945652173913044,0.5339673913043478,0.46195652173913043,0.5665760869565217,0.48007246376811596,0.5720108695652174,0.5054347826086957
