head_top_x,head_top_y,upper_neck_x,upper_neck_y,right_shoulder_x,right_shoulder_y,right_elbow_x,right_elbow_y,right_wrist_x,right_wrist_y,thorax_x,thorax_y,left_shoulder_x,left_shoulder_y,left_elbow_x,left_elbow_y,left_wrist_x,left_wrist_y,pelvis_x,pelvis_y,right_hip_x,right_hip_y,right_knee_x,right_knee_y,right_ankle_x,right_ankle_y,left_hip_x,left_hip_y,left_knee_x,left_knee_y,left_ankle_x,left_ankle_y
0.3347532314923619,0.08559782608695653,0.45715824520172355,0.21331521739130435,0.6815674370022197,0.24320652173913043,0.314352395874135,0.4361413043478261,0.27763089176132655,0.26222826086956524,0.49795991643817744,0.24864130434782608,0.6815674370022197,0.24592391304347827,0.7305294424859643,0.48777173913043476,0.44899791095443276,0.46059782608695654,0.526521086303695,0.5394021739130435,0.4530780780780781,0.5339673913043478,0.3388333986160073,0.6779891304347826,0.6774872698785743,0.8926630434782609,0.5999640945293119,0.5448369565217391,0.3265928972450712,0.686141304347826,0.38371523697610666,0.90625
