head_top_x,head_top_y,upper_neck_x,upper_neck_y,right_shoulder_x,right_shoulder_y,right_elbow_x,right_elbow_y,right_wrist_x,right_wrist_y,thorax_x,thorax_y,left_shoulder_x,left_shoulder_y,left_elbow_x,left_elbow_y,left_wrist_x,left_wrist_y,pelvis_x,pelvis_y,right_hip_x,right_hip_y,right_knee_x,right_knee_y,right_ankle_x,right_ankle_y,left_hip_x,left_hip_y,left_knee_x,left_knee_y,left_ankle_x,left_ankle_y
0.7459239130434783,0.2780266775277466,0.6073369565217391,0.2861724875267284,0.5964673913043478,0.2861724875267284,0.48777173913043476,0.3554118725180735,0.748641304347826,0.18842276753894713,0.6046195652173914,0.2820995825272375,0.6073369565217391,0.2780266775277466,0.4578804347826087,0.33097444252112823,0.7404891304347826,0.18842276753894713,0.3953804347826087,0.4490886875063638,0.4116847826086957,0.445015782506873,0.39266304347826086,0.4938906425007637,0.8029891304347826,0.1843498625394562,0.39809782608695654,0.42465125750941857,0.389945652173913,0.518328072497709,0.8084239130434783,0.1762040525404745
