head_top_x,head_top_y,upper_neck_x,upper_neck_y,right_shoulder_x,right_shoulder_y,right_elbow_x,right_elbow_y,right_wrist_x,right_wrist_y,thorax_x,thorax_y,left_shoulder_x,left_shoulder_y,left_elbow_x,left_elbow_y,left_wrist_x,left_wrist_y,pelvis_x,pelvis_y,right_hip_x,right_hip_y,right_knee_x,right_knee_y,right_ankle_x,right_ankle_y,left_hip_x,left_hip_y,left_knee_x,left_knee_y,left_ankle_x,left_ankle_y
0.8387681159420289,0.3546195652173913,0.6394927536231885,0.40896739130434784,0.6358695652173912,0.38722826086956524,0.5163043478260869,0.3546195652173913,0.6793478260869565,0.4986413043478261,0.628623188405797,0.4171195652173913,0.6648550724637681,0.39266304347826086,0.7807971014492754,0.4741847826086957,0.9039855072463768,0.48777173913043476,0.4583333333333333,0.4008152173913043,0.4547101449275362,0.40625,0.5307971014492754,0.23505434782608695,0.5742753623188407,0.11005434782608696,0.48007246376811596,0.40625,0.5416666666666666,0.22418478260869565,0.6068840579710145,0.15896739130434784
