head_top_x,head_top_y,upper_neck_x,upper_neck_y,right_shoulder_x,right_shoulder_y,right_elbow_x,right_elbow_y,right_wrist_x,right_wrist_y,thorax_x,thorax_y,left_shoulder_x,left_shoulder_y,left_elbow_x,left_elbow_y,left_wrist_x,left_wrist_y,pelvis_x,pelvis_y,right_hip_x,right_hip_y,right_knee_x,right_knee_y,right_ankle_x,right_ankle_y,left_hip_x,left_hip_y,left_knee_x,left_knee_y,left_ankle_x,left_ankle_y
0.4076086956521739,0.5720108695652174,0.6105072463768115,0.32472826086956524,0.6358695652173912,0.3138586956521739,0.6938405797101449,0.40896739130434784,0.6503623188405797,0.41983695652173914,0.6105072463768115,0.33016304347826086,0.4474637681159421,0.5040760869565217,0.625,0.40625,0.47282608695652173,0.5203804347826086,0.4945652173913044,0.5203804347826086,0.4981884057971015,0.5258152173913043,0.5597826086956522,0.2105978260869565,0.5670289855072465,0.264945652173913,0.5054347826086957,0.5149456521739131,0.5090579710144927,0.24048913043478262,0.4221014492753623,0.25679347826086957
