head_top_x,head_top_y,upper_neck_x,upper_neck_y,right_shoulder_x,right_shoulder_y,right_elbow_x,right_elbow_y,right_wrist_x,right_wrist_y,thorax_x,thorax_y,left_shoulder_x,left_shoulder_y,left_elbow_x,left_elbow_y,left_wrist_x,left_wrist_y,pelvis_x,pelvis_y,right_hip_x,right_hip_y,right_knee_x,right_knee_y,right_ankle_x,right_ankle_y,left_hip_x,left_hip_y,left_knee_x,left_knee_y,left_ankle_x,left_ankle_y
0.48731884057971014,0.751358695652174,0.5307971014492754,0.6616847826086957,0.5163043478260869,0.6671195652173914,0.4945652173913044,0.6644021739130435,0.47644927536231885,0.22146739130434784,0.5416666666666666,0.6671195652173914,0.5742753623188407,0.6589673913043478,0.5307971014492754,0.7051630434782609,0.48007246376811596,0.20516304347826086,0.5452898550724637,0.6426630434782609,0.5054347826086957,0.6372282608695652,0.4945652173913044,0.6644021739130435,0.4692028985507246,0.6616847826086957,0.5706521739130435,0.6426630434782609,0.5851449275362319,0.65625,0.5307971014492754,0.6970108695652174
