head_top_x,head_top_y,upper_neck_x,upper_neck_y,right_shoulder_x,right_shoulder_y,right_elbow_x,right_elbow_y,right_wrist_x,right_wrist_y,thorax_x,thorax_y,left_shoulder_x,left_shoulder_y,left_elbow_x,left_elbow_y,left_wrist_x,left_wrist_y,pelvis_x,pelvis_y,right_hip_x,right_hip_y,right_knee_x,right_knee_y,right_ankle_x,right_ankle_y,left_hip_x,left_hip_y,left_knee_x,left_knee_y,left_ankle_x,left_ankle_y
0.38179347826086957,0.7749210874656348,0.35733695652173914,0.5957132674880359,0.389945652173913,0.5794216474900723,0.37907608695652173,0.7667752774666531,0.34103260869565216,0.66087974747989,0.34646739130434784,0.7504836574686896,0.36820652173913043,0.7179004174727623,0.3736413043478261,0.7708481824661441,0.34375,0.8034314224620711,0.65625,0.8726708074534161,0.6589673913043478,0.8645249974544345,0.6508152173913043,0.5712758374910905,0.5720108695652174,0.15176662254352916,0.6589673913043478,0.876743712452907,0.6535326086956522,0.5834945524895633,0.5828804347826086,0.14769371754403823
