head_top_x,head_top_y,upper_neck_x,upper_neck_y,right_shoulder_x,right_shoulder_y,right_elbow_x,right_elbow_y,right_wrist_x,right_wrist_y,thorax_x,thorax_y,left_shoulder_x,left_shoulder_y,left_elbow_x,left_elbow_y,left_wrist_x,left_wrist_y,pelvis_x,pelvis_y,right_hip_x,right_hip_y,right_knee_x,right_knee_y,right_ankle_x,right_ankle_y,left_hip_x,left_hip_y,left_knee_x,left_knee_y,left_ankle_x,left_ankle_y
0.44972826086956524,0.2618837640003528,0.4578804347826087,0.42062792133345095,0.4796195652173913,0.4171002733927155,0.5203804347826086,0.35007496251874065,0.5067934782608695,0.3394920186965341,0.4578804347826087,0.40651732957050885,0.41983695652173914,0.38535144192609583,0.4741847826086957,0.34301966663726957,0.501358695652174,0.3289090748743276,0.44157608695652173,0.5934826704294912,0.44429347826086957,0.5899550224887555,0.5774456521739131,0.6569803333627304,0.6019021739130435,0.7240056442367051,0.4388586956521739,0.5864273745480201,0.5285326086956522,0.6428697415997883,0.20244565217391305,0.6393420936590528
