head_top_x,head_top_y,upper_neck_x,upper_neck_y,right_shoulder_x,right_shoulder_y,right_elbow_x,right_elbow_y,right_wrist_x,right_wrist_y,thorax_x,thorax_y,left_shoulder_x,left_shoulder_y,left_elbow_x,left_elbow_y,left_wrist_x,left_wrist_y,pelvis_x,pelvis_y,right_hip_x,right_hip_y,right_knee_x,right_knee_y,right_ankle_x,right_ankle_y,left_hip_x,left_hip_y,left_knee_x,left_knee_y,left_ankle_x,left_ankle_y
0.592391304347826,0.21603260869565216,0.4945652173913044,0.4986413043478261,0.34963768115942034,0.4741847826086957,0.17934782608695654,0.5720108695652174,0.34963768115942034,0.5502717391304348,0.4981884057971015,0.48777173913043476,0.6358695652173912,0.5095108695652174,0.6757246376811593,0.6589673913043478,0.5742753623188407,0.623641304347826,0.42934782608695654,0.811141304347826,0.3351449275362319,0.7921195652173914,0.1902173913043478,0.9307065217391305,0.44021739130434784,0.9769021739130435,0.5344202898550724,0.8002717391304348,0.5960144927536232,0.9633152173913043,0.49094202898550726,0.9470108695652174
