head_top_x,head_top_y,upper_neck_x,upper_neck_y,right_shoulder_x,right_shoulder_y,right_elbow_x,right_elbow_y,right_wrist_x,right_wrist_y,thorax_x,thorax_y,left_shoulder_x,left_shoulder_y,left_elbow_x,left_elbow_y,left_wrist_x,left_wrist_y,pelvis_x,pelvis_y,right_hip_x,right_hip_y,right_knee_x,right_knee_y,right_ankle_x,right_ankle_y,left_hip_x,left_hip_y,left_knee_x,left_knee_y,left_ankle_x,left_ankle_y
0.6209239130434783,0.19908778580736874,0.5529891304347826,0.3602061367136595,0.53125,0.40285511195355994,0.452445652173913,0.1943490107807132,0.4904891304347826,0.46445918730008284,0.5448369565217391,0.38390001184693756,0.5529891304347826,0.3649449117403151,0.4388586956521739,0.20856533586068,0.49320652173913043,0.32229593650041466,0.4904891304347826,0.4170714370335268,0.44972826086956524,0.4075938869802156,0.4008152173913043,0.5781897879398176,0.44429347826086957,0.5118469375666389,0.48233695652173914,0.4597204122734273,0.3736413043478261,0.5781897879398176,0.4904891304347826,0.450242862220116
