head_top_x,head_top_y,upper_neck_x,upper_neck_y,right_shoulder_x,right_shoulder_y,right_elbow_x,right_elbow_y,right_wrist_x,right_wrist_y,thorax_x,thorax_y,left_shoulder_x,left_shoulder_y,left_elbow_x,left_elbow_y,left_wrist_x,left_wrist_y,pelvis_x,pelvis_y,right_hip_x,right_hip_y,right_knee_x,right_knee_y,right_ankle_x,right_ankle_y,left_hip_x,left_hip_y,left_knee_x,left_knee_y,left_ankle_x,left_ankle_y
0.7260462274717442,0.22418478260869565,0.6771713674778537,0.3763586956521739,0.624223602484472,0.38722826086956524,0.624223602484472,0.4796195652173913,0.7016087974747989,0.44429347826086957,0.6771713674778537,0.38179347826086957,0.7097546074737807,0.37092391304347827,0.7138275124732716,0.44972826086956524,0.7464107524691986,0.47146739130434784,0.66087974747989,0.5720108695652174,0.6486610324814174,0.5747282608695652,0.7219733224722533,0.7350543478260869,0.7708481824661441,0.9008152173913043,0.6649526524793808,0.5720108695652174,0.6445881274819264,0.7269021739130435,0.5305467874961816,0.8817934782608695
