head_top_x,head_top_y,upper_neck_x,upper_neck_y,right_shoulder_x,right_shoulder_y,right_elbow_x,right_elbow_y,right_wrist_x,right_wrist_y,thorax_x,thorax_y,left_shoulder_x,left_shoulder_y,left_elbow_x,left_elbow_y,left_wrist_x,left_wrist_y,pelvis_x,pelvis_y,right_hip_x,right_hip_y,right_knee_x,right_knee_y,right_ankle_x,right_ankle_y,left_hip_x,left_hip_y,left_knee_x,left_knee_y,left_ankle_x,left_ankle_y
0.8057065217391305,0.6206665389772075,0.6698369565217391,0.5900210687607739,0.7160326086956522,0.5785290174296113,0.6752717391304348,0.4751005554491477,0.5720108695652174,0.275904999042329,0.6779891304347826,0.593851752537828,0.6535326086956522,0.6015131200919365,0.6508152173913043,0.3984868799080636,0.5720108695652174,0.28739705037349167,0.4171195652173913,0.45594713656387664,0.43342391304347827,0.44445508523271404,0.6535326086956522,0.42530166634744304,0.5910326086956522,0.30655046925876267,0.4116847826086957,0.45594713656387664,0.6453804347826086,0.45594713656387664,0.5801630434782609,0.29888910170465427
