head_top_x,head_top_y,upper_neck_x,upper_neck_y,right_shoulder_x,right_shoulder_y,right_elbow_x,right_elbow_y,right_wrist_x,right_wrist_y,thorax_x,thorax_y,left_shoulder_x,left_shoulder_y,left_elbow_x,left_elbow_y,left_wrist_x,left_wrist_y,pelvis_x,pelvis_y,right_hip_x,right_hip_y,right_knee_x,right_knee_y,right_ankle_x,right_ankle_y,left_hip_x,left_hip_y,left_knee_x,left_knee_y,left_ankle_x,left_ankle_y
0.48233695652173914,0.4148550724637681,0.46875,0.48731884057971014,0.5067934782608695,0.39673913043478265,0.49592391304347827,0.39673913043478265,0.4116847826086957,0.30615942028985504,0.46875,0.46557971014492755,0.43342391304347827,0.47644927536231885,0.46603260869565216,0.3605072463768116,0.5067934782608695,0.3894927536231884,0.47146739130434784,0.4510869565217391,0.4741847826086957,0.43297101449275366,0.21331521739130435,0.46195652173913043,0.18342391304347827,0.5307971014492754,0.4796195652173913,0.5054347826086957,0.21875,0.4945652173913044,0.18342391304347827,0.5452898550724637
