head_top_x,head_top_y,upper_neck_x,upper_neck_y,right_shoulder_x,right_shoulder_y,right_elbow_x,right_elbow_y,right_wrist_x,right_wrist_y,thorax_x,thorax_y,left_shoulder_x,left_shoulder_y,left_elbow_x,left_elbow_y,left_wrist_x,left_wrist_y,pelvis_x,pelvis_y,right_hip_x,right_hip_y,right_knee_x,right_knee_y,right_ankle_x,right_ankle_y,left_hip_x,left_hip_y,left_knee_x,left_knee_y,left_ankle_x,left_ankle_y
0.5306184935701163,0.20244565217391305,0.5102061645233721,0.33559782608695654,0.4489691773831394,0.33559782608695654,0.41630945090834864,0.4279891304347826,0.3591549295774648,0.4796195652173913,0.5061236987140233,0.3383152173913043,0.5591957542355582,0.3383152173913043,0.5020412329046745,0.4388586956521739,0.4244743825270464,0.4741847826086957,0.5102061645233721,0.5448369565217391,0.4734639722392325,0.5475543478260869,0.485711369667279,0.6779891304347826,0.5469483568075117,0.7703804347826086,0.5469483568075117,0.5448369565217391,0.5591957542355582,0.6752717391304348,0.5714431516636047,0.7866847826086957
