head_top_x,head_top_y,upper_neck_x,upper_neck_y,right_shoulder_x,right_shoulder_y,right_elbow_x,right_elbow_y,right_wrist_x,right_wrist_y,thorax_x,thorax_y,left_shoulder_x,left_shoulder_y,left_elbow_x,left_elbow_y,left_wrist_x,left_wrist_y,pelvis_x,pelvis_y,right_hip_x,right_hip_y,right_knee_x,right_knee_y,right_ankle_x,right_ankle_y,left_hip_x,left_hip_y,left_knee_x,left_knee_y,left_ankle_x,left_ankle_y
0.554984217493127,0.014945652173913044,0.4979635475002545,0.13722826086956522,0.34319315751960083,0.12092391304347826,0.26580796252927397,0.3111413043478261,0.3635576825170553,0.4116847826086957,0.4898177375012727,0.1671195652173913,0.6486610324814174,0.2078804347826087,0.6405152224824356,0.3383152173913043,0.5468384074941453,0.20516304347826086,0.3879951125140005,0.46059782608695654,0.33504734752061904,0.5176630434782609,0.09881885755014763,0.3736413043478261,0.3228286325221464,0.5448369565217391,0.4613074025048366,0.44157608695652173,0.6812442724773444,0.4008152173913043,0.4979635475002545,0.5801630434782609
