head_top_x,head_top_y,upper_neck_x,upper_neck_y,right_shoulder_x,right_shoulder_y,right_elbow_x,right_elbow_y,right_wrist_x,right_wrist_y,thorax_x,thorax_y,left_shoulder_x,left_shoulder_y,left_elbow_x,left_elbow_y,left_wrist_x,left_wrist_y,pelvis_x,pelvis_y,right_hip_x,right_hip_y,right_knee_x,right_knee_y,right_ankle_x,right_ankle_y,left_hip_x,left_hip_y,left_knee_x,left_knee_y,left_ankle_x,left_ankle_y
0.9741847826086957,-0.001358695652173913,0.40896739130434784,0.07987298485588668,0.40625,0.060332193453834886,0.4633152173913043,0.138495359062042,0.4470108695652174,0.09941377625793846,0.39809782608695654,0.083781143136297,0.4008152173913043,0.07205666829506596,0.422554347826087,0.1463116756228627,0.422554347826087,0.4706888128969223,0.422554347826087,0.03297508549096238,0.4116847826086957,0.03688324377137276,0.40625,0.1463116756228627,0.42527173913043476,0.4667806546165119,0.42527173913043476,0.03688324377137276,0.4116847826086957,0.17366878358573526,0.4361413043478261,0.45896433805569126
