head_top_x,head_top_y,upper_neck_x,upper_neck_y,right_shoulder_x,right_shoulder_y,right_elbow_x,right_elbow_y,right_wrist_x,right_wrist_y,thorax_x,thorax_y,left_shoulder_x,left_shoulder_y,left_elbow_x,left_elbow_y,left_wrist_x,left_wrist_y,pelvis_x,pelvis_y,right_hip_x,right_hip_y,right_knee_x,right_knee_y,right_ankle_x,right_ankle_y,left_hip_x,left_hip_y,left_knee_x,left_knee_y,left_ankle_x,left_ankle_y
0.2517973296816159,0.12092391304347826,0.31684354673057175,0.264945652173913,0.265491270112975,0.27853260869565216,0.2928791509756933,0.3953804347826087,0.2689147552208148,0.4578804347826087,0.3271140020540911,0.27309782608695654,0.3853132488873674,0.2703804347826087,0.44693598082848346,0.40625,0.3305374871619308,0.485054347826087,0.422971585073605,0.47146739130434784,0.3853132488873674,0.485054347826087,0.38873673399520714,0.6671195652173914,0.3921602191030469,0.8600543478260869,0.4572064361520028,0.4633152173913043,0.4435124957206436,0.6671195652173914,0.5359465936323178,0.8410326086956522
