head_top_x,head_top_y,upper_neck_x,upper_neck_y,right_shoulder_x,right_shoulder_y,right_elbow_x,right_elbow_y,right_wrist_x,right_wrist_y,thorax_x,thorax_y,left_shoulder_x,left_shoulder_y,left_elbow_x,left_elbow_y,left_wrist_x,left_wrist_y,pelvis_x,pelvis_y,right_hip_x,right_hip_y,right_knee_x,right_knee_y,right_ankle_x,right_ankle_y,left_hip_x,left_hip_y,left_knee_x,left_knee_y,left_ankle_x,left_ankle_y
0.5176630434782609,0.1205906480721903,0.5203804347826086,0.32567678424938473,0.46059782608695654,0.2969647251845775,0.39809782608695654,0.2928630024610336,0.4116847826086957,0.15750615258408535,0.5230978260869565,0.3092698933552092,0.5828804347826086,0.3092698933552092,0.5665760869565217,0.4364232977850697,0.53125,0.5184577522559475,0.5258152173913043,0.4610336341263331,0.4904891304347826,0.4364232977850697,0.46059782608695654,0.5184577522559475,0.44972826086956524,0.7891714520098442,0.5584239130434783,0.47333880229696473,0.5230978260869565,0.5430680885972109,0.5394021739130435,0.7891714520098442
