head_top_x,head_top_y,upper_neck_x,upper_neck_y,right_shoulder_x,right_shoulder_y,right_elbow_x,right_elbow_y,right_wrist_x,right_wrist_y,thorax_x,thorax_y,left_shoulder_x,left_shoulder_y,left_elbow_x,left_elbow_y,left_wrist_x,left_wrist_y,pelvis_x,pelvis_y,right_hip_x,right_hip_y,right_knee_x,right_knee_y,right_ankle_x,right_ankle_y,left_hip_x,left_hip_y,left_knee_x,left_knee_y,left_ankle_x,left_ankle_y
0.264945652173913,0.45098039215686275,0.38179347826086957,0.38704177323103156,0.40353260869565216,0.3998294970161979,0.47146739130434784,0.3955669224211424,0.5149456521739131,0.24637681159420288,0.38179347826086957,0.3998294970161979,0.3953804347826087,0.3699914748508099,0.49592391304347827,0.3358908780903666,0.5203804347826086,0.2378516624040921,0.5692934782608695,0.4552429667519183,0.561141304347826,0.45098039215686275,0.297554347826087,0.40835464620630857,0.2758152173913043,0.3742540494458653,0.5665760869565217,0.42540494458653033,0.2921195652173913,0.3998294970161979,0.28940217391304346,0.3742540494458653
