head_top_x,head_top_y,upper_neck_x,upper_neck_y,right_shoulder_x,right_shoulder_y,right_elbow_x,right_elbow_y,right_wrist_x,right_wrist_y,thorax_x,thorax_y,left_shoulder_x,left_shoulder_y,left_elbow_x,left_elbow_y,left_wrist_x,left_wrist_y,pelvis_x,pelvis_y,right_hip_x,right_hip_y,right_knee_x,right_knee_y,right_ankle_x,right_ankle_y,left_hip_x,left_hip_y,left_knee_x,left_knee_y,left_ankle_x,left_ankle_y
0.5590571224926179,0.17255434782608695,0.5631300274921088,0.3138586956521739,0.5061093574992364,0.327445652173913,0.4613074025048366,0.389945652173913,0.4002138275124733,0.43342391304347827,0.5712758374910905,0.33559782608695654,0.6405152224824356,0.33016304347826086,0.6405152224824356,0.3845108695652174,0.7138275124732716,0.28940217391304346,0.5427655024946544,0.4796195652173913,0.4938906425007637,0.47690217391304346,0.4979635475002545,0.626358695652174,0.4816719275022909,0.8192934782608695,0.5834945524895633,0.48777173913043476,0.5631300274921088,0.6508152173913043,0.554984217493127,0.8057065217391305
