head_top_x,head_top_y,upper_neck_x,upper_neck_y,right_shoulder_x,right_shoulder_y,right_elbow_x,right_elbow_y,right_wrist_x,right_wrist_y,thorax_x,thorax_y,left_shoulder_x,left_shoulder_y,left_elbow_x,left_elbow_y,left_wrist_x,left_wrist_y,pelvis_x,pelvis_y,right_hip_x,right_hip_y,right_knee_x,right_knee_y,right_ankle_x,right_ankle_y,left_hip_x,left_hip_y,left_knee_x,left_knee_y,left_ankle_x,left_ankle_y
0.8192934782608695,0.4439538043478261,0.7676630434782609,0.3963994565217391,0.7649456521739131,0.4065896739130434,0.6508152173913043,0.44055706521739124,0.6915760869565217,0.3726222826086957,0.7703804347826086,0.4065896739130434,0.7676630434782609,0.40319293478260865,0.6970108695652174,0.3590353260869565,0.6752717391304348,0.40319293478260865,0.501358695652174,0.42697010869565216,0.5149456521739131,0.4371603260869565,0.4741847826086957,0.37601902173913043,0.42527173913043476,0.7598505434782608,0.5095108695652174,0.2503396739130434,0.4741847826086957,0.3148777173913043,0.41440217391304346,0.8040081521739131
