head_top_x,head_top_y,upper_neck_x,upper_neck_y,right_shoulder_x,right_shoulder_y,right_elbow_x,right_elbow_y,right_wrist_x,right_wrist_y,thorax_x,thorax_y,left_shoulder_x,left_shoulder_y,left_elbow_x,left_elbow_y,left_wrist_x,left_wrist_y,pelvis_x,pelvis_y,right_hip_x,right_hip_y,right_knee_x,right_knee_y,right_ankle_x,right_ankle_y,left_hip_x,left_hip_y,left_knee_x,left_knee_y,left_ankle_x,left_ankle_y
0.6168990976210009,0.033967391304347824,0.6374077112387203,0.19701086956521738,0.44872846595570137,0.2595108695652174,0.39950779327317476,0.40353260869565216,0.3420836751435603,0.5149456521739131,0.6333059885151764,0.25679347826086957,0.8055783429040199,0.264945652173913,0.8342904019688268,0.41983695652173914,0.8096800656275635,0.5692934782608695,0.6168990976210009,0.6073369565217391,0.534864643150123,0.6073369565217391,0.5184577522559475,0.813858695652174,0.5553732567678425,0.9769021739130435,0.7030352748154225,0.6073369565217391,0.7850697292863003,0.8301630434782609,0.7768662838392125,0.9796195652173914
