head_top_x,head_top_y,upper_neck_x,upper_neck_y,right_shoulder_x,right_shoulder_y,right_elbow_x,right_elbow_y,right_wrist_x,right_wrist_y,thorax_x,thorax_y,left_shoulder_x,left_shoulder_y,left_elbow_x,left_elbow_y,left_wrist_x,left_wrist_y,pelvis_x,pelvis_y,right_hip_x,right_hip_y,right_knee_x,right_knee_y,right_ankle_x,right_ankle_y,left_hip_x,left_hip_y,left_knee_x,left_knee_y,left_ankle_x,left_ankle_y
0.6363736344306767,0.31929347826086957,0.557188943470929,0.4388586956521739,0.49853361683407876,0.4116847826086957,0.47213871984749617,0.5720108695652174,0.5835838404575115,0.5964673913043478,0.5835838404575115,0.4171195652173913,0.6686340640809444,0.44157608695652173,0.6598357650854169,0.5339673913043478,0.6803651294083145,0.5964673913043478,0.4926680841703937,0.5040760869565217,0.43107999120170104,0.501358695652174,0.4926680841703937,0.6019021739130435,0.39002126255590586,0.8165760869565217,0.5777183077938265,0.5149456521739131,0.6011804384485666,0.6182065217391305,0.5659872424664565,0.8029891304347826
