head_top_x,head_top_y,upper_neck_x,upper_neck_y,right_shoulder_x,right_shoulder_y,right_elbow_x,right_elbow_y,right_wrist_x,right_wrist_y,thorax_x,thorax_y,left_shoulder_x,left_shoulder_y,left_elbow_x,left_elbow_y,left_wrist_x,left_wrist_y,pelvis_x,pelvis_y,right_hip_x,right_hip_y,right_knee_x,right_knee_y,right_ankle_x,right_ankle_y,left_hip_x,left_hip_y,left_knee_x,left_knee_y,left_ankle_x,left_ankle_y
0.3953804347826087,0.5380434782608696,0.4796195652173913,0.4583333333333333,0.49320652173913043,0.47282608695652173,0.5964673913043478,0.5090579710144927,0.4578804347826087,0.5126811594202899,0.4741847826086957,0.46557971014492755,0.46059782608695654,0.46557971014492755,0.44429347826086957,0.5960144927536232,0.46059782608695654,0.5271739130434782,0.5665760869565217,0.30978260869565216,0.5692934782608695,0.2989130434782609,0.5285326086956522,0.21557971014492758,0.4796195652173913,0.3134057971014493,0.563858695652174,0.28804347826086957,0.5176630434782609,0.20471014492753623,0.5067934782608695,0.19746376811594205
