head_top_x,head_top_y,upper_neck_x,upper_neck_y,right_shoulder_x,right_shoulder_y,right_elbow_x,right_elbow_y,right_wrist_x,right_wrist_y,thorax_x,thorax_y,left_shoulder_x,left_shoulder_y,left_elbow_x,left_elbow_y,left_wrist_x,left_wrist_y,pelvis_x,pelvis_y,right_hip_x,right_hip_y,right_knee_x,right_knee_y,right_ankle_x,right_ankle_y,left_hip_x,left_hip_y,left_knee_x,left_knee_y,left_ankle_x,left_ankle_y
0.5557065217391305,0.3605072463768116,0.48233695652173914,0.3894927536231884,0.4904891304347826,0.3786231884057971,0.47146739130434784,0.38224637681159424,0.49592391304347827,0.38224637681159424,0.49320652173913043,0.38224637681159424,0.4904891304347826,0.3605072463768116,0.5421195652173914,0.42934782608695654,0.6127717391304348,0.2989130434782609,0.5692934782608695,0.6032608695652174,0.5529891304347826,0.5670289855072465,0.43070652173913043,0.48007246376811596,0.9415760869565217,0.5996376811594203,0.5801630434782609,0.628623188405797,0.44972826086956524,0.4547101449275362,0.936141304347826,0.6032608695652174
