head_top_x,head_top_y,upper_neck_x,upper_neck_y,right_shoulder_x,right_shoulder_y,right_elbow_x,right_elbow_y,right_wrist_x,right_wrist_y,thorax_x,thorax_y,left_shoulder_x,left_shoulder_y,left_elbow_x,left_elbow_y,left_wrist_x,left_wrist_y,pelvis_x,pelvis_y,right_hip_x,right_hip_y,right_knee_x,right_knee_y,right_ankle_x,right_ankle_y,left_hip_x,left_hip_y,left_knee_x,left_knee_y,left_ankle_x,left_ankle_y
0.6182940749195809,0.2866847826086957,0.576787381965342,0.4470108695652174,0.5186780118294074,0.40625,0.3858565943758431,0.47690217391304346,0.4107606101483864,0.39266304347826086,0.5809380512607658,0.4388586956521739,0.6598007678738197,0.46875,0.5145273425339836,0.48233695652173914,0.4439659645117775,0.40353260869565216,0.5062260039431358,0.5964673913043478,0.48962332676144027,0.4904891304347826,0.3111445470582131,0.6154891304347826,0.2696378541039743,0.78125,0.5684860433744942,0.626358695652174,0.43981529521635365,0.6182065217391305,0.6141434056241568,0.8899456521739131
