head_top_x,head_top_y,upper_neck_x,upper_neck_y,right_shoulder_x,right_shoulder_y,right_elbow_x,right_elbow_y,right_wrist_x,right_wrist_y,thorax_x,thorax_y,left_shoulder_x,left_shoulder_y,left_elbow_x,left_elbow_y,left_wrist_x,left_wrist_y,pelvis_x,pelvis_y,right_hip_x,right_hip_y,right_knee_x,right_knee_y,right_ankle_x,right_ankle_y,left_hip_x,left_hip_y,left_knee_x,left_knee_y,left_ankle_x,left_ankle_y
0.49796830556684285,0.050271739130434784,0.5629825274278749,0.19157608695652173,0.4573344169036978,0.21603260869565216,0.3760666395774076,0.34103260869565216,0.22978464039008537,0.35733695652173914,0.5792360828931329,0.2105978260869565,0.7133279154815116,0.22146739130434784,0.8555465258025193,0.327445652173913,0.8433563592035759,0.44429347826086957,0.7458350264120276,0.46875,0.7133279154815116,0.4741847826086957,0.7945956928078017,0.6372282608695652,0.9693214140593256,0.8301630434782609,0.7620885818772857,0.46875,0.6483136936204795,0.6426630434782609,0.6523770824867939,0.8627717391304348
