head_top_x,head_top_y,upper_neck_x,upper_neck_y,right_shoulder_x,right_shoulder_y,right_elbow_x,right_elbow_y,right_wrist_x,right_wrist_y,thorax_x,thorax_y,left_shoulder_x,left_shoulder_y,left_elbow_x,left_elbow_y,left_wrist_x,left_wrist_y,pelvis_x,pelvis_y,right_hip_x,right_hip_y,right_knee_x,right_knee_y,right_ankle_x,right_ankle_y,left_hip_x,left_hip_y,left_knee_x,left_knee_y,left_ankle_x,left_ankle_y
0.48007246376811596,0.24320652173913043,0.5163043478260869,0.4116847826086957,0.4365942028985507,0.40625,0.38224637681159424,0.4741847826086957,0.4148550724637681,0.5285326086956522,0.5163043478260869,0.40625,0.5960144927536232,0.4008152173913043,0.6177536231884058,0.485054347826087,0.6068840579710145,0.563858695652174,0.5235507246376812,0.5557065217391305,0.48007246376811596,0.5557065217391305,0.483695652173913,0.6915760869565217,0.47282608695652173,0.8165760869565217,0.5670289855072465,0.5502717391304348,0.5706521739130435,0.6834239130434783,0.5778985507246377,0.813858695652174
