head_top_x,head_top_y,upper_neck_x,upper_neck_y,right_shoulder_x,right_shoulder_y,right_elbow_x,right_elbow_y,right_wrist_x,right_wrist_y,thorax_x,thorax_y,left_shoulder_x,left_shoulder_y,left_elbow_x,left_elbow_y,left_wrist_x,left_wrist_y,pelvis_x,pelvis_y,right_hip_x,right_hip_y,right_knee_x,right_knee_y,right_ankle_x,right_ankle_y,left_hip_x,left_hip_y,left_knee_x,left_knee_y,left_ankle_x,left_ankle_y
0.18885869565217392,0.5692934782608695,0.33016304347826086,0.5067934782608695,0.33016304347826086,0.501358695652174,0.3654891304347826,0.46875,0.3491847826086957,0.5529891304347826,0.3328804347826087,0.501358695652174,0.3328804347826087,0.47690217391304346,0.37907608695652173,0.46875,0.36277173913043476,0.5557065217391305,0.48233695652173914,0.5067934782608695,0.46603260869565216,0.5285326086956522,0.5774456521739131,0.5855978260869565,0.6073369565217391,0.623641304347826,0.501358695652174,0.49320652173913043,0.5692934782608695,0.5828804347826086,0.6127717391304348,0.6480978260869565
