head_top_x,head_top_y,upper_neck_x,upper_neck_y,right_shoulder_x,right_shoulder_y,right_elbow_x,right_elbow_y,right_wrist_x,right_wrist_y,thorax_x,thorax_y,left_shoulder_x,left_shoulder_y,left_elbow_x,left_elbow_y,left_wrist_x,left_wrist_y,pelvis_x,pelvis_y,right_hip_x,right_hip_y,right_knee_x,right_knee_y,right_ankle_x,right_ankle_y,left_hip_x,left_hip_y,left_knee_x,left_knee_y,left_ankle_x,left_ankle_y
0.9660326086956522,0.1354750025455656,0.4361413043478261,0.11918338254760208,0.5067934782608695,0.06216271255472966,0.5122282608695652,0.06623561755422053,0.41440217391304346,0.4287241625089094,0.4470108695652174,0.10696466754912941,0.43070652173913043,0.10696466754912941,0.4986413043478261,0.1110375725486203,0.4171195652173913,0.43686997250789117,0.4741847826086957,0.06216271255472966,0.45516304347826086,0.06216271255472966,0.5584239130434783,0.7056817024742897,0.44157608695652173,0.4490886875063638,0.5258152173913043,0.05401690255574789,0.5774456521739131,0.6893900824763263,0.4741847826086957,0.445015782506873
