head_top_x,head_top_y,upper_neck_x,upper_neck_y,right_shoulder_x,right_shoulder_y,right_elbow_x,right_elbow_y,right_wrist_x,right_wrist_y,thorax_x,thorax_y,left_shoulder_x,left_shoulder_y,left_elbow_x,left_elbow_y,left_wrist_x,left_wrist_y,pelvis_x,pelvis_y,right_hip_x,right_hip_y,right_knee_x,right_knee_y,right_ankle_x,right_ankle_y,left_hip_x,left_hip_y,left_knee_x,left_knee_y,left_ankle_x,left_ankle_y
0.5380434782608696,0.06385869565217392,0.5163043478260869,0.22146739130434784,0.3713768115942029,0.26766304347826086,0.3351449275362319,0.3763586956521739,0.5380434782608696,0.37907608695652173,0.5054347826086957,0.2595108695652174,0.621376811594203,0.24864130434782608,0.7807971014492754,0.297554347826087,0.6902173913043478,0.18070652173913043,0.48731884057971014,0.49592391304347827,0.4184782608695652,0.501358695652174,0.36775362318840576,0.7133152173913043,0.34963768115942034,0.8546195652173914,0.5489130434782609,0.4986413043478261,0.6358695652173912,0.6834239130434783,0.6612318840579711,0.8491847826086957
