head_top_x,head_top_y,upper_neck_x,upper_neck_y,right_shoulder_x,right_shoulder_y,right_elbow_x,right_elbow_y,right_wrist_x,right_wrist_y,thorax_x,thorax_y,left_shoulder_x,left_shoulder_y,left_elbow_x,left_elbow_y,left_wrist_x,left_wrist_y,pelvis_x,pelvis_y,right_hip_x,right_hip_y,right_knee_x,right_knee_y,right_ankle_x,right_ankle_y,left_hip_x,left_hip_y,left_knee_x,left_knee_y,left_ankle_x,left_ankle_y
0.49646518204312484,0.017663043478260868,0.5106044538706256,0.15081521739130435,0.25609756097560976,0.2078804347826087,0.1995404736656063,0.35733695652173914,0.1571226581831036,0.4986413043478261,0.5247437256981266,0.20516304347826086,0.7863202545068928,0.19972826086956522,0.8428773418168962,0.35190217391304346,0.8570166136443972,0.485054347826087,0.517674089784376,0.4796195652173913,0.37628137150936725,0.4741847826086957,0.39749027925061864,0.686141304347826,0.4257688229056204,0.8845108695652174,0.6378579003181336,0.48233695652173914,0.7014846235418877,0.6970108695652174,0.8004595263343938,0.873641304347826
