head_top_x,head_top_y,upper_neck_x,upper_neck_y,right_shoulder_x,right_shoulder_y,right_elbow_x,right_elbow_y,right_wrist_x,right_wrist_y,thorax_x,thorax_y,left_shoulder_x,left_shoulder_y,left_elbow_x,left_elbow_y,left_wrist_x,left_wrist_y,pelvis_x,pelvis_y,right_hip_x,right_hip_y,right_knee_x,right_knee_y,right_ankle_x,right_ankle_y,left_hip_x,left_hip_y,left_knee_x,left_knee_y,left_ankle_x,left_ankle_y
0.40625,0.5714431516636047,0.5095108695652174,0.4979587670953256,0.5448369565217391,0.5061236987140233,0.5747282608695652,0.4652990406205348,0.5339673913043478,0.44080424576444177,0.5122282608695652,0.4734639722392325,0.44429347826086957,0.4122269850989998,0.4279891304347826,0.34282506634006943,0.5557065217391305,0.3836497244335579,0.5557065217391305,0.4285568483363952,0.563858695652174,0.4244743825270464,0.6508152173913043,0.3591549295774648,0.7975543478260869,0.41630945090834864,0.5421195652173914,0.44488671157379056,0.5747282608695652,0.3836497244335579,0.7948369565217391,0.41630945090834864
