head_top_x,head_top_y,upper_neck_x,upper_neck_y,right_shoulder_x,right_shoulder_y,right_elbow_x,right_elbow_y,right_wrist_x,right_wrist_y,thorax_x,thorax_y,left_shoulder_x,left_shoulder_y,left_elbow_x,left_elbow_y,left_wrist_x,left_wrist_y,pelvis_x,pelvis_y,right_hip_x,right_hip_y,right_knee_x,right_knee_y,right_ankle_x,right_ankle_y,left_hip_x,left_hip_y,left_knee_x,left_knee_y,left_ankle_x,left_ankle_y
0.4114164331555636,0.38179347826086957,0.3969538099972883,0.40353260869565216,0.3969538099972883,0.40896739130434784,0.3391033173641869,0.24048913043478262,0.3897224984181506,0.38179347826086957,0.40780077736599474,0.40625,0.41503208894513244,0.3953804347826087,0.4041851215764259,0.389945652173913,0.37525987525987525,0.389945652173913,0.36802856368073755,0.4116847826086957,0.33548766157461807,0.40353260869565216,0.36079725210159996,0.5502717391304348,0.3571815963120311,0.5448369565217391,0.37525987525987525,0.4388586956521739,0.46203561420952727,0.5692934782608695,0.41503208894513244,0.5557065217391305
