head_top_x,head_top_y,upper_neck_x,upper_neck_y,right_shoulder_x,right_shoulder_y,right_elbow_x,right_elbow_y,right_wrist_x,right_wrist_y,thorax_x,thorax_y,left_shoulder_x,left_shoulder_y,left_elbow_x,left_elbow_y,left_wrist_x,left_wrist_y,pelvis_x,pelvis_y,right_hip_x,right_hip_y,right_knee_x,right_knee_y,right_ankle_x,right_ankle_y,left_hip_x,left_hip_y,left_knee_x,left_knee_y,left_ankle_x,left_ankle_y
0.43324914306332307,0.12635869565217392,0.4476817607793614,0.26766304347826086,0.35386974562511264,0.264945652173913,0.3250045101930362,0.36277173913043476,0.33582897348006485,0.38179347826086957,0.4476817607793614,0.26766304347826086,0.5414937759336099,0.27309782608695654,0.6100487100847916,0.3763586956521739,0.6930362619520115,0.46875,0.44046545192134223,0.48233695652173914,0.3899512899152083,0.485054347826087,0.343045282338084,0.688858695652174,0.43324914306332307,0.8220108695652174,0.4873714594984665,0.4796195652173913,0.47654699621143787,0.686141304347826,0.45850622406639,0.8410326086956522
