head_top_x,head_top_y,upper_neck_x,upper_neck_y,right_shoulder_x,right_shoulder_y,right_elbow_x,right_elbow_y,right_wrist_x,right_wrist_y,thorax_x,thorax_y,left_shoulder_x,left_shoulder_y,left_elbow_x,left_elbow_y,left_wrist_x,left_wrist_y,pelvis_x,pelvis_y,right_hip_x,right_hip_y,right_knee_x,right_knee_y,right_ankle_x,right_ankle_y,left_hip_x,left_hip_y,left_knee_x,left_knee_y,left_ankle_x,left_ankle_y
0.3953804347826087,0.30292563998374644,0.40625,0.41263713937423807,0.389945652173913,0.41263713937423807,0.4279891304347826,0.31105241771637554,0.4171195652173913,0.34762291751320606,0.4116847826086957,0.44108086143843966,0.40896739130434784,0.42076391710686717,0.422554347826087,0.3760666395774076,0.4171195652173913,0.3598130841121496,0.4578804347826087,0.46952458350264126,0.5067934782608695,0.48171475010158477,0.41440217391304346,0.39638358390898015,0.49592391304347827,0.5792360828931329,0.5040760869565217,0.4613978057700122,0.5203804347826086,0.48577813896789923,0.5230978260869565,0.5995530272247054
