head_top_x,head_top_y,upper_neck_x,upper_neck_y,right_shoulder_x,right_shoulder_y,right_elbow_x,right_elbow_y,right_wrist_x,right_wrist_y,thorax_x,thorax_y,left_shoulder_x,left_shoulder_y,left_elbow_x,left_elbow_y,left_wrist_x,left_wrist_y,pelvis_x,pelvis_y,right_hip_x,right_hip_y,right_knee_x,right_knee_y,right_ankle_x,right_ankle_y,left_hip_x,left_hip_y,left_knee_x,left_knee_y,left_ankle_x,left_ankle_y
0.554984217493127,0.09918478260869565,0.5305467874961816,0.2595108695652174,0.3269015375216373,0.34375,0.29839120252520107,0.5529891304347826,0.3757763975155279,0.688858695652174,0.518328072497709,0.33016304347826086,0.7219733224722533,0.34103260869565216,0.7708481824661441,0.5692934782608695,0.5468384074941453,0.6970108695652174,0.4490886875063638,0.6725543478260869,0.3554118725180735,0.6535326086956522,0.0784543325526932,0.71875,0.3676305875165462,0.7703804347826086,0.5305467874961816,0.688858695652174,0.9052540474493431,0.6725543478260869,0.35948477751756436,0.7567934782608695
