head_top_x,head_top_y,upper_neck_x,upper_neck_y,right_shoulder_x,right_shoulder_y,right_elbow_x,right_elbow_y,right_wrist_x,right_wrist_y,thorax_x,thorax_y,left_shoulder_x,left_shoulder_y,left_elbow_x,left_elbow_y,left_wrist_x,left_wrist_y,pelvis_x,pelvis_y,right_hip_x,right_hip_y,right_knee_x,right_knee_y,right_ankle_x,right_ankle_y,left_hip_x,left_hip_y,left_knee_x,left_knee_y,left_ankle_x,left_ankle_y
0.8519021739130435,-0.001358695652173913,0.7160326086956522,0.5245639891918447,0.7595108695652174,0.21669532465405714,0.5421195652173914,0.24944731024318348,0.7269021739130435,0.5147383935151069,0.7160326086956522,0.53111438630967,0.7758152173913043,0.21997052321296978,0.78125,0.3739048554818636,0.8002717391304348,0.4230328338655531,0.48777173913043476,0.45250962089576685,0.48777173913043476,0.4426840252190289,0.6942934782608695,0.53111438630967,0.5176630434782609,0.9536150004093997,0.4904891304347826,0.46888561369033,0.6834239130434783,0.5245639891918447,0.5203804347826086,0.9437894047326619
