head_top_x,head_top_y,upper_neck_x,upper_neck_y,right_shoulder_x,right_shoulder_y,right_elbow_x,right_elbow_y,right_wrist_x,right_wrist_y,thorax_x,thorax_y,left_shoulder_x,left_shoulder_y,left_elbow_x,left_elbow_y,left_wrist_x,left_wrist_y,pelvis_x,pelvis_y,right_hip_x,right_hip_y,right_knee_x,right_knee_y,right_ankle_x,right_ankle_y,left_hip_x,left_hip_y,left_knee_x,left_knee_y,left_ankle_x,left_ankle_y
0.46603260869565216,0.3958037321208676,0.39809782608695654,0.5322061191626409,0.389945652173913,0.5018944775978025,0.37092391304347827,0.528417163967036,0.39809782608695654,0.3806479113384484,0.41440217391304346,0.49810552240219763,0.422554347826087,0.5018944775978025,0.4633152173913043,0.5397840295538506,0.49320652173913043,0.5663067159230841,0.46603260869565216,0.4564270152505447,0.48233695652173914,0.44506014966373025,0.6399456521739131,0.5132613431846169,0.6942934782608695,0.4261153736857062,0.4796195652173913,0.47916074642417356,0.6372282608695652,0.5246282087714312,0.688858695652174,0.43369328407691576
