head_top_x,head_top_y,upper_neck_x,upper_neck_y,right_shoulder_x,right_shoulder_y,right_elbow_x,right_elbow_y,right_wrist_x,right_wrist_y,thorax_x,thorax_y,left_shoulder_x,left_shoulder_y,left_elbow_x,left_elbow_y,left_wrist_x,left_wrist_y,pelvis_x,pelvis_y,right_hip_x,right_hip_y,right_knee_x,right_knee_y,right_ankle_x,right_ankle_y,left_hip_x,left_hip_y,left_knee_x,left_knee_y,left_ankle_x,left_ankle_y
0.44972826086956524,0.3056265984654732,0.5394021739130435,0.46112531969309467,0.5230978260869565,0.4856777493606138,0.47146739130434784,0.6370843989769822,0.5095108695652174,0.7843989769820973,0.5366847826086957,0.45294117647058824,0.5747282608695652,0.48158567774936056,0.563858695652174,0.6248081841432225,0.5991847826086957,0.7843989769820973,0.5285326086956522,0.49386189258312024,0.5095108695652174,0.5020460358056267,0.4633152173913043,0.3097186700767264,0.4116847826086957,0.4570332480818414,0.5502717391304348,0.49386189258312024,0.5040760869565217,0.3179028132992327,0.44972826086956524,0.42838874680306904
