head_top_x,head_top_y,upper_neck_x,upper_neck_y,right_shoulder_x,right_shoulder_y,right_elbow_x,right_elbow_y,right_wrist_x,right_wrist_y,thorax_x,thorax_y,left_shoulder_x,left_shoulder_y,left_elbow_x,left_elbow_y,left_wrist_x,left_wrist_y,pelvis_x,pelvis_y,right_hip_x,right_hip_y,right_knee_x,right_knee_y,right_ankle_x,right_ankle_y,left_hip_x,left_hip_y,left_knee_x,left_knee_y,left_ankle_x,left_ankle_y
0.47282608695652173,0.09646739130434782,0.48731884057971014,0.2513586956521739,0.4148550724637681,0.21331521739130435,0.35688405797101447,0.2078804347826087,0.24094202898550723,0.21331521739130435,0.48731884057971014,0.24320652173913043,0.5561594202898551,0.2595108695652174,0.5489130434782609,0.3546195652173913,0.44021739130434784,0.3654891304347826,0.5452898550724637,0.37907608695652173,0.48007246376811596,0.3736413043478261,0.43297101449275366,0.5366847826086957,0.4148550724637681,0.7078804347826086,0.6068840579710145,0.38179347826086957,0.5597826086956522,0.5665760869565217,0.5235507246376812,0.6616847826086957
