head_top_x,head_top_y,upper_neck_x,upper_neck_y,right_shoulder_x,right_shoulder_y,right_elbow_x,right_elbow_y,right_wrist_x,right_wrist_y,thorax_x,thorax_y,left_shoulder_x,left_shoulder_y,left_elbow_x,left_elbow_y,left_wrist_x,left_wrist_y,pelvis_x,pelvis_y,right_hip_x,right_hip_y,right_knee_x,right_knee_y,right_ankle_x,right_ankle_y,left_hip_x,left_hip_y,left_knee_x,left_knee_y,left_ankle_x,left_ankle_y
0.38179347826086957,0.16805824254149268,0.38179347826086957,0.34726606251909176,0.34103260869565216,0.3391202525201099,0.2703804347826087,0.4002138275124733,0.33559782608695654,0.4898177375012727,0.3845108695652174,0.3676305875165462,0.43070652173913043,0.3879951125140005,0.422554347826087,0.47352611750330925,0.38179347826086957,0.4694532125038183,0.3953804347826087,0.5468384074941453,0.37092391304347827,0.550911312493636,0.38722826086956524,0.7667752774666531,0.39266304347826086,0.9622747174422156,0.4171195652173913,0.5468384074941453,0.41983695652173914,0.7749210874656348,0.41983695652173914,0.9622747174422156
