head_top_x,head_top_y,upper_neck_x,upper_neck_y,right_shoulder_x,right_shoulder_y,right_elbow_x,right_elbow_y,right_wrist_x,right_wrist_y,thorax_x,thorax_y,left_shoulder_x,left_shoulder_y,left_elbow_x,left_elbow_y,left_wrist_x,left_wrist_y,pelvis_x,pelvis_y,right_hip_x,right_hip_y,right_knee_x,right_knee_y,right_ankle_x,right_ankle_y,left_hip_x,left_hip_y,left_knee_x,left_knee_y,left_ankle_x,left_ankle_y
0.44429347826086957,0.5925069380203515,0.5095108695652174,0.5143899681364992,0.5692934782608695,0.5267242265392127,0.5883152173913043,0.5143899681364992,0.5122282608695652,0.7076266831123446,0.5230978260869565,0.47738719292835863,0.45516304347826086,0.44860725665536033,0.40896739130434784,0.5760612601500669,0.501358695652174,0.6500668105663481,0.5720108695652174,0.4033816425120774,0.6154891304347826,0.36637886730393676,0.47690217391304346,0.2142563470038031,0.30570652173913043,0.7281837804502004,0.5421195652173914,0.41571590091479094,0.48777173913043476,0.21014492753623193,0.297554347826087,0.7446294583204852
