head_top_x,head_top_y,upper_neck_x,upper_neck_y,right_shoulder_x,right_shoulder_y,right_elbow_x,right_elbow_y,right_wrist_x,right_wrist_y,thorax_x,thorax_y,left_shoulder_x,left_shoulder_y,left_elbow_x,left_elbow_y,left_wrist_x,left_wrist_y,pelvis_x,pelvis_y,right_hip_x,right_hip_y,right_knee_x,right_knee_y,right_ankle_x,right_ankle_y,left_hip_x,left_hip_y,left_knee_x,left_knee_y,left_ankle_x,left_ankle_y
0.561141304347826,0.21014492753623193,0.5747282608695652,0.3871821574242819,0.5529891304347826,0.40453874858977695,0.5230978260869565,0.4704937950186583,0.561141304347826,0.4427232491538662,0.5774456521739131,0.40106743035667797,0.6100543478260869,0.3837108391911829,0.6589673913043478,0.48785038618415344,0.6073369565217391,0.47396511325175733,0.5747282608695652,0.4809077497179554,0.5502717391304348,0.4843790679510544,0.5964673913043478,0.6162891608088172,0.3763586956521739,0.14766119934044952,0.5964673913043478,0.4982643408834505,0.5964673913043478,0.6232317972750151,0.6073369565217391,0.78291243599757
