head_top_x,head_top_y,upper_neck_x,upper_neck_y,right_shoulder_x,right_shoulder_y,right_elbow_x,right_elbow_y,right_wrist_x,right_wrist_y,thorax_x,thorax_y,left_shoulder_x,left_shoulder_y,left_elbow_x,left_elbow_y,left_wrist_x,left_wrist_y,pelvis_x,pelvis_y,right_hip_x,right_hip_y,right_knee_x,right_knee_y,right_ankle_x,right_ankle_y,left_hip_x,left_hip_y,left_knee_x,left_knee_y,left_ankle_x,left_ankle_y
0.7894021739130435,0.4938906425007637,0.7214673913043478,0.5305467874961816,0.7105978260869565,0.518328072497709,0.6942934782608695,0.4816719275022909,0.7214673913043478,0.5020364524997455,0.7214673913043478,0.5346196924956725,0.6942934782608695,0.5386925974951634,0.46603260869565216,-0.001358695652173913,0.7296195652173914,0.5590571224926179,0.4116847826086957,0.4165054475104367,0.3953804347826087,0.4002138275124733,0.43070652173913043,0.35948477751756436,0.4171195652173913,0.5916403624885449,0.4904891304347826,0.07438142755320229,0.4388586956521739,0.3554118725180735,0.050271739130434784,0.6568068424803992
