head_top_x,head_top_y,upper_neck_x,upper_neck_y,right_shoulder_x,right_shoulder_y,right_elbow_x,right_elbow_y,right_wrist_x,right_wrist_y,thorax_x,thorax_y,left_shoulder_x,left_shoulder_y,left_elbow_x,left_elbow_y,left_wrist_x,left_wrist_y,pelvis_x,pelvis_y,right_hip_x,right_hip_y,right_knee_x,right_knee_y,right_ankle_x,right_ankle_y,left_hip_x,left_hip_y,left_knee_x,left_knee_y,left_ankle_x,left_ankle_y
0.5815217391304347,0.27853260869565216,0.6322463768115942,0.39809782608695654,0.5597826086956522,0.422554347826087,0.5561594202898551,0.5176630434782609,0.5706521739130435,0.5584239130434783,0.6322463768115942,0.422554347826087,0.7083333333333334,0.41440217391304346,0.7083333333333334,0.5285326086956522,0.6068840579710145,0.5502717391304348,0.625,0.5665760869565217,0.5815217391304347,0.5665760869565217,0.6032608695652174,0.6807065217391305,0.6394927536231885,0.8192934782608695,0.6648550724637681,0.5692934782608695,0.6539855072463768,0.7051630434782609,0.6793478260869565,0.8600543478260869
