head_top_x,head_top_y,upper_neck_x,upper_neck_y,right_shoulder_x,right_shoulder_y,right_elbow_x,right_elbow_y,right_wrist_x,right_wrist_y,thorax_x,thorax_y,left_shoulder_x,left_shoulder_y,left_elbow_x,left_elbow_y,left_wrist_x,left_wrist_y,pelvis_x,pelvis_y,right_hip_x,right_hip_y,right_knee_x,right_knee_y,right_ankle_x,right_ankle_y,left_hip_x,left_hip_y,left_knee_x,left_knee_y,left_ankle_x,left_ankle_y
0.4470108695652174,0.19384057971014493,0.5258152173913043,0.3460144927536232,0.4986413043478261,0.3605072463768116,0.40896739130434784,0.4365942028985507,0.36820652173913043,0.3134057971014493,0.5230978260869565,0.3460144927536232,0.5475543478260869,0.338768115942029,0.41983695652173914,0.40036231884057966,0.389945652173913,0.3134057971014493,0.5040760869565217,0.5163043478260869,0.5067934782608695,0.5163043478260869,0.7105978260869565,0.5778985507246377,0.9605978260869565,0.7554347826086957,0.5176630434782609,0.5090579710144927,0.7051630434782609,0.5706521739130435,0.9415760869565217,0.7699275362318841
