head_top_x,head_top_y,upper_neck_x,upper_neck_y,right_shoulder_x,right_shoulder_y,right_elbow_x,right_elbow_y,right_wrist_x,right_wrist_y,thorax_x,thorax_y,left_shoulder_x,left_shoulder_y,left_elbow_x,left_elbow_y,left_wrist_x,left_wrist_y,pelvis_x,pelvis_y,right_hip_x,right_hip_y,right_knee_x,right_knee_y,right_ankle_x,right_ankle_y,left_hip_x,left_hip_y,left_knee_x,left_knee_y,left_ankle_x,left_ankle_y
0.7296195652173914,0.27750561339048785,0.7296195652173914,0.3469075321494183,0.7269021739130435,0.3754847928148602,0.5475543478260869,0.3346601347213717,0.5529891304347826,0.44488671157379056,0.7296195652173914,0.35098999795876706,0.7296195652173914,0.3305776689120229,0.44972826086956524,0.29383547662788323,0.36277173913043476,0.3469075321494183,0.5095108695652174,0.3918146560522555,0.5203804347826086,0.40406205348030216,0.41983695652173914,0.6041028781383955,0.41440217391304346,0.9470300061236986,0.53125,0.39997958767095326,0.40896739130434784,0.6000204123290467,0.422554347826087,0.938865074505001
