head_top_x,head_top_y,upper_neck_x,upper_neck_y,right_shoulder_x,right_shoulder_y,right_elbow_x,right_elbow_y,right_wrist_x,right_wrist_y,thorax_x,thorax_y,left_shoulder_x,left_shoulder_y,left_elbow_x,left_elbow_y,left_wrist_x,left_wrist_y,pelvis_x,pelvis_y,right_hip_x,right_hip_y,right_knee_x,right_knee_y,right_ankle_x,right_ankle_y,left_hip_x,left_hip_y,left_knee_x,left_knee_y,left_ankle_x,left_ankle_y
0.41881652534728475,0.025815217391304348,0.4368572974923326,0.19157608695652173,0.2708821937578928,0.23777173913043478,0.17346202417463463,0.40353260869565216,0.29613927476095975,0.47690217391304346,0.44046545192134223,0.24320652173913043,0.606440555655782,0.23233695652173914,0.664171026519935,0.3953804347826087,0.6930362619520115,0.3220108695652174,0.4657225329244092,0.5122282608695652,0.3827349810571893,0.5122282608695652,0.4043839076312466,0.6644021739130435,0.34665343676709365,0.811141304347826,0.5559263936496482,0.5122282608695652,0.5595345480786578,0.6752717391304348,0.5414937759336099,0.8627717391304348
