head_top_x,head_top_y,upper_neck_x,upper_neck_y,right_shoulder_x,right_shoulder_y,right_elbow_x,right_elbow_y,right_wrist_x,right_wrist_y,thorax_x,thorax_y,left_shoulder_x,left_shoulder_y,left_elbow_x,left_elbow_y,left_wrist_x,left_wrist_y,pelvis_x,pelvis_y,right_hip_x,right_hip_y,right_knee_x,right_knee_y,right_ankle_x,right_ankle_y,left_hip_x,left_hip_y,left_knee_x,left_knee_y,left_ankle_x,left_ankle_y
0.6453804347826086,0.05150802976889933,0.688858695652174,0.2669408538973756,0.6644021739130435,0.2708578143360752,0.6019021739130435,0.40403446925186054,0.5584239130434783,0.3178613396004701,0.6915760869565217,0.2708578143360752,0.7241847826086957,0.27477477477477474,0.6480978260869565,0.4353701527614571,0.6399456521739131,0.29044261652957304,0.7622282608695652,0.5058754406580493,0.7432065217391305,0.49020759890325105,0.5421195652173914,0.5097924010967488,0.5774456521739131,0.7526439482961224,0.7839673913043478,0.5254602428515472,0.6372282608695652,0.49412455934195065,0.5883152173913043,0.7408930669800237
