head_top_x,head_top_y,upper_neck_x,upper_neck_y,right_shoulder_x,right_shoulder_y,right_elbow_x,right_elbow_y,right_wrist_x,right_wrist_y,thorax_x,thorax_y,left_shoulder_x,left_shoulder_y,left_elbow_x,left_elbow_y,left_wrist_x,left_wrist_y,pelvis_x,pelvis_y,right_hip_x,right_hip_y,right_knee_x,right_knee_y,right_ankle_x,right_ankle_y,left_hip_x,left_hip_y,left_knee_x,left_knee_y,left_ankle_x,left_ankle_y
0.4652990406205348,0.17798913043478262,0.5061236987140233,0.34103260869565216,0.4652990406205348,0.31657608695652173,0.5306184935701163,0.43070652173913043,0.461216574811186,0.422554347826087,0.5102061645233721,0.3328804347826087,0.5551132884262094,0.35190217391304346,0.5510308226168605,0.4470108695652174,0.461216574811186,0.4470108695652174,0.5836905490916514,0.5258152173913043,0.567360685854256,0.5230978260869565,0.5836905490916514,0.65625,0.5877730149010002,0.7459239130434783,0.6000204123290467,0.5258152173913043,0.567360685854256,0.5720108695652174,0.567360685854256,0.751358695652174
