head_top_x,head_top_y,upper_neck_x,upper_neck_y,right_shoulder_x,right_shoulder_y,right_elbow_x,right_elbow_y,right_wrist_x,right_wrist_y,thorax_x,thorax_y,left_shoulder_x,left_shoulder_y,left_elbow_x,left_elbow_y,left_wrist_x,left_wrist_y,pelvis_x,pelvis_y,right_hip_x,right_hip_y,right_knee_x,right_knee_y,right_ankle_x,right_ankle_y,left_hip_x,left_hip_y,left_knee_x,left_knee_y,left_ankle_x,left_ankle_y
0.5122282608695652,0.338768115942029,0.6644021739130435,0.5597826086956522,0.5339673913043478,0.4184782608695652,0.5502717391304348,0.3858695652173913,0.6834239130434783,0.5489130434782609,0.49320652173913043,0.4184782608695652,0.4741847826086957,0.411231884057971,0.501358695652174,0.3423913043478261,0.686141304347826,0.552536231884058,0.5095108695652174,0.411231884057971,0.4986413043478261,0.39673913043478265,0.6046195652173914,0.5742753623188407,0.6807065217391305,0.5996376811594203,0.5285326086956522,0.4221014492753623,0.6127717391304348,0.5742753623188407,0.686141304347826,0.5887681159420289
