head_top_x,head_top_y,upper_neck_x,upper_neck_y,right_shoulder_x,right_shoulder_y,right_elbow_x,right_elbow_y,right_wrist_x,right_wrist_y,thorax_x,thorax_y,left_shoulder_x,left_shoulder_y,left_elbow_x,left_elbow_y,left_wrist_x,left_wrist_y,pelvis_x,pelvis_y,right_hip_x,right_hip_y,right_knee_x,right_knee_y,right_ankle_x,right_ankle_y,left_hip_x,left_hip_y,left_knee_x,left_knee_y,left_ankle_x,left_ankle_y
0.5182852498984153,0.15353260869565216,0.4329540837058106,0.297554347826087,0.35574969524583505,0.29483695652173914,0.290735473384803,0.360054347826087,0.28667208451848847,0.39809782608695654,0.43701747257212525,0.2921195652173913,0.5101584721657861,0.28125,0.5142218610321008,0.34646739130434784,0.5751726940268184,0.38179347826086957,0.4004469727752946,0.42527173913043476,0.34762291751320606,0.42527173913043476,0.323242584315319,0.5692934782608695,0.323242584315319,0.7133152173913043,0.4532710280373832,0.42527173913043476,0.4492076391710687,0.563858695652174,0.43701747257212525,0.7269021739130435
