head_top_x,head_top_y,upper_neck_x,upper_neck_y,right_shoulder_x,right_shoulder_y,right_elbow_x,right_elbow_y,right_wrist_x,right_wrist_y,thorax_x,thorax_y,left_shoulder_x,left_shoulder_y,left_elbow_x,left_elbow_y,left_wrist_x,left_wrist_y,pelvis_x,pelvis_y,right_hip_x,right_hip_y,right_knee_x,right_knee_y,right_ankle_x,right_ankle_y,left_hip_x,left_hip_y,left_knee_x,left_knee_y,left_ankle_x,left_ankle_y
0.7296195652173914,0.26117575015309247,0.6317934782608695,0.33874260053072053,0.6725543478260869,0.3469075321494183,0.5285326086956522,0.4652990406205348,0.44429347826086957,0.37956725862420904,0.623641304347826,0.3346601347213717,0.5910326086956522,0.28567054500918554,0.501358695652174,0.432639314145744,0.46875,0.38773219024290667,0.47690217391304346,0.3469075321494183,0.485054347826087,0.35098999795876706,0.688858695652174,0.31016533986527867,0.25679347826086957,0.5265360277607675,0.41983695652173914,0.39997958767095326,0.28125,0.4775464380485814,0.24592391304347827,0.5551132884262094
