head_top_x,head_top_y,upper_neck_x,upper_neck_y,right_shoulder_x,right_shoulder_y,right_elbow_x,right_elbow_y,right_wrist_x,right_wrist_y,thorax_x,thorax_y,left_shoulder_x,left_shoulder_y,left_elbow_x,left_elbow_y,left_wrist_x,left_wrist_y,pelvis_x,pelvis_y,right_hip_x,right_hip_y,right_knee_x,right_knee_y,right_ankle_x,right_ankle_y,left_hip_x,left_hip_y,left_knee_x,left_knee_y,left_ankle_x,left_ankle_y
0.7948369565217391,0.2966038440007464,0.6616847826086957,0.3600485165142751,0.6589673913043478,0.35258443739503637,0.7296195652173914,0.5018660197798097,0.748641304347826,0.6212912856876283,0.6453804347826086,0.35631647695465574,0.6426630434782609,0.3451203582757978,0.49592391304347827,0.34885239783541705,0.4279891304347826,0.3413883187161784,0.42527173913043476,0.38990483299122974,0.42527173913043476,0.382440753871991,0.36820652173913043,0.819089382347453,0.3654891304347826,0.8116253032282141,0.41440217391304346,0.37870871431237174,0.3654891304347826,0.8153573427878336,0.360054347826087,0.8153573427878336
