head_top_x,head_top_y,upper_neck_x,upper_neck_y,right_shoulder_x,right_shoulder_y,right_elbow_x,right_elbow_y,right_wrist_x,right_wrist_y,thorax_x,thorax_y,left_shoulder_x,left_shoulder_y,left_elbow_x,left_elbow_y,left_wrist_x,left_wrist_y,pelvis_x,pelvis_y,right_hip_x,right_hip_y,right_knee_x,right_knee_y,right_ankle_x,right_ankle_y,left_hip_x,left_hip_y,left_knee_x,left_knee_y,left_ankle_x,left_ankle_y
0.7785326086956522,0.2720986834826862,0.7024456521739131,0.4491094147582697,0.7241847826086957,0.48451156101338644,0.7730978260869565,0.5022126341409449,0.8274456521739131,0.36945458568425715,0.7051630434782609,0.4491094147582697,0.7078804347826086,0.4535346830401594,0.686141304347826,0.3429029759929196,0.7649456521739131,0.3119260980196925,0.5692934782608695,0.5376147803960616,0.561141304347826,0.5154884389866136,0.40353260869565216,0.683648633698418,0.20516304347826086,0.7323265847992034,0.5720108695652174,0.5420400486779511,0.43070652173913043,0.705774975107866,0.2105978260869565,0.7323265847992034
