head_top_x,head_top_y,upper_neck_x,upper_neck_y,right_shoulder_x,right_shoulder_y,right_elbow_x,right_elbow_y,right_wrist_x,right_wrist_y,thorax_x,thorax_y,left_shoulder_x,left_shoulder_y,left_elbow_x,left_elbow_y,left_wrist_x,left_wrist_y,pelvis_x,pelvis_y,right_hip_x,right_hip_y,right_knee_x,right_knee_y,right_ankle_x,right_ankle_y,left_hip_x,left_hip_y,left_knee_x,left_knee_y,left_ankle_x,left_ankle_y
0.3328804347826087,0.4531615925058548,0.5964673913043478,0.30653701252418286,0.623641304347826,0.33504734752061904,0.6426630434782609,0.5834945524895633,0.18342391304347827,0.11918338254760208,0.5964673913043478,0.33097444252112823,0.5801630434782609,0.29431829752571015,0.44429347826086957,0.15991243254251095,0.18614130434782608,0.1273291925465838,0.59375,0.34726606251909176,0.5910326086956522,0.3635576825170553,0.5584239130434783,0.6079319824865085,0.25407608695652173,0.13954790754505653,0.59375,0.35948477751756436,0.5502717391304348,0.5957132674880359,0.2758152173913043,0.1273291925465838
