head_top_x,head_top_y,upper_neck_x,upper_neck_y,right_shoulder_x,right_shoulder_y,right_elbow_x,right_elbow_y,right_wrist_x,right_wrist_y,thorax_x,thorax_y,left_shoulder_x,left_shoulder_y,left_elbow_x,left_elbow_y,left_wrist_x,left_wrist_y,pelvis_x,pelvis_y,right_hip_x,right_hip_y,right_knee_x,right_knee_y,right_ankle_x,right_ankle_y,left_hip_x,left_hip_y,left_knee_x,left_knee_y,left_ankle_x,left_ankle_y
0.6399456521739131,0.21693310253538337,0.5991847826086957,0.43686997250789117,0.5339673913043478,0.4572344975053456,0.49592391304347827,0.5753487424905814,0.563858695652174,0.6201506974849812,0.5991847826086957,0.4490886875063638,0.6508152173913043,0.43686997250789117,0.6752717391304348,0.5794216474900723,0.6453804347826086,0.5386925974951634,0.5910326086956522,0.6160777924854903,0.561141304347826,0.6568068424803992,0.65625,0.7627023724671622,0.7432065217391305,0.7830668974646167,0.6154891304347826,0.6038590774870175,0.6997282608695652,0.7138275124732716,0.7758152173913043,0.7749210874656348
