head_top_x,head_top_y,upper_neck_x,upper_neck_y,right_shoulder_x,right_shoulder_y,right_elbow_x,right_elbow_y,right_wrist_x,right_wrist_y,thorax_x,thorax_y,left_shoulder_x,left_shoulder_y,left_elbow_x,left_elbow_y,left_wrist_x,left_wrist_y,pelvis_x,pelvis_y,right_hip_x,right_hip_y,right_knee_x,right_knee_y,right_ankle_x,right_ankle_y,left_hip_x,left_hip_y,left_knee_x,left_knee_y,left_ankle_x,left_ankle_y
0.39266304347826086,0.4412711944681254,0.43070652173913043,0.5852514919011083,0.43070652173913043,0.611774178270342,0.44429347826086957,0.6572416406175997,0.49592391304347827,0.5018944775978025,0.422554347826087,0.5663067159230841,0.40625,0.5056834327934072,0.4388586956521739,0.490527612010988,0.5149456521739131,0.49810552240219763,0.43342391304347827,0.27455716586151363,0.42527173913043476,0.2859240314483281,0.626358695652174,0.3048688074263522,0.4279891304347826,0.8201667140286067,0.44157608695652173,0.2594013450790944,0.6508152173913043,0.30865776262195693,0.41983695652173914,0.8277446244198162
