head_top_x,head_top_y,upper_neck_x,upper_neck_y,right_shoulder_x,right_shoulder_y,right_elbow_x,right_elbow_y,right_wrist_x,right_wrist_y,thorax_x,thorax_y,left_shoulder_x,left_shoulder_y,left_elbow_x,left_elbow_y,left_wrist_x,left_wrist_y,pelvis_x,pelvis_y,right_hip_x,right_hip_y,right_knee_x,right_knee_y,right_ankle_x,right_ankle_y,left_hip_x,left_hip_y,left_knee_x,left_knee_y,left_ankle_x,left_ankle_y
0.37907608695652173,0.21286019753589247,0.5122282608695652,0.2617350575297831,0.5421195652173914,0.2576621525302922,0.4279891304347826,0.39206801751349146,0.5339673913043478,0.3106099175236738,0.5122282608695652,0.2576621525302922,0.5095108695652174,0.2617350575297831,0.36820652173913043,0.19249567253843802,0.4741847826086957,0.3757763975155279,0.561141304347826,0.33504734752061904,0.5720108695652174,0.3554118725180735,0.5339673913043478,0.5590571224926179,0.264945652173913,0.587567457489054,0.5692934782608695,0.34319315751960083,0.422554347826087,0.5672029324915996,0.264945652173913,0.5916403624885449
