head_top_x,head_top_y,upper_neck_x,upper_neck_y,right_shoulder_x,right_shoulder_y,right_elbow_x,right_elbow_y,right_wrist_x,right_wrist_y,thorax_x,thorax_y,left_shoulder_x,left_shoulder_y,left_elbow_x,left_elbow_y,left_wrist_x,left_wrist_y,pelvis_x,pelvis_y,right_hip_x,right_hip_y,right_knee_x,right_knee_y,right_ankle_x,right_ankle_y,left_hip_x,left_hip_y,left_knee_x,left_knee_y,left_ankle_x,left_ankle_y
0.48788906382463365,0.10461956521739131,0.5266440595858061,0.26766304347826086,0.3958459488918493,0.2866847826086957,0.30864720842921156,0.38179347826086957,0.17784909773525492,0.37092391304347827,0.5266440595858061,0.26766304347826086,0.6574421702797626,0.25407608695652173,0.7737071575632797,0.3491847826086957,0.6235315489887368,0.29483695652173914,0.5121109361753663,0.4741847826086957,0.4346009446530216,0.46875,0.44913406806346134,0.6752717391304348,0.48788906382463365,0.8682065217391305,0.579932178757418,0.48233695652173914,0.5653990553469783,0.6779891304347826,0.6574421702797626,0.8926630434782609
