head_top_x,head_top_y,upper_neck_x,upper_neck_y,right_shoulder_x,right_shoulder_y,right_elbow_x,right_elbow_y,right_wrist_x,right_wrist_y,thorax_x,thorax_y,left_shoulder_x,left_shoulder_y,left_elbow_x,left_elbow_y,left_wrist_x,left_wrist_y,pelvis_x,pelvis_y,right_hip_x,right_hip_y,right_knee_x,right_knee_y,right_ankle_x,right_ankle_y,left_hip_x,left_hip_y,left_knee_x,left_knee_y,left_ankle_x,left_ankle_y
0.485054347826087,0.8255407472143326,0.4470108695652174,0.5677299541184183,0.452445652173913,0.6026873497924405,0.43070652173913043,0.8036923749180687,0.43342391304347827,0.5065545116888792,0.44972826086956524,0.5764693030369237,0.452445652173913,0.5415119073629014,0.44157608695652173,0.5284028839851431,0.43070652173913043,0.4847061393926152,0.485054347826087,0.1613502294079091,0.48777173913043476,0.14387153157089796,0.5122282608695652,0.1744592527856675,0.5394021739130435,0.1744592527856675,0.47690217391304346,0.1569805549486564,0.45516304347826086,0.4322700458815819,0.5203804347826086,0.1657199038671619
