head_top_x,head_top_y,upper_neck_x,upper_neck_y,right_shoulder_x,right_shoulder_y,right_elbow_x,right_elbow_y,right_wrist_x,right_wrist_y,thorax_x,thorax_y,left_shoulder_x,left_shoulder_y,left_elbow_x,left_elbow_y,left_wrist_x,left_wrist_y,pelvis_x,pelvis_y,right_hip_x,right_hip_y,right_knee_x,right_knee_y,right_ankle_x,right_ankle_y,left_hip_x,left_hip_y,left_knee_x,left_knee_y,left_ankle_x,left_ankle_y
0.3265928972450712,0.2758152173913043,0.4081962397179789,0.41983695652173914,0.33067306436871663,0.4171195652173913,0.3347532314923619,0.44429347826086957,0.33067306436871663,0.44429347826086957,0.4041160725943336,0.41983695652173914,0.47755908081995047,0.4171195652173913,0.5673227575401488,0.4904891304347826,0.5346814205509858,0.5665760869565217,0.4081962397179789,0.5801630434782609,0.3592342342342343,0.5801630434782609,0.3755549027288158,0.6915760869565217,0.5387615876746311,0.8301630434782609,0.44899791095443276,0.5828804347826086,0.37963506985246115,0.6970108695652174,0.3184325629977804,0.8410326086956522
