head_top_x,head_top_y,upper_neck_x,upper_neck_y,right_shoulder_x,right_shoulder_y,right_elbow_x,right_elbow_y,right_wrist_x,right_wrist_y,thorax_x,thorax_y,left_shoulder_x,left_shoulder_y,left_elbow_x,left_elbow_y,left_wrist_x,left_wrist_y,pelvis_x,pelvis_y,right_hip_x,right_hip_y,right_knee_x,right_knee_y,right_ankle_x,right_ankle_y,left_hip_x,left_hip_y,left_knee_x,left_knee_y,left_ankle_x,left_ankle_y
0.7595108695652174,0.047670417303910875,0.7404891304347826,0.2149470176971816,0.6942934782608695,0.1910503604981429,0.6290760869565217,0.2149470176971816,0.5557065217391305,0.1910503604981429,0.7350543478260869,0.21153320952589036,0.7921195652173914,0.24908509941009394,0.8192934782608695,0.3719821935765786,0.7567934782608695,0.4129478916320734,0.7051630434782609,0.47781024688660695,0.6752717391304348,0.47098263054402445,0.6508152173913043,0.6553282717937513,0.6725543478260869,0.7952944068166921,0.7296195652173914,0.48805167140048067,0.7296195652173914,0.665569696307625,0.7377717391304348,0.8465015293860607
