head_top_x,head_top_y,upper_neck_x,upper_neck_y,right_shoulder_x,right_shoulder_y,right_elbow_x,right_elbow_y,right_wrist_x,right_wrist_y,thorax_x,thorax_y,left_shoulder_x,left_shoulder_y,left_elbow_x,left_elbow_y,left_wrist_x,left_wrist_y,pelvis_x,pelvis_y,right_hip_x,right_hip_y,right_knee_x,right_knee_y,right_ankle_x,right_ankle_y,left_hip_x,left_hip_y,left_knee_x,left_knee_y,left_ankle_x,left_ankle_y
0.383312020460358,0.11005434782608696,0.4408567774936062,0.24320652173913043,0.35134271099744246,0.21331521739130435,0.3161764705882353,0.26766304347826086,0.30658567774936063,0.3546195652173913,0.434462915601023,0.21331521739130435,0.5079923273657289,0.20244565217391305,0.57193094629156,0.2513586956521739,0.6198849104859335,0.327445652173913,0.4664322250639386,0.3220108695652174,0.42487212276214836,0.327445652173913,0.41528132992327366,0.46059782608695654,0.4184782608695652,0.6019021739130435,0.5079923273657289,0.31929347826086957,0.5623401534526854,0.4470108695652174,0.6134910485933504,0.5720108695652174
