head_top_x,head_top_y,upper_neck_x,upper_neck_y,right_shoulder_x,right_shoulder_y,right_elbow_x,right_elbow_y,right_wrist_x,right_wrist_y,thorax_x,thorax_y,left_shoulder_x,left_shoulder_y,left_elbow_x,left_elbow_y,left_wrist_x,left_wrist_y,pelvis_x,pelvis_y,right_hip_x,right_hip_y,right_knee_x,right_knee_y,right_ankle_x,right_ankle_y,left_hip_x,left_hip_y,left_knee_x,left_knee_y,left_ankle_x,left_ankle_y
0.6508152173913043,0.19086557638611884,0.6046195652173914,0.17889908256880735,0.5502717391304348,0.19086557638611884,0.4796195652173913,0.34642999601116875,0.44157608695652173,0.47806142800159557,0.5964673913043478,0.17092142002393296,0.5774456521739131,0.17092142002393296,0.4741847826086957,0.35440765855604306,0.4361413043478261,0.47407259672915836,0.46603260869565216,0.49800558436378145,0.452445652173913,0.49800558436378145,0.5448369565217391,0.5897487036298364,0.5421195652173914,0.8131232548863183,0.46875,0.49800558436378145,0.7133152173913043,0.6296370163542082,0.7730978260869565,0.7453131232548863
