head_top_x,head_top_y,upper_neck_x,upper_neck_y,right_shoulder_x,right_shoulder_y,right_elbow_x,right_elbow_y,right_wrist_x,right_wrist_y,thorax_x,thorax_y,left_shoulder_x,left_shoulder_y,left_elbow_x,left_elbow_y,left_wrist_x,left_wrist_y,pelvis_x,pelvis_y,right_hip_x,right_hip_y,right_knee_x,right_knee_y,right_ankle_x,right_ankle_y,left_hip_x,left_hip_y,left_knee_x,left_knee_y,left_ankle_x,left_ankle_y
0.4042867325119641,0.264945652173913,0.4816719275022909,0.4388586956521739,0.34319315751960083,0.44972826086956524,0.2780266775277466,0.6046195652173914,0.24137053253232862,0.7404891304347826,0.5020364524997455,0.4388586956521739,0.6486610324814174,0.40353260869565216,0.840087567457489,0.5285326086956522,0.6649526524793808,0.5883152173913043,0.5224009774971999,0.5584239130434783,0.4531615925058548,0.6127717391304348,0.35133896751858257,0.6671195652173914,0.4613074025048366,0.6426630434782609,0.6120048874859993,0.5557065217391305,0.5468384074941453,0.6100543478260869,0.6486610324814174,0.5747282608695652
