head_top_x,head_top_y,upper_neck_x,upper_neck_y,right_shoulder_x,right_shoulder_y,right_elbow_x,right_elbow_y,right_wrist_x,right_wrist_y,thorax_x,thorax_y,left_shoulder_x,left_shoulder_y,left_elbow_x,left_elbow_y,left_wrist_x,left_wrist_y,pelvis_x,pelvis_y,right_hip_x,right_hip_y,right_knee_x,right_knee_y,right_ankle_x,right_ankle_y,left_hip_x,left_hip_y,left_knee_x,left_knee_y,left_ankle_x,left_ankle_y
0.4285568483363952,0.28125,0.48162890385793017,0.41983695652173914,0.3836497244335579,0.422554347826087,0.4122269850989998,0.33016304347826086,0.3183302714839763,0.26766304347826086,0.48162890385793017,0.4171195652173913,0.5591957542355582,0.39809782608695654,0.5755256174729537,0.360054347826087,0.6408450704225352,0.3491847826086957,0.5102061645233721,0.452445652173913,0.46938150642988363,0.4578804347826087,0.4489691773831394,0.43070652173913043,0.4734639722392325,0.4796195652173913,0.5469483568075117,0.4470108695652174,0.5306184935701163,0.4633152173913043,0.4775464380485814,0.44157608695652173
