head_top_x,head_top_y,upper_neck_x,upper_neck_y,right_shoulder_x,right_shoulder_y,right_elbow_x,right_elbow_y,right_wrist_x,right_wrist_y,thorax_x,thorax_y,left_shoulder_x,left_shoulder_y,left_elbow_x,left_elbow_y,left_wrist_x,left_wrist_y,pelvis_x,pelvis_y,right_hip_x,right_hip_y,right_knee_x,right_knee_y,right_ankle_x,right_ankle_y,left_hip_x,left_hip_y,left_knee_x,left_knee_y,left_ankle_x,left_ankle_y
0.7540760869565217,0.11760903585765803,0.751358695652174,0.2672994488671157,0.6725543478260869,0.2727427366129142,0.5883152173913043,0.3734435599101858,0.5067934782608695,0.42243314962237194,0.751358695652174,0.2917942437232088,0.8410326086956522,0.32989725794379804,0.8491847826086957,0.4659794515887596,0.5855978260869565,0.5149690413009459,0.5040760869565217,0.4877526025719534,0.5258152173913043,0.3788868476559842,0.452445652173913,0.21830985915492956,0.39809782608695654,0.21286657140913112,0.5448369565217391,0.5258556167925428,0.25407608695652173,0.8170715111927604,0.47690217391304346,0.2373613662652242
