head_top_x,head_top_y,upper_neck_x,upper_neck_y,right_shoulder_x,right_shoulder_y,right_elbow_x,right_elbow_y,right_wrist_x,right_wrist_y,thorax_x,thorax_y,left_shoulder_x,left_shoulder_y,left_elbow_x,left_elbow_y,left_wrist_x,left_wrist_y,pelvis_x,pelvis_y,right_hip_x,right_hip_y,right_knee_x,right_knee_y,right_ankle_x,right_ankle_y,left_hip_x,left_hip_y,left_knee_x,left_knee_y,left_ankle_x,left_ankle_y
0.561141304347826,0.23668095529699942,0.5258152173913043,0.41630945090834864,0.5584239130434783,0.3836497244335579,0.561141304347826,0.5183710961420698,0.6019021739130435,0.6367626046131865,0.5258152173913043,0.36323739538681366,0.49320652173913043,0.31424780567462746,0.48233695652173914,0.3591549295774648,0.5122282608695652,0.2040212288222086,0.501358695652174,0.49387630128597676,0.5149456521739131,0.5183710961420698,0.5285326086956522,0.5102061645233721,0.49592391304347827,0.6041028781383955,0.485054347826087,0.48162890385793017,0.44972826086956524,0.4122269850989998,0.49320652173913043,0.6000204123290467
