head_top_x,head_top_y,upper_neck_x,upper_neck_y,right_shoulder_x,right_shoulder_y,right_elbow_x,right_elbow_y,right_wrist_x,right_wrist_y,thorax_x,thorax_y,left_shoulder_x,left_shoulder_y,left_elbow_x,left_elbow_y,left_wrist_x,left_wrist_y,pelvis_x,pelvis_y,right_hip_x,right_hip_y,right_knee_x,right_knee_y,right_ankle_x,right_ankle_y,left_hip_x,left_hip_y,left_knee_x,left_knee_y,left_ankle_x,left_ankle_y
0.46059782608695654,0.09963768115942029,0.5258152173913043,0.27355072463768115,0.4578804347826087,0.20471014492753623,0.42527173913043476,0.3423913043478261,0.37907608695652173,0.4583333333333333,0.5176630434782609,0.23007246376811596,0.5855978260869565,0.2554347826086956,0.6019021739130435,0.42934782608695654,0.5665760869565217,0.5815217391304347,0.6154891304347826,0.3786231884057971,0.561141304347826,0.3713768115942029,0.4279891304347826,0.4692028985507246,0.40625,0.5235507246376812,0.6589673913043478,0.40036231884057966,0.5747282608695652,0.5742753623188407,0.5828804347826086,0.5960144927536232
