head_top_x,head_top_y,upper_neck_x,upper_neck_y,right_shoulder_x,right_shoulder_y,right_elbow_x,right_elbow_y,right_wrist_x,right_wrist_y,thorax_x,thorax_y,left_shoulder_x,left_shoulder_y,left_elbow_x,left_elbow_y,left_wrist_x,left_wrist_y,pelvis_x,pelvis_y,right_hip_x,right_hip_y,right_knee_x,right_knee_y,right_ankle_x,right_ankle_y,left_hip_x,left_hip_y,left_knee_x,left_knee_y,left_ankle_x,left_ankle_y
0.5636710933236311,0.33559782608695654,0.4108604693469165,0.35733695652173914,0.3271784609787157,0.327445652173913,0.2362197562306713,0.4171195652173913,0.42177551391668183,0.4388586956521739,0.4326905584864473,0.3491847826086957,0.5272876114244133,0.38179347826086957,0.5200109150445699,0.47146739130434784,0.46907404038566486,0.4388586956521739,0.33809350554848094,0.40896739130434784,0.27987993450973264,0.4116847826086957,0.44360560305621255,0.48777173913043476,0.44724395124613425,0.6399456521739131,0.4254138621066037,0.43070652173913043,0.5054575222848826,0.48777173913043476,0.49454247771511733,0.6535326086956522
