head_top_x,head_top_y,upper_neck_x,upper_neck_y,right_shoulder_x,right_shoulder_y,right_elbow_x,right_elbow_y,right_wrist_x,right_wrist_y,thorax_x,thorax_y,left_shoulder_x,left_shoulder_y,left_elbow_x,left_elbow_y,left_wrist_x,left_wrist_y,pelvis_x,pelvis_y,right_hip_x,right_hip_y,right_knee_x,right_knee_y,right_ankle_x,right_ankle_y,left_hip_x,left_hip_y,left_knee_x,left_knee_y,left_ankle_x,left_ankle_y
0.5366847826086957,0.46195652173913043,0.49592391304347827,0.35326086956521735,0.501358695652174,0.3460144927536232,0.5557065217391305,0.4365942028985507,0.4633152173913043,0.4692028985507246,0.5040760869565217,0.3423913043478261,0.49592391304347827,0.338768115942029,0.49320652173913043,0.47282608695652173,0.4470108695652174,0.483695652173913,0.5394021739130435,0.24818840579710147,0.5230978260869565,0.23731884057971012,0.5122282608695652,0.20471014492753623,0.4904891304347826,0.35688405797101447,0.5557065217391305,0.1648550724637681,0.5720108695652174,0.24456521739130435,0.5149456521739131,0.3713768115942029
