head_top_x,head_top_y,upper_neck_x,upper_neck_y,right_shoulder_x,right_shoulder_y,right_elbow_x,right_elbow_y,right_wrist_x,right_wrist_y,thorax_x,thorax_y,left_shoulder_x,left_shoulder_y,left_elbow_x,left_elbow_y,left_wrist_x,left_wrist_y,pelvis_x,pelvis_y,right_hip_x,right_hip_y,right_knee_x,right_knee_y,right_ankle_x,right_ankle_y,left_hip_x,left_hip_y,left_knee_x,left_knee_y,left_ankle_x,left_ankle_y
0.556042664738317,0.058423913043478264,0.556042664738317,0.22146739130434784,0.41503208894513244,0.264945652173913,0.3282563499954804,0.41440217391304346,0.38610684262858175,0.5095108695652174,0.556042664738317,0.27309782608695654,0.6934375847419324,0.2758152173913043,0.6898219289523636,0.43070652173913043,0.6102775015818493,0.3111413043478261,0.5198861068426286,0.6399456521739131,0.4439573352616831,0.6480978260869565,0.5415800415800416,0.8790760869565217,0.5632739763174546,0.8328804347826086,0.5921992226340052,0.6290760869565217,0.5705052878965923,0.876358695652174,0.5813522552652987,0.8165760869565217
