head_top_x,head_top_y,upper_neck_x,upper_neck_y,right_shoulder_x,right_shoulder_y,right_elbow_x,right_elbow_y,right_wrist_x,right_wrist_y,thorax_x,thorax_y,left_shoulder_x,left_shoulder_y,left_elbow_x,left_elbow_y,left_wrist_x,left_wrist_y,pelvis_x,pelvis_y,right_hip_x,right_hip_y,right_knee_x,right_knee_y,right_ankle_x,right_ankle_y,left_hip_x,left_hip_y,left_knee_x,left_knee_y,left_ankle_x,left_ankle_y
0.5169082125603865,0.27853260869565216,0.46859903381642515,0.42527173913043476,0.38647342995169087,0.4116847826086957,0.3623188405797102,0.37092391304347827,0.463768115942029,0.26222826086956524,0.47826086956521735,0.4116847826086957,0.5603864734299516,0.4171195652173913,0.6328502415458936,0.3845108695652174,0.5942028985507246,0.30027173913043476,0.4347826086956521,0.5991847826086957,0.3719806763285024,0.5910326086956522,0.323671497584541,0.6779891304347826,0.3913043478260869,0.6779891304347826,0.48792270531400966,0.6019021739130435,0.48792270531400966,0.6644021739130435,0.497584541062802,0.7051630434782609
