head_top_x,head_top_y,upper_neck_x,upper_neck_y,right_shoulder_x,right_shoulder_y,right_elbow_x,right_elbow_y,right_wrist_x,right_wrist_y,thorax_x,thorax_y,left_shoulder_x,left_shoulder_y,left_elbow_x,left_elbow_y,left_wrist_x,left_wrist_y,pelvis_x,pelvis_y,right_hip_x,right_hip_y,right_knee_x,right_knee_y,right_ankle_x,right_ankle_y,left_hip_x,left_hip_y,left_knee_x,left_knee_y,left_ankle_x,left_ankle_y
0.53125,0.7423378474697078,0.5448369565217391,0.6038590774870175,0.563858695652174,0.5631300274921088,0.39266304347826086,0.6282965074839629,0.38722826086956524,0.6812442724773444,0.5448369565217391,0.5957132674880359,0.5475543478260869,0.5672029324915996,0.41983695652173914,0.6120048874859993,0.3763586956521739,0.624223602484472,0.5285326086956522,0.6201506974849812,0.5230978260869565,0.6405152224824356,0.53125,0.8034314224620711,0.5448369565217391,0.7423378474697078,0.5285326086956522,0.6282965074839629,0.5529891304347826,0.7871398024641075,0.5584239130434783,0.7382649424702168
