head_top_x,head_top_y,upper_neck_x,upper_neck_y,right_shoulder_x,right_shoulder_y,right_elbow_x,right_elbow_y,right_wrist_x,right_wrist_y,thorax_x,thorax_y,left_shoulder_x,left_shoulder_y,left_elbow_x,left_elbow_y,left_wrist_x,left_wrist_y,pelvis_x,pelvis_y,right_hip_x,right_hip_y,right_knee_x,right_knee_y,right_ankle_x,right_ankle_y,left_hip_x,left_hip_y,left_knee_x,left_knee_y,left_ankle_x,left_ankle_y
0.7504836574686896,0.48233695652173914,0.6120048874859993,0.5230978260869565,0.6486610324814174,0.5095108695652174,0.4531615925058548,0.5828804347826086,0.39206801751349146,0.6426630434782609,0.6160777924854903,0.5285326086956522,0.5794216474900723,0.5122282608695652,0.44094287750738215,0.59375,0.3676305875165462,0.6453804347826086,0.6812442724773444,0.6426630434782609,0.7056817024742897,0.6426630434782609,0.6853171774768353,0.6616847826086957,0.7260462274717442,0.6915760869565217,0.66087974747989,0.6372282608695652,0.6730984624783627,0.6589673913043478,0.6934629874758171,0.6807065217391305
