head_top_x,head_top_y,upper_neck_x,upper_neck_y,right_shoulder_x,right_shoulder_y,right_elbow_x,right_elbow_y,right_wrist_x,right_wrist_y,thorax_x,thorax_y,left_shoulder_x,left_shoulder_y,left_elbow_x,left_elbow_y,left_wrist_x,left_wrist_y,pelvis_x,pelvis_y,right_hip_x,right_hip_y,right_knee_x,right_knee_y,right_ankle_x,right_ankle_y,left_hip_x,left_hip_y,left_knee_x,left_knee_y,left_ankle_x,left_ankle_y
0.8640816193699559,0.38722826086956524,0.6525481645404843,0.40353260869565216,0.6647520177037229,0.39266304347826086,0.4694903670919032,0.43342391304347827,0.4166070033845354,0.5149456521739131,0.6647520177037229,0.39809782608695654,0.6525481645404843,0.39809782608695654,0.47355831814631605,0.4279891304347826,0.4532185628742515,0.501358695652174,0.3474518354595158,0.40896739130434784,0.36779159073158035,0.4116847826086957,0.2701607654256704,0.40625,0.4206749544389482,0.485054347826087,0.3637236396771675,0.4171195652173913,0.3474518354595158,0.4578804347826087,0.07896706586826346,0.5203804347826086
