head_top_x,head_top_y,upper_neck_x,upper_neck_y,right_shoulder_x,right_shoulder_y,right_elbow_x,right_elbow_y,right_wrist_x,right_wrist_y,thorax_x,thorax_y,left_shoulder_x,left_shoulder_y,left_elbow_x,left_elbow_y,left_wrist_x,left_wrist_y,pelvis_x,pelvis_y,right_hip_x,right_hip_y,right_knee_x,right_knee_y,right_ankle_x,right_ankle_y,left_hip_x,left_hip_y,left_knee_x,left_knee_y,left_ankle_x,left_ankle_y
0.6834239130434783,0.14362081254454742,0.6209239130434783,0.3146828225231646,0.6209239130434783,0.3106099175236738,0.6209239130434783,0.4042867325119641,0.6290760869565217,0.371703492516037,0.6182065217391305,0.2861724875267284,0.6154891304347826,0.2739537725282558,0.6209239130434783,0.4042867325119641,0.623641304347826,0.3839222075145097,0.5394021739130435,0.5346196924956725,0.5421195652173914,0.5264738824966908,0.3953804347826087,0.5712758374910905,0.4388586956521739,0.9419101924447612,0.53125,0.5305467874961816,0.39266304347826086,0.5631300274921088,0.43342391304347827,0.9011811424498524
