head_top_x,head_top_y,upper_neck_x,upper_neck_y,right_shoulder_x,right_shoulder_y,right_elbow_x,right_elbow_y,right_wrist_x,right_wrist_y,thorax_x,thorax_y,left_shoulder_x,left_shoulder_y,left_elbow_x,left_elbow_y,left_wrist_x,left_wrist_y,pelvis_x,pelvis_y,right_hip_x,right_hip_y,right_knee_x,right_knee_y,right_ankle_x,right_ankle_y,left_hip_x,left_hip_y,left_knee_x,left_knee_y,left_ankle_x,left_ankle_y
0.53125,0.08876811594202898,0.5529891304347826,0.2916666666666667,0.47146739130434784,0.3351449275362319,0.44157608695652173,0.4692028985507246,0.422554347826087,0.5815217391304347,0.5557065217391305,0.3423913043478261,0.6426630434782609,0.35326086956521735,0.6426630434782609,0.5126811594202899,0.6372282608695652,0.625,0.5366847826086957,0.6141304347826088,0.4986413043478261,0.6105072463768115,0.48777173913043476,0.8677536231884058,0.47146739130434784,0.9981884057971014,0.5720108695652174,0.621376811594203,0.5720108695652174,0.871376811594203,0.5421195652173914,1.0
