head_top_x,head_top_y,upper_neck_x,upper_neck_y,right_shoulder_x,right_shoulder_y,right_elbow_x,right_elbow_y,right_wrist_x,right_wrist_y,thorax_x,thorax_y,left_shoulder_x,left_shoulder_y,left_elbow_x,left_elbow_y,left_wrist_x,left_wrist_y,pelvis_x,pelvis_y,right_hip_x,right_hip_y,right_knee_x,right_knee_y,right_ankle_x,right_ankle_y,left_hip_x,left_hip_y,left_knee_x,left_knee_y,left_ankle_x,left_ankle_y
0.38179347826086957,0.357085346215781,0.38179347826086957,0.534219001610306,0.3654891304347826,0.5422705314009663,0.41440217391304346,0.5865539452495975,0.40353260869565216,0.42552334943639286,0.38179347826086957,0.5261674718196457,0.36277173913043476,0.5221417069243157,0.45516304347826086,0.5100644122383252,0.39266304347826086,0.40136876006441224,0.6182065217391305,0.4859098228663446,0.6182065217391305,0.4859098228663446,0.7839673913043478,0.5543478260869565,0.5095108695652174,0.10346215780998388,0.6209239130434783,0.48188405797101436,0.7866847826086957,0.5543478260869565,0.5258152173913043,0.10346215780998388
