head_top_x,head_top_y,upper_neck_x,upper_neck_y,right_shoulder_x,right_shoulder_y,right_elbow_x,right_elbow_y,right_wrist_x,right_wrist_y,thorax_x,thorax_y,left_shoulder_x,left_shoulder_y,left_elbow_x,left_elbow_y,left_wrist_x,left_wrist_y,pelvis_x,pelvis_y,right_hip_x,right_hip_y,right_knee_x,right_knee_y,right_ankle_x,right_ankle_y,left_hip_x,left_hip_y,left_knee_x,left_knee_y,left_ankle_x,left_ankle_y
0.30027173913043476,0.005142042561857243,0.36820652173913043,0.16805824254149268,0.3111413043478261,0.2210060075348742,0.3328804347826087,0.33097444252112823,0.3736413043478261,0.29431829752571015,0.37092391304347827,0.17213114754098358,0.41983695652173914,0.14769371754403823,0.4741847826086957,0.24951634253131044,0.44157608695652173,0.2698808675287649,0.4279891304347826,0.42465125750941857,0.389945652173913,0.43279706750840036,0.3763586956521739,0.6649526524793808,0.37907608695652173,0.8685979024539252,0.4633152173913043,0.4165054475104367,0.49320652173913043,0.6486610324814174,0.5394021739130435,0.8115772324610527
