head_top_x,head_top_y,upper_neck_x,upper_neck_y,right_shoulder_x,right_shoulder_y,right_elbow_x,right_elbow_y,right_wrist_x,right_wrist_y,thorax_x,thorax_y,left_shoulder_x,left_shoulder_y,left_elbow_x,left_elbow_y,left_wrist_x,left_wrist_y,pelvis_x,pelvis_y,right_hip_x,right_hip_y,right_knee_x,right_knee_y,right_ankle_x,right_ankle_y,left_hip_x,left_hip_y,left_knee_x,left_knee_y,left_ankle_x,left_ankle_y
0.4904891304347826,0.4776513612352703,0.48777173913043476,0.5060950832994717,0.5149456521739131,0.4735879723689557,0.5366847826086957,0.5507923608289312,0.7540760869565217,0.4532710280373832,0.48233695652173914,0.4939049167005283,0.47146739130434784,0.49796830556684285,0.5040760869565217,0.4492076391710687,0.7540760869565217,0.35574969524583505,0.49320652173913043,0.5223486387647298,0.49592391304347827,0.5223486387647298,0.41983695652173914,0.17696058512799678,0.748641304347826,0.5182852498984153,0.49320652173913043,0.5142218610321008,0.42527173913043476,0.22978464039008537,0.14266304347826086,0.7336448598130841
