head_top_x,head_top_y,upper_neck_x,upper_neck_y,right_shoulder_x,right_shoulder_y,right_elbow_x,right_elbow_y,right_wrist_x,right_wrist_y,thorax_x,thorax_y,left_shoulder_x,left_shoulder_y,left_elbow_x,left_elbow_y,left_wrist_x,left_wrist_y,pelvis_x,pelvis_y,right_hip_x,right_hip_y,right_knee_x,right_knee_y,right_ankle_x,right_ankle_y,left_hip_x,left_hip_y,left_knee_x,left_knee_y,left_ankle_x,left_ankle_y
0.561141304347826,0.29431829752571015,0.53125,0.4572344975053456,0.5421195652173914,0.4531615925058548,0.5067934782608695,0.5590571224926179,0.5991847826086957,0.4165054475104367,0.53125,0.42057835250992776,0.53125,0.40835963751145493,0.5176630434782609,0.5061093574992364,0.5910326086956522,0.39614092251298233,0.4633152173913043,0.3879951125140005,0.452445652173913,0.371703492516037,0.3491847826086957,0.3839222075145097,0.9035326086956522,0.5264738824966908,0.46875,0.42057835250992776,0.33559782608695654,0.3757763975155279,0.9008152173913043,0.518328072497709
