head_top_x,head_top_y,upper_neck_x,upper_neck_y,right_shoulder_x,right_shoulder_y,right_elbow_x,right_elbow_y,right_wrist_x,right_wrist_y,thorax_x,thorax_y,left_shoulder_x,left_shoulder_y,left_elbow_x,left_elbow_y,left_wrist_x,left_wrist_y,pelvis_x,pelvis_y,right_hip_x,right_hip_y,right_knee_x,right_knee_y,right_ankle_x,right_ankle_y,left_hip_x,left_hip_y,left_knee_x,left_knee_y,left_ankle_x,left_ankle_y
0.2513586956521739,0.23424045923248643,0.34646739130434784,0.3277878175826512,0.35190217391304346,0.3065270543212501,0.40896739130434784,0.27250983310300836,0.3953804347826087,0.285266291059849,0.35733695652173914,0.3192835122780908,0.3654891304347826,0.2980227490166897,0.40896739130434784,0.28101413840756884,0.5747282608695652,0.166206016796003,0.4741847826086957,0.264005527798448,0.4633152173913043,0.27250983310300836,0.59375,0.43409163388965666,0.5067934782608695,0.5531519081535027,0.48777173913043476,0.24699691718932704,0.5747282608695652,0.383065802062294,0.5122282608695652,0.5148825342829808
