head_top_x,head_top_y,upper_neck_x,upper_neck_y,right_shoulder_x,right_shoulder_y,right_elbow_x,right_elbow_y,right_wrist_x,right_wrist_y,thorax_x,thorax_y,left_shoulder_x,left_shoulder_y,left_elbow_x,left_elbow_y,left_wrist_x,left_wrist_y,pelvis_x,pelvis_y,right_hip_x,right_hip_y,right_knee_x,right_knee_y,right_ankle_x,right_ankle_y,left_hip_x,left_hip_y,left_knee_x,left_knee_y,left_ankle_x,left_ankle_y
0.36990848909657315,0.13645833333333332,0.36677375389408096,0.30104166666666665,0.24451908099688469,0.33645833333333336,0.12226440809968846,0.434375,0.16615070093457943,0.553125,0.36990848909657315,0.334375,0.4921631619937694,0.334375,0.5423189252336448,0.440625,0.6081483644859813,0.5197916666666667,0.40752531152647964,0.5364583333333334,0.34483060747663546,0.5510416666666667,0.46081580996884725,0.7322916666666667,0.35736954828660433,0.7885416666666667,0.47022001557632404,0.521875,0.6238220404984424,0.671875,0.7680198598130841,0.8614583333333333
