head_top_x,head_top_y,upper_neck_x,upper_neck_y,right_shoulder_x,right_shoulder_y,right_elbow_x,right_elbow_y,right_wrist_x,right_wrist_y,thorax_x,thorax_y,left_shoulder_x,left_shoulder_y,left_elbow_x,left_elbow_y,left_wrist_x,left_wrist_y,pelvis_x,pelvis_y,right_hip_x,right_hip_y,right_knee_x,right_knee_y,right_ankle_x,right_ankle_y,left_hip_x,left_hip_y,left_knee_x,left_knee_y,left_ankle_x,left_ankle_y
0.4885284810126583,0.05520833333333333,0.47935126582278476,0.209375,0.26368670886075946,0.265625,0.22697784810126578,0.3927083333333333,0.22697784810126578,0.49895833333333334,0.4747626582278481,0.259375,0.6720727848101266,0.2552083333333333,0.7500791139240506,0.38229166666666664,0.759256329113924,0.5010416666666667,0.4885284810126583,0.5135416666666667,0.3784018987341771,0.5135416666666667,0.3371044303797468,0.703125,0.3554588607594937,0.871875,0.5940664556962025,0.5135416666666667,0.6215981012658227,0.690625,0.6078322784810126,0.8760416666666667
