head_top_x,head_top_y,upper_neck_x,upper_neck_y,right_shoulder_x,right_shoulder_y,right_elbow_x,right_elbow_y,right_wrist_x,right_wrist_y,thorax_x,thorax_y,left_shoulder_x,left_shoulder_y,left_elbow_x,left_elbow_y,left_wrist_x,left_wrist_y,pelvis_x,pelvis_y,right_hip_x,right_hip_y,right_knee_x,right_knee_y,right_ankle_x,right_ankle_y,left_hip_x,left_hip_y,left_knee_x,left_knee_y,left_ankle_x,left_ankle_y
0.47663690476190473,0.057291666666666664,0.46625330687830685,0.22604166666666667,0.6895006613756614,0.265625,0.7621858465608465,0.40520833333333334,0.5752810846560845,0.41770833333333335,0.46625330687830685,0.259375,0.2326223544973545,0.253125,0.20147156084656082,0.390625,0.38318452380952384,0.396875,0.455869708994709,0.471875,0.5597056878306877,0.4739583333333333,0.6012400793650794,0.7135416666666666,0.6946924603174603,0.965625,0.34684193121693124,0.46979166666666666,0.2118551587301588,0.7322916666666667,0.2637731481481482,0.9489583333333333
