head_top_x,head_top_y,upper_neck_x,upper_neck_y,right_shoulder_x,right_shoulder_y,right_elbow_x,right_elbow_y,right_wrist_x,right_wrist_y,thorax_x,thorax_y,left_shoulder_x,left_shoulder_y,left_elbow_x,left_elbow_y,left_wrist_x,left_wrist_y,pelvis_x,pelvis_y,right_hip_x,right_hip_y,right_knee_x,right_knee_y,right_ankle_x,right_ankle_y,left_hip_x,left_hip_y,left_knee_x,left_knee_y,left_ankle_x,left_ankle_y
0.5656841856060607,0.059375,0.5063565340909092,0.221875,0.3537997159090909,0.26145833333333335,0.22243134469696968,0.38229166666666664,0.3156605113636364,0.490625,0.48940577651515155,0.2552083333333333,0.6165364583333333,0.24895833333333334,0.6207741477272726,0.3489583333333333,0.7521425189393938,0.4322916666666667,0.4978811553030303,0.47604166666666664,0.44279119318181814,0.4822916666666667,0.5317826704545454,0.6614583333333334,0.5233072916666667,0.8677083333333333,0.548733428030303,0.46979166666666666,0.5402580492424242,0.6552083333333333,0.44702888257575757,0.8114583333333333
