head_top_x,head_top_y,upper_neck_x,upper_neck_y,right_shoulder_x,right_shoulder_y,right_elbow_x,right_elbow_y,right_wrist_x,right_wrist_y,thorax_x,thorax_y,left_shoulder_x,left_shoulder_y,left_elbow_x,left_elbow_y,left_wrist_x,left_wrist_y,pelvis_x,pelvis_y,right_hip_x,right_hip_y,right_knee_x,right_knee_y,right_ankle_x,right_ankle_y,left_hip_x,left_hip_y,left_knee_x,left_knee_y,left_ankle_x,left_ankle_y
0.5677389705882352,0.15520833333333334,0.471672794117647,0.271875,0.4125551470588235,0.234375,0.27461397058823533,0.22395833333333334,0.16869485294117648,0.19270833333333334,0.49137867647058825,0.24895833333333334,0.5652757352941176,0.26145833333333335,0.6588786764705882,0.346875,0.750018382352941,0.4552083333333333,0.44457720588235294,0.4552083333333333,0.39531249999999996,0.4427083333333333,0.3238786764705882,0.603125,0.29185661764705884,0.7760416666666666,0.49384191176470593,0.46145833333333336,0.48891544117647057,0.6385416666666667,0.4174816176470589,0.8197916666666667
