head_top_x,head_top_y,upper_neck_x,upper_neck_y,right_shoulder_x,right_shoulder_y,right_elbow_x,right_elbow_y,right_wrist_x,right_wrist_y,thorax_x,thorax_y,left_shoulder_x,left_shoulder_y,left_elbow_x,left_elbow_y,left_wrist_x,left_wrist_y,pelvis_x,pelvis_y,right_hip_x,right_hip_y,right_knee_x,right_knee_y,right_ankle_x,right_ankle_y,left_hip_x,left_hip_y,left_knee_x,left_knee_y,left_ankle_x,left_ankle_y
0.6791482300884957,0.14479166666666668,0.539325221238938,0.253125,0.5305862831858407,0.290625,0.597584808259587,0.3572916666666667,0.7374078171091445,0.3302083333333333,0.5247603244837759,0.2635416666666667,0.513108407079646,0.240625,0.6296275811209439,0.3072916666666667,0.7286688790560473,0.303125,0.2713311209439528,0.45729166666666665,0.2946349557522124,0.4635416666666667,0.35872050147492623,0.690625,0.4140671091445427,0.9260416666666667,0.2363753687315634,0.4510416666666667,0.22472345132743357,0.6677083333333333,0.2363753687315634,0.865625
