head_top_x,head_top_y,upper_neck_x,upper_neck_y,right_shoulder_x,right_shoulder_y,right_elbow_x,right_elbow_y,right_wrist_x,right_wrist_y,thorax_x,thorax_y,left_shoulder_x,left_shoulder_y,left_elbow_x,left_elbow_y,left_wrist_x,left_wrist_y,pelvis_x,pelvis_y,right_hip_x,right_hip_y,right_knee_x,right_knee_y,right_ankle_x,right_ankle_y,left_hip_x,left_hip_y,left_knee_x,left_knee_y,left_ankle_x,left_ankle_y
0.23229166666666667,0.219385162601626,0.31145833333333334,0.38655995934959353,0.2947916666666667,0.41283028455284554,0.31145833333333334,0.5179115853658537,0.515625,0.6659806910569105,0.31979166666666664,0.4032774390243903,0.34270833333333334,0.39133638211382116,0.35520833333333335,0.5322408536585366,0.340625,0.5800050813008131,0.39895833333333336,0.6325457317073171,0.39479166666666665,0.6516514227642277,0.5010416666666667,0.7256859756097561,0.5489583333333333,0.6540396341463415,0.415625,0.6158282520325203,0.5302083333333333,0.5823932926829268,0.6635416666666667,0.6779217479674796
