head_top_x,head_top_y,upper_neck_x,upper_neck_y,right_shoulder_x,right_shoulder_y,right_elbow_x,right_elbow_y,right_wrist_x,right_wrist_y,thorax_x,thorax_y,left_shoulder_x,left_shoulder_y,left_elbow_x,left_elbow_y,left_wrist_x,left_wrist_y,pelvis_x,pelvis_y,right_hip_x,right_hip_y,right_knee_x,right_knee_y,right_ankle_x,right_ankle_y,left_hip_x,left_hip_y,left_knee_x,left_knee_y,left_ankle_x,left_ankle_y
0.530241935483871,0.08645833333333333,0.5141129032258065,0.240625,0.340725806451613,0.2635416666666667,0.20766129032258063,0.35104166666666664,0.26411290322580644,0.3802083333333333,0.5100806451612904,0.26979166666666665,0.6713709677419354,0.27395833333333336,0.7681451612903226,0.36354166666666665,0.6955645161290324,0.4635416666666667,0.5100806451612904,0.503125,0.43346774193548393,0.5072916666666667,0.4012096774193549,0.6677083333333333,0.5423387096774193,0.828125,0.5866935483870968,0.5052083333333334,0.5020161290322581,0.6697916666666667,0.49798387096774205,0.8489583333333334
