head_top_x,head_top_y,upper_neck_x,upper_neck_y,right_shoulder_x,right_shoulder_y,right_elbow_x,right_elbow_y,right_wrist_x,right_wrist_y,thorax_x,thorax_y,left_shoulder_x,left_shoulder_y,left_elbow_x,left_elbow_y,left_wrist_x,left_wrist_y,pelvis_x,pelvis_y,right_hip_x,right_hip_y,right_knee_x,right_knee_y,right_ankle_x,right_ankle_y,left_hip_x,left_hip_y,left_knee_x,left_knee_y,left_ankle_x,left_ankle_y
0.6044051204819276,0.09479166666666666,0.5477786144578313,0.25729166666666664,0.4345256024096385,0.2864583333333333,0.4699171686746988,0.38229166666666664,0.7495105421686746,0.4239583333333333,0.5336219879518072,0.28854166666666664,0.6327183734939759,0.2864583333333333,0.5760918674698795,0.396875,0.7884412650602409,0.421875,0.28588102409638555,0.509375,0.22925451807228917,0.49895833333333334,0.3460466867469879,0.5947916666666667,0.31419427710843373,0.809375,0.3425075301204819,0.5197916666666667,0.32481174698795173,0.6739583333333333,0.21155873493975902,0.8239583333333333
