head_top_x,head_top_y,upper_neck_x,upper_neck_y,right_shoulder_x,right_shoulder_y,right_elbow_x,right_elbow_y,right_wrist_x,right_wrist_y,thorax_x,thorax_y,left_shoulder_x,left_shoulder_y,left_elbow_x,left_elbow_y,left_wrist_x,left_wrist_y,pelvis_x,pelvis_y,right_hip_x,right_hip_y,right_knee_x,right_knee_y,right_ankle_x,right_ankle_y,left_hip_x,left_hip_y,left_knee_x,left_knee_y,left_ankle_x,left_ankle_y
0.4416429924242425,0.090625,0.43761837121212127,0.23645833333333333,0.2766335227272728,0.25729166666666664,0.2404119318181818,0.36770833333333336,0.18004261363636362,0.3885416666666667,0.4416429924242425,0.2552083333333333,0.606652462121212,0.25104166666666666,0.7676373106060607,0.33229166666666665,0.6468986742424243,0.40520833333333334,0.46176609848484856,0.5052083333333334,0.38127367424242425,0.5072916666666667,0.40542140151515155,0.7177083333333333,0.5140861742424243,0.8697916666666666,0.5422585227272727,0.5010416666666667,0.4939630681818183,0.6989583333333333,0.606652462121212,0.8052083333333333
