head_top_x,head_top_y,upper_neck_x,upper_neck_y,right_shoulder_x,right_shoulder_y,right_elbow_x,right_elbow_y,right_wrist_x,right_wrist_y,thorax_x,thorax_y,left_shoulder_x,left_shoulder_y,left_elbow_x,left_elbow_y,left_wrist_x,left_wrist_y,pelvis_x,pelvis_y,right_hip_x,right_hip_y,right_knee_x,right_knee_y,right_ankle_x,right_ankle_y,left_hip_x,left_hip_y,left_knee_x,left_knee_y,left_ankle_x,left_ankle_y
0.4021990740740741,0.04895833333333333,0.4692625661375661,0.209375,0.3574900793650794,0.23854166666666668,0.5027943121693124,0.34270833333333334,0.49720568783068786,0.453125,0.4916170634920635,0.240625,0.6257440476190476,0.246875,0.7542824074074075,0.378125,0.7598710317460319,0.509375,0.4636739417989418,0.47604166666666664,0.3574900793650794,0.471875,0.24571759259259263,0.6760416666666667,0.5810350529100528,0.815625,0.5586805555555555,0.48020833333333335,0.3798445767195767,0.6989583333333333,0.335135582010582,0.9052083333333333
