head_top_x,head_top_y,upper_neck_x,upper_neck_y,right_shoulder_x,right_shoulder_y,right_elbow_x,right_elbow_y,right_wrist_x,right_wrist_y,thorax_x,thorax_y,left_shoulder_x,left_shoulder_y,left_elbow_x,left_elbow_y,left_wrist_x,left_wrist_y,pelvis_x,pelvis_y,right_hip_x,right_hip_y,right_knee_x,right_knee_y,right_ankle_x,right_ankle_y,left_hip_x,left_hip_y,left_knee_x,left_knee_y,left_ankle_x,left_ankle_y
0.4245743727598567,0.06979166666666667,0.4531137992831541,0.23020833333333332,0.6365815412186381,0.259375,0.7385080645161289,0.40729166666666666,0.7670474910394266,0.44479166666666664,0.4653449820788531,0.259375,0.2981854838709677,0.265625,0.2696460573476702,0.40729166666666666,0.24110663082437284,0.4947916666666667,0.4734991039426524,0.49895833333333334,0.5631944444444446,0.496875,0.5672715053763442,0.6760416666666667,0.5835797491039427,0.8572916666666667,0.38380376344086026,0.5052083333333334,0.3634184587813621,0.6697916666666667,0.35934139784946234,0.859375
