head_top_x,head_top_y,upper_neck_x,upper_neck_y,right_shoulder_x,right_shoulder_y,right_elbow_x,right_elbow_y,right_wrist_x,right_wrist_y,thorax_x,thorax_y,left_shoulder_x,left_shoulder_y,left_elbow_x,left_elbow_y,left_wrist_x,left_wrist_y,pelvis_x,pelvis_y,right_hip_x,right_hip_y,right_knee_x,right_knee_y,right_ankle_x,right_ankle_y,left_hip_x,left_hip_y,left_knee_x,left_knee_y,left_ankle_x,left_ankle_y
0.5707543103448276,0.121875,0.553426724137931,0.2760416666666667,0.44368534482758615,0.25104166666666666,0.33683189655172413,0.34479166666666666,0.4003663793103448,0.3802083333333333,0.5592025862068966,0.246875,0.671831896551724,0.24479166666666666,0.770021551724138,0.3302083333333333,0.7498060344827586,0.46770833333333334,0.5101077586206897,0.453125,0.4379094827586207,0.4552083333333333,0.33971982758620695,0.6614583333333334,0.20398706896551722,0.8072916666666666,0.5851939655172413,0.44895833333333335,0.6314008620689656,0.6302083333333334,0.530323275862069,0.7072916666666667
