head_top_x,head_top_y,upper_neck_x,upper_neck_y,right_shoulder_x,right_shoulder_y,right_elbow_x,right_elbow_y,right_wrist_x,right_wrist_y,thorax_x,thorax_y,left_shoulder_x,left_shoulder_y,left_elbow_x,left_elbow_y,left_wrist_x,left_wrist_y,pelvis_x,pelvis_y,right_hip_x,right_hip_y,right_knee_x,right_knee_y,right_ankle_x,right_ankle_y,left_hip_x,left_hip_y,left_knee_x,left_knee_y,left_ankle_x,left_ankle_y
0.6895491803278688,0.017708333333333333,0.5732923497267758,0.171875,0.5328551912568307,0.22604166666666667,0.482308743169399,0.38645833333333335,0.6238387978142076,0.5114583333333333,0.5328551912568307,0.21770833333333334,0.5328551912568307,0.21354166666666666,0.482308743169399,0.359375,0.5682377049180327,0.446875,0.39132513661202184,0.459375,0.40648907103825144,0.4635416666666667,0.6086748633879782,0.6739583333333333,0.6693306010928962,0.9010416666666666,0.3609972677595628,0.45729166666666665,0.335724043715847,0.6864583333333333,0.2801229508196721,0.9114583333333334
