head_top_x,head_top_y,upper_neck_x,upper_neck_y,right_shoulder_x,right_shoulder_y,right_elbow_x,right_elbow_y,right_wrist_x,right_wrist_y,thorax_x,thorax_y,left_shoulder_x,left_shoulder_y,left_elbow_x,left_elbow_y,left_wrist_x,left_wrist_y,pelvis_x,pelvis_y,right_hip_x,right_hip_y,right_knee_x,right_knee_y,right_ankle_x,right_ankle_y,left_hip_x,left_hip_y,left_knee_x,left_knee_y,left_ankle_x,left_ankle_y
0.38394764957264954,0.08854166666666667,0.5485309829059829,0.21770833333333334,0.6835737179487179,0.228125,0.6076121794871795,0.34479166666666666,0.38394764957264954,0.36354166666666665,0.5865117521367522,0.24895833333333334,0.48944978632478636,0.2677083333333333,0.4261485042735043,0.41354166666666664,0.20670405982905984,0.453125,0.6835737179487179,0.49895833333333334,0.7046741452991454,0.49270833333333336,0.4852297008547009,0.6802083333333333,0.5654113247863249,0.9072916666666667,0.6498130341880343,0.503125,0.6371527777777779,0.7322916666666667,0.7088942307692309,0.9510416666666667
