head_top_x,head_top_y,upper_neck_x,upper_neck_y,right_shoulder_x,right_shoulder_y,right_elbow_x,right_elbow_y,right_wrist_x,right_wrist_y,thorax_x,thorax_y,left_shoulder_x,left_shoulder_y,left_elbow_x,left_elbow_y,left_wrist_x,left_wrist_y,pelvis_x,pelvis_y,right_hip_x,right_hip_y,right_knee_x,right_knee_y,right_ankle_x,right_ankle_y,left_hip_x,left_hip_y,left_knee_x,left_knee_y,left_ankle_x,left_ankle_y
0.5766701101928375,0.18645833333333334,0.5113119834710744,0.340625,0.41076101928374653,0.38645833333333335,0.47360537190082647,0.565625,0.5791838842975208,0.6447916666666667,0.49371556473829203,0.378125,0.5892389807162535,0.38229166666666664,0.6420282369146005,0.5385416666666667,0.7350378787878789,0.6552083333333333,0.19206267217630857,0.496875,0.14681473829201105,0.5010416666666667,0.3680268595041322,0.5572916666666666,0.2523932506887052,0.7927083333333333,0.24736570247933887,0.48854166666666665,0.559073691460055,0.5822916666666667,0.47360537190082647,0.759375
