head_top_x,head_top_y,upper_neck_x,upper_neck_y,right_shoulder_x,right_shoulder_y,right_elbow_x,right_elbow_y,right_wrist_x,right_wrist_y,thorax_x,thorax_y,left_shoulder_x,left_shoulder_y,left_elbow_x,left_elbow_y,left_wrist_x,left_wrist_y,pelvis_x,pelvis_y,right_hip_x,right_hip_y,right_knee_x,right_knee_y,right_ankle_x,right_ankle_y,left_hip_x,left_hip_y,left_knee_x,left_knee_y,left_ankle_x,left_ankle_y
0.4185785864978903,0.15729166666666666,0.4536524261603376,0.309375,0.3634625527426161,0.334375,0.283293776371308,0.421875,0.21815664556962025,0.39895833333333336,0.4536524261603376,0.31354166666666666,0.5438422995780591,0.290625,0.6415479957805906,0.35104166666666664,0.7618011603375526,0.3927083333333333,0.45114715189873417,0.5135416666666667,0.40354694092827004,0.5135416666666667,0.36095727848101267,0.6802083333333333,0.2782832278481013,0.7822916666666667,0.4987473628691983,0.5135416666666667,0.45866297468354433,0.6322916666666667,0.4235891350210971,0.8010416666666667
