head_top_x,head_top_y,upper_neck_x,upper_neck_y,right_shoulder_x,right_shoulder_y,right_elbow_x,right_elbow_y,right_wrist_x,right_wrist_y,thorax_x,thorax_y,left_shoulder_x,left_shoulder_y,left_elbow_x,left_elbow_y,left_wrist_x,left_wrist_y,pelvis_x,pelvis_y,right_hip_x,right_hip_y,right_knee_x,right_knee_y,right_ankle_x,right_ankle_y,left_hip_x,left_hip_y,left_knee_x,left_knee_y,left_ankle_x,left_ankle_y
0.5802083333333333,0.16365261341222878,0.5302083333333333,0.34093318540433926,0.453125,0.3190766765285996,0.346875,0.3312191814595661,0.21354166666666666,0.31179117357001973,0.534375,0.3312191814595661,0.6072916666666667,0.34093318540433926,0.6885416666666667,0.38950320512820513,0.7864583333333334,0.38707470414201184,0.4739583333333333,0.5473557692307692,0.428125,0.5400702662721893,0.421875,0.620210798816568,0.43020833333333336,0.7489213510848126,0.521875,0.5522127712031558,0.5447916666666667,0.6153537968441815,0.49895833333333334,0.7319218441814596
