head_top_x,head_top_y,upper_neck_x,upper_neck_y,right_shoulder_x,right_shoulder_y,right_elbow_x,right_elbow_y,right_wrist_x,right_wrist_y,thorax_x,thorax_y,left_shoulder_x,left_shoulder_y,left_elbow_x,left_elbow_y,left_wrist_x,left_wrist_y,pelvis_x,pelvis_y,right_hip_x,right_hip_y,right_knee_x,right_knee_y,right_ankle_x,right_ankle_y,left_hip_x,left_hip_y,left_knee_x,left_knee_y,left_ankle_x,left_ankle_y
0.7494535519125682,0.190625,0.5450819672131147,0.32395833333333335,0.4068306010928962,0.290625,0.29262295081967205,0.178125,0.43087431693989064,0.08020833333333334,0.527049180327869,0.334375,0.6292349726775956,0.38229166666666664,0.4969945355191257,0.44895833333333335,0.22650273224043715,0.384375,0.3407103825136611,0.553125,0.23251366120218575,0.559375,0.25655737704918036,0.7614583333333333,0.593169398907104,0.8739583333333333,0.45491803278688525,0.5489583333333333,0.5691256830601092,0.7197916666666667,0.7734972677595631,0.915625
