head_top_x,head_top_y,upper_neck_x,upper_neck_y,right_shoulder_x,right_shoulder_y,right_elbow_x,right_elbow_y,right_wrist_x,right_wrist_y,thorax_x,thorax_y,left_shoulder_x,left_shoulder_y,left_elbow_x,left_elbow_y,left_wrist_x,left_wrist_y,pelvis_x,pelvis_y,right_hip_x,right_hip_y,right_knee_x,right_knee_y,right_ankle_x,right_ankle_y,left_hip_x,left_hip_y,left_knee_x,left_knee_y,left_ankle_x,left_ankle_y
0.6550435126582278,0.05520833333333333,0.6285403481012659,0.18854166666666666,0.7107001582278482,0.228125,0.5039754746835443,0.5572916666666666,0.34230617088607596,0.5510416666666667,0.6285403481012659,0.18854166666666666,0.5198773734177216,0.153125,0.4271162974683544,0.178125,0.6205893987341773,0.646875,0.5675830696202532,0.409375,0.5861352848101267,0.4197916666666667,0.7902096518987343,0.5489583333333333,0.591435917721519,0.7697916666666667,0.5675830696202532,0.41770833333333335,0.5543314873417722,0.7822916666666667,0.5940862341772152,0.7614583333333333
