head_top_x,head_top_y,upper_neck_x,upper_neck_y,right_shoulder_x,right_shoulder_y,right_elbow_x,right_elbow_y,right_wrist_x,right_wrist_y,thorax_x,thorax_y,left_shoulder_x,left_shoulder_y,left_elbow_x,left_elbow_y,left_wrist_x,left_wrist_y,pelvis_x,pelvis_y,right_hip_x,right_hip_y,right_knee_x,right_knee_y,right_ankle_x,right_ankle_y,left_hip_x,left_hip_y,left_knee_x,left_knee_y,left_ankle_x,left_ankle_y
0.49475160256410255,0.19270833333333334,0.5241426282051282,0.3572916666666667,0.545136217948718,0.3614583333333333,0.5010496794871795,0.4864583333333333,0.42757211538461537,0.45729166666666665,0.5241426282051282,0.365625,0.5094471153846155,0.37395833333333334,0.3121073717948718,0.359375,0.2281330128205128,0.2677083333333333,0.721482371794872,0.6114583333333333,0.6899919871794873,0.5989583333333334,0.44016826923076924,0.559375,0.6627003205128206,0.728125,0.7424759615384616,0.6197916666666666,0.4590625,0.571875,0.5997195512820513,0.7635416666666667
