head_top_x,head_top_y,upper_neck_x,upper_neck_y,right_shoulder_x,right_shoulder_y,right_elbow_x,right_elbow_y,right_wrist_x,right_wrist_y,thorax_x,thorax_y,left_shoulder_x,left_shoulder_y,left_elbow_x,left_elbow_y,left_wrist_x,left_wrist_y,pelvis_x,pelvis_y,right_hip_x,right_hip_y,right_knee_x,right_knee_y,right_ankle_x,right_ankle_y,left_hip_x,left_hip_y,left_knee_x,left_knee_y,left_ankle_x,left_ankle_y
0.5124493243243243,0.16354166666666667,0.45586148648648644,0.31354166666666666,0.5396114864864865,0.31145833333333334,0.6663682432432432,0.40520833333333334,0.7546452702702702,0.45729166666666665,0.458125,0.309375,0.374375,0.3072916666666667,0.27478040540540544,0.41770833333333335,0.24309121621621624,0.534375,0.42643581081081083,0.48020833333333335,0.48755067567567567,0.478125,0.5780912162162162,0.5489583333333333,0.6075168918918918,0.7114583333333333,0.36758445945945944,0.49270833333333336,0.34947635135135136,0.709375,0.21819256756756755,0.7802083333333333
