head_top_x,head_top_y,upper_neck_x,upper_neck_y,right_shoulder_x,right_shoulder_y,right_elbow_x,right_elbow_y,right_wrist_x,right_wrist_y,thorax_x,thorax_y,left_shoulder_x,left_shoulder_y,left_elbow_x,left_elbow_y,left_wrist_x,left_wrist_y,pelvis_x,pelvis_y,right_hip_x,right_hip_y,right_knee_x,right_knee_y,right_ankle_x,right_ankle_y,left_hip_x,left_hip_y,left_knee_x,left_knee_y,left_ankle_x,left_ankle_y
0.7647786458333332,0.096875,0.6458984375,0.23020833333333332,0.5990668402777777,0.24895833333333334,0.5054036458333334,0.37395833333333334,0.6747178819444445,0.41770833333333335,0.6278862847222223,0.24895833333333334,0.6567057291666666,0.246875,0.5270182291666666,0.35104166666666664,0.6855251736111111,0.390625,0.4729817708333333,0.46145833333333336,0.41534288194444446,0.459375,0.48018663194444444,0.6697916666666667,0.2172092013888889,0.8135416666666667,0.5270182291666666,0.46145833333333336,0.7359592013888889,0.6364583333333333,0.7431640625,0.846875
