head_top_x,head_top_y,upper_neck_x,upper_neck_y,right_shoulder_x,right_shoulder_y,right_elbow_x,right_elbow_y,right_wrist_x,right_wrist_y,thorax_x,thorax_y,left_shoulder_x,left_shoulder_y,left_elbow_x,left_elbow_y,left_wrist_x,left_wrist_y,pelvis_x,pelvis_y,right_hip_x,right_hip_y,right_knee_x,right_knee_y,right_ankle_x,right_ankle_y,left_hip_x,left_hip_y,left_knee_x,left_knee_y,left_ankle_x,left_ankle_y
0.49532828282828295,0.051041666666666666,0.498442760942761,0.21354166666666666,0.3551767676767677,0.24895833333333334,0.21813973063973066,0.303125,0.23371212121212126,0.4427083333333333,0.5015572390572391,0.2552083333333333,0.6448232323232324,0.2635416666666667,0.7538299663299664,0.39895833333333336,0.6417087542087543,0.346875,0.47041245791245795,0.5197916666666667,0.392550505050505,0.5114583333333333,0.442382154882155,0.715625,0.4579545454545455,0.9322916666666666,0.5451599326599326,0.5260416666666666,0.5140151515151515,0.7302083333333333,0.42992424242424243,0.921875
