head_top_x,head_top_y,upper_neck_x,upper_neck_y,right_shoulder_x,right_shoulder_y,right_elbow_x,right_elbow_y,right_wrist_x,right_wrist_y,thorax_x,thorax_y,left_shoulder_x,left_shoulder_y,left_elbow_x,left_elbow_y,left_wrist_x,left_wrist_y,pelvis_x,pelvis_y,right_hip_x,right_hip_y,right_knee_x,right_knee_y,right_ankle_x,right_ankle_y,left_hip_x,left_hip_y,left_knee_x,left_knee_y,left_ankle_x,left_ankle_y
0.6200694444444446,0.121875,0.5804861111111111,0.2760416666666667,0.47756944444444444,0.29270833333333335,0.2902083333333333,0.296875,0.3007638888888889,0.215625,0.5752083333333333,0.303125,0.6807638888888888,0.31354166666666666,0.7520138888888889,0.365625,0.7388194444444445,0.4010416666666667,0.5224305555555555,0.5010416666666667,0.46965277777777775,0.5010416666666667,0.35090277777777773,0.6552083333333333,0.16618055555555555,0.759375,0.5725694444444444,0.5010416666666667,0.6992361111111112,0.6177083333333333,0.7203472222222222,0.8177083333333334
