head_top_x,head_top_y,upper_neck_x,upper_neck_y,right_shoulder_x,right_shoulder_y,right_elbow_x,right_elbow_y,right_wrist_x,right_wrist_y,thorax_x,thorax_y,left_shoulder_x,left_shoulder_y,left_elbow_x,left_elbow_y,left_wrist_x,left_wrist_y,pelvis_x,pelvis_y,right_hip_x,right_hip_y,right_knee_x,right_knee_y,right_ankle_x,right_ankle_y,left_hip_x,left_hip_y,left_knee_x,left_knee_y,left_ankle_x,left_ankle_y
0.4669498381877023,0.08854166666666667,0.4773867313915858,0.24479166666666666,0.32083333333333336,0.271875,0.24777508090614886,0.4010416666666667,0.21994336569579287,0.49270833333333336,0.48086569579288024,0.2760416666666667,0.6339401294498382,0.28020833333333334,0.7000404530744336,0.403125,0.7522249190938511,0.5072916666666667,0.4669498381877023,0.5072916666666667,0.39041262135922333,0.5052083333333334,0.3834546925566344,0.678125,0.34170711974110035,0.859375,0.5434870550161812,0.5072916666666667,0.5434870550161812,0.684375,0.5226132686084143,0.8260416666666667
