head_top_x,head_top_y,upper_neck_x,upper_neck_y,right_shoulder_x,right_shoulder_y,right_elbow_x,right_elbow_y,right_wrist_x,right_wrist_y,thorax_x,thorax_y,left_shoulder_x,left_shoulder_y,left_elbow_x,left_elbow_y,left_wrist_x,left_wrist_y,pelvis_x,pelvis_y,right_hip_x,right_hip_y,right_knee_x,right_knee_y,right_ankle_x,right_ankle_y,left_hip_x,left_hip_y,left_knee_x,left_knee_y,left_ankle_x,left_ankle_y
0.41113281249999994,0.13229166666666667,0.49294704861111105,0.278125,0.3547092013888889,0.2552083333333333,0.2587890625,0.24479166666666666,0.2192925347222222,0.3697916666666667,0.4788411458333333,0.2552083333333333,0.6029730902777778,0.24479166666666666,0.684787326388889,0.396875,0.5352647569444444,0.39479166666666665,0.5380859374999999,0.4822916666666667,0.45909288194444436,0.490625,0.4308810763888889,0.6364583333333333,0.5606553819444444,0.7072916666666667,0.619900173611111,0.4739583333333333,0.7299262152777778,0.6697916666666667,0.7778862847222222,0.8385416666666666
