head_top_x,head_top_y,upper_neck_x,upper_neck_y,right_shoulder_x,right_shoulder_y,right_elbow_x,right_elbow_y,right_wrist_x,right_wrist_y,thorax_x,thorax_y,left_shoulder_x,left_shoulder_y,left_elbow_x,left_elbow_y,left_wrist_x,left_wrist_y,pelvis_x,pelvis_y,right_hip_x,right_hip_y,right_knee_x,right_knee_y,right_ankle_x,right_ankle_y,left_hip_x,left_hip_y,left_knee_x,left_knee_y,left_ankle_x,left_ankle_y
0.7450148809523809,0.078125,0.6302331349206348,0.221875,0.7185267857142857,0.23020833333333332,0.20642361111111113,0.2760416666666667,0.34769345238095234,0.384375,0.6214037698412698,0.23020833333333332,0.5066220238095239,0.21979166666666666,0.21525297619047618,0.271875,0.3388640873015873,0.37604166666666666,0.5551835317460316,0.4322916666666667,0.5507688492063492,0.43645833333333334,0.5198660714285714,0.6427083333333333,0.46688988095238093,0.871875,0.5551835317460316,0.4322916666666667,0.524280753968254,0.6385416666666667,0.47130456349206346,0.853125
