head_top_x,head_top_y,upper_neck_x,upper_neck_y,right_shoulder_x,right_shoulder_y,right_elbow_x,right_elbow_y,right_wrist_x,right_wrist_y,thorax_x,thorax_y,left_shoulder_x,left_shoulder_y,left_elbow_x,left_elbow_y,left_wrist_x,left_wrist_y,pelvis_x,pelvis_y,right_hip_x,right_hip_y,right_knee_x,right_knee_y,right_ankle_x,right_ankle_y,left_hip_x,left_hip_y,left_knee_x,left_knee_y,left_ankle_x,left_ankle_y
0.28854166666666664,0.2148046875,0.43854166666666666,0.3219921875,0.46979166666666666,0.19949218750000006,0.3177083333333333,0.6741796875000001,0.153125,0.6320703125,0.45729166666666665,0.3296484375,0.43020833333333336,0.5019140625000001,0.30520833333333336,0.7239453124999999,0.140625,0.6588671875,0.7385416666666667,0.5784765625,0.7364583333333333,0.5478515624999999,0.48854166666666665,0.6435546875,0.8739583333333333,0.6244140625000001,0.7510416666666667,0.6205859375000001,0.5177083333333333,0.7545703125000001,0.871875,0.6320703125
