head_top_x,head_top_y,upper_neck_x,upper_neck_y,right_shoulder_x,right_shoulder_y,right_elbow_x,right_elbow_y,right_wrist_x,right_wrist_y,thorax_x,thorax_y,left_shoulder_x,left_shoulder_y,left_elbow_x,left_elbow_y,left_wrist_x,left_wrist_y,pelvis_x,pelvis_y,right_hip_x,right_hip_y,right_knee_x,right_knee_y,right_ankle_x,right_ankle_y,left_hip_x,left_hip_y,left_knee_x,left_knee_y,left_ankle_x,left_ankle_y
0.4026864035087719,0.14895833333333333,0.44380482456140347,0.3072916666666667,0.3834978070175438,0.35104166666666664,0.3149671052631579,0.45729166666666665,0.21902412280701752,0.46979166666666666,0.45476973684210525,0.33645833333333336,0.5260416666666666,0.321875,0.6877741228070176,0.409375,0.7782346491228069,0.5302083333333333,0.5150767543859649,0.5802083333333333,0.4766995614035088,0.5697916666666667,0.290296052631579,0.7385416666666667,0.27658991228070173,0.8135416666666667,0.5507127192982456,0.590625,0.27110745614035087,0.6364583333333333,0.40542763157894735,0.8010416666666667
