head_top_x,head_top_y,upper_neck_x,upper_neck_y,right_shoulder_x,right_shoulder_y,right_elbow_x,right_elbow_y,right_wrist_x,right_wrist_y,thorax_x,thorax_y,left_shoulder_x,left_shoulder_y,left_elbow_x,left_elbow_y,left_wrist_x,left_wrist_y,pelvis_x,pelvis_y,right_hip_x,right_hip_y,right_knee_x,right_knee_y,right_ankle_x,right_ankle_y,left_hip_x,left_hip_y,left_knee_x,left_knee_y,left_ankle_x,left_ankle_y
0.5258398437499999,0.10729166666666666,0.46431640625000004,0.26145833333333335,0.35849609375,0.271875,0.24529296875,0.378125,0.22560546875,0.4739583333333333,0.45939453125000007,0.265625,0.55537109375,0.259375,0.6611914062500001,0.35520833333333335,0.76947265625,0.409375,0.4569335937500001,0.471875,0.39787109375,0.478125,0.55044921875,0.5739583333333333,0.6611914062500001,0.7364583333333333,0.51107421875,0.4635416666666667,0.5824414062500001,0.6385416666666667,0.43232421875000004,0.840625
