head_top_x,head_top_y,upper_neck_x,upper_neck_y,right_shoulder_x,right_shoulder_y,right_elbow_x,right_elbow_y,right_wrist_x,right_wrist_y,thorax_x,thorax_y,left_shoulder_x,left_shoulder_y,left_elbow_x,left_elbow_y,left_wrist_x,left_wrist_y,pelvis_x,pelvis_y,right_hip_x,right_hip_y,right_knee_x,right_knee_y,right_ankle_x,right_ankle_y,left_hip_x,left_hip_y,left_knee_x,left_knee_y,left_ankle_x,left_ankle_y
0.5159889558232932,0.06770833333333333,0.5479668674698794,0.221875,0.4611696787148595,0.240625,0.19164156626506026,0.34479166666666666,0.29671184738955825,0.27395833333333336,0.552535140562249,0.23854166666666668,0.6576054216867471,0.23020833333333332,0.6393323293172691,0.353125,0.4291917670682731,0.28020833333333334,0.6576054216867471,0.43645833333333334,0.5890813253012048,0.4427083333333333,0.40635040160642566,0.6760416666666667,0.45660140562249,0.878125,0.7352660642570281,0.428125,0.5251255020080322,0.48854166666666665,0.6439006024096386,0.6802083333333333
