head_top_x,head_top_y,upper_neck_x,upper_neck_y,right_shoulder_x,right_shoulder_y,right_elbow_x,right_elbow_y,right_wrist_x,right_wrist_y,thorax_x,thorax_y,left_shoulder_x,left_shoulder_y,left_elbow_x,left_elbow_y,left_wrist_x,left_wrist_y,pelvis_x,pelvis_y,right_hip_x,right_hip_y,right_knee_x,right_knee_y,right_ankle_x,right_ankle_y,left_hip_x,left_hip_y,left_knee_x,left_knee_y,left_ankle_x,left_ankle_y
0.2176957831325301,0.10520833333333333,0.2904367469879518,0.259375,0.35971385542168677,0.24895833333333334,0.5536897590361447,0.3072916666666667,0.7338102409638554,0.34270833333333334,0.29736445783132526,0.2760416666666667,0.23501506024096389,0.2947916666666667,0.4324548192771084,0.446875,0.4636295180722892,0.3697916666666667,0.370105421686747,0.590625,0.39088855421686747,0.5885416666666666,0.7545933734939758,0.6927083333333334,0.4636295180722892,0.8614583333333333,0.34585843373493974,0.596875,0.7026355421686746,0.665625,0.49134036144578314,0.8635416666666667
