head_top_x,head_top_y,upper_neck_x,upper_neck_y,right_shoulder_x,right_shoulder_y,right_elbow_x,right_elbow_y,right_wrist_x,right_wrist_y,thorax_x,thorax_y,left_shoulder_x,left_shoulder_y,left_elbow_x,left_elbow_y,left_wrist_x,left_wrist_y,pelvis_x,pelvis_y,right_hip_x,right_hip_y,right_knee_x,right_knee_y,right_ankle_x,right_ankle_y,left_hip_x,left_hip_y,left_knee_x,left_knee_y,left_ankle_x,left_ankle_y
0.5027475845410629,0.04895833333333333,0.5357185990338165,0.20520833333333333,0.304921497584541,0.21354166666666666,0.2005132850241546,0.353125,0.541213768115942,0.346875,0.541213768115942,0.22395833333333334,0.7665157004830919,0.23229166666666667,0.7115640096618358,0.37395833333333334,0.36536835748792273,0.3385416666666667,0.5247282608695653,0.459375,0.3873490338164251,0.4635416666666667,0.28843599033816425,0.6677083333333333,0.34338768115942025,0.878125,0.6621074879227051,0.459375,0.7225543478260869,0.6635416666666667,0.7665157004830919,0.8489583333333334
