head_top_x,head_top_y,upper_neck_x,upper_neck_y,right_shoulder_x,right_shoulder_y,right_elbow_x,right_elbow_y,right_wrist_x,right_wrist_y,thorax_x,thorax_y,left_shoulder_x,left_shoulder_y,left_elbow_x,left_elbow_y,left_wrist_x,left_wrist_y,pelvis_x,pelvis_y,right_hip_x,right_hip_y,right_knee_x,right_knee_y,right_ankle_x,right_ankle_y,left_hip_x,left_hip_y,left_knee_x,left_knee_y,left_ankle_x,left_ankle_y
0.561741504854369,0.090625,0.479419498381877,0.23854166666666668,0.464451860841424,0.24270833333333333,0.561741504854369,0.30520833333333336,0.7488369741100324,0.24895833333333334,0.4719356796116505,0.24895833333333334,0.47567758899676377,0.24895833333333334,0.45696804207119734,0.365625,0.5168385922330098,0.490625,0.4457423139158576,0.484375,0.423290857605178,0.484375,0.4345165857605178,0.6697916666666667,0.21748584142394822,0.815625,0.4719356796116505,0.484375,0.5168385922330098,0.6635416666666667,0.5168385922330098,0.859375
