head_top_x,head_top_y,upper_neck_x,upper_neck_y,right_shoulder_x,right_shoulder_y,right_elbow_x,right_elbow_y,right_wrist_x,right_wrist_y,thorax_x,thorax_y,left_shoulder_x,left_shoulder_y,left_elbow_x,left_elbow_y,left_wrist_x,left_wrist_y,pelvis_x,pelvis_y,right_hip_x,right_hip_y,right_knee_x,right_knee_y,right_ankle_x,right_ankle_y,left_hip_x,left_hip_y,left_knee_x,left_knee_y,left_ankle_x,left_ankle_y
0.6385416666666667,0.072265625,0.6385416666666667,0.22434895833333335,0.5635416666666667,0.25180844907407407,0.5552083333333333,0.4081163194444445,0.665625,0.40600405092592595,0.640625,0.24547164351851852,0.721875,0.24335937500000002,0.759375,0.35108506944444445,0.740625,0.36798321759259267,0.565625,0.4947193287037038,0.5135416666666667,0.49260706018518524,0.4010416666666667,0.7355179398148148,0.221875,0.7841001157407407,0.615625,0.4968315972222223,0.765625,0.5961082175925927,0.7697916666666667,0.8326822916666666
