head_top_x,head_top_y,upper_neck_x,upper_neck_y,right_shoulder_x,right_shoulder_y,right_elbow_x,right_elbow_y,right_wrist_x,right_wrist_y,thorax_x,thorax_y,left_shoulder_x,left_shoulder_y,left_elbow_x,left_elbow_y,left_wrist_x,left_wrist_y,pelvis_x,pelvis_y,right_hip_x,right_hip_y,right_knee_x,right_knee_y,right_ankle_x,right_ankle_y,left_hip_x,left_hip_y,left_knee_x,left_knee_y,left_ankle_x,left_ankle_y
0.6231185400516795,0.23854166666666668,0.42363533591731267,0.3614583333333333,0.42363533591731267,0.378125,0.5046753875968993,0.23229166666666667,0.6418200904392766,0.15729166666666666,0.41740148578811376,0.365625,0.3986999354005169,0.35520833333333335,0.5732477390180879,0.31145833333333334,0.657404715762274,0.14895833333333333,0.2490875322997416,0.590625,0.20233365633074935,0.5885416666666666,0.4049337855297158,0.6177083333333333,0.23973675710594317,0.7614583333333333,0.2896075581395349,0.584375,0.33324450904392766,0.7260416666666667,0.27713985788113693,0.8364583333333333
