head_top_x,head_top_y,upper_neck_x,upper_neck_y,right_shoulder_x,right_shoulder_y,right_elbow_x,right_elbow_y,right_wrist_x,right_wrist_y,thorax_x,thorax_y,left_shoulder_x,left_shoulder_y,left_elbow_x,left_elbow_y,left_wrist_x,left_wrist_y,pelvis_x,pelvis_y,right_hip_x,right_hip_y,right_knee_x,right_knee_y,right_ankle_x,right_ankle_y,left_hip_x,left_hip_y,left_knee_x,left_knee_y,left_ankle_x,left_ankle_y
0.46942204301075274,0.06145833333333333,0.432728494623656,0.22604166666666667,0.5672715053763442,0.24270833333333333,0.6773521505376343,0.3802083333333333,0.762970430107527,0.48854166666666665,0.42865143369175635,0.25104166666666666,0.2900313620071685,0.259375,0.24110663082437284,0.4114583333333333,0.22479838709677422,0.5364583333333334,0.4245743727598567,0.47604166666666664,0.5020385304659499,0.471875,0.6284274193548388,0.665625,0.4041890681003585,0.840625,0.3471102150537635,0.4864583333333333,0.4490367383512545,0.6635416666666667,0.4490367383512545,0.8427083333333333
