head_top_x,head_top_y,upper_neck_x,upper_neck_y,right_shoulder_x,right_shoulder_y,right_elbow_x,right_elbow_y,right_wrist_x,right_wrist_y,thorax_x,thorax_y,left_shoulder_x,left_shoulder_y,left_elbow_x,left_elbow_y,left_wrist_x,left_wrist_y,pelvis_x,pelvis_y,right_hip_x,right_hip_y,right_knee_x,right_knee_y,right_ankle_x,right_ankle_y,left_hip_x,left_hip_y,left_knee_x,left_knee_y,left_ankle_x,left_ankle_y
0.4302884615384615,0.06770833333333333,0.34375000000000006,0.209375,0.44951923076923084,0.22395833333333334,0.7620192307692307,0.19895833333333332,0.5985576923076923,0.11354166666666667,0.33894230769230776,0.215625,0.23317307692307698,0.21145833333333333,0.3293269230769231,0.159375,0.5120192307692308,0.15729166666666666,0.3822115384615385,0.4635416666666667,0.4591346153846154,0.465625,0.4783653846153846,0.6677083333333333,0.483173076923077,0.884375,0.29567307692307687,0.459375,0.2860576923076923,0.6572916666666667,0.23798076923076927,0.865625
