head_top_x,head_top_y,upper_neck_x,upper_neck_y,right_shoulder_x,right_shoulder_y,right_elbow_x,right_elbow_y,right_wrist_x,right_wrist_y,thorax_x,thorax_y,left_shoulder_x,left_shoulder_y,left_elbow_x,left_elbow_y,left_wrist_x,left_wrist_y,pelvis_x,pelvis_y,right_hip_x,right_hip_y,right_knee_x,right_knee_y,right_ankle_x,right_ankle_y,left_hip_x,left_hip_y,left_knee_x,left_knee_y,left_ankle_x,left_ankle_y
0.5520071138211381,0.059375,0.5067835365853659,0.21354166666666666,0.316844512195122,0.22604166666666667,0.2399644308943089,0.365625,0.22187500000000004,0.478125,0.5022611788617888,0.23020833333333332,0.683155487804878,0.234375,0.6922002032520325,0.3697916666666667,0.7600355691056909,0.4864583333333333,0.5113058943089431,0.478125,0.41181402439024384,0.4822916666666667,0.42538109756097564,0.6697916666666667,0.38920223577235774,0.8385416666666666,0.606275406504065,0.471875,0.6334095528455284,0.6822916666666666,0.6334095528455284,0.890625
