head_top_x,head_top_y,upper_neck_x,upper_neck_y,right_shoulder_x,right_shoulder_y,right_elbow_x,right_elbow_y,right_wrist_x,right_wrist_y,thorax_x,thorax_y,left_shoulder_x,left_shoulder_y,left_elbow_x,left_elbow_y,left_wrist_x,left_wrist_y,pelvis_x,pelvis_y,right_hip_x,right_hip_y,right_knee_x,right_knee_y,right_ankle_x,right_ankle_y,left_hip_x,left_hip_y,left_knee_x,left_knee_y,left_ankle_x,left_ankle_y
0.501686507936508,0.11770833333333333,0.41398809523809527,0.26979166666666665,0.4881944444444445,0.259375,0.5893849206349205,0.340625,0.768154761904762,0.340625,0.4038690476190476,0.29270833333333335,0.3195436507936508,0.31979166666666664,0.33303571428571427,0.44895833333333335,0.46458333333333335,0.48854166666666665,0.5118055555555556,0.521875,0.5286706349206349,0.5177083333333333,0.5050595238095239,0.7114583333333333,0.22509920634920635,0.8489583333333334,0.49156746031746035,0.5239583333333333,0.6433531746031745,0.6552083333333333,0.6298611111111111,0.8489583333333334
