head_top_x,head_top_y,upper_neck_x,upper_neck_y,right_shoulder_x,right_shoulder_y,right_elbow_x,right_elbow_y,right_wrist_x,right_wrist_y,thorax_x,thorax_y,left_shoulder_x,left_shoulder_y,left_elbow_x,left_elbow_y,left_wrist_x,left_wrist_y,pelvis_x,pelvis_y,right_hip_x,right_hip_y,right_knee_x,right_knee_y,right_ankle_x,right_ankle_y,left_hip_x,left_hip_y,left_knee_x,left_knee_y,left_ankle_x,left_ankle_y
0.48020833333333335,0.05749348958333333,0.5114583333333333,0.22057942708333333,0.5927083333333333,0.22927734375,0.703125,0.25537109375,0.765625,0.28363932291666666,0.5114583333333333,0.22275390625,0.43645833333333334,0.20970703124999998,0.328125,0.22492838541666665,0.234375,0.25537109375,0.465625,0.4684700520833333,0.5072916666666667,0.47281901041666663,0.4947916666666667,0.58806640625,0.6385416666666667,0.71201171875,0.42604166666666665,0.46194661458333336,0.259375,0.60763671875,0.21770833333333334,0.7641992187500001
