head_top_x,head_top_y,upper_neck_x,upper_neck_y,right_shoulder_x,right_shoulder_y,right_elbow_x,right_elbow_y,right_wrist_x,right_wrist_y,thorax_x,thorax_y,left_shoulder_x,left_shoulder_y,left_elbow_x,left_elbow_y,left_wrist_x,left_wrist_y,pelvis_x,pelvis_y,right_hip_x,right_hip_y,right_knee_x,right_knee_y,right_ankle_x,right_ankle_y,left_hip_x,left_hip_y,left_knee_x,left_knee_y,left_ankle_x,left_ankle_y
0.810639880952381,0.06354166666666666,0.6018898809523809,0.20104166666666667,0.5173958333333334,0.228125,0.4080505952380953,0.37604166666666666,0.36331845238095234,0.49270833333333336,0.562127976190476,0.23229166666666667,0.606860119047619,0.23645833333333333,0.5770386904761906,0.36770833333333336,0.7062648809523809,0.4635416666666667,0.4229613095238095,0.4552083333333333,0.43290178571428567,0.459375,0.7559672619047619,0.646875,0.7261458333333335,0.8677083333333333,0.4378720238095238,0.453125,0.32355654761904756,0.6760416666666667,0.20924107142857137,0.8739583333333333
