head_top_x,head_top_y,upper_neck_x,upper_neck_y,right_shoulder_x,right_shoulder_y,right_elbow_x,right_elbow_y,right_wrist_x,right_wrist_y,thorax_x,thorax_y,left_shoulder_x,left_shoulder_y,left_elbow_x,left_elbow_y,left_wrist_x,left_wrist_y,pelvis_x,pelvis_y,right_hip_x,right_hip_y,right_knee_x,right_knee_y,right_ankle_x,right_ankle_y,left_hip_x,left_hip_y,left_knee_x,left_knee_y,left_ankle_x,left_ankle_y
0.7535560344827585,0.06145833333333333,0.7232159961685823,0.215625,0.6451987547892721,0.2552083333333333,0.6798730842911876,0.3885416666666667,0.7448874521072796,0.5114583333333333,0.7188817049808429,0.24895833333333334,0.7882303639846744,0.24479166666666666,0.7492217432950191,0.371875,0.7232159961685823,0.496875,0.6495330459770116,0.4635416666666667,0.6191930076628351,0.459375,0.46749281609195403,0.6510416666666666,0.21176963601532564,0.8322916666666667,0.6712045019157088,0.46770833333333334,0.588852969348659,0.6802083333333333,0.4978328544061303,0.8802083333333334
