head_top_x,head_top_y,upper_neck_x,upper_neck_y,right_shoulder_x,right_shoulder_y,right_elbow_x,right_elbow_y,right_wrist_x,right_wrist_y,thorax_x,thorax_y,left_shoulder_x,left_shoulder_y,left_elbow_x,left_elbow_y,left_wrist_x,left_wrist_y,pelvis_x,pelvis_y,right_hip_x,right_hip_y,right_knee_x,right_knee_y,right_ankle_x,right_ankle_y,left_hip_x,left_hip_y,left_knee_x,left_knee_y,left_ankle_x,left_ankle_y
0.5612344236760125,0.16979166666666667,0.4089758566978193,0.2864583333333333,0.4387655763239876,0.321875,0.5777842679127726,0.4510416666666667,0.7333528037383177,0.5364583333333334,0.3858060747663551,0.303125,0.3295366043613707,0.2864583333333333,0.2765771028037383,0.37395833333333334,0.5148948598130841,0.490625,0.16403816199376942,0.5114583333333333,0.20044781931464176,0.509375,0.4718652647975078,0.6489583333333333,0.3593263239875389,0.8802083333333334,0.11769859813084114,0.5135416666666667,0.36594626168224303,0.6802083333333333,0.10776869158878502,0.796875
