head_top_x,head_top_y,upper_neck_x,upper_neck_y,right_shoulder_x,right_shoulder_y,right_elbow_x,right_elbow_y,right_wrist_x,right_wrist_y,thorax_x,thorax_y,left_shoulder_x,left_shoulder_y,left_elbow_x,left_elbow_y,left_wrist_x,left_wrist_y,pelvis_x,pelvis_y,right_hip_x,right_hip_y,right_knee_x,right_knee_y,right_ankle_x,right_ankle_y,left_hip_x,left_hip_y,left_knee_x,left_knee_y,left_ankle_x,left_ankle_y
0.6296112804878048,0.05520833333333333,0.5750381097560977,0.21770833333333334,0.4977261178861789,0.284375,0.5068216463414635,0.434375,0.6296112804878048,0.5322916666666667,0.5568470528455284,0.2677083333333333,0.615967987804878,0.2552083333333333,0.6568978658536586,0.4010416666666667,0.7433053861788618,0.5114583333333333,0.5477515243902439,0.496875,0.49317835365853663,0.4947916666666667,0.4840828252032521,0.6885416666666667,0.22486026422764227,0.8552083333333333,0.6114202235772358,0.49895833333333334,0.6387068089430895,0.684375,0.6659933943089431,0.8635416666666667
