head_top_x,head_top_y,upper_neck_x,upper_neck_y,right_shoulder_x,right_shoulder_y,right_elbow_x,right_elbow_y,right_wrist_x,right_wrist_y,thorax_x,thorax_y,left_shoulder_x,left_shoulder_y,left_elbow_x,left_elbow_y,left_wrist_x,left_wrist_y,pelvis_x,pelvis_y,right_hip_x,right_hip_y,right_knee_x,right_knee_y,right_ankle_x,right_ankle_y,left_hip_x,left_hip_y,left_knee_x,left_knee_y,left_ankle_x,left_ankle_y
0.44230769230769224,0.026041666666666668,0.506923076923077,0.184375,0.6823076923076923,0.20729166666666668,0.7007692307692307,0.3260416666666667,0.6176923076923077,0.4114583333333333,0.5115384615384616,0.20520833333333333,0.3361538461538461,0.203125,0.3453846153846154,0.36770833333333336,0.42846153846153845,0.47604166666666664,0.6453846153846154,0.4552083333333333,0.7561538461538462,0.45729166666666665,0.5623076923076922,0.696875,0.6269230769230768,0.871875,0.5392307692307692,0.4510416666666667,0.18846153846153843,0.6114583333333333,0.3546153846153846,0.7364583333333333
