head_top_x,head_top_y,upper_neck_x,upper_neck_y,right_shoulder_x,right_shoulder_y,right_elbow_x,right_elbow_y,right_wrist_x,right_wrist_y,thorax_x,thorax_y,left_shoulder_x,left_shoulder_y,left_elbow_x,left_elbow_y,left_wrist_x,left_wrist_y,pelvis_x,pelvis_y,right_hip_x,right_hip_y,right_knee_x,right_knee_y,right_ankle_x,right_ankle_y,left_hip_x,left_hip_y,left_knee_x,left_knee_y,left_ankle_x,left_ankle_y
0.7138338414634147,0.16770833333333332,0.5956935975609755,0.265625,0.6949314024390244,0.34270833333333334,0.7398246951219513,0.565625,0.7729039634146341,0.765625,0.6169588414634146,0.24479166666666666,0.5295350609756098,0.17395833333333333,0.3924923780487805,0.16145833333333334,0.23654725609756097,0.14270833333333333,0.39485518292682925,0.46770833333333334,0.430297256097561,0.4947916666666667,0.23891006097560974,0.32395833333333335,0.28852896341463413,0.5802083333333333,0.3570503048780488,0.446875,0.44919969512195124,0.7302083333333333,0.3546875,0.6072916666666667
