head_top_x,head_top_y,upper_neck_x,upper_neck_y,right_shoulder_x,right_shoulder_y,right_elbow_x,right_elbow_y,right_wrist_x,right_wrist_y,thorax_x,thorax_y,left_shoulder_x,left_shoulder_y,left_elbow_x,left_elbow_y,left_wrist_x,left_wrist_y,pelvis_x,pelvis_y,right_hip_x,right_hip_y,right_knee_x,right_knee_y,right_ankle_x,right_ankle_y,left_hip_x,left_hip_y,left_knee_x,left_knee_y,left_ankle_x,left_ankle_y
0.1446022727272728,0.084375,0.4258522727272727,0.184375,0.6150568181818181,0.178125,0.6764204545454546,0.290625,0.5434659090909091,0.3927083333333333,0.415625,0.18229166666666666,0.22130681818181824,0.18229166666666666,0.26732954545454546,0.321875,0.26221590909090914,0.453125,0.6457386363636363,0.42604166666666665,0.7684659090909091,0.42604166666666665,0.6815340909090909,0.6572916666666667,0.5946022727272728,0.890625,0.5332386363636363,0.428125,0.3900568181818182,0.678125,0.34403409090909093,0.8927083333333333
