head_top_x,head_top_y,upper_neck_x,upper_neck_y,right_shoulder_x,right_shoulder_y,right_elbow_x,right_elbow_y,right_wrist_x,right_wrist_y,thorax_x,thorax_y,left_shoulder_x,left_shoulder_y,left_elbow_x,left_elbow_y,left_wrist_x,left_wrist_y,pelvis_x,pelvis_y,right_hip_x,right_hip_y,right_knee_x,right_knee_y,right_ankle_x,right_ankle_y,left_hip_x,left_hip_y,left_knee_x,left_knee_y,left_ankle_x,left_ankle_y
0.484375,0.3398155120481928,0.509375,0.5290097891566264,0.4239583333333333,0.5163968373493976,0.30520833333333336,0.44576430722891563,0.18020833333333333,0.3751317771084337,0.5072916666666667,0.5138742469879518,0.5927083333333333,0.49369352409638556,0.6947916666666667,0.37260918674698795,0.7885416666666667,0.23134412650602412,0.5177083333333333,0.7888365963855422,0.46770833333333334,0.8115399096385543,0.43020833333333336,0.8392884036144578,0.221875,0.7585655120481927,0.5760416666666667,0.778746234939759,0.521875,0.48864834337349394,0.8010416666666667,0.7005459337349398
