head_top_x,head_top_y,upper_neck_x,upper_neck_y,right_shoulder_x,right_shoulder_y,right_elbow_x,right_elbow_y,right_wrist_x,right_wrist_y,thorax_x,thorax_y,left_shoulder_x,left_shoulder_y,left_elbow_x,left_elbow_y,left_wrist_x,left_wrist_y,pelvis_x,pelvis_y,right_hip_x,right_hip_y,right_knee_x,right_knee_y,right_ankle_x,right_ankle_y,left_hip_x,left_hip_y,left_knee_x,left_knee_y,left_ankle_x,left_ankle_y
0.24530396174863395,0.06354166666666666,0.4865949453551913,0.19270833333333334,0.5509392076502732,0.20729166666666668,0.7386099726775954,0.321875,0.6742657103825137,0.42604166666666665,0.5187670765027323,0.209375,0.49195696721311477,0.20104166666666667,0.5134050546448088,0.321875,0.19704576502732235,0.259375,0.5241290983606558,0.46770833333333334,0.5831113387978143,0.465625,0.5777493169398906,0.6760416666666667,0.6099214480874318,0.8697916666666666,0.4758709016393442,0.4739583333333333,0.3150102459016393,0.6947916666666667,0.27211407103825136,0.8885416666666667
