head_top_x,head_top_y,upper_neck_x,upper_neck_y,right_shoulder_x,right_shoulder_y,right_elbow_x,right_elbow_y,right_wrist_x,right_wrist_y,thorax_x,thorax_y,left_shoulder_x,left_shoulder_y,left_elbow_x,left_elbow_y,left_wrist_x,left_wrist_y,pelvis_x,pelvis_y,right_hip_x,right_hip_y,right_knee_x,right_knee_y,right_ankle_x,right_ankle_y,left_hip_x,left_hip_y,left_knee_x,left_knee_y,left_ankle_x,left_ankle_y
0.409375,0.17634668508287293,0.4822916666666667,0.32089088397790055,0.39895833333333336,0.335554788213628,0.2989583333333333,0.3774516574585635,0.21145833333333333,0.3292702578268877,0.484375,0.3250805709023941,0.5697916666666667,0.31251151012891343,0.6864583333333333,0.39840009208103133,0.6197916666666666,0.4025897790055249,0.534375,0.551323664825046,0.4864583333333333,0.570177255985267,0.5427083333333333,0.702152394106814,0.646875,0.8550759668508288,0.5822916666666667,0.5366597605893186,0.653125,0.6853936464088397,0.7739583333333333,0.8571708103130755
