head_top_x,head_top_y,upper_neck_x,upper_neck_y,right_shoulder_x,right_shoulder_y,right_elbow_x,right_elbow_y,right_wrist_x,right_wrist_y,thorax_x,thorax_y,left_shoulder_x,left_shoulder_y,left_elbow_x,left_elbow_y,left_wrist_x,left_wrist_y,pelvis_x,pelvis_y,right_hip_x,right_hip_y,right_knee_x,right_knee_y,right_ankle_x,right_ankle_y,left_hip_x,left_hip_y,left_knee_x,left_knee_y,left_ankle_x,left_ankle_y
0.29564393939393935,0.06354166666666666,0.42140151515151514,0.209375,0.3235900673400673,0.23854166666666668,0.30263047138047133,0.33645833333333336,0.2397516835016835,0.4322916666666667,0.4318813131313131,0.21979166666666666,0.5366792929292928,0.203125,0.6100378787878789,0.34270833333333334,0.3969486531986532,0.384375,0.5855850168350168,0.46145833333333336,0.49476010101010104,0.46979166666666666,0.3235900673400673,0.665625,0.473800505050505,0.7677083333333333,0.6694234006734008,0.4552083333333333,0.7462752525252525,0.7052083333333333,0.8301136363636364,0.8677083333333333
