head_top_x,head_top_y,upper_neck_x,upper_neck_y,right_shoulder_x,right_shoulder_y,right_elbow_x,right_elbow_y,right_wrist_x,right_wrist_y,thorax_x,thorax_y,left_shoulder_x,left_shoulder_y,left_elbow_x,left_elbow_y,left_wrist_x,left_wrist_y,pelvis_x,pelvis_y,right_hip_x,right_hip_y,right_knee_x,right_knee_y,right_ankle_x,right_ankle_y,left_hip_x,left_hip_y,left_knee_x,left_knee_y,left_ankle_x,left_ankle_y
0.8357495704467355,0.121875,0.6470038659793814,0.22604166666666667,0.6324849656357389,0.2552083333333333,0.5127040378006873,0.378125,0.6796713917525773,0.4322916666666667,0.6070768900343642,0.240625,0.5816688144329897,0.228125,0.4364798109965635,0.3260416666666667,0.49455541237113393,0.403125,0.41833118556701027,0.45729166666666665,0.4147014604810996,0.46145833333333336,0.5453715635738831,0.6760416666666667,0.294920532646048,0.8614583333333333,0.4219609106529209,0.453125,0.5381121134020618,0.6552083333333333,0.20417740549828176,0.7177083333333333
