head_top_x,head_top_y,upper_neck_x,upper_neck_y,right_shoulder_x,right_shoulder_y,right_elbow_x,right_elbow_y,right_wrist_x,right_wrist_y,thorax_x,thorax_y,left_shoulder_x,left_shoulder_y,left_elbow_x,left_elbow_y,left_wrist_x,left_wrist_y,pelvis_x,pelvis_y,right_hip_x,right_hip_y,right_knee_x,right_knee_y,right_ankle_x,right_ankle_y,left_hip_x,left_hip_y,left_knee_x,left_knee_y,left_ankle_x,left_ankle_y
0.24252533783783783,0.703125,0.5084881756756758,0.6239583333333333,0.6046875,0.6239583333333333,0.655616554054054,0.7322916666666667,0.6386402027027027,0.803125,0.5198057432432434,0.6260416666666667,0.6103462837837839,0.6302083333333334,0.3274070945945946,0.7510416666666667,0.6725929054054055,0.103125,0.7008868243243244,0.37395833333333334,0.7404983108108107,0.378125,0.7122043918918919,0.20729166666666668,0.6782516891891893,0.096875,0.655616554054054,0.37395833333333334,0.6725929054054055,0.20729166666666668,0.19725506756756758,0.9010416666666666
