head_top_x,head_top_y,upper_neck_x,upper_neck_y,right_shoulder_x,right_shoulder_y,right_elbow_x,right_elbow_y,right_wrist_x,right_wrist_y,thorax_x,thorax_y,left_shoulder_x,left_shoulder_y,left_elbow_x,left_elbow_y,left_wrist_x,left_wrist_y,pelvis_x,pelvis_y,right_hip_x,right_hip_y,right_knee_x,right_knee_y,right_ankle_x,right_ankle_y,left_hip_x,left_hip_y,left_knee_x,left_knee_y,left_ankle_x,left_ankle_y
0.675,0.06770833333333333,0.5303333333333333,0.215625,0.6143333333333333,0.240625,0.5583333333333332,0.36354166666666665,0.6376666666666666,0.478125,0.4976666666666667,0.23854166666666668,0.3856666666666667,0.23645833333333333,0.3156666666666667,0.365625,0.43233333333333335,0.44479166666666664,0.46033333333333337,0.465625,0.5443333333333333,0.4635416666666667,0.7263333333333334,0.6427083333333333,0.759,0.8489583333333334,0.3716666666666666,0.46979166666666666,0.32033333333333336,0.6677083333333333,0.21766666666666665,0.8572916666666667
