head_top_x,head_top_y,upper_neck_x,upper_neck_y,right_shoulder_x,right_shoulder_y,right_elbow_x,right_elbow_y,right_wrist_x,right_wrist_y,thorax_x,thorax_y,left_shoulder_x,left_shoulder_y,left_elbow_x,left_elbow_y,left_wrist_x,left_wrist_y,pelvis_x,pelvis_y,right_hip_x,right_hip_y,right_knee_x,right_knee_y,right_ankle_x,right_ankle_y,left_hip_x,left_hip_y,left_knee_x,left_knee_y,left_ankle_x,left_ankle_y
0.446920955882353,0.057291666666666664,0.4418658088235293,0.21979166666666666,0.62890625,0.234375,0.6642922794117648,0.378125,0.7552849264705883,0.471875,0.43681066176470584,0.23229166666666667,0.24977022058823523,0.23645833333333333,0.20427389705882348,0.384375,0.29526654411764713,0.4739583333333333,0.3963694852941176,0.46979166666666666,0.48736213235294124,0.46979166666666666,0.5581341911764706,0.6677083333333333,0.5328584558823529,0.871875,0.30537683823529416,0.471875,0.3306525735294118,0.671875,0.35087316176470584,0.871875
