head_top_x,head_top_y,upper_neck_x,upper_neck_y,right_shoulder_x,right_shoulder_y,right_elbow_x,right_elbow_y,right_wrist_x,right_wrist_y,thorax_x,thorax_y,left_shoulder_x,left_shoulder_y,left_elbow_x,left_elbow_y,left_wrist_x,left_wrist_y,pelvis_x,pelvis_y,right_hip_x,right_hip_y,right_knee_x,right_knee_y,right_ankle_x,right_ankle_y,left_hip_x,left_hip_y,left_knee_x,left_knee_y,left_ankle_x,left_ankle_y
0.25067845394736843,0.703125,0.3581208881578947,0.5989583333333334,0.3746504934210526,0.5927083333333333,0.36363075657894733,0.7010416666666667,0.325061677631579,0.7885416666666667,0.36087582236842103,0.6010416666666667,0.3663856907894737,0.6072916666666667,0.3498560855263158,0.7114583333333333,0.3223067434210526,0.796875,0.4269942434210526,0.428125,0.4407689144736842,0.4322916666666667,0.3663856907894737,0.31145833333333334,0.7548314144736842,0.37395833333333334,0.40770970394736844,0.4239583333333333,0.3581208881578947,0.3072916666666667,0.2286389802631579,0.16979166666666667
