head_top_x,head_top_y,upper_neck_x,upper_neck_y,right_shoulder_x,right_shoulder_y,right_elbow_x,right_elbow_y,right_wrist_x,right_wrist_y,thorax_x,thorax_y,left_shoulder_x,left_shoulder_y,left_elbow_x,left_elbow_y,left_wrist_x,left_wrist_y,pelvis_x,pelvis_y,right_hip_x,right_hip_y,right_knee_x,right_knee_y,right_ankle_x,right_ankle_y,left_hip_x,left_hip_y,left_knee_x,left_knee_y,left_ankle_x,left_ankle_y
0.41645642201834865,0.09270833333333334,0.491112385321101,0.24270833333333333,0.45556192660550465,0.278125,0.39157110091743125,0.38645833333333335,0.2280389908256881,0.34270833333333334,0.5017775229357799,0.2635416666666667,0.5444380733944953,0.25104166666666666,0.6297591743119266,0.35520833333333335,0.43423165137614694,0.3885416666666667,0.587098623853211,0.4947916666666667,0.5693233944954129,0.496875,0.5764334862385321,0.6635416666666667,0.7470756880733945,0.790625,0.5977637614678899,0.4947916666666667,0.49466743119266066,0.6614583333333334,0.5088876146788991,0.8510416666666667
