head_top_x,head_top_y,upper_neck_x,upper_neck_y,right_shoulder_x,right_shoulder_y,right_elbow_x,right_elbow_y,right_wrist_x,right_wrist_y,thorax_x,thorax_y,left_shoulder_x,left_shoulder_y,left_elbow_x,left_elbow_y,left_wrist_x,left_wrist_y,pelvis_x,pelvis_y,right_hip_x,right_hip_y,right_knee_x,right_knee_y,right_ankle_x,right_ankle_y,left_hip_x,left_hip_y,left_knee_x,left_knee_y,left_ankle_x,left_ankle_y
0.4763760288065843,0.08020833333333334,0.4763760288065843,0.23020833333333332,0.30886059670781896,0.28020833333333334,0.240136316872428,0.384375,0.21006944444444448,0.48854166666666665,0.4763760288065843,0.2760416666666667,0.6481867283950618,0.271875,0.764158950617284,0.40520833333333334,0.6138245884773662,0.41354166666666664,0.4892618312757202,0.5177083333333333,0.3818801440329218,0.515625,0.33892746913580246,0.709375,0.4033564814814815,0.8697916666666666,0.5923482510288066,0.5135416666666667,0.631005658436214,0.7135416666666666,0.6696630658436213,0.8927083333333333
