head_top_x,head_top_y,upper_neck_x,upper_neck_y,right_shoulder_x,right_shoulder_y,right_elbow_x,right_elbow_y,right_wrist_x,right_wrist_y,thorax_x,thorax_y,left_shoulder_x,left_shoulder_y,left_elbow_x,left_elbow_y,left_wrist_x,left_wrist_y,pelvis_x,pelvis_y,right_hip_x,right_hip_y,right_knee_x,right_knee_y,right_ankle_x,right_ankle_y,left_hip_x,left_hip_y,left_knee_x,left_knee_y,left_ankle_x,left_ankle_y
0.33155968468468466,0.06354166666666666,0.3895176426426426,0.21979166666666666,0.548902027027027,0.240625,0.6793074324324324,0.34270833333333334,0.5561467717717719,0.38229166666666664,0.404007132132132,0.24479166666666666,0.25186749249249246,0.25104166666666666,0.21564376876876878,0.38229166666666664,0.30620307807807806,0.37604166666666666,0.49818881381381375,0.43645833333333334,0.5815033783783784,0.428125,0.6394613363363363,0.6427083333333333,0.7517548798798799,0.8322916666666667,0.4184966216216216,0.44479166666666664,0.28084647147147146,0.6364583333333333,0.24462274774774775,0.8489583333333334
