head_top_x,head_top_y,upper_neck_x,upper_neck_y,right_shoulder_x,right_shoulder_y,right_elbow_x,right_elbow_y,right_wrist_x,right_wrist_y,thorax_x,thorax_y,left_shoulder_x,left_shoulder_y,left_elbow_x,left_elbow_y,left_wrist_x,left_wrist_y,pelvis_x,pelvis_y,right_hip_x,right_hip_y,right_knee_x,right_knee_y,right_ankle_x,right_ankle_y,left_hip_x,left_hip_y,left_knee_x,left_knee_y,left_ankle_x,left_ankle_y
0.5293850806451613,0.036458333333333336,0.41184475806451615,0.18645833333333334,0.37978830645161293,0.24479166666666666,0.4385584677419354,0.41354166666666664,0.6308971774193548,0.534375,0.37978830645161293,0.23645833333333333,0.37444556451612904,0.22604166666666667,0.3851310483870968,0.371875,0.5293850806451613,0.5135416666666667,0.37978830645161293,0.4822916666666667,0.39581653225806446,0.48020833333333335,0.5240423387096774,0.7052083333333333,0.4545866935483871,0.9447916666666667,0.37444556451612904,0.4822916666666667,0.41184475806451615,0.709375,0.44924395161290326,0.9260416666666667
