head_top_x,head_top_y,upper_neck_x,upper_neck_y,right_shoulder_x,right_shoulder_y,right_elbow_x,right_elbow_y,right_wrist_x,right_wrist_y,thorax_x,thorax_y,left_shoulder_x,left_shoulder_y,left_elbow_x,left_elbow_y,left_wrist_x,left_wrist_y,pelvis_x,pelvis_y,right_hip_x,right_hip_y,right_knee_x,right_knee_y,right_ankle_x,right_ankle_y,left_hip_x,left_hip_y,left_knee_x,left_knee_y,left_ankle_x,left_ankle_y
0.674598623853211,0.10104166666666667,0.5781536697247707,0.24270833333333333,0.42517201834862384,0.253125,0.3154243119266056,0.3572916666666667,0.22563073394495414,0.45729166666666665,0.5615252293577983,0.27395833333333336,0.6912270642201834,0.2947916666666667,0.6779243119266055,0.4427083333333333,0.6546444954128441,0.5802083333333333,0.5315940366972477,0.5010416666666667,0.4551032110091744,0.496875,0.4218463302752294,0.684375,0.5116399082568808,0.8447916666666667,0.6047591743119267,0.5052083333333334,0.6879013761467889,0.6739583333333333,0.767717889908257,0.846875
