head_top_x,head_top_y,upper_neck_x,upper_neck_y,right_shoulder_x,right_shoulder_y,right_elbow_x,right_elbow_y,right_wrist_x,right_wrist_y,thorax_x,thorax_y,left_shoulder_x,left_shoulder_y,left_elbow_x,left_elbow_y,left_wrist_x,left_wrist_y,pelvis_x,pelvis_y,right_hip_x,right_hip_y,right_knee_x,right_knee_y,right_ankle_x,right_ankle_y,left_hip_x,left_hip_y,left_knee_x,left_knee_y,left_ankle_x,left_ankle_y
0.4356849747474747,0.057291666666666664,0.5180082070707072,0.215625,0.3430713383838384,0.234375,0.2556029040404041,0.36770833333333336,0.22987689393939392,0.48020833333333335,0.5282986111111111,0.246875,0.7135258838383838,0.25729166666666664,0.7649779040404041,0.403125,0.6517834595959595,0.5135416666666667,0.5128630050505052,0.478125,0.4099589646464647,0.4822916666666667,0.29161931818181824,0.684375,0.2813289141414141,0.8760416666666667,0.6157670454545454,0.478125,0.6106218434343434,0.6864583333333333,0.6414930555555555,0.8885416666666667
