head_top_x,head_top_y,upper_neck_x,upper_neck_y,right_shoulder_x,right_shoulder_y,right_elbow_x,right_elbow_y,right_wrist_x,right_wrist_y,thorax_x,thorax_y,left_shoulder_x,left_shoulder_y,left_elbow_x,left_elbow_y,left_wrist_x,left_wrist_y,pelvis_x,pelvis_y,right_hip_x,right_hip_y,right_knee_x,right_knee_y,right_ankle_x,right_ankle_y,left_hip_x,left_hip_y,left_knee_x,left_knee_y,left_ankle_x,left_ankle_y
0.7357142857142857,0.04479166666666667,0.6076719576719578,0.20104166666666667,0.4912698412698413,0.246875,0.46798941798941796,0.390625,0.5902116402116404,0.5135416666666667,0.5727513227513227,0.23854166666666668,0.6542328042328042,0.23020833333333332,0.6193121693121694,0.35104166666666664,0.7415343915343915,0.459375,0.6833333333333335,0.46145833333333336,0.6484126984126983,0.465625,0.6891534391534393,0.6822916666666666,0.7124338624338625,0.8864583333333333,0.7124338624338625,0.45729166666666665,0.6658730158730157,0.6760416666666667,0.21190476190476182,0.8135416666666667
