head_top_x,head_top_y,upper_neck_x,upper_neck_y,right_shoulder_x,right_shoulder_y,right_elbow_x,right_elbow_y,right_wrist_x,right_wrist_y,thorax_x,thorax_y,left_shoulder_x,left_shoulder_y,left_elbow_x,left_elbow_y,left_wrist_x,left_wrist_y,pelvis_x,pelvis_y,right_hip_x,right_hip_y,right_knee_x,right_knee_y,right_ankle_x,right_ankle_y,left_hip_x,left_hip_y,left_knee_x,left_knee_y,left_ankle_x,left_ankle_y
0.5532103825136612,0.028125,0.6092213114754099,0.190625,0.4971994535519126,0.23229166666666667,0.3907786885245901,0.353125,0.17793715846994532,0.34479166666666666,0.6204234972677596,0.23645833333333333,0.7492486338797812,0.23854166666666668,0.5644125683060108,0.371875,0.21714480874316935,0.3572916666666667,0.5476092896174863,0.490625,0.48599726775956287,0.49270833333333336,0.47479508196721304,0.6864583333333333,0.5420081967213115,0.8864583333333333,0.6036202185792351,0.48854166666666665,0.6428278688524589,0.684375,0.687636612021858,0.921875
