head_top_x,head_top_y,upper_neck_x,upper_neck_y,right_shoulder_x,right_shoulder_y,right_elbow_x,right_elbow_y,right_wrist_x,right_wrist_y,thorax_x,thorax_y,left_shoulder_x,left_shoulder_y,left_elbow_x,left_elbow_y,left_wrist_x,left_wrist_y,pelvis_x,pelvis_y,right_hip_x,right_hip_y,right_knee_x,right_knee_y,right_ankle_x,right_ankle_y,left_hip_x,left_hip_y,left_knee_x,left_knee_y,left_ankle_x,left_ankle_y
0.4531481481481481,0.06979166666666667,0.449074074074074,0.23020833333333332,0.2942592592592592,0.25729166666666664,0.28203703703703703,0.3572916666666667,0.22092592592592594,0.38229166666666664,0.449074074074074,0.2552083333333333,0.5957407407407407,0.2552083333333333,0.775,0.3385416666666667,0.6201851851851851,0.41354166666666664,0.45722222222222225,0.4947916666666667,0.36759259259259264,0.490625,0.3472222222222222,0.6927083333333334,0.3838888888888889,0.8760416666666667,0.5468518518518518,0.49895833333333334,0.497962962962963,0.7239583333333334,0.5020370370370372,0.640625
