head_top_x,head_top_y,upper_neck_x,upper_neck_y,right_shoulder_x,right_shoulder_y,right_elbow_x,right_elbow_y,right_wrist_x,right_wrist_y,thorax_x,thorax_y,left_shoulder_x,left_shoulder_y,left_elbow_x,left_elbow_y,left_wrist_x,left_wrist_y,pelvis_x,pelvis_y,right_hip_x,right_hip_y,right_knee_x,right_knee_y,right_ankle_x,right_ankle_y,left_hip_x,left_hip_y,left_knee_x,left_knee_y,left_ankle_x,left_ankle_y
0.613157362459547,0.08645833333333333,0.44426577669902917,0.18854166666666666,0.35644215210355984,0.171875,0.42062095469255667,0.165625,0.623290857605178,0.19895833333333332,0.423998786407767,0.20729166666666668,0.49155542071197417,0.23854166666666668,0.603023867313916,0.346875,0.8259607605177993,0.3927083333333333,0.3530643203883495,0.446875,0.329419498381877,0.44895833333333335,0.38346480582524267,0.6489583333333333,0.40373179611650484,0.8552083333333333,0.38008697411003234,0.446875,0.376709142394822,0.6447916666666667,0.2111953883495146,0.8114583333333333
