head_top_x,head_top_y,upper_neck_x,upper_neck_y,right_shoulder_x,right_shoulder_y,right_elbow_x,right_elbow_y,right_wrist_x,right_wrist_y,thorax_x,thorax_y,left_shoulder_x,left_shoulder_y,left_elbow_x,left_elbow_y,left_wrist_x,left_wrist_y,pelvis_x,pelvis_y,right_hip_x,right_hip_y,right_knee_x,right_knee_y,right_ankle_x,right_ankle_y,left_hip_x,left_hip_y,left_knee_x,left_knee_y,left_ankle_x,left_ankle_y
0.5352904040404041,0.059375,0.616729797979798,0.21354166666666666,0.5081439393939395,0.23645833333333333,0.3344065656565657,0.296875,0.2041035353535354,0.33645833333333336,0.6384469696969697,0.240625,0.774179292929293,0.24895833333333334,0.46470959595959593,0.315625,0.26382575757575755,0.321875,0.6547348484848483,0.478125,0.5678661616161615,0.478125,0.3561237373737373,0.6552083333333333,0.6547348484848483,0.7739583333333333,0.7470328282828284,0.478125,0.3289772727272728,0.6677083333333333,0.3778409090909091,0.8802083333333334
