head_top_x,head_top_y,upper_neck_x,upper_neck_y,right_shoulder_x,right_shoulder_y,right_elbow_x,right_elbow_y,right_wrist_x,right_wrist_y,thorax_x,thorax_y,left_shoulder_x,left_shoulder_y,left_elbow_x,left_elbow_y,left_wrist_x,left_wrist_y,pelvis_x,pelvis_y,right_hip_x,right_hip_y,right_knee_x,right_knee_y,right_ankle_x,right_ankle_y,left_hip_x,left_hip_y,left_knee_x,left_knee_y,left_ankle_x,left_ankle_y
0.6460565476190477,0.12604166666666666,0.5529655612244899,0.27395833333333336,0.5337053571428572,0.309375,0.5625956632653062,0.478125,0.7038371598639457,0.5322916666666667,0.5272852891156462,0.303125,0.5144451530612245,0.296875,0.5658056972789116,0.446875,0.7359374999999999,0.48854166666666665,0.4085140306122449,0.5427083333333333,0.402093962585034,0.5447916666666667,0.5369153911564626,0.7822916666666667,0.6974170918367347,0.9822916666666667,0.4117240646258503,0.5427083333333333,0.42777423469387754,0.778125,0.20949192176870748,0.9677083333333333
