head_top_x,head_top_y,upper_neck_x,upper_neck_y,right_shoulder_x,right_shoulder_y,right_elbow_x,right_elbow_y,right_wrist_x,right_wrist_y,thorax_x,thorax_y,left_shoulder_x,left_shoulder_y,left_elbow_x,left_elbow_y,left_wrist_x,left_wrist_y,pelvis_x,pelvis_y,right_hip_x,right_hip_y,right_knee_x,right_knee_y,right_ankle_x,right_ankle_y,left_hip_x,left_hip_y,left_knee_x,left_knee_y,left_ankle_x,left_ankle_y
0.5208465189873418,0.14895833333333333,0.5282041139240506,0.30520833333333336,0.44972310126582277,0.31145833333333334,0.351621835443038,0.321875,0.2927610759493671,0.25729166666666664,0.5282041139240506,0.31354166666666666,0.6115901898734177,0.31145833333333334,0.751384493670886,0.3302083333333333,0.699881329113924,0.38229166666666664,0.5232990506329114,0.5364583333333334,0.47179588607594936,0.5385416666666667,0.3736946202531646,0.7072916666666667,0.2167325949367089,0.815625,0.5748022151898735,0.5322916666666667,0.6974287974683544,0.6614583333333334,0.751384493670886,0.8697916666666666
