head_top_x,head_top_y,upper_neck_x,upper_neck_y,right_shoulder_x,right_shoulder_y,right_elbow_x,right_elbow_y,right_wrist_x,right_wrist_y,thorax_x,thorax_y,left_shoulder_x,left_shoulder_y,left_elbow_x,left_elbow_y,left_wrist_x,left_wrist_y,pelvis_x,pelvis_y,right_hip_x,right_hip_y,right_knee_x,right_knee_y,right_ankle_x,right_ankle_y,left_hip_x,left_hip_y,left_knee_x,left_knee_y,left_ankle_x,left_ankle_y
0.5511805555555557,0.3260416666666667,0.48604166666666665,0.19270833333333334,0.5294675925925926,0.184375,0.3991898148148149,0.290625,0.49224537037037047,0.415625,0.48604166666666665,0.18020833333333333,0.4984490740740742,0.18645833333333334,0.4115972222222223,0.29270833333333335,0.06418981481481484,0.23020833333333332,0.436412037037037,0.5427083333333333,0.44261574074074084,0.5447916666666667,0.4984490740740742,0.7260416666666667,0.7434953703703704,0.6510416666666666,0.4209027777777778,0.5427083333333333,0.4984490740740742,0.7322916666666667,0.44881944444444455,0.8177083333333334
