head_top_x,head_top_y,upper_neck_x,upper_neck_y,right_shoulder_x,right_shoulder_y,right_elbow_x,right_elbow_y,right_wrist_x,right_wrist_y,thorax_x,thorax_y,left_shoulder_x,left_shoulder_y,left_elbow_x,left_elbow_y,left_wrist_x,left_wrist_y,pelvis_x,pelvis_y,right_hip_x,right_hip_y,right_knee_x,right_knee_y,right_ankle_x,right_ankle_y,left_hip_x,left_hip_y,left_knee_x,left_knee_y,left_ankle_x,left_ankle_y
0.5020394736842106,0.04895833333333333,0.5142763157894737,0.21354166666666666,0.3511184210526316,0.221875,0.2001973684210526,0.31979166666666664,0.3755921052631579,0.29270833333333335,0.5142763157894737,0.23229166666666667,0.6815131578947368,0.240625,0.7834868421052631,0.3489583333333333,0.5876973684210527,0.31145833333333334,0.5183552631578948,0.4635416666666667,0.42046052631578945,0.4635416666666667,0.37967105263157896,0.646875,0.4163815789473684,0.8572916666666667,0.6080921052631578,0.46145833333333336,0.6121710526315789,0.6510416666666666,0.6040131578947368,0.8572916666666667
