head_top_x,head_top_y,upper_neck_x,upper_neck_y,right_shoulder_x,right_shoulder_y,right_elbow_x,right_elbow_y,right_wrist_x,right_wrist_y,thorax_x,thorax_y,left_shoulder_x,left_shoulder_y,left_elbow_x,left_elbow_y,left_wrist_x,left_wrist_y,pelvis_x,pelvis_y,right_hip_x,right_hip_y,right_knee_x,right_knee_y,right_ankle_x,right_ankle_y,left_hip_x,left_hip_y,left_knee_x,left_knee_y,left_ankle_x,left_ankle_y
0.47966867469879515,0.06145833333333333,0.5112951807228916,0.215625,0.6739457831325301,0.228125,0.7688253012048192,0.209375,0.7281626506024097,0.165625,0.5112951807228916,0.228125,0.3531626506024097,0.23020833333333332,0.2853915662650603,0.36354166666666665,0.20406626506024095,0.48020833333333335,0.5158132530120483,0.47604166666666664,0.615210843373494,0.478125,0.5835843373493976,0.6864583333333333,0.5790662650602411,0.884375,0.4164156626506025,0.478125,0.38930722891566266,0.6802083333333333,0.35768072289156627,0.878125
