head_top_x,head_top_y,upper_neck_x,upper_neck_y,right_shoulder_x,right_shoulder_y,right_elbow_x,right_elbow_y,right_wrist_x,right_wrist_y,thorax_x,thorax_y,left_shoulder_x,left_shoulder_y,left_elbow_x,left_elbow_y,left_wrist_x,left_wrist_y,pelvis_x,pelvis_y,right_hip_x,right_hip_y,right_knee_x,right_knee_y,right_ankle_x,right_ankle_y,left_hip_x,left_hip_y,left_knee_x,left_knee_y,left_ankle_x,left_ankle_y
0.5739583333333333,0.03150445292620867,0.5260416666666666,0.23249045801526716,0.6052083333333333,0.2523059796437659,0.6697916666666667,0.3428912213740458,0.7739583333333333,0.447630407124682,0.521875,0.2466444020356234,0.4427083333333333,0.23249045801526716,0.3177083333333333,0.29476781170483457,0.16770833333333332,0.3428912213740458,0.559375,0.5608619592875318,0.6072916666666667,0.5240617048346056,0.7427083333333333,0.6769243002544529,0.6989583333333333,0.6288008905852418,0.5052083333333334,0.5863390585241731,0.5677083333333334,0.6910782442748091,0.6760416666666667,0.8241253180661576
