head_top_x,head_top_y,upper_neck_x,upper_neck_y,right_shoulder_x,right_shoulder_y,right_elbow_x,right_elbow_y,right_wrist_x,right_wrist_y,thorax_x,thorax_y,left_shoulder_x,left_shoulder_y,left_elbow_x,left_elbow_y,left_wrist_x,left_wrist_y,pelvis_x,pelvis_y,right_hip_x,right_hip_y,right_knee_x,right_knee_y,right_ankle_x,right_ankle_y,left_hip_x,left_hip_y,left_knee_x,left_knee_y,left_ankle_x,left_ankle_y
0.5915406050955414,0.5239583333333333,0.4912221337579618,0.37604166666666666,0.48871417197452227,0.33645833333333336,0.579000796178344,0.19479166666666667,0.7094148089171974,0.11979166666666667,0.48871417197452227,0.36770833333333336,0.4862062101910828,0.359375,0.5238256369426751,0.35520833333333335,0.6542396496815287,0.340625,0.22537818471337578,0.371875,0.22537818471337578,0.365625,0.06988455414012738,0.5552083333333333,0.2228702229299363,0.7739583333333333,0.22788614649681532,0.365625,0.20280652866242038,0.7510416666666667,0.23791799363057325,0.8072916666666666
