head_top_x,head_top_y,upper_neck_x,upper_neck_y,right_shoulder_x,right_shoulder_y,right_elbow_x,right_elbow_y,right_wrist_x,right_wrist_y,thorax_x,thorax_y,left_shoulder_x,left_shoulder_y,left_elbow_x,left_elbow_y,left_wrist_x,left_wrist_y,pelvis_x,pelvis_y,right_hip_x,right_hip_y,right_knee_x,right_knee_y,right_ankle_x,right_ankle_y,left_hip_x,left_hip_y,left_knee_x,left_knee_y,left_ankle_x,left_ankle_y
0.24594131097560976,0.17604166666666668,0.3353086890243902,0.30520833333333336,0.28679496951219513,0.334375,0.3123285060975609,0.39895833333333336,0.19487423780487803,0.4552083333333333,0.34296874999999993,0.31354166666666666,0.3863757621951219,0.30104166666666665,0.49872332317073165,0.3614583333333333,0.4527629573170731,0.4510416666666667,0.4348894817073171,0.5010416666666667,0.4016958841463415,0.509375,0.5651105182926829,0.646875,0.5574504573170732,0.7385416666666667,0.4578696646341463,0.4947916666666667,0.29956173780487805,0.6072916666666667,0.3353086890243902,0.796875
