head_top_x,head_top_y,upper_neck_x,upper_neck_y,right_shoulder_x,right_shoulder_y,right_elbow_x,right_elbow_y,right_wrist_x,right_wrist_y,thorax_x,thorax_y,left_shoulder_x,left_shoulder_y,left_elbow_x,left_elbow_y,left_wrist_x,left_wrist_y,pelvis_x,pelvis_y,right_hip_x,right_hip_y,right_knee_x,right_knee_y,right_ankle_x,right_ankle_y,left_hip_x,left_hip_y,left_knee_x,left_knee_y,left_ankle_x,left_ankle_y
0.6558683206106871,0.115625,0.5645515267175573,0.26145833333333335,0.4574904580152672,0.24270833333333333,0.3945133587786261,0.340625,0.47638358778625955,0.3802083333333333,0.5519561068702291,0.278125,0.6464217557251909,0.31354166666666666,0.6684637404580153,0.446875,0.7471851145038169,0.41770833333333335,0.41025763358778633,0.45729166666666665,0.3472805343511451,0.43854166666666666,0.22447519083969464,0.596875,0.12686068702290074,0.7760416666666666,0.47323473282442746,0.471875,0.5236164122137404,0.6677083333333333,0.5047232824427481,0.8822916666666667
