head_top_x,head_top_y,upper_neck_x,upper_neck_y,right_shoulder_x,right_shoulder_y,right_elbow_x,right_elbow_y,right_wrist_x,right_wrist_y,thorax_x,thorax_y,left_shoulder_x,left_shoulder_y,left_elbow_x,left_elbow_y,left_wrist_x,left_wrist_y,pelvis_x,pelvis_y,right_hip_x,right_hip_y,right_knee_x,right_knee_y,right_ankle_x,right_ankle_y,left_hip_x,left_hip_y,left_knee_x,left_knee_y,left_ankle_x,left_ankle_y
0.6543154761904764,0.071875,0.4873511904761905,0.21354166666666666,0.6290178571428571,0.22604166666666667,0.7605654761904762,0.34479166666666666,0.6947916666666667,0.4322916666666667,0.46711309523809524,0.23229166666666667,0.2950892857142858,0.23645833333333333,0.2040178571428571,0.359375,0.2394345238095238,0.453125,0.4418154761904761,0.484375,0.5480654761904762,0.4822916666666667,0.6138392857142857,0.6697916666666667,0.6188988095238095,0.878125,0.340625,0.48854166666666665,0.32038690476190473,0.6677083333333333,0.2546130952380953,0.8697916666666666
