head_top_x,head_top_y,upper_neck_x,upper_neck_y,right_shoulder_x,right_shoulder_y,right_elbow_x,right_elbow_y,right_wrist_x,right_wrist_y,thorax_x,thorax_y,left_shoulder_x,left_shoulder_y,left_elbow_x,left_elbow_y,left_wrist_x,left_wrist_y,pelvis_x,pelvis_y,right_hip_x,right_hip_y,right_knee_x,right_knee_y,right_ankle_x,right_ankle_y,left_hip_x,left_hip_y,left_knee_x,left_knee_y,left_ankle_x,left_ankle_y
0.3011252572016461,0.25104166666666666,0.4328639403292181,0.3385416666666667,0.43033050411522633,0.371875,0.4328639403292181,0.31354166666666666,0.44553112139917694,0.21770833333333334,0.44553112139917694,0.3489583333333333,0.47339891975308646,0.33645833333333336,0.3416602366255144,0.215625,0.2276556069958848,0.190625,0.6811406893004115,0.47604166666666664,0.6786072530864197,0.478125,0.7875450102880658,0.6197916666666666,0.7622106481481481,0.7927083333333333,0.6836741255144032,0.471875,0.8002121913580247,0.6135416666666667,0.7470100308641975,0.7677083333333333
