head_top_x,head_top_y,upper_neck_x,upper_neck_y,right_shoulder_x,right_shoulder_y,right_elbow_x,right_elbow_y,right_wrist_x,right_wrist_y,thorax_x,thorax_y,left_shoulder_x,left_shoulder_y,left_elbow_x,left_elbow_y,left_wrist_x,left_wrist_y,pelvis_x,pelvis_y,right_hip_x,right_hip_y,right_knee_x,right_knee_y,right_ankle_x,right_ankle_y,left_hip_x,left_hip_y,left_knee_x,left_knee_y,left_ankle_x,left_ankle_y
0.29113729508196723,0.051041666666666666,0.4355362021857923,0.203125,0.4252219945355191,0.23854166666666668,0.4458504098360656,0.36354166666666665,0.29629439890710385,0.434375,0.4767930327868852,0.234375,0.5180498633879782,0.23229166666666667,0.6624487704918034,0.36770833333333336,0.5025785519125684,0.471875,0.533521174863388,0.5052083333333334,0.5180498633879782,0.49895833333333334,0.3891222677595628,0.7197916666666667,0.5025785519125684,0.9052083333333333,0.5644637978142075,0.509375,0.399436475409836,0.721875,0.7140198087431694,0.8822916666666667
