head_top_x,head_top_y,upper_neck_x,upper_neck_y,right_shoulder_x,right_shoulder_y,right_elbow_x,right_elbow_y,right_wrist_x,right_wrist_y,thorax_x,thorax_y,left_shoulder_x,left_shoulder_y,left_elbow_x,left_elbow_y,left_wrist_x,left_wrist_y,pelvis_x,pelvis_y,right_hip_x,right_hip_y,right_knee_x,right_knee_y,right_ankle_x,right_ankle_y,left_hip_x,left_hip_y,left_knee_x,left_knee_y,left_ankle_x,left_ankle_y
0.5332871835443037,0.15520833333333334,0.5209585970464135,0.31354166666666666,0.4223299050632911,0.33645833333333336,0.289181170886076,0.346875,0.29411260548523205,0.215625,0.5184928797468354,0.32395833333333335,0.6146558544303798,0.3072916666666667,0.7256131329113924,0.38645833333333335,0.708353111814346,0.346875,0.5678072257383966,0.5385416666666667,0.5184928797468354,0.5385416666666667,0.417398470464135,0.7260416666666667,0.20041534810126582,0.853125,0.6146558544303798,0.5364583333333334,0.7428731540084388,0.6864583333333333,0.7699960443037975,0.871875
