head_top_x,head_top_y,upper_neck_x,upper_neck_y,right_shoulder_x,right_shoulder_y,right_elbow_x,right_elbow_y,right_wrist_x,right_wrist_y,thorax_x,thorax_y,left_shoulder_x,left_shoulder_y,left_elbow_x,left_elbow_y,left_wrist_x,left_wrist_y,pelvis_x,pelvis_y,right_hip_x,right_hip_y,right_knee_x,right_knee_y,right_ankle_x,right_ankle_y,left_hip_x,left_hip_y,left_knee_x,left_knee_y,left_ankle_x,left_ankle_y
0.4089243913857678,0.16770833333333332,0.46887289325842696,0.31979166666666664,0.5726299157303372,0.315625,0.6994440543071161,0.40729166666666666,0.6671640917602996,0.5114583333333333,0.46887289325842696,0.3177083333333333,0.3697272940074906,0.315625,0.28672167602996257,0.3885416666666667,0.35128160112359547,0.46145833333333336,0.4965414325842697,0.5177083333333333,0.5726299157303372,0.5135416666666667,0.701749765917603,0.5822916666666667,0.7616982677902622,0.753125,0.41814723782771535,0.5114583333333333,0.2313845973782771,0.578125,0.22446746254681646,0.7677083333333333
