head_top_x,head_top_y,upper_neck_x,upper_neck_y,right_shoulder_x,right_shoulder_y,right_elbow_x,right_elbow_y,right_wrist_x,right_wrist_y,thorax_x,thorax_y,left_shoulder_x,left_shoulder_y,left_elbow_x,left_elbow_y,left_wrist_x,left_wrist_y,pelvis_x,pelvis_y,right_hip_x,right_hip_y,right_knee_x,right_knee_y,right_ankle_x,right_ankle_y,left_hip_x,left_hip_y,left_knee_x,left_knee_y,left_ankle_x,left_ankle_y
0.38658192090395477,0.096875,0.47358757062146895,0.24895833333333334,0.5605932203389831,0.221875,0.5885593220338983,0.33229166666666665,0.5854519774011299,0.5177083333333333,0.4642655367231639,0.24270833333333333,0.3617231638418079,0.26145833333333335,0.2902542372881356,0.42604166666666665,0.19392655367231643,0.5239583333333333,0.6942090395480227,0.428125,0.7594632768361582,0.42604166666666665,0.663135593220339,0.6385416666666667,0.7004237288135594,0.834375,0.6320621468926553,0.421875,0.39279661016949147,0.5322916666666667,0.5605932203389831,0.6927083333333334
