head_top_x,head_top_y,upper_neck_x,upper_neck_y,right_shoulder_x,right_shoulder_y,right_elbow_x,right_elbow_y,right_wrist_x,right_wrist_y,thorax_x,thorax_y,left_shoulder_x,left_shoulder_y,left_elbow_x,left_elbow_y,left_wrist_x,left_wrist_y,pelvis_x,pelvis_y,right_hip_x,right_hip_y,right_knee_x,right_knee_y,right_ankle_x,right_ankle_y,left_hip_x,left_hip_y,left_knee_x,left_knee_y,left_ankle_x,left_ankle_y
0.44943181818181815,0.10104166666666667,0.41197390572390574,0.2552083333333333,0.5355850168350168,0.24270833333333333,0.6179924242424243,0.334375,0.7565867003367003,0.43854166666666666,0.4194654882154882,0.246875,0.2958543771043771,0.24479166666666666,0.21719276094276097,0.353125,0.3033459595959596,0.3802083333333333,0.35204124579124585,0.4510416666666667,0.4269570707070707,0.45729166666666665,0.4531776094276094,0.671875,0.4906355218855219,0.8552083333333333,0.27712542087542086,0.44895833333333335,0.28087121212121213,0.671875,0.28087121212121213,0.828125
