head_top_x,head_top_y,upper_neck_x,upper_neck_y,right_shoulder_x,right_shoulder_y,right_elbow_x,right_elbow_y,right_wrist_x,right_wrist_y,thorax_x,thorax_y,left_shoulder_x,left_shoulder_y,left_elbow_x,left_elbow_y,left_wrist_x,left_wrist_y,pelvis_x,pelvis_y,right_hip_x,right_hip_y,right_knee_x,right_knee_y,right_ankle_x,right_ankle_y,left_hip_x,left_hip_y,left_knee_x,left_knee_y,left_ankle_x,left_ankle_y
0.6804036458333332,0.08020833333333334,0.5827734375,0.228125,0.3960026041666667,0.23645833333333333,0.18376302083333337,0.340625,0.4087369791666667,0.4197916666666667,0.5785286458333334,0.240625,0.7483203124999999,0.23854166666666668,0.7483203124999999,0.33229166666666665,0.7483203124999999,0.421875,0.5318359375,0.49270833333333336,0.4214713541666667,0.496875,0.38326822916666664,0.6885416666666667,0.3747786458333333,0.859375,0.6422005208333333,0.490625,0.6931380208333334,0.7052083333333333,0.5955078125,0.8739583333333333
