head_top_x,head_top_y,upper_neck_x,upper_neck_y,right_shoulder_x,right_shoulder_y,right_elbow_x,right_elbow_y,right_wrist_x,right_wrist_y,thorax_x,thorax_y,left_shoulder_x,left_shoulder_y,left_elbow_x,left_elbow_y,left_wrist_x,left_wrist_y,pelvis_x,pelvis_y,right_hip_x,right_hip_y,right_knee_x,right_knee_y,right_ankle_x,right_ankle_y,left_hip_x,left_hip_y,left_knee_x,left_knee_y,left_ankle_x,left_ankle_y
0.6152343749999999,0.053125,0.5481889204545454,0.203125,0.38057528409090907,0.215625,0.18362926136363636,0.265625,0.338671875,0.17395833333333333,0.5481889204545454,0.22604166666666667,0.7158025568181818,0.234375,0.7702769886363637,0.36770833333333336,0.7618963068181819,0.4822916666666667,0.523046875,0.48020833333333335,0.42247869318181824,0.4864583333333333,0.38476562499999994,0.678125,0.36381392045454547,0.8760416666666667,0.6194247159090909,0.47604166666666664,0.6403764204545456,0.6802083333333333,0.6655184659090909,0.878125
