head_top_x,head_top_y,upper_neck_x,upper_neck_y,right_shoulder_x,right_shoulder_y,right_elbow_x,right_elbow_y,right_wrist_x,right_wrist_y,thorax_x,thorax_y,left_shoulder_x,left_shoulder_y,left_elbow_x,left_elbow_y,left_wrist_x,left_wrist_y,pelvis_x,pelvis_y,right_hip_x,right_hip_y,right_knee_x,right_knee_y,right_ankle_x,right_ankle_y,left_hip_x,left_hip_y,left_knee_x,left_knee_y,left_ankle_x,left_ankle_y
0.7014395043731778,0.14955357142857142,0.61725583090379,0.27455357142857145,0.6292820699708456,0.296875,0.6653607871720116,0.39955357142857145,0.737518221574344,0.40848214285714285,0.6052295918367347,0.2924107142857143,0.5691508746355685,0.27455357142857145,0.5631377551020408,0.38169642857142855,0.6834001457725948,0.39955357142857145,0.4729409620991254,0.47098214285714285,0.49699344023323616,0.47098214285714285,0.6292820699708456,0.6272321428571429,0.6352951895043732,0.8013392857142857,0.4308491253644315,0.46651785714285715,0.42483600583090375,0.6584821428571429,0.21437682215743437,0.7254464285714286
