head_top_x,head_top_y,upper_neck_x,upper_neck_y,right_shoulder_x,right_shoulder_y,right_elbow_x,right_elbow_y,right_wrist_x,right_wrist_y,thorax_x,thorax_y,left_shoulder_x,left_shoulder_y,left_elbow_x,left_elbow_y,left_wrist_x,left_wrist_y,pelvis_x,pelvis_y,right_hip_x,right_hip_y,right_knee_x,right_knee_y,right_ankle_x,right_ankle_y,left_hip_x,left_hip_y,left_knee_x,left_knee_y,left_ankle_x,left_ankle_y
0.5626665778251598,0.05133928571428571,0.46012126865671643,0.203125,0.5398787313432836,0.25223214285714285,0.5398787313432836,0.41294642857142855,0.7563632729211088,0.5200892857142857,0.4487273454157783,0.23883928571428573,0.36896988272921116,0.22991071428571427,0.38036380597014924,0.390625,0.49430303837953093,0.49330357142857145,0.43733342217484,0.515625,0.5170908848614073,0.515625,0.6993936567164178,0.6674107142857143,0.6652118869936036,0.8772321428571429,0.34618203624733473,0.515625,0.28921242004264397,0.6763392857142857,0.24363672707889134,0.8727678571428571
