head_top_x,head_top_y,upper_neck_x,upper_neck_y,right_shoulder_x,right_shoulder_y,right_elbow_x,right_elbow_y,right_wrist_x,right_wrist_y,thorax_x,thorax_y,left_shoulder_x,left_shoulder_y,left_elbow_x,left_elbow_y,left_wrist_x,left_wrist_y,pelvis_x,pelvis_y,right_hip_x,right_hip_y,right_knee_x,right_knee_y,right_ankle_x,right_ankle_y,left_hip_x,left_hip_y,left_knee_x,left_knee_y,left_ankle_x,left_ankle_y
0.4394252232142857,0.08258928571428571,0.5139787946428572,0.22991071428571427,0.3462332589285714,0.265625,0.2530412946428571,0.37723214285714285,0.2157645089285714,0.4799107142857143,0.5326171875,0.2611607142857143,0.7003627232142858,0.265625,0.7749162946428572,0.39955357142857145,0.7469587053571428,0.5066964285714286,0.5046595982142859,0.49776785714285715,0.3928292410714286,0.49776785714285715,0.3555524553571429,0.6674107142857143,0.2996372767857143,0.8504464285714286,0.5978515625,0.49776785714285715,0.5885323660714286,0.6763392857142857,0.5792131696428572,0.859375
