head_top_x,head_top_y,upper_neck_x,upper_neck_y,right_shoulder_x,right_shoulder_y,right_elbow_x,right_elbow_y,right_wrist_x,right_wrist_y,thorax_x,thorax_y,left_shoulder_x,left_shoulder_y,left_elbow_x,left_elbow_y,left_wrist_x,left_wrist_y,pelvis_x,pelvis_y,right_hip_x,right_hip_y,right_knee_x,right_knee_y,right_ankle_x,right_ankle_y,left_hip_x,left_hip_y,left_knee_x,left_knee_y,left_ankle_x,left_ankle_y
0.532507183908046,0.08258928571428571,0.5603704844006567,0.22991071428571427,0.7461258210180624,0.2611607142857143,0.7832768883415435,0.3950892857142857,0.829715722495895,0.5022321428571429,0.5603704844006567,0.25669642857142855,0.38390291461412146,0.24776785714285715,0.300313013136289,0.37723214285714285,0.21672311165845645,0.47544642857142855,0.5510827175697864,0.47544642857142855,0.6346726190476192,0.47544642857142855,0.5417949507389163,0.6674107142857143,0.47678058292282427,0.8415178571428571,0.47678058292282427,0.47544642857142855,0.5139316502463055,0.6852678571428571,0.7089747536945813,0.859375
