head_top_x,head_top_y,upper_neck_x,upper_neck_y,right_shoulder_x,right_shoulder_y,right_elbow_x,right_elbow_y,right_wrist_x,right_wrist_y,thorax_x,thorax_y,left_shoulder_x,left_shoulder_y,left_elbow_x,left_elbow_y,left_wrist_x,left_wrist_y,pelvis_x,pelvis_y,right_hip_x,right_hip_y,right_knee_x,right_knee_y,right_ankle_x,right_ankle_y,left_hip_x,left_hip_y,left_knee_x,left_knee_y,left_ankle_x,left_ankle_y
0.6102678571428571,0.13169642857142858,0.5763392857142856,0.2700892857142857,0.46889880952380947,0.28794642857142855,0.30491071428571426,0.3013392857142857,0.30491071428571426,0.22098214285714285,0.5706845238095237,0.296875,0.6668154761904762,0.3013392857142857,0.7629464285714286,0.35044642857142855,0.7346726190476189,0.41294642857142855,0.5254464285714285,0.49776785714285715,0.46889880952380947,0.49330357142857145,0.33883928571428573,0.6674107142857143,0.16919642857142858,0.7700892857142857,0.5763392857142856,0.49776785714285715,0.7063988095238095,0.6272321428571429,0.7177083333333333,0.8147321428571429
