head_top_x,head_top_y,upper_neck_x,upper_neck_y,right_shoulder_x,right_shoulder_y,right_elbow_x,right_elbow_y,right_wrist_x,right_wrist_y,thorax_x,thorax_y,left_shoulder_x,left_shoulder_y,left_elbow_x,left_elbow_y,left_wrist_x,left_wrist_y,pelvis_x,pelvis_y,right_hip_x,right_hip_y,right_knee_x,right_knee_y,right_ankle_x,right_ankle_y,left_hip_x,left_hip_y,left_knee_x,left_knee_y,left_ankle_x,left_ankle_y
0.40629650297619047,0.13616071428571427,0.48488653273809523,0.2700892857142857,0.34584263392857145,0.24776785714285715,0.23702566964285715,0.2611607142857143,0.21284412202380948,0.37276785714285715,0.47279575892857145,0.2611607142857143,0.5997488839285714,0.24776785714285715,0.6722935267857143,0.3861607142857143,0.5574311755952381,0.40848214285714285,0.5272042410714286,0.47544642857142855,0.46070498511904756,0.4799107142857143,0.4244326636904761,0.640625,0.5634765625,0.7388392857142857,0.6057942708333334,0.47098214285714285,0.7146112351190477,0.6674107142857143,0.7690197172619048,0.8415178571428571
