head_top_x,head_top_y,upper_neck_x,upper_neck_y,right_shoulder_x,right_shoulder_y,right_elbow_x,right_elbow_y,right_wrist_x,right_wrist_y,thorax_x,thorax_y,left_shoulder_x,left_shoulder_y,left_elbow_x,left_elbow_y,left_wrist_x,left_wrist_y,pelvis_x,pelvis_y,right_hip_x,right_hip_y,right_knee_x,right_knee_y,right_ankle_x,right_ankle_y,left_hip_x,left_hip_y,left_knee_x,left_knee_y,left_ankle_x,left_ankle_y
0.5206043956043956,0.060267857142857144,0.4052197802197802,0.22098214285714285,0.22390109890109886,0.27901785714285715,0.20741758241758243,0.47098214285714285,0.5370879120879121,0.43080357142857145,0.3887362637362637,0.265625,0.5206043956043956,0.265625,0.5782967032967034,0.39955357142857145,0.7266483516483515,0.40848214285714285,0.5123626373626374,0.5825892857142857,0.42170329670329665,0.5959821428571429,0.47939560439560436,0.796875,0.47939560439560436,0.9665178571428571,0.5947802197802198,0.5647321428571429,0.7266483516483515,0.7433035714285714,0.7678571428571428,0.9129464285714286
