head_top_x,head_top_y,upper_neck_x,upper_neck_y,right_shoulder_x,right_shoulder_y,right_elbow_x,right_elbow_y,right_wrist_x,right_wrist_y,thorax_x,thorax_y,left_shoulder_x,left_shoulder_y,left_elbow_x,left_elbow_y,left_wrist_x,left_wrist_y,pelvis_x,pelvis_y,right_hip_x,right_hip_y,right_knee_x,right_knee_y,right_ankle_x,right_ankle_y,left_hip_x,left_hip_y,left_knee_x,left_knee_y,left_ankle_x,left_ankle_y
0.43526785714285715,0.15104166666666666,0.41294642857142855,0.29347363945578236,0.43526785714285715,0.2744827097505669,0.5558035714285714,0.32196003401360546,0.546875,0.23175311791383219,0.40848214285714285,0.2887259070294785,0.37723214285714285,0.2744827097505669,0.5602678571428571,0.32670776643990934,0.41294642857142855,0.1035643424036281,0.40848214285714285,0.5023738662131519,0.40401785714285715,0.4928784013605442,0.3638392857142857,0.6543013038548753,0.22544642857142858,0.858453798185941,0.39955357142857145,0.4928784013605442,0.359375,0.6543013038548753,0.22991071428571427,0.8537060657596371
