head_top_x,head_top_y,upper_neck_x,upper_neck_y,right_shoulder_x,right_shoulder_y,right_elbow_x,right_elbow_y,right_wrist_x,right_wrist_y,thorax_x,thorax_y,left_shoulder_x,left_shoulder_y,left_elbow_x,left_elbow_y,left_wrist_x,left_wrist_y,pelvis_x,pelvis_y,right_hip_x,right_hip_y,right_knee_x,right_knee_y,right_ankle_x,right_ankle_y,left_hip_x,left_hip_y,left_knee_x,left_knee_y,left_ankle_x,left_ankle_y
0.2776442307692308,0.09151785714285714,0.4137804160125588,0.22991071428571427,0.3230229591836734,0.2611607142857143,0.3230229591836734,0.37723214285714285,0.2322655023547881,0.453125,0.45008339874411296,0.24776785714285715,0.5499166012558869,0.234375,0.7042042778649922,0.35044642857142855,0.7314315149136578,0.46205357142857145,0.5136136185243328,0.46651785714285715,0.44100765306122447,0.47098214285714285,0.3865531789638932,0.6763392857142857,0.4773106357927786,0.8683035714285714,0.5589923469387754,0.46205357142857145,0.3865531789638932,0.6852678571428571,0.7586587519623235,0.7924107142857143
