head_top_x,head_top_y,upper_neck_x,upper_neck_y,right_shoulder_x,right_shoulder_y,right_elbow_x,right_elbow_y,right_wrist_x,right_wrist_y,thorax_x,thorax_y,left_shoulder_x,left_shoulder_y,left_elbow_x,left_elbow_y,left_wrist_x,left_wrist_y,pelvis_x,pelvis_y,right_hip_x,right_hip_y,right_knee_x,right_knee_y,right_ankle_x,right_ankle_y,left_hip_x,left_hip_y,left_knee_x,left_knee_y,left_ankle_x,left_ankle_y
0.6841419089759798,0.15401785714285715,0.5280894437420985,0.25669642857142855,0.5218473451327433,0.2700892857142857,0.5842683312262957,0.33705357142857145,0.7215945006321113,0.3236607142857143,0.5156052465233881,0.265625,0.47815265486725667,0.24776785714285715,0.615478824273072,0.31919642857142855,0.7091103034134008,0.31026785714285715,0.2721634007585335,0.46651785714285715,0.284647597977244,0.47098214285714285,0.34706858407079644,0.6897321428571429,0.40324747155499363,0.9040178571428571,0.2534371049304678,0.4575892857142857,0.24719500632111246,0.671875,0.24719500632111246,0.8683035714285714
