head_top_x,head_top_y,upper_neck_x,upper_neck_y,right_shoulder_x,right_shoulder_y,right_elbow_x,right_elbow_y,right_wrist_x,right_wrist_y,thorax_x,thorax_y,left_shoulder_x,left_shoulder_y,left_elbow_x,left_elbow_y,left_wrist_x,left_wrist_y,pelvis_x,pelvis_y,right_hip_x,right_hip_y,right_knee_x,right_knee_y,right_ankle_x,right_ankle_y,left_hip_x,left_hip_y,left_knee_x,left_knee_y,left_ankle_x,left_ankle_y
0.7243303571428571,0.05133928571428571,0.7016133589511755,0.19419642857142858,0.7300096066907775,0.22544642857142858,0.37221688517179025,0.3013392857142857,0.34382063743218805,0.5558035714285714,0.7016133589511755,0.22544642857142858,0.6845756103074141,0.22544642857142858,0.4971603752260398,0.5513392857142857,0.33246213833634725,0.5602678571428571,0.5823491184448464,0.421875,0.5937076175406872,0.4263392857142857,0.6221038652802894,0.7700892857142857,0.5709906193490054,0.7834821428571429,0.5709906193490054,0.421875,0.6107453661844484,0.7745535714285714,0.1961601491862568,0.21651785714285715
