head_top_x,head_top_y,upper_neck_x,upper_neck_y,right_shoulder_x,right_shoulder_y,right_elbow_x,right_elbow_y,right_wrist_x,right_wrist_y,thorax_x,thorax_y,left_shoulder_x,left_shoulder_y,left_elbow_x,left_elbow_y,left_wrist_x,left_wrist_y,pelvis_x,pelvis_y,right_hip_x,right_hip_y,right_knee_x,right_knee_y,right_ankle_x,right_ankle_y,left_hip_x,left_hip_y,left_knee_x,left_knee_y,left_ankle_x,left_ankle_y
0.5395877100840337,0.13169642857142858,0.49208245798319333,0.27455357142857145,0.41290703781512605,0.234375,0.28622636554621844,0.22991071428571427,0.18065913865546215,0.19866071428571427,0.49736081932773113,0.2611607142857143,0.5765362394957984,0.2700892857142857,0.6557116596638655,0.3549107142857143,0.7454438025210083,0.453125,0.43929884453781515,0.453125,0.39179359243697476,0.44419642857142855,0.3231748949579832,0.609375,0.29150472689075635,0.796875,0.49208245798319333,0.4575892857142857,0.502639180672269,0.6361607142857143,0.4181853991596639,0.8191964285714286
