head_top_x,head_top_y,upper_neck_x,upper_neck_y,right_shoulder_x,right_shoulder_y,right_elbow_x,right_elbow_y,right_wrist_x,right_wrist_y,thorax_x,thorax_y,left_shoulder_x,left_shoulder_y,left_elbow_x,left_elbow_y,left_wrist_x,left_wrist_y,pelvis_x,pelvis_y,right_hip_x,right_hip_y,right_knee_x,right_knee_y,right_ankle_x,right_ankle_y,left_hip_x,left_hip_y,left_knee_x,left_knee_y,left_ankle_x,left_ankle_y
0.5580357142857142,0.12723214285714285,0.46875,0.2700892857142857,0.5133928571428572,0.2700892857142857,0.7544642857142858,0.25669642857142855,0.7008928571428572,0.15401785714285715,0.46875,0.2700892857142857,0.4508928571428571,0.2700892857142857,0.7544642857142858,0.265625,0.3169642857142857,0.13169642857142858,0.4151785714285714,0.5066964285714286,0.4330357142857143,0.5066964285714286,0.3080357142857143,0.6986607142857143,0.5669642857142858,0.8415178571428571,0.4151785714285714,0.5111607142857143,0.2366071428571429,0.7075892857142857,0.3973214285714286,0.8772321428571429
