head_top_x,head_top_y,upper_neck_x,upper_neck_y,right_shoulder_x,right_shoulder_y,right_elbow_x,right_elbow_y,right_wrist_x,right_wrist_y,thorax_x,thorax_y,left_shoulder_x,left_shoulder_y,left_elbow_x,left_elbow_y,left_wrist_x,left_wrist_y,pelvis_x,pelvis_y,right_hip_x,right_hip_y,right_knee_x,right_knee_y,right_ankle_x,right_ankle_y,left_hip_x,left_hip_y,left_knee_x,left_knee_y,left_ankle_x,left_ankle_y
0.6584821428571429,0.06321304563492064,0.6540178571428571,0.21710689484126985,0.5691964285714286,0.24426463293650796,0.5691964285714286,0.4117373511904762,0.6808035714285714,0.3981584821428572,0.6540178571428571,0.24879092261904762,0.734375,0.23973834325396826,0.7433035714285714,0.34836929563492064,0.7477678571428571,0.38005332341269843,0.5825892857142857,0.5113157242063492,0.5245535714285714,0.5022631448412699,0.4263392857142857,0.7195250496031745,0.22991071428571427,0.7828931051587301,0.6316964285714286,0.5067894345238095,0.7790178571428571,0.5882626488095238,0.7790178571428571,0.800998263888889
