head_top_x,head_top_y,upper_neck_x,upper_neck_y,right_shoulder_x,right_shoulder_y,right_elbow_x,right_elbow_y,right_wrist_x,right_wrist_y,thorax_x,thorax_y,left_shoulder_x,left_shoulder_y,left_elbow_x,left_elbow_y,left_wrist_x,left_wrist_y,pelvis_x,pelvis_y,right_hip_x,right_hip_y,right_knee_x,right_knee_y,right_ankle_x,right_ankle_y,left_hip_x,left_hip_y,left_knee_x,left_knee_y,left_ankle_x,left_ankle_y
0.5347174063800277,0.09151785714285714,0.5115724687933426,0.24330357142857142,0.6581570735090152,0.27901785714285715,0.7044469486823856,0.40848214285714285,0.7661667822468793,0.5111607142857143,0.503857489597781,0.2700892857142857,0.3649878640776699,0.25669642857142855,0.226118238557559,0.35044642857142855,0.29555305131761445,0.265625,0.4807125520110957,0.5111607142857143,0.557862343966713,0.5022321428571429,0.6504420943134535,0.6495535714285714,0.7507368238557559,0.8013392857142857,0.4112777392510403,0.5111607142857143,0.5115724687933426,0.6808035714285714,0.6041522191400831,0.8459821428571429
