head_top_x,head_top_y,upper_neck_x,upper_neck_y,right_shoulder_x,right_shoulder_y,right_elbow_x,right_elbow_y,right_wrist_x,right_wrist_y,thorax_x,thorax_y,left_shoulder_x,left_shoulder_y,left_elbow_x,left_elbow_y,left_wrist_x,left_wrist_y,pelvis_x,pelvis_y,right_hip_x,right_hip_y,right_knee_x,right_knee_y,right_ankle_x,right_ankle_y,left_hip_x,left_hip_y,left_knee_x,left_knee_y,left_ankle_x,left_ankle_y
0.5867346938775511,0.06473214285714286,0.5357142857142857,0.22544642857142858,0.3520408163265306,0.2611607142857143,0.19897959183673475,0.3861607142857143,0.32142857142857145,0.33705357142857145,0.5357142857142857,0.2611607142857143,0.7091836734693876,0.25669642857142855,0.7806122448979591,0.3549107142857143,0.7602040816326531,0.37723214285714285,0.5255102040816327,0.5022321428571429,0.42346938775510207,0.5022321428571429,0.4540816326530613,0.7165178571428571,0.4336734693877551,0.890625,0.6173469387755102,0.49776785714285715,0.6173469387755102,0.6897321428571429,0.6275510204081632,0.8191964285714286
