head_top_x,head_top_y,upper_neck_x,upper_neck_y,right_shoulder_x,right_shoulder_y,right_elbow_x,right_elbow_y,right_wrist_x,right_wrist_y,thorax_x,thorax_y,left_shoulder_x,left_shoulder_y,left_elbow_x,left_elbow_y,left_wrist_x,left_wrist_y,pelvis_x,pelvis_y,right_hip_x,right_hip_y,right_knee_x,right_knee_y,right_ankle_x,right_ankle_y,left_hip_x,left_hip_y,left_knee_x,left_knee_y,left_ankle_x,left_ankle_y
0.3869619963369963,0.08705357142857142,0.5406936813186813,0.21651785714285715,0.6763392857142857,0.22991071428571427,0.6220810439560439,0.37276785714285715,0.5678228021978023,0.421875,0.5859088827838829,0.24776785714285715,0.4864354395604396,0.265625,0.4140911172161172,0.40848214285714285,0.18801510989010986,0.453125,0.6763392857142857,0.515625,0.712511446886447,0.5111607142857143,0.6220810439560439,0.6986607142857143,0.5949519230769231,0.8772321428571429,0.6311240842490844,0.515625,0.5587797619047619,0.703125,0.6763392857142857,0.9352678571428571
