head_top_x,head_top_y,upper_neck_x,upper_neck_y,right_shoulder_x,right_shoulder_y,right_elbow_x,right_elbow_y,right_wrist_x,right_wrist_y,thorax_x,thorax_y,left_shoulder_x,left_shoulder_y,left_elbow_x,left_elbow_y,left_wrist_x,left_wrist_y,pelvis_x,pelvis_y,right_hip_x,right_hip_y,right_knee_x,right_knee_y,right_ankle_x,right_ankle_y,left_hip_x,left_hip_y,left_knee_x,left_knee_y,left_ankle_x,left_ankle_y
0.39151785714285714,0.05580357142857143,0.49483418367346943,0.19866071428571427,0.6911352040816326,0.23883928571428573,0.7634566326530612,0.37723214285714285,0.8151147959183673,0.49776785714285715,0.5051658163265307,0.22991071428571427,0.3295280612244898,0.22544642857142858,0.3088647959183674,0.359375,0.2262117346938775,0.484375,0.5051658163265307,0.4575892857142857,0.5981505102040816,0.46205357142857145,0.49483418367346943,0.6540178571428571,0.5878188775510205,0.8147321428571429,0.43284438775510203,0.453125,0.2882015306122449,0.6629464285714286,0.5568239795918366,0.8415178571428571
