head_top_x,head_top_y,upper_neck_x,upper_neck_y,right_shoulder_x,right_shoulder_y,right_elbow_x,right_elbow_y,right_wrist_x,right_wrist_y,thorax_x,thorax_y,left_shoulder_x,left_shoulder_y,left_elbow_x,left_elbow_y,left_wrist_x,left_wrist_y,pelvis_x,pelvis_y,right_hip_x,right_hip_y,right_knee_x,right_knee_y,right_ankle_x,right_ankle_y,left_hip_x,left_hip_y,left_knee_x,left_knee_y,left_ankle_x,left_ankle_y
0.6305803571428571,0.15848214285714285,0.4899553571428571,0.2700892857142857,0.6037946428571429,0.296875,0.6305803571428571,0.3013392857142857,0.5904017857142856,0.28794642857142855,0.4899553571428571,0.2700892857142857,0.38950892857142855,0.22991071428571427,0.22209821428571427,0.203125,0.2890625,0.15401785714285715,0.38950892857142855,0.4799107142857143,0.4095982142857142,0.484375,0.41629464285714274,0.7075892857142857,0.6841517857142856,0.8058035714285714,0.36272321428571425,0.47544642857142855,0.18861607142857145,0.6272321428571429,0.04799107142857142,0.7790178571428571
