head_top_x,head_top_y,upper_neck_x,upper_neck_y,right_shoulder_x,right_shoulder_y,right_elbow_x,right_elbow_y,right_wrist_x,right_wrist_y,thorax_x,thorax_y,left_shoulder_x,left_shoulder_y,left_elbow_x,left_elbow_y,left_wrist_x,left_wrist_y,pelvis_x,pelvis_y,right_hip_x,right_hip_y,right_knee_x,right_knee_y,right_ankle_x,right_ankle_y,left_hip_x,left_hip_y,left_knee_x,left_knee_y,left_ankle_x,left_ankle_y
0.5773552955665024,0.11383928571428571,0.558790024630542,0.2611607142857143,0.42264470443349755,0.25669642857142855,0.34219519704433504,0.35044642857142855,0.40407943349753705,0.3861607142857143,0.558790024630542,0.2611607142857143,0.6763700738916257,0.25223214285714285,0.7753848522167488,0.33705357142857145,0.7630080049261084,0.4575892857142857,0.5092826354679804,0.46651785714285715,0.42883312807881774,0.46651785714285715,0.33600677339901475,0.6584821428571429,0.19986145320197043,0.8013392857142857,0.5835437192118226,0.46651785714285715,0.626862684729064,0.6227678571428571,0.5464131773399016,0.7165178571428571
