head_top_x,head_top_y,upper_neck_x,upper_neck_y,right_shoulder_x,right_shoulder_y,right_elbow_x,right_elbow_y,right_wrist_x,right_wrist_y,thorax_x,thorax_y,left_shoulder_x,left_shoulder_y,left_elbow_x,left_elbow_y,left_wrist_x,left_wrist_y,pelvis_x,pelvis_y,right_hip_x,right_hip_y,right_knee_x,right_knee_y,right_ankle_x,right_ankle_y,left_hip_x,left_hip_y,left_knee_x,left_knee_y,left_ankle_x,left_ankle_y
0.29965464959568733,0.12276785714285714,0.4238123315363881,0.265625,0.5536135444743936,0.2700892857142857,0.7454935983827493,0.28348214285714285,0.5592570754716981,0.4575892857142857,0.4181688005390835,0.265625,0.29965464959568733,0.27455357142857145,0.21500168463611863,0.359375,0.26014993261455527,0.46205357142857145,0.48024764150943394,0.453125,0.5366829514824797,0.44419642857142855,0.6156923854447439,0.6272321428571429,0.7567806603773585,0.765625,0.4068817385444744,0.4575892857142857,0.3504464285714285,0.6183035714285714,0.38995114555256055,0.8013392857142857
