head_top_x,head_top_y,upper_neck_x,upper_neck_y,right_shoulder_x,right_shoulder_y,right_elbow_x,right_elbow_y,right_wrist_x,right_wrist_y,thorax_x,thorax_y,left_shoulder_x,left_shoulder_y,left_elbow_x,left_elbow_y,left_wrist_x,left_wrist_y,pelvis_x,pelvis_y,right_hip_x,right_hip_y,right_knee_x,right_knee_y,right_ankle_x,right_ankle_y,left_hip_x,left_hip_y,left_knee_x,left_knee_y,left_ankle_x,left_ankle_y
0.45938940092165903,0.07366071428571429,0.48646313364055305,0.234375,0.3240207373271889,0.27455357142857145,0.22475038402457753,0.40848214285714285,0.39621735791090634,0.390625,0.4954877112135177,0.2611607142857143,0.6669546850998463,0.23883928571428573,0.7572004608294932,0.3325892857142857,0.7481758832565283,0.40848214285714285,0.540610599078341,0.484375,0.45036482334869427,0.4888392857142857,0.5496351766513056,0.6941964285714286,0.6037826420890937,0.8861607142857143,0.6218317972350229,0.4799107142857143,0.7391513056835637,0.6763392857142857,0.675979262672811,0.7700892857142857
