head_top_x,head_top_y,upper_neck_x,upper_neck_y,right_shoulder_x,right_shoulder_y,right_elbow_x,right_elbow_y,right_wrist_x,right_wrist_y,thorax_x,thorax_y,left_shoulder_x,left_shoulder_y,left_elbow_x,left_elbow_y,left_wrist_x,left_wrist_y,pelvis_x,pelvis_y,right_hip_x,right_hip_y,right_knee_x,right_knee_y,right_ankle_x,right_ankle_y,left_hip_x,left_hip_y,left_knee_x,left_knee_y,left_ankle_x,left_ankle_y
0.711211943793911,0.04241071428571429,0.5487412177985949,0.18526785714285715,0.5487412177985949,0.22991071428571427,0.46209016393442626,0.38169642857142855,0.6353922716627634,0.5111607142857143,0.5270784543325527,0.22991071428571427,0.47292154566744726,0.22098214285714285,0.4512587822014052,0.3638392857142857,0.5704039812646369,0.4888392857142857,0.3862704918032787,0.4799107142857143,0.4079332552693209,0.4799107142857143,0.6137295081967213,0.6941964285714286,0.6678864168618268,0.9129464285714286,0.3646077283372365,0.47544642857142855,0.3646077283372365,0.6897321428571429,0.2779566744730679,0.9040178571428571
