head_top_x,head_top_y,upper_neck_x,upper_neck_y,right_shoulder_x,right_shoulder_y,right_elbow_x,right_elbow_y,right_wrist_x,right_wrist_y,thorax_x,thorax_y,left_shoulder_x,left_shoulder_y,left_elbow_x,left_elbow_y,left_wrist_x,left_wrist_y,pelvis_x,pelvis_y,right_hip_x,right_hip_y,right_knee_x,right_knee_y,right_ankle_x,right_ankle_y,left_hip_x,left_hip_y,left_knee_x,left_knee_y,left_ankle_x,left_ankle_y
0.3815247252747253,0.05580357142857143,0.37122252747252743,0.21651785714285715,0.4639423076923077,0.22544642857142858,0.7730082417582417,0.203125,0.5875686813186813,0.13169642857142858,0.36092032967032966,0.22991071428571427,0.2682005494505495,0.23883928571428573,0.40212912087912084,0.22544642857142858,0.505151098901099,0.17633928571428573,0.3918269230769231,0.46205357142857145,0.48454670329670335,0.46651785714285715,0.4639423076923077,0.6629464285714286,0.4742445054945055,0.859375,0.2991071428571428,0.46205357142857145,0.28880494505494503,0.6540178571428571,0.22699175824175818,0.8638392857142857
