head_top_x,head_top_y,upper_neck_x,upper_neck_y,right_shoulder_x,right_shoulder_y,right_elbow_x,right_elbow_y,right_wrist_x,right_wrist_y,thorax_x,thorax_y,left_shoulder_x,left_shoulder_y,left_elbow_x,left_elbow_y,left_wrist_x,left_wrist_y,pelvis_x,pelvis_y,right_hip_x,right_hip_y,right_knee_x,right_knee_y,right_ankle_x,right_ankle_y,left_hip_x,left_hip_y,left_knee_x,left_knee_y,left_ankle_x,left_ankle_y
0.530751329787234,0.060267857142857144,0.469248670212766,0.20758928571428573,0.3023128799392098,0.25223214285714285,0.22323803191489364,0.3861607142857143,0.2495963145896657,0.515625,0.460462575987842,0.24330357142857142,0.6098261778115501,0.234375,0.7328314969604863,0.34598214285714285,0.7504036854103345,0.30580357142857145,0.469248670212766,0.47544642857142855,0.3901738221884498,0.4799107142857143,0.3462433510638298,0.6808035714285714,0.3374572568389058,0.8727678571428571,0.548323518237082,0.47098214285714285,0.557109612462006,0.671875,0.6098261778115501,0.8638392857142857
