head_top_x,head_top_y,upper_neck_x,upper_neck_y,right_shoulder_x,right_shoulder_y,right_elbow_x,right_elbow_y,right_wrist_x,right_wrist_y,thorax_x,thorax_y,left_shoulder_x,left_shoulder_y,left_elbow_x,left_elbow_y,left_wrist_x,left_wrist_y,pelvis_x,pelvis_y,right_hip_x,right_hip_y,right_knee_x,right_knee_y,right_ankle_x,right_ankle_y,left_hip_x,left_hip_y,left_knee_x,left_knee_y,left_ankle_x,left_ankle_y
0.22098214285714285,0.22109102787456444,0.390625,0.19038545296167245,0.3325892857142857,0.4104420731707317,0.3861607142857143,0.6407338850174216,0.5111607142857143,0.6202635017421603,0.390625,0.23644381533101044,0.3549107142857143,0.400206881533101,0.39955357142857145,0.5588523519163763,0.5602678571428571,0.28250217770034847,0.37723214285714285,0.6816746515679443,0.34598214285714285,0.6970274390243902,0.515625,0.7174978222996516,0.6763392857142857,0.6867922473867596,0.40848214285714285,0.645851480836237,0.546875,0.615145905923345,0.6674107142857143,0.6816746515679443
