head_top_x,head_top_y,upper_neck_x,upper_neck_y,right_shoulder_x,right_shoulder_y,right_elbow_x,right_elbow_y,right_wrist_x,right_wrist_y,thorax_x,thorax_y,left_shoulder_x,left_shoulder_y,left_elbow_x,left_elbow_y,left_wrist_x,left_wrist_y,pelvis_x,pelvis_y,right_hip_x,right_hip_y,right_knee_x,right_knee_y,right_ankle_x,right_ankle_y,left_hip_x,left_hip_y,left_knee_x,left_knee_y,left_ankle_x,left_ankle_y
0.45575271247739607,0.06919642857142858,0.46558544303797467,0.22544642857142858,0.27876356238698013,0.265625,0.21976717902350812,0.3861607142857143,0.22959990958408674,0.49330357142857145,0.46558544303797467,0.25669642857142855,0.6720727848101266,0.25669642857142855,0.7704000904159132,0.38169642857142855,0.7704000904159132,0.49330357142857145,0.514749095840868,0.5066964285714286,0.4164217902350814,0.5066964285714286,0.37709086799276664,0.6808035714285714,0.37709086799276664,0.8727678571428571,0.603243670886076,0.5066964285714286,0.6229091320072332,0.6763392857142857,0.6130764014466545,0.8683035714285714
