head_top_x,head_top_y,upper_neck_x,upper_neck_y,right_shoulder_x,right_shoulder_y,right_elbow_x,right_elbow_y,right_wrist_x,right_wrist_y,thorax_x,thorax_y,left_shoulder_x,left_shoulder_y,left_elbow_x,left_elbow_y,left_wrist_x,left_wrist_y,pelvis_x,pelvis_y,right_hip_x,right_hip_y,right_knee_x,right_knee_y,right_ankle_x,right_ankle_y,left_hip_x,left_hip_y,left_knee_x,left_knee_y,left_ankle_x,left_ankle_y
0.6304532097649185,0.060267857142857144,0.5434844032549728,0.21205357142857142,0.3212307866184449,0.234375,0.21493557866184457,0.36830357142857145,0.388873191681736,0.421875,0.5434844032549728,0.234375,0.7560748191681735,0.22991071428571427,0.7754012206148283,0.34598214285714285,0.7270852169981917,0.39955357142857145,0.49516839963833637,0.4888392857142857,0.3792099909584086,0.484375,0.2825779837251357,0.671875,0.1956091772151899,0.8683035714285714,0.6111268083182639,0.49330357142857145,0.6497796112115733,0.6897321428571429,0.5628108047016274,0.8816964285714286
