head_top_x,head_top_y,upper_neck_x,upper_neck_y,right_shoulder_x,right_shoulder_y,right_elbow_x,right_elbow_y,right_wrist_x,right_wrist_y,thorax_x,thorax_y,left_shoulder_x,left_shoulder_y,left_elbow_x,left_elbow_y,left_wrist_x,left_wrist_y,pelvis_x,pelvis_y,right_hip_x,right_hip_y,right_knee_x,right_knee_y,right_ankle_x,right_ankle_y,left_hip_x,left_hip_y,left_knee_x,left_knee_y,left_ankle_x,left_ankle_y
0.5681057224025975,0.08258928571428571,0.5136211444805195,0.22544642857142858,0.34108664772727276,0.2611607142857143,0.2411982548701299,0.37723214285714285,0.3138443587662338,0.49330357142857145,0.48637885551948057,0.25223214285714285,0.6225903003246752,0.23883928571428573,0.6498325892857143,0.3549107142857143,0.7588017451298702,0.43526785714285715,0.4772980925324675,0.46651785714285715,0.40465198863636365,0.46651785714285715,0.5317826704545454,0.6540178571428571,0.5227019074675325,0.8504464285714286,0.5408634334415584,0.4575892857142857,0.5408634334415584,0.640625,0.48637885551948057,0.8236607142857143
