head_top_x,head_top_y,upper_neck_x,upper_neck_y,right_shoulder_x,right_shoulder_y,right_elbow_x,right_elbow_y,right_wrist_x,right_wrist_y,thorax_x,thorax_y,left_shoulder_x,left_shoulder_y,left_elbow_x,left_elbow_y,left_wrist_x,left_wrist_y,pelvis_x,pelvis_y,right_hip_x,right_hip_y,right_knee_x,right_knee_y,right_ankle_x,right_ankle_y,left_hip_x,left_hip_y,left_knee_x,left_knee_y,left_ankle_x,left_ankle_y
0.48787403474903474,0.16294642857142858,0.453921332046332,0.30580357142857145,0.550929054054054,0.3236607142857143,0.6527871621621621,0.3950892857142857,0.7497948841698842,0.453125,0.453921332046332,0.328125,0.3617639961389961,0.3325892857142857,0.27930743243243245,0.4174107142857143,0.24535472972972974,0.5200892857142857,0.42966940154440153,0.5022321428571429,0.4733228764478764,0.4888392857142857,0.5800313706563706,0.5513392857142857,0.6042833011583012,0.7209821428571429,0.3811655405405405,0.5066964285714286,0.3520632239382239,0.7254464285714286,0.2017012548262548,0.796875
