head_top_x,head_top_y,upper_neck_x,upper_neck_y,right_shoulder_x,right_shoulder_y,right_elbow_x,right_elbow_y,right_wrist_x,right_wrist_y,thorax_x,thorax_y,left_shoulder_x,left_shoulder_y,left_elbow_x,left_elbow_y,left_wrist_x,left_wrist_y,pelvis_x,pelvis_y,right_hip_x,right_hip_y,right_knee_x,right_knee_y,right_ankle_x,right_ankle_y,left_hip_x,left_hip_y,left_knee_x,left_knee_y,left_ankle_x,left_ankle_y
0.54640625,0.09151785714285714,0.47046875000000005,0.23883928571428573,0.59703125,0.265625,0.6392187500000001,0.3638392857142857,0.7320312499999999,0.453125,0.46203125000000006,0.2611607142857143,0.32703125000000005,0.25669642857142855,0.20046875000000006,0.34598214285714285,0.14984375000000003,0.46651785714285715,0.4029687500000001,0.46205357142857145,0.47046875000000005,0.4575892857142857,0.6223437500000001,0.6004464285714286,0.59703125,0.765625,0.33546875,0.46651785714285715,0.3776562500000001,0.6540178571428571,0.32703125000000005,0.8370535714285714
