head_top_x,head_top_y,upper_neck_x,upper_neck_y,right_shoulder_x,right_shoulder_y,right_elbow_x,right_elbow_y,right_wrist_x,right_wrist_y,thorax_x,thorax_y,left_shoulder_x,left_shoulder_y,left_elbow_x,left_elbow_y,left_wrist_x,left_wrist_y,pelvis_x,pelvis_y,right_hip_x,right_hip_y,right_knee_x,right_knee_y,right_ankle_x,right_ankle_y,left_hip_x,left_hip_y,left_knee_x,left_knee_y,left_ankle_x,left_ankle_y
0.8134424603174604,0.08258928571428571,0.5927083333333333,0.17633928571428573,0.5044146825396826,0.18973214285714285,0.38963293650793646,0.30580357142857145,0.4690972222222222,0.44419642857142855,0.5397321428571428,0.19419642857142858,0.5927083333333333,0.19866071428571427,0.4690972222222222,0.31473214285714285,0.5220734126984127,0.43526785714285715,0.4690972222222222,0.43526785714285715,0.44260912698412697,0.43080357142857145,0.5485615079365078,0.6495535714285714,0.23070436507936506,0.7745535714285714,0.4955853174603175,0.43526785714285715,0.5662202380952381,0.6361607142857143,0.24836309523809527,0.7745535714285714
