head_top_x,head_top_y,upper_neck_x,upper_neck_y,right_shoulder_x,right_shoulder_y,right_elbow_x,right_elbow_y,right_wrist_x,right_wrist_y,thorax_x,thorax_y,left_shoulder_x,left_shoulder_y,left_elbow_x,left_elbow_y,left_wrist_x,left_wrist_y,pelvis_x,pelvis_y,right_hip_x,right_hip_y,right_knee_x,right_knee_y,right_ankle_x,right_ankle_y,left_hip_x,left_hip_y,left_knee_x,left_knee_y,left_ankle_x,left_ankle_y
0.758603050595238,0.09151785714285714,0.6582496279761904,0.22544642857142858,0.6042131696428571,0.234375,0.5115792410714286,0.37276785714285715,0.6736886160714286,0.40848214285714285,0.6505301339285714,0.24330357142857142,0.6814081101190477,0.24330357142857142,0.6428106398809523,0.35044642857142855,0.727725074404762,0.390625,0.48070126488095233,0.453125,0.44210379464285715,0.453125,0.4729817708333333,0.6674107142857143,0.20279947916666666,0.8147321428571429,0.5270182291666666,0.4575892857142857,0.735444568452381,0.6316964285714286,0.727725074404762,0.8459821428571429
