head_top_x,head_top_y,upper_neck_x,upper_neck_y,right_shoulder_x,right_shoulder_y,right_elbow_x,right_elbow_y,right_wrist_x,right_wrist_y,thorax_x,thorax_y,left_shoulder_x,left_shoulder_y,left_elbow_x,left_elbow_y,left_wrist_x,left_wrist_y,pelvis_x,pelvis_y,right_hip_x,right_hip_y,right_knee_x,right_knee_y,right_ankle_x,right_ankle_y,left_hip_x,left_hip_y,left_knee_x,left_knee_y,left_ankle_x,left_ankle_y
0.6912263872491146,0.17633928571428573,0.5916838842975206,0.3013392857142857,0.6440746753246753,0.39955357142857145,0.6807482290436835,0.5558035714285714,0.7593344155844156,0.6227678571428571,0.5602494096812278,0.3325892857142857,0.450228748524203,0.28348214285714285,0.41355519480519476,0.37723214285714285,0.5445321723730815,0.31473214285714285,0.28781729634002357,0.5200892857142857,0.3768816410861865,0.5558035714285714,0.47642414403778044,0.6629464285714286,0.7698125737898466,0.765625,0.21970926800472257,0.5022321428571429,0.26686097992916175,0.6495535714285714,0.23542650531286896,0.7790178571428571
