head_top_x,head_top_y,upper_neck_x,upper_neck_y,right_shoulder_x,right_shoulder_y,right_elbow_x,right_elbow_y,right_wrist_x,right_wrist_y,thorax_x,thorax_y,left_shoulder_x,left_shoulder_y,left_elbow_x,left_elbow_y,left_wrist_x,left_wrist_y,pelvis_x,pelvis_y,right_hip_x,right_hip_y,right_knee_x,right_knee_y,right_ankle_x,right_ankle_y,left_hip_x,left_hip_y,left_knee_x,left_knee_y,left_ankle_x,left_ankle_y
0.51845703125,0.11383928571428571,0.47626953125000004,0.265625,0.35498046875000006,0.27455357142857145,0.25478515625000003,0.3861607142857143,0.27587890625000006,0.43973214285714285,0.47099609375,0.27455357142857145,0.57119140625,0.2700892857142857,0.66083984375,0.359375,0.77158203125,0.41294642857142855,0.46572265625000003,0.4888392857142857,0.40244140625,0.49330357142857145,0.50791015625,0.5424107142857143,0.6555664062500001,0.7254464285714286,0.52373046875,0.484375,0.5764648437500001,0.6049107142857143,0.6555664062500001,0.7388392857142857
