head_top_x,head_top_y,upper_neck_x,upper_neck_y,right_shoulder_x,right_shoulder_y,right_elbow_x,right_elbow_y,right_wrist_x,right_wrist_y,thorax_x,thorax_y,left_shoulder_x,left_shoulder_y,left_elbow_x,left_elbow_y,left_wrist_x,left_wrist_y,pelvis_x,pelvis_y,right_hip_x,right_hip_y,right_knee_x,right_knee_y,right_ankle_x,right_ankle_y,left_hip_x,left_hip_y,left_knee_x,left_knee_y,left_ankle_x,left_ankle_y
0.5051278957528959,0.06919642857142858,0.4743605212355212,0.21651785714285715,0.28975627413127414,0.265625,0.21796573359073357,0.3950892857142857,0.28975627413127414,0.47098214285714285,0.4641047297297297,0.25669642857142855,0.6384531853281852,0.24776785714285715,0.648708976833977,0.36830357142857145,0.7820342664092663,0.4174107142857143,0.4846163127413128,0.484375,0.3923141891891892,0.4888392857142857,0.3820583976833977,0.6808035714285714,0.36154681467181465,0.8727678571428571,0.5871742277992279,0.484375,0.6281973938223937,0.6897321428571429,0.5974300193050194,0.8549107142857143
