head_top_x,head_top_y,upper_neck_x,upper_neck_y,right_shoulder_x,right_shoulder_y,right_elbow_x,right_elbow_y,right_wrist_x,right_wrist_y,thorax_x,thorax_y,left_shoulder_x,left_shoulder_y,left_elbow_x,left_elbow_y,left_wrist_x,left_wrist_y,pelvis_x,pelvis_y,right_hip_x,right_hip_y,right_knee_x,right_knee_y,right_ankle_x,right_ankle_y,left_hip_x,left_hip_y,left_knee_x,left_knee_y,left_ankle_x,left_ankle_y
0.5208422977624785,0.08258928571428571,0.5041684595524958,0.234375,0.6792437607573151,0.2924107142857143,0.7459391135972462,0.421875,0.7376021944922548,0.5245535714285714,0.49583154044750444,0.27901785714285715,0.3207562392426851,0.2700892857142857,0.24572396729776247,0.40848214285714285,0.22071320998278826,0.5200892857142857,0.4708207831325301,0.5379464285714286,0.5458530550774526,0.5424107142857143,0.5208422977624785,0.6941964285714286,0.362440834767642,0.8459821428571429,0.39578851118760755,0.5334821428571429,0.4291361876075732,0.6897321428571429,0.404125430292599,0.8370535714285714
