head_top_x,head_top_y,upper_neck_x,upper_neck_y,right_shoulder_x,right_shoulder_y,right_elbow_x,right_elbow_y,right_wrist_x,right_wrist_y,thorax_x,thorax_y,left_shoulder_x,left_shoulder_y,left_elbow_x,left_elbow_y,left_wrist_x,left_wrist_y,pelvis_x,pelvis_y,right_hip_x,right_hip_y,right_knee_x,right_knee_y,right_ankle_x,right_ankle_y,left_hip_x,left_hip_y,left_knee_x,left_knee_y,left_ankle_x,left_ankle_y
0.7601509353741496,0.08258928571428571,0.6277104591836734,0.21205357142857142,0.7412308673469388,0.22991071428571427,0.7033907312925171,0.3325892857142857,0.6277104591836734,0.38169642857142855,0.6182504251700679,0.22544642857142858,0.4952699829931973,0.21651785714285715,0.23038903061224494,0.265625,0.33444940476190477,0.390625,0.5614902210884353,0.43973214285714285,0.5898703231292517,0.43973214285714285,0.5236500850340137,0.6540178571428571,0.4763499149659864,0.8727678571428571,0.5425701530612245,0.43526785714285715,0.5236500850340137,0.6450892857142857,0.46688988095238093,0.8638392857142857
