head_top_x,head_top_y,upper_neck_x,upper_neck_y,right_shoulder_x,right_shoulder_y,right_elbow_x,right_elbow_y,right_wrist_x,right_wrist_y,thorax_x,thorax_y,left_shoulder_x,left_shoulder_y,left_elbow_x,left_elbow_y,left_wrist_x,left_wrist_y,pelvis_x,pelvis_y,right_hip_x,right_hip_y,right_knee_x,right_knee_y,right_ankle_x,right_ankle_y,left_hip_x,left_hip_y,left_knee_x,left_knee_y,left_ankle_x,left_ankle_y
0.42215754972875225,0.16294642857142858,0.45436821880650996,0.30580357142857145,0.3631046564195299,0.3325892857142857,0.30942020795660036,0.4174107142857143,0.26110420433996384,0.4174107142857143,0.4597366636528029,0.31026785714285715,0.5456317811934901,0.296875,0.642263788426763,0.34151785714285715,0.7711064647377938,0.38169642857142855,0.47047355334538876,0.5200892857142857,0.42215754972875225,0.515625,0.3899468806509946,0.6361607142857143,0.3577362115732369,0.7477678571428571,0.5134211121157324,0.515625,0.4651051084990958,0.6450892857142857,0.43289443942133815,0.8013392857142857
