head_top_x,head_top_y,upper_neck_x,upper_neck_y,right_shoulder_x,right_shoulder_y,right_elbow_x,right_elbow_y,right_wrist_x,right_wrist_y,thorax_x,thorax_y,left_shoulder_x,left_shoulder_y,left_elbow_x,left_elbow_y,left_wrist_x,left_wrist_y,pelvis_x,pelvis_y,right_hip_x,right_hip_y,right_knee_x,right_knee_y,right_ankle_x,right_ankle_y,left_hip_x,left_hip_y,left_knee_x,left_knee_y,left_ankle_x,left_ankle_y
0.8000992063492063,0.18526785714285715,0.7256944444444444,0.31919642857142855,0.6711309523809522,0.30580357142857145,0.7901785714285714,0.4888392857142857,0.7405753968253967,0.6272321428571429,0.7157738095238095,0.359375,0.7455357142857143,0.3861607142857143,0.7901785714285714,0.484375,0.7256944444444444,0.6450892857142857,0.47271825396825395,0.734375,0.47271825396825395,0.734375,0.5223214285714286,0.8147321428571429,0.537202380952381,0.9709821428571429,0.47767857142857145,0.7388392857142857,0.5124007936507937,0.8236607142857143,0.527281746031746,0.9709821428571429
