head_top_x,head_top_y,upper_neck_x,upper_neck_y,right_shoulder_x,right_shoulder_y,right_elbow_x,right_elbow_y,right_wrist_x,right_wrist_y,thorax_x,thorax_y,left_shoulder_x,left_shoulder_y,left_elbow_x,left_elbow_y,left_wrist_x,left_wrist_y,pelvis_x,pelvis_y,right_hip_x,right_hip_y,right_knee_x,right_knee_y,right_ankle_x,right_ankle_y,left_hip_x,left_hip_y,left_knee_x,left_knee_y,left_ankle_x,left_ankle_y
0.3972039473684211,0.16294642857142858,0.45594454887218044,0.30580357142857145,0.3972039473684211,0.34151785714285715,0.33846334586466165,0.44419642857142855,0.24447838345864664,0.46205357142857145,0.4735667293233083,0.33705357142857145,0.5381813909774436,0.3325892857142857,0.7026550751879699,0.41294642857142855,0.796640037593985,0.5245535714285714,0.5146851503759399,0.5647321428571429,0.45007048872180455,0.5513392857142857,0.2855968045112782,0.6272321428571429,0.3913298872180451,0.8013392857142857,0.5675516917293233,0.578125,0.303218984962406,0.6361607142857143,0.40307800751879697,0.8058035714285714
