head_top_x,head_top_y,upper_neck_x,upper_neck_y,right_shoulder_x,right_shoulder_y,right_elbow_x,right_elbow_y,right_wrist_x,right_wrist_y,thorax_x,thorax_y,left_shoulder_x,left_shoulder_y,left_elbow_x,left_elbow_y,left_wrist_x,left_wrist_y,pelvis_x,pelvis_y,right_hip_x,right_hip_y,right_knee_x,right_knee_y,right_ankle_x,right_ankle_y,left_hip_x,left_hip_y,left_knee_x,left_knee_y,left_ankle_x,left_ankle_y
0.42669439935064946,0.08705357142857142,0.4525669642857143,0.23883928571428573,0.2800831980519481,0.24776785714285715,0.24558644480519487,0.37723214285714285,0.1765929383116883,0.37723214285714285,0.4525669642857143,0.25223214285714285,0.6078023538961038,0.24330357142857142,0.7716619318181819,0.33705357142857145,0.6595474837662337,0.40848214285714285,0.46981534090909094,0.5066964285714286,0.3921976461038961,0.5066964285714286,0.40944602272727276,0.6986607142857143,0.5043120941558442,0.859375,0.5474330357142857,0.5022321428571429,0.5215604707792209,0.6986607142857143,0.5991781655844156,0.8325892857142857
