head_top_x,head_top_y,upper_neck_x,upper_neck_y,right_shoulder_x,right_shoulder_y,right_elbow_x,right_elbow_y,right_wrist_x,right_wrist_y,thorax_x,thorax_y,left_shoulder_x,left_shoulder_y,left_elbow_x,left_elbow_y,left_wrist_x,left_wrist_y,pelvis_x,pelvis_y,right_hip_x,right_hip_y,right_knee_x,right_knee_y,right_ankle_x,right_ankle_y,left_hip_x,left_hip_y,left_knee_x,left_knee_y,left_ankle_x,left_ankle_y
0.47804250776397506,0.07366071428571429,0.4868255046583851,0.22544642857142858,0.6712684394409937,0.24776785714285715,0.7415324145962732,0.37276785714285715,0.7590984083850932,0.484375,0.4868255046583851,0.24330357142857142,0.3287315605590061,0.24330357142857142,0.23211859472049684,0.37276785714285715,0.2672505822981366,0.37276785714285715,0.513174495341615,0.484375,0.6010044642857143,0.4799107142857143,0.5922214673913043,0.6540178571428571,0.5922214673913043,0.8325892857142857,0.4077785326086956,0.4888392857142857,0.3989955357142857,0.671875,0.3989955357142857,0.8683035714285714
