head_top_x,head_top_y,upper_neck_x,upper_neck_y,right_shoulder_x,right_shoulder_y,right_elbow_x,right_elbow_y,right_wrist_x,right_wrist_y,thorax_x,thorax_y,left_shoulder_x,left_shoulder_y,left_elbow_x,left_elbow_y,left_wrist_x,left_wrist_y,pelvis_x,pelvis_y,right_hip_x,right_hip_y,right_knee_x,right_knee_y,right_ankle_x,right_ankle_y,left_hip_x,left_hip_y,left_knee_x,left_knee_y,left_ankle_x,left_ankle_y
0.42573924731182805,0.078125,0.4606854838709678,0.22098214285714285,0.6441532258064516,0.25669642857142855,0.731518817204301,0.3861607142857143,0.7664650537634409,0.43973214285714285,0.46942204301075274,0.2611607142857143,0.29469086021505375,0.265625,0.259744623655914,0.40848214285714285,0.25100806451612906,0.5066964285714286,0.4781586021505377,0.49776785714285715,0.5742607526881721,0.49776785714285715,0.5655241935483872,0.6629464285714286,0.591733870967742,0.859375,0.4082661290322581,0.5022321428571429,0.3995295698924732,0.6674107142857143,0.38205645161290325,0.8638392857142857
