head_top_x,head_top_y,upper_neck_x,upper_neck_y,right_shoulder_x,right_shoulder_y,right_elbow_x,right_elbow_y,right_wrist_x,right_wrist_y,thorax_x,thorax_y,left_shoulder_x,left_shoulder_y,left_elbow_x,left_elbow_y,left_wrist_x,left_wrist_y,pelvis_x,pelvis_y,right_hip_x,right_hip_y,right_knee_x,right_knee_y,right_ankle_x,right_ankle_y,left_hip_x,left_hip_y,left_knee_x,left_knee_y,left_ankle_x,left_ankle_y
0.6209195859872612,0.40848214285714285,0.49193869426751596,0.3861607142857143,0.4811902866242038,0.37276785714285715,0.5725517515923566,0.21651785714285715,0.6746616242038216,0.34598214285714285,0.48656449044585987,0.390625,0.4811902866242038,0.38169642857142855,0.5833001592356688,0.203125,0.701532643312102,0.12723214285714285,0.21785429936305734,0.390625,0.21785429936305734,0.3861607142857143,0.05662818471337581,0.5691964285714286,0.22322850318471335,0.7924107142857143,0.22322850318471335,0.3861607142857143,0.13724124203821655,0.6183035714285714,0.2124800955414013,0.7700892857142857
