head_top_x,head_top_y,upper_neck_x,upper_neck_y,right_shoulder_x,right_shoulder_y,right_elbow_x,right_elbow_y,right_wrist_x,right_wrist_y,thorax_x,thorax_y,left_shoulder_x,left_shoulder_y,left_elbow_x,left_elbow_y,left_wrist_x,left_wrist_y,pelvis_x,pelvis_y,right_hip_x,right_hip_y,right_knee_x,right_knee_y,right_ankle_x,right_ankle_y,left_hip_x,left_hip_y,left_knee_x,left_knee_y,left_ankle_x,left_ankle_y
0.5765881147540982,0.05133928571428571,0.5294569672131147,0.19866071428571427,0.7061987704918032,0.23883928571428573,0.6590676229508196,0.3950892857142857,0.7179815573770492,0.546875,0.5058913934426231,0.234375,0.29380122950819676,0.22991071428571427,0.27023565573770486,0.37276785714285715,0.27023565573770486,0.5111607142857143,0.4469774590163935,0.5200892857142857,0.5412397540983607,0.5200892857142857,0.6237192622950819,0.6986607142857143,0.7533299180327869,0.8415178571428571,0.34093237704918034,0.5245535714285714,0.3644979508196722,0.7075892857142857,0.3527151639344262,0.8816964285714286
