head_top_x,head_top_y,upper_neck_x,upper_neck_y,right_shoulder_x,right_shoulder_y,right_elbow_x,right_elbow_y,right_wrist_x,right_wrist_y,thorax_x,thorax_y,left_shoulder_x,left_shoulder_y,left_elbow_x,left_elbow_y,left_wrist_x,left_wrist_y,pelvis_x,pelvis_y,right_hip_x,right_hip_y,right_knee_x,right_knee_y,right_ankle_x,right_ankle_y,left_hip_x,left_hip_y,left_knee_x,left_knee_y,left_ankle_x,left_ankle_y
0.5704951298701298,0.15848214285714285,0.5234983766233766,0.296875,0.44517045454545456,0.25669642857142855,0.32506764069264066,0.2700892857142857,0.21540854978354976,0.27455357142857145,0.5234983766233766,0.28794642857142855,0.6070481601731601,0.328125,0.6801542207792206,0.43526785714285715,0.7637040043290043,0.5513392857142857,0.4399485930735931,0.484375,0.38772997835497836,0.4575892857142857,0.272849025974026,0.6183035714285714,0.22585227272727273,0.7700892857142857,0.4921672077922078,0.5066964285714286,0.35639880952380953,0.6986607142857143,0.3198457792207792,0.8191964285714286
