head_top_x,head_top_y,upper_neck_x,upper_neck_y,right_shoulder_x,right_shoulder_y,right_elbow_x,right_elbow_y,right_wrist_x,right_wrist_y,thorax_x,thorax_y,left_shoulder_x,left_shoulder_y,left_elbow_x,left_elbow_y,left_wrist_x,left_wrist_y,pelvis_x,pelvis_y,right_hip_x,right_hip_y,right_knee_x,right_knee_y,right_ankle_x,right_ankle_y,left_hip_x,left_hip_y,left_knee_x,left_knee_y,left_ankle_x,left_ankle_y
0.692283163265306,0.171875,0.6031083629103815,0.2924107142857143,0.5808146628216505,0.27455357142857145,0.5585209627329193,0.3950892857142857,0.6644160381543922,0.40401785714285715,0.6031083629103815,0.28794642857142855,0.6254020629991127,0.2924107142857143,0.6086817879325643,0.37276785714285715,0.697856588287489,0.40848214285714285,0.5418006876663709,0.4888392857142857,0.5195069875776398,0.484375,0.43033218722271516,0.640625,0.21854203637976932,0.5870535714285714,0.5752412377994676,0.4799107142857143,0.692283163265306,0.6227678571428571,0.7591642635314996,0.796875
