head_top_x,head_top_y,upper_neck_x,upper_neck_y,right_shoulder_x,right_shoulder_y,right_elbow_x,right_elbow_y,right_wrist_x,right_wrist_y,thorax_x,thorax_y,left_shoulder_x,left_shoulder_y,left_elbow_x,left_elbow_y,left_wrist_x,left_wrist_y,pelvis_x,pelvis_y,right_hip_x,right_hip_y,right_knee_x,right_knee_y,right_ankle_x,right_ankle_y,left_hip_x,left_hip_y,left_knee_x,left_knee_y,left_ankle_x,left_ankle_y
0.5501949593128391,0.15848214285714285,0.52906023960217,0.296875,0.4392376808318264,0.31473214285714285,0.2965783227848101,0.37276785714285715,0.29129464285714285,0.22544642857142858,0.5237765596745027,0.31473214285714285,0.608315438517179,0.31026785714285715,0.6875706374321882,0.37723214285714285,0.7087053571428571,0.3638392857142857,0.5607623191681735,0.5290178571428571,0.5132091998191682,0.5290178571428571,0.42867032097649177,0.7254464285714286,0.22260680379746833,0.8415178571428571,0.608315438517179,0.5290178571428571,0.7404074367088608,0.6897321428571429,0.7668258363471971,0.8727678571428571
