head_top_x,head_top_y,upper_neck_x,upper_neck_y,right_shoulder_x,right_shoulder_y,right_elbow_x,right_elbow_y,right_wrist_x,right_wrist_y,thorax_x,thorax_y,left_shoulder_x,left_shoulder_y,left_elbow_x,left_elbow_y,left_wrist_x,left_wrist_y,pelvis_x,pelvis_y,right_hip_x,right_hip_y,right_knee_x,right_knee_y,right_ankle_x,right_ankle_y,left_hip_x,left_hip_y,left_knee_x,left_knee_y,left_ankle_x,left_ankle_y
0.47547398589065254,0.078125,0.4264219576719577,0.22544642857142858,0.2302138447971781,0.22991071428571427,0.22040343915343918,0.35044642857142855,0.289076278659612,0.31026785714285715,0.4264219576719577,0.22991071428571427,0.6128196649029982,0.22991071428571427,0.6030092592592593,0.3325892857142857,0.44604276895943556,0.2700892857142857,0.45585317460317465,0.4575892857142857,0.3479387125220459,0.46205357142857145,0.3086970899470899,0.6540178571428571,0.29888668430335097,0.8459821428571429,0.5441468253968254,0.4486607142857143,0.632440476190476,0.671875,0.7697861552028218,0.8727678571428571
