head_top_x,head_top_y,upper_neck_x,upper_neck_y,right_shoulder_x,right_shoulder_y,right_elbow_x,right_elbow_y,right_wrist_x,right_wrist_y,thorax_x,thorax_y,left_shoulder_x,left_shoulder_y,left_elbow_x,left_elbow_y,left_wrist_x,left_wrist_y,pelvis_x,pelvis_y,right_hip_x,right_hip_y,right_knee_x,right_knee_y,right_ankle_x,right_ankle_y,left_hip_x,left_hip_y,left_knee_x,left_knee_y,left_ankle_x,left_ankle_y
0.44392495173745167,0.078125,0.4643158783783784,0.21205357142857142,0.6886160714285714,0.22991071428571427,0.7803752413127412,0.33705357142857145,0.6580296814671815,0.36830357142857145,0.4643158783783784,0.23883928571428573,0.28079753861003864,0.23883928571428573,0.21962475868725867,0.35044642857142855,0.3623612451737452,0.43080357142857145,0.5254886583011583,0.47544642857142855,0.6274432915057915,0.47098214285714285,0.709006998069498,0.6674107142857143,0.7192024613899615,0.8772321428571429,0.4031430984555984,0.4799107142857143,0.39294763513513514,0.671875,0.4031430984555984,0.8683035714285714
