head_top_x,head_top_y,upper_neck_x,upper_neck_y,right_shoulder_x,right_shoulder_y,right_elbow_x,right_elbow_y,right_wrist_x,right_wrist_y,thorax_x,thorax_y,left_shoulder_x,left_shoulder_y,left_elbow_x,left_elbow_y,left_wrist_x,left_wrist_y,pelvis_x,pelvis_y,right_hip_x,right_hip_y,right_knee_x,right_knee_y,right_ankle_x,right_ankle_y,left_hip_x,left_hip_y,left_knee_x,left_knee_y,left_ankle_x,left_ankle_y
0.8383422312223859,0.11830357142857142,0.6516706553755522,0.22098214285714285,0.6127807437407954,0.24330357142857142,0.5116669734904271,0.38169642857142855,0.6905605670103092,0.4263392857142857,0.5972247790868924,0.234375,0.589446796759941,0.22544642857142858,0.5038889911634757,0.33705357142857145,0.6361146907216495,0.40848214285714285,0.4105532032400589,0.4486607142857143,0.4105532032400589,0.453125,0.5272229381443299,0.6763392857142857,0.18499171575846826,0.7299107142857143,0.4027752209131074,0.44419642857142855,0.5194449558173785,0.6584821428571429,0.18499171575846826,0.7299107142857143
