head_top_x,head_top_y,upper_neck_x,upper_neck_y,right_shoulder_x,right_shoulder_y,right_elbow_x,right_elbow_y,right_wrist_x,right_wrist_y,thorax_x,thorax_y,left_shoulder_x,left_shoulder_y,left_elbow_x,left_elbow_y,left_wrist_x,left_wrist_y,pelvis_x,pelvis_y,right_hip_x,right_hip_y,right_knee_x,right_knee_y,right_ankle_x,right_ankle_y,left_hip_x,left_hip_y,left_knee_x,left_knee_y,left_ankle_x,left_ankle_y
0.6407924107142858,0.060267857142857144,0.6213727678571428,0.22991071428571427,0.5145647321428573,0.265625,0.4174665178571429,0.38169642857142855,0.24268973214285708,0.40848214285714285,0.6116629464285714,0.265625,0.6893415178571428,0.27455357142857145,0.4757254464285714,0.359375,0.4854352678571429,0.296875,0.669921875,0.49330357142857145,0.5825334821428572,0.49330357142857145,0.5728236607142858,0.6941964285714286,0.6310825892857141,0.8638392857142857,0.737890625,0.4888392857142857,0.669921875,0.6986607142857143,0.6505022321428572,0.8950892857142857
