head_top_x,head_top_y,upper_neck_x,upper_neck_y,right_shoulder_x,right_shoulder_y,right_elbow_x,right_elbow_y,right_wrist_x,right_wrist_y,thorax_x,thorax_y,left_shoulder_x,left_shoulder_y,left_elbow_x,left_elbow_y,left_wrist_x,left_wrist_y,pelvis_x,pelvis_y,right_hip_x,right_hip_y,right_knee_x,right_knee_y,right_ankle_x,right_ankle_y,left_hip_x,left_hip_y,left_knee_x,left_knee_y,left_ankle_x,left_ankle_y
0.5226596320346321,0.203125,0.46827651515151514,0.34151785714285715,0.3685741341991342,0.31473214285714285,0.3051271645021645,0.21205357142857142,0.24168019480519481,0.11383928571428571,0.46827651515151514,0.34151785714285715,0.5861066017316018,0.359375,0.6042343073593073,0.22544642857142858,0.6314258658008659,0.14955357142857142,0.35044642857142855,0.5334821428571429,0.3051271645021645,0.5290178571428571,0.3051271645021645,0.6941964285714286,0.24168019480519481,0.8459821428571429,0.40482954545454547,0.5379464285714286,0.3232548701298701,0.6897321428571429,0.23261634199134204,0.8058035714285714
