head_top_x,head_top_y,upper_neck_x,upper_neck_y,right_shoulder_x,right_shoulder_y,right_elbow_x,right_elbow_y,right_wrist_x,right_wrist_y,thorax_x,thorax_y,left_shoulder_x,left_shoulder_y,left_elbow_x,left_elbow_y,left_wrist_x,left_wrist_y,pelvis_x,pelvis_y,right_hip_x,right_hip_y,right_knee_x,right_knee_y,right_ankle_x,right_ankle_y,left_hip_x,left_hip_y,left_knee_x,left_knee_y,left_ankle_x,left_ankle_y
0.5057243663594472,0.04241071428571429,0.42558323732718895,0.18973214285714285,0.42558323732718895,0.234375,0.448480702764977,0.41294642857142855,0.6087629608294931,0.5379464285714286,0.37978830645161293,0.22991071428571427,0.35689084101382484,0.22544642857142858,0.42558323732718895,0.38169642857142855,0.5057243663594472,0.484375,0.35689084101382484,0.484375,0.35689084101382484,0.4888392857142857,0.5171730990783411,0.7075892857142857,0.5973142281105992,0.9174107142857143,0.3339933755760369,0.4799107142857143,0.40268577188940097,0.7120535714285714,0.3683395737327189,0.953125
