head_top_x,head_top_y,upper_neck_x,upper_neck_y,right_shoulder_x,right_shoulder_y,right_elbow_x,right_elbow_y,right_wrist_x,right_wrist_y,thorax_x,thorax_y,left_shoulder_x,left_shoulder_y,left_elbow_x,left_elbow_y,left_wrist_x,left_wrist_y,pelvis_x,pelvis_y,right_hip_x,right_hip_y,right_knee_x,right_knee_y,right_ankle_x,right_ankle_y,left_hip_x,left_hip_y,left_knee_x,left_knee_y,left_ankle_x,left_ankle_y
0.5758384146341463,0.09151785714285714,0.5830611207897793,0.23883928571428573,0.4386069976771197,0.2700892857142857,0.3663799361207898,0.37276785714285715,0.4530524099883856,0.421875,0.5758384146341463,0.265625,0.7058471254355402,0.2611607142857143,0.720292537746806,0.36830357142857145,0.7925195993031359,0.33705357142857145,0.5252794715447154,0.47098214285714285,0.4313842915214866,0.46651785714285715,0.34471181765389086,0.6584821428571429,0.22914851916376305,0.8415178571428571,0.6047292392566783,0.46651785714285715,0.720292537746806,0.6495535714285714,0.763628774680604,0.8325892857142857
