head_top_x,head_top_y,upper_neck_x,upper_neck_y,right_shoulder_x,right_shoulder_y,right_elbow_x,right_elbow_y,right_wrist_x,right_wrist_y,thorax_x,thorax_y,left_shoulder_x,left_shoulder_y,left_elbow_x,left_elbow_y,left_wrist_x,left_wrist_y,pelvis_x,pelvis_y,right_hip_x,right_hip_y,right_knee_x,right_knee_y,right_ankle_x,right_ankle_y,left_hip_x,left_hip_y,left_knee_x,left_knee_y,left_ankle_x,left_ankle_y
0.1974939123376623,0.18973214285714285,0.36744115259740256,0.27455357142857145,0.4354200487012987,0.2611607142857143,0.5101968344155845,0.3638392857142857,0.4218242694805195,0.4174107142857143,0.40143060064935066,0.296875,0.360643262987013,0.3236607142857143,0.36744115259740256,0.40848214285714285,0.36744115259740256,0.47098214285714285,0.5305905032467533,0.47098214285714285,0.5645799512987013,0.4575892857142857,0.6529525162337663,0.6272321428571429,0.7617187500000001,0.8236607142857143,0.5101968344155845,0.4799107142857143,0.6189630681818182,0.640625,0.7413250811688312,0.8013392857142857
