head_top_x,head_top_y,upper_neck_x,upper_neck_y,right_shoulder_x,right_shoulder_y,right_elbow_x,right_elbow_y,right_wrist_x,right_wrist_y,thorax_x,thorax_y,left_shoulder_x,left_shoulder_y,left_elbow_x,left_elbow_y,left_wrist_x,left_wrist_y,pelvis_x,pelvis_y,right_hip_x,right_hip_y,right_knee_x,right_knee_y,right_ankle_x,right_ankle_y,left_hip_x,left_hip_y,left_knee_x,left_knee_y,left_ankle_x,left_ankle_y
0.5448574862637362,0.09151785714285714,0.5285456730769231,0.23883928571428573,0.6345724587912088,0.265625,0.650884271978022,0.390625,0.7405992445054946,0.47544642857142855,0.5203897664835165,0.2611607142857143,0.40620707417582425,0.2611607142857143,0.430674793956044,0.359375,0.5203897664835165,0.4174107142857143,0.4714543269230769,0.47544642857142855,0.5448574862637362,0.47544642857142855,0.5203897664835165,0.6897321428571429,0.4714543269230769,0.8504464285714286,0.40620707417582425,0.47098214285714285,0.38173935439560447,0.6629464285714286,0.20230940934065939,0.8013392857142857
