head_top_x,head_top_y,upper_neck_x,upper_neck_y,right_shoulder_x,right_shoulder_y,right_elbow_x,right_elbow_y,right_wrist_x,right_wrist_y,thorax_x,thorax_y,left_shoulder_x,left_shoulder_y,left_elbow_x,left_elbow_y,left_wrist_x,left_wrist_y,pelvis_x,pelvis_y,right_hip_x,right_hip_y,right_knee_x,right_knee_y,right_ankle_x,right_ankle_y,left_hip_x,left_hip_y,left_knee_x,left_knee_y,left_ankle_x,left_ankle_y
0.7307256235827664,0.046875,0.6060090702947847,0.19866071428571427,0.5561224489795918,0.24330357142857142,0.46882086167800446,0.3861607142857143,0.56859410430839,0.5200892857142857,0.56859410430839,0.234375,0.6060090702947847,0.234375,0.6184807256235828,0.3861607142857143,0.5935374149659866,0.5111607142857143,0.6683673469387754,0.47544642857142855,0.6434240362811791,0.4799107142857143,0.693310657596372,0.6808035714285714,0.7182539682539683,0.8816964285714286,0.6808390022675739,0.47544642857142855,0.6683673469387754,0.671875,0.231859410430839,0.8102678571428571
