head_top_x,head_top_y,upper_neck_x,upper_neck_y,right_shoulder_x,right_shoulder_y,right_elbow_x,right_elbow_y,right_wrist_x,right_wrist_y,thorax_x,thorax_y,left_shoulder_x,left_shoulder_y,left_elbow_x,left_elbow_y,left_wrist_x,left_wrist_y,pelvis_x,pelvis_y,right_hip_x,right_hip_y,right_knee_x,right_knee_y,right_ankle_x,right_ankle_y,left_hip_x,left_hip_y,left_knee_x,left_knee_y,left_ankle_x,left_ankle_y
0.6817250982961992,0.10044642857142858,0.5819544560943644,0.24330357142857142,0.42517201834862384,0.25223214285714285,0.31827490170380085,0.3638392857142857,0.23275720838794234,0.46205357142857145,0.5748279816513762,0.2700892857142857,0.7031045216251639,0.296875,0.6888515727391874,0.43973214285714285,0.6674721494102228,0.5825892857142857,0.5249426605504587,0.5111607142857143,0.45367791612057673,0.5022321428571429,0.41804554390563564,0.6808035714285714,0.5178161861074705,0.8325892857142857,0.6033338794233291,0.5066964285714286,0.6959780471821756,0.6808035714285714,0.7672427916120577,0.8415178571428571
