head_top_x,head_top_y,upper_neck_x,upper_neck_y,right_shoulder_x,right_shoulder_y,right_elbow_x,right_elbow_y,right_wrist_x,right_wrist_y,thorax_x,thorax_y,left_shoulder_x,left_shoulder_y,left_elbow_x,left_elbow_y,left_wrist_x,left_wrist_y,pelvis_x,pelvis_y,right_hip_x,right_hip_y,right_knee_x,right_knee_y,right_ankle_x,right_ankle_y,left_hip_x,left_hip_y,left_knee_x,left_knee_y,left_ankle_x,left_ankle_y
0.4796063311688311,0.08258928571428571,0.46329139610389614,0.234375,0.2838271103896104,0.22991071428571427,0.21040990259740264,0.35044642857142855,0.3735592532467533,0.3325892857142857,0.46329139610389614,0.22991071428571427,0.6264407467532468,0.22991071428571427,0.7324878246753248,0.31473214285714285,0.6509131493506494,0.34151785714285715,0.46329139610389614,0.44419642857142855,0.3654017857142857,0.44419642857142855,0.3409293831168831,0.6540178571428571,0.26751217532467536,0.8504464285714286,0.5367086038961039,0.44419642857142855,0.5203936688311689,0.6540178571428571,0.4877637987012988,0.8504464285714286
