head_top_x,head_top_y,upper_neck_x,upper_neck_y,right_shoulder_x,right_shoulder_y,right_elbow_x,right_elbow_y,right_wrist_x,right_wrist_y,thorax_x,thorax_y,left_shoulder_x,left_shoulder_y,left_elbow_x,left_elbow_y,left_wrist_x,left_wrist_y,pelvis_x,pelvis_y,right_hip_x,right_hip_y,right_knee_x,right_knee_y,right_ankle_x,right_ankle_y,left_hip_x,left_hip_y,left_knee_x,left_knee_y,left_ankle_x,left_ankle_y
0.45038555194805197,0.05580357142857143,0.5165381493506495,0.21205357142857142,0.3291057900432901,0.234375,0.2739786255411255,0.36830357142857145,0.21885146103896108,0.46205357142857145,0.5275635822510822,0.24330357142857142,0.7149959415584415,0.25223214285714285,0.7590976731601732,0.40848214285714285,0.648843344155844,0.5290178571428571,0.4724364177489177,0.5066964285714286,0.3732075216450217,0.5022321428571429,0.2850040584415584,0.6986607142857143,0.2850040584415584,0.8816964285714286,0.5606398809523808,0.5066964285714286,0.6267924783549783,0.7209821428571429,0.6378179112554112,0.8995535714285714
