head_top_x,head_top_y,upper_neck_x,upper_neck_y,right_shoulder_x,right_shoulder_y,right_elbow_x,right_elbow_y,right_wrist_x,right_wrist_y,thorax_x,thorax_y,left_shoulder_x,left_shoulder_y,left_elbow_x,left_elbow_y,left_wrist_x,left_wrist_y,pelvis_x,pelvis_y,right_hip_x,right_hip_y,right_knee_x,right_knee_y,right_ankle_x,right_ankle_y,left_hip_x,left_hip_y,left_knee_x,left_knee_y,left_ankle_x,left_ankle_y
0.2845067330210772,0.04241071428571429,0.4392198477751756,0.19419642857142858,0.4392198477751756,0.22991071428571427,0.41711797423887587,0.37723214285714285,0.2624048594847775,0.44419642857142855,0.4613217213114754,0.22991071428571427,0.5276273419203747,0.22991071428571427,0.6491876463700234,0.36830357142857145,0.4944745316159251,0.4799107142857143,0.5497292154566744,0.5066964285714286,0.5055254683840751,0.5022321428571429,0.40606703747072603,0.7120535714285714,0.6160348360655737,0.8816964285714286,0.5718310889929741,0.5066964285714286,0.3839651639344262,0.7209821428571429,0.693391393442623,0.8816964285714286
