head_top_x,head_top_y,upper_neck_x,upper_neck_y,right_shoulder_x,right_shoulder_y,right_elbow_x,right_elbow_y,right_wrist_x,right_wrist_y,thorax_x,thorax_y,left_shoulder_x,left_shoulder_y,left_elbow_x,left_elbow_y,left_wrist_x,left_wrist_y,pelvis_x,pelvis_y,right_hip_x,right_hip_y,right_knee_x,right_knee_y,right_ankle_x,right_ankle_y,left_hip_x,left_hip_y,left_knee_x,left_knee_y,left_ankle_x,left_ankle_y
0.49562969924812034,0.05580357142857143,0.5218515037593985,0.20758928571428573,0.3295582706766917,0.22544642857142858,0.2071898496240601,0.31919642857142855,0.3732612781954887,0.296875,0.5218515037593985,0.234375,0.6791823308270676,0.22991071428571427,0.7928101503759398,0.34598214285714285,0.6267387218045114,0.31919642857142855,0.5218515037593985,0.47098214285714285,0.4082236842105263,0.47544642857142855,0.3907424812030075,0.6763392857142857,0.4169642857142857,0.8683035714285714,0.6092575187969924,0.47098214285714285,0.6092575187969924,0.6808035714285714,0.6005169172932331,0.8683035714285714
