head_top_x,head_top_y,upper_neck_x,upper_neck_y,right_shoulder_x,right_shoulder_y,right_elbow_x,right_elbow_y,right_wrist_x,right_wrist_y,thorax_x,thorax_y,left_shoulder_x,left_shoulder_y,left_elbow_x,left_elbow_y,left_wrist_x,left_wrist_y,pelvis_x,pelvis_y,right_hip_x,right_hip_y,right_knee_x,right_knee_y,right_ankle_x,right_ankle_y,left_hip_x,left_hip_y,left_knee_x,left_knee_y,left_ankle_x,left_ankle_y
0.6394486003861003,0.15401785714285715,0.6758264961389963,0.2924107142857143,0.6273226351351351,0.3013392857142857,0.578818774131274,0.203125,0.7243303571428571,0.09151785714285714,0.5303149131274132,0.6183035714285714,0.5666928088803088,0.6227678571428571,0.38480333011583007,0.7299107142857143,0.7364563223938223,0.07366071428571429,0.7000784266409267,0.359375,0.6394486003861003,0.4575892857142857,0.36055139961389965,0.671875,0.2514177123552123,0.8772321428571429,0.7243303571428571,0.34598214285714285,0.39692929536679544,0.6808035714285714,0.2514177123552123,0.8816964285714286
