head_top_x,head_top_y,upper_neck_x,upper_neck_y,right_shoulder_x,right_shoulder_y,right_elbow_x,right_elbow_y,right_wrist_x,right_wrist_y,thorax_x,thorax_y,left_shoulder_x,left_shoulder_y,left_elbow_x,left_elbow_y,left_wrist_x,left_wrist_y,pelvis_x,pelvis_y,right_hip_x,right_hip_y,right_knee_x,right_knee_y,right_ankle_x,right_ankle_y,left_hip_x,left_hip_y,left_knee_x,left_knee_y,left_ankle_x,left_ankle_y
0.6836798897411314,0.16294642857142858,0.5632340604026845,0.2611607142857143,0.6475461409395973,0.2700892857142857,0.6415238494726749,0.22544642857142858,0.6174346836049855,0.19866071428571427,0.55118947746884,0.25223214285714285,0.4548328139980824,0.22098214285714285,0.322342401725791,0.15401785714285715,0.22598573825503354,0.09598214285714286,0.48494427133269413,0.43973214285714285,0.49698885426653877,0.43973214285714285,0.6294792665388304,0.6183035714285714,0.7559473873441994,0.8102678571428571,0.4728996883988495,0.43526785714285715,0.6114123921380632,0.6183035714285714,0.7559473873441994,0.8147321428571429
