head_top_x,head_top_y,upper_neck_x,upper_neck_y,right_shoulder_x,right_shoulder_y,right_elbow_x,right_elbow_y,right_wrist_x,right_wrist_y,thorax_x,thorax_y,left_shoulder_x,left_shoulder_y,left_elbow_x,left_elbow_y,left_wrist_x,left_wrist_y,pelvis_x,pelvis_y,right_hip_x,right_hip_y,right_knee_x,right_knee_y,right_ankle_x,right_ankle_y,left_hip_x,left_hip_y,left_knee_x,left_knee_y,left_ankle_x,left_ankle_y
0.47408773291925466,0.078125,0.4798460144927536,0.21205357142857142,0.5547036749482401,0.24330357142857142,0.6238030538302278,0.3638392857142857,0.6468361801242236,0.37723214285714285,0.4798460144927536,0.234375,0.42226319875776397,0.22991071428571427,0.3013392857142857,0.27455357142857145,0.21496506211180125,0.18973214285714285,0.5086374223602484,0.46651785714285715,0.5547036749482401,0.4575892857142857,0.6180447722567287,0.6584821428571429,0.6698693064182194,0.8549107142857143,0.46832945134575565,0.47098214285714285,0.47408773291925466,0.6629464285714286,0.45681288819875776,0.8638392857142857
