head_top_x,head_top_y,upper_neck_x,upper_neck_y,right_shoulder_x,right_shoulder_y,right_elbow_x,right_elbow_y,right_wrist_x,right_wrist_y,thorax_x,thorax_y,left_shoulder_x,left_shoulder_y,left_elbow_x,left_elbow_y,left_wrist_x,left_wrist_y,pelvis_x,pelvis_y,right_hip_x,right_hip_y,right_knee_x,right_knee_y,right_ankle_x,right_ankle_y,left_hip_x,left_hip_y,left_knee_x,left_knee_y,left_ankle_x,left_ankle_y
0.7879464285714286,0.2092861698250729,0.6852678571428571,0.2916932397959184,0.6897321428571429,0.2916932397959184,0.7165178571428571,0.401569333090379,0.7700892857142857,0.48397640306122447,0.6852678571428571,0.28711506924198255,0.6852678571428571,0.27795872813411077,0.7165178571428571,0.401569333090379,0.765625,0.47939823250728864,0.5245535714285714,0.3786784803206997,0.515625,0.3786784803206997,0.41294642857142855,0.5160235969387755,0.22544642857142858,0.47939823250728864,0.546875,0.3786784803206997,0.6584821428571429,0.5434926202623906,0.609375,0.7403539540816326
