head_top_x,head_top_y,upper_neck_x,upper_neck_y,right_shoulder_x,right_shoulder_y,right_elbow_x,right_elbow_y,right_wrist_x,right_wrist_y,thorax_x,thorax_y,left_shoulder_x,left_shoulder_y,left_elbow_x,left_elbow_y,left_wrist_x,left_wrist_y,pelvis_x,pelvis_y,right_hip_x,right_hip_y,right_knee_x,right_knee_y,right_ankle_x,right_ankle_y,left_hip_x,left_hip_y,left_knee_x,left_knee_y,left_ankle_x,left_ankle_y
0.5300930966898955,0.14508928571428573,0.5246216245644599,0.27455357142857145,0.4534924869337979,0.2924107142857143,0.535564568815331,0.36830357142857145,0.6723513719512195,0.34598214285714285,0.5246216245644599,0.27901785714285715,0.6012222343205574,0.27455357142857145,0.6395225391986062,0.3638392857142857,0.7106516768292683,0.3325892857142857,0.5191501524390244,0.47544642857142855,0.46990690331010443,0.46651785714285715,0.3550059886759581,0.6227678571428571,0.21821918554006967,0.7700892857142857,0.5629219294425087,0.47544642857142855,0.6340510670731707,0.6316964285714286,0.6614084277003485,0.7924107142857143
