head_top_x,head_top_y,upper_neck_x,upper_neck_y,right_shoulder_x,right_shoulder_y,right_elbow_x,right_elbow_y,right_wrist_x,right_wrist_y,thorax_x,thorax_y,left_shoulder_x,left_shoulder_y,left_elbow_x,left_elbow_y,left_wrist_x,left_wrist_y,pelvis_x,pelvis_y,right_hip_x,right_hip_y,right_knee_x,right_knee_y,right_ankle_x,right_ankle_y,left_hip_x,left_hip_y,left_knee_x,left_knee_y,left_ankle_x,left_ankle_y
0.49776785714285715,0.3459418029259897,0.5111607142857143,0.5243249784853701,0.421875,0.50810832616179,0.3013392857142857,0.43783616609294324,0.18973214285714285,0.38378065834767644,0.5111607142857143,0.50810832616179,0.5870535714285714,0.4810805722891566,0.6986607142857143,0.3783751075731498,0.7745535714285714,0.2594529905335628,0.5111607142857143,0.7135192555938038,0.453125,0.7135192555938038,0.171875,0.7837914156626506,0.16294642857142858,0.3675640060240964,0.5513392857142857,0.7189248063683304,0.21205357142857142,0.7729803141135972,0.16294642857142858,0.37296955679862304
