head_top_x,head_top_y,upper_neck_x,upper_neck_y,right_shoulder_x,right_shoulder_y,right_elbow_x,right_elbow_y,right_wrist_x,right_wrist_y,thorax_x,thorax_y,left_shoulder_x,left_shoulder_y,left_elbow_x,left_elbow_y,left_wrist_x,left_wrist_y,pelvis_x,pelvis_y,right_hip_x,right_hip_y,right_knee_x,right_knee_y,right_ankle_x,right_ankle_y,left_hip_x,left_hip_y,left_knee_x,left_knee_y,left_ankle_x,left_ankle_y
0.2022619047619047,0.05133928571428571,0.35845238095238097,0.19419642857142858,0.5244047619047619,0.20758928571428573,0.6708333333333334,0.3325892857142857,0.7489285714285714,0.4263392857142857,0.38773809523809527,0.21651785714285715,0.2608333333333333,0.21651785714285715,0.32916666666666666,0.3236607142857143,0.2608333333333333,0.43526785714285715,0.5146428571428572,0.453125,0.6025,0.4486607142857143,0.6415476190476191,0.6361607142857143,0.7684523809523809,0.828125,0.4267857142857143,0.453125,0.27059523809523806,0.6584821428571429,0.30964285714285705,0.8816964285714286
