head_top_x,head_top_y,upper_neck_x,upper_neck_y,right_shoulder_x,right_shoulder_y,right_elbow_x,right_elbow_y,right_wrist_x,right_wrist_y,thorax_x,thorax_y,left_shoulder_x,left_shoulder_y,left_elbow_x,left_elbow_y,left_wrist_x,left_wrist_y,pelvis_x,pelvis_y,right_hip_x,right_hip_y,right_knee_x,right_knee_y,right_ankle_x,right_ankle_y,left_hip_x,left_hip_y,left_knee_x,left_knee_y,left_ankle_x,left_ankle_y
0.25296399297423894,0.05580357142857143,0.4482947892271663,0.18973214285714285,0.4597848360655738,0.20758928571428573,0.5172350702576113,0.3325892857142857,0.25296399297423894,0.27455357142857145,0.49425497658079626,0.203125,0.5172350702576113,0.19866071428571427,0.5402151639344263,0.33705357142857145,0.24147394613583145,0.27455357142857145,0.5172350702576113,0.4799107142857143,0.49425497658079626,0.4799107142857143,0.5402151639344263,0.6808035714285714,0.6206454918032787,0.8683035714285714,0.5287251170960188,0.4799107142857143,0.35637441451990626,0.703125,0.25296399297423894,0.9040178571428571
