head_top_x,head_top_y,upper_neck_x,upper_neck_y,right_shoulder_x,right_shoulder_y,right_elbow_x,right_elbow_y,right_wrist_x,right_wrist_y,thorax_x,thorax_y,left_shoulder_x,left_shoulder_y,left_elbow_x,left_elbow_y,left_wrist_x,left_wrist_y,pelvis_x,pelvis_y,right_hip_x,right_hip_y,right_knee_x,right_knee_y,right_ankle_x,right_ankle_y,left_hip_x,left_hip_y,left_knee_x,left_knee_y,left_ankle_x,left_ankle_y
0.1986607142857143,0.06473214285714286,0.41781655844155846,0.18973214285714285,0.6150568181818181,0.18526785714285715,0.5931412337662338,0.31026785714285715,0.5054788961038962,0.39955357142857145,0.4068587662337663,0.18973214285714285,0.20961850649350647,0.18973214285714285,0.11099837662337668,0.3638392857142857,0.2753652597402597,0.4575892857142857,0.6698457792207793,0.4263392857142857,0.7903814935064934,0.4263392857142857,0.6808035714285715,0.6584821428571429,0.5821834415584417,0.8861607142857143,0.5602678571428571,0.43526785714285715,0.42877435064935066,0.6674107142857143,0.3520698051948052,0.8816964285714286
