head_top_x,head_top_y,upper_neck_x,upper_neck_y,right_shoulder_x,right_shoulder_y,right_elbow_x,right_elbow_y,right_wrist_x,right_wrist_y,thorax_x,thorax_y,left_shoulder_x,left_shoulder_y,left_elbow_x,left_elbow_y,left_wrist_x,left_wrist_y,pelvis_x,pelvis_y,right_hip_x,right_hip_y,right_knee_x,right_knee_y,right_ankle_x,right_ankle_y,left_hip_x,left_hip_y,left_knee_x,left_knee_y,left_ankle_x,left_ankle_y
0.37703373015873015,0.8772321428571429,0.4501488095238096,0.7834821428571429,0.49667658730158737,0.7745535714285714,0.5232638888888889,0.31473214285714285,0.3836805555555555,0.4174107142857143,0.46344246031746034,0.7700892857142857,0.4368551587301587,0.7700892857142857,0.4700892857142857,0.296875,0.37703373015873015,0.43973214285714285,0.4368551587301587,0.5200892857142857,0.4767361111111111,0.5111607142857143,0.46344246031746034,0.033482142857142856,0.044692460317460325,0.22544642857142858,0.4036210317460318,0.5200892857142857,0.45679563492063496,0.033482142857142856,0.490029761904762,0.20758928571428573
