head_top_x,head_top_y,upper_neck_x,upper_neck_y,right_shoulder_x,right_shoulder_y,right_elbow_x,right_elbow_y,right_wrist_x,right_wrist_y,thorax_x,thorax_y,left_shoulder_x,left_shoulder_y,left_elbow_x,left_elbow_y,left_wrist_x,left_wrist_y,pelvis_x,pelvis_y,right_hip_x,right_hip_y,right_knee_x,right_knee_y,right_ankle_x,right_ankle_y,left_hip_x,left_hip_y,left_knee_x,left_knee_y,left_ankle_x,left_ankle_y
0.5078683035714286,0.078125,0.4868861607142857,0.22991071428571427,0.371484375,0.19419642857142858,0.21936383928571432,0.203125,0.224609375,0.31026785714285715,0.481640625,0.22098214285714285,0.6022879464285713,0.22991071428571427,0.738671875,0.328125,0.701953125,0.43973214285714285,0.518359375,0.453125,0.444921875,0.453125,0.444921875,0.671875,0.5026227678571429,0.8147321428571429,0.5865513392857143,0.44419642857142855,0.7491629464285713,0.6272321428571429,0.686216517857143,0.7834821428571429
