head_top_x,head_top_y,upper_neck_x,upper_neck_y,right_shoulder_x,right_shoulder_y,right_elbow_x,right_elbow_y,right_wrist_x,right_wrist_y,thorax_x,thorax_y,left_shoulder_x,left_shoulder_y,left_elbow_x,left_elbow_y,left_wrist_x,left_wrist_y,pelvis_x,pelvis_y,right_hip_x,right_hip_y,right_knee_x,right_knee_y,right_ankle_x,right_ankle_y,left_hip_x,left_hip_y,left_knee_x,left_knee_y,left_ankle_x,left_ankle_y
0.3004249139414802,0.05580357142857143,0.37830787435456104,0.20758928571428573,0.23227732358003444,0.2611607142857143,0.2517480636833047,0.38169642857142855,0.32963102409638556,0.4486607142857143,0.39777861445783136,0.24776785714285715,0.553544535283993,0.22991071428571427,0.7677226764199654,0.34151785714285715,0.6508982358003443,0.4486607142857143,0.4172493545611016,0.49776785714285715,0.3198956540447505,0.49776785714285715,0.37830787435456104,0.6852678571428571,0.48539694492254737,0.8727678571428571,0.5048676850258177,0.49330357142857145,0.5048676850258177,0.6763392857142857,0.5827506454388985,0.8727678571428571
