head_top_x,head_top_y,upper_neck_x,upper_neck_y,right_shoulder_x,right_shoulder_y,right_elbow_x,right_elbow_y,right_wrist_x,right_wrist_y,thorax_x,thorax_y,left_shoulder_x,left_shoulder_y,left_elbow_x,left_elbow_y,left_wrist_x,left_wrist_y,pelvis_x,pelvis_y,right_hip_x,right_hip_y,right_knee_x,right_knee_y,right_ankle_x,right_ankle_y,left_hip_x,left_hip_y,left_knee_x,left_knee_y,left_ankle_x,left_ankle_y
0.6341335641399416,0.13169642857142858,0.5447111880466472,0.2700892857142857,0.5447111880466472,0.31026785714285715,0.5653471209912536,0.47544642857142855,0.7441918731778426,0.49776785714285715,0.5240752551020408,0.3013392857142857,0.517196610787172,0.296875,0.5103179664723032,0.43526785714285715,0.6547694970845481,0.4799107142857143,0.40025965743440234,0.5513392857142857,0.4071383017492711,0.5558035714285714,0.42777423469387754,0.7790178571428571,0.2145362609329446,0.9709821428571429,0.39338101311953355,0.5513392857142857,0.48280338921282795,0.7700892857142857,0.2145362609329446,0.9665178571428571
