head_top_x,head_top_y,upper_neck_x,upper_neck_y,right_shoulder_x,right_shoulder_y,right_elbow_x,right_elbow_y,right_wrist_x,right_wrist_y,thorax_x,thorax_y,left_shoulder_x,left_shoulder_y,left_elbow_x,left_elbow_y,left_wrist_x,left_wrist_y,pelvis_x,pelvis_y,right_hip_x,right_hip_y,right_knee_x,right_knee_y,right_ankle_x,right_ankle_y,left_hip_x,left_hip_y,left_knee_x,left_knee_y,left_ankle_x,left_ankle_y
0.4939622365339579,0.05580357142857143,0.4094335480093677,0.20758928571428573,0.43358460187353626,0.23883928571428573,0.5181132903981266,0.37276785714285715,0.7837748829039812,0.421875,0.38528249414519905,0.234375,0.3611314402810305,0.22991071428571427,0.43358460187353626,0.34598214285714285,0.6267930327868853,0.3861607142857143,0.42150907494145196,0.47544642857142855,0.44566012880562067,0.4799107142857143,0.39735802107728346,0.6941964285714286,0.28867827868852464,0.8415178571428571,0.39735802107728346,0.47098214285714285,0.42150907494145196,0.6763392857142857,0.33698038641686184,0.8236607142857143
