head_top_x,head_top_y,upper_neck_x,upper_neck_y,right_shoulder_x,right_shoulder_y,right_elbow_x,right_elbow_y,right_wrist_x,right_wrist_y,thorax_x,thorax_y,left_shoulder_x,left_shoulder_y,left_elbow_x,left_elbow_y,left_wrist_x,left_wrist_y,pelvis_x,pelvis_y,right_hip_x,right_hip_y,right_knee_x,right_knee_y,right_ankle_x,right_ankle_y,left_hip_x,left_hip_y,left_knee_x,left_knee_y,left_ankle_x,left_ankle_y
0.27120535714285715,0.05133928571428571,0.39397321428571425,0.19419642857142858,0.5613839285714285,0.22544642857142858,0.7287946428571427,0.35044642857142855,0.6060267857142857,0.44419642857142855,0.44977678571428575,0.234375,0.29352678571428575,0.23883928571428573,0.3828125,0.3861607142857143,0.2823660714285714,0.5245535714285714,0.5837053571428572,0.4799107142857143,0.6729910714285715,0.47544642857142855,0.48325892857142866,0.6852678571428571,0.5613839285714285,0.8459821428571429,0.4944196428571429,0.484375,0.22656250000000003,0.6941964285714286,0.5502232142857142,0.8727678571428571
