head_top_x,head_top_y,upper_neck_x,upper_neck_y,right_shoulder_x,right_shoulder_y,right_elbow_x,right_elbow_y,right_wrist_x,right_wrist_y,thorax_x,thorax_y,left_shoulder_x,left_shoulder_y,left_elbow_x,left_elbow_y,left_wrist_x,left_wrist_y,pelvis_x,pelvis_y,right_hip_x,right_hip_y,right_knee_x,right_knee_y,right_ankle_x,right_ankle_y,left_hip_x,left_hip_y,left_knee_x,left_knee_y,left_ankle_x,left_ankle_y
0.5510416666666667,0.03148148148148147,0.5697916666666667,0.2944444444444445,0.503125,0.26851851851851855,0.496875,0.45370370370370366,0.5010416666666667,0.6055555555555555,0.5697916666666667,0.27222222222222225,0.6385416666666667,0.2833333333333333,0.6010416666666667,0.4722222222222222,0.540625,0.5981481481481481,0.5677083333333334,0.5166666666666667,0.5260416666666666,0.5129629629629631,0.45729166666666665,0.7092592592592593,0.5239583333333333,0.6055555555555555,0.6072916666666667,0.5129629629629631,0.6239583333333333,0.7462962962962963,0.5989583333333334,0.6055555555555555
