head_top_x,head_top_y,upper_neck_x,upper_neck_y,right_shoulder_x,right_shoulder_y,right_elbow_x,right_elbow_y,right_wrist_x,right_wrist_y,thorax_x,thorax_y,left_shoulder_x,left_shoulder_y,left_elbow_x,left_elbow_y,left_wrist_x,left_wrist_y,pelvis_x,pelvis_y,right_hip_x,right_hip_y,right_knee_x,right_knee_y,right_ankle_x,right_ankle_y,left_hip_x,left_hip_y,left_knee_x,left_knee_y,left_ankle_x,left_ankle_y
0.49270833333333336,-0.0010416666666666667,0.459375,0.16111111111111112,0.41354166666666664,0.1722222222222222,0.340625,0.19444444444444445,0.3802083333333333,0.23148148148148145,0.46145833333333336,0.17962962962962958,0.5114583333333333,0.1759259259259259,0.5927083333333333,0.19814814814814813,0.5427083333333333,0.23518518518518514,0.465625,0.4574074074074074,0.434375,0.4574074074074074,0.428125,0.7018518518518518,0.43020833333333336,0.8759259259259259,0.4947916666666667,0.4574074074074074,0.509375,0.7018518518518518,0.5177083333333333,0.8833333333333333
