head_top_x,head_top_y,upper_neck_x,upper_neck_y,right_shoulder_x,right_shoulder_y,right_elbow_x,right_elbow_y,right_wrist_x,right_wrist_y,thorax_x,thorax_y,left_shoulder_x,left_shoulder_y,left_elbow_x,left_elbow_y,left_wrist_x,left_wrist_y,pelvis_x,pelvis_y,right_hip_x,right_hip_y,right_knee_x,right_knee_y,right_ankle_x,right_ankle_y,left_hip_x,left_hip_y,left_knee_x,left_knee_y,left_ankle_x,left_ankle_y
0.3072916666666667,0.29814814814814816,0.43645833333333334,0.43518518518518523,0.359375,0.44999999999999996,0.246875,0.5685185185185185,0.11770833333333333,0.6425925925925926,0.428125,0.4314814814814815,0.496875,0.4055555555555556,0.44479166666666664,0.6314814814814815,0.33645833333333336,0.6314814814814815,0.5177083333333333,0.6685185185185186,0.484375,0.675925925925926,0.353125,0.6648148148148147,0.15520833333333334,0.7685185185185185,0.5552083333333333,0.6574074074074073,0.7135416666666666,0.7166666666666666,0.9052083333333333,0.7870370370370371
