head_top_x,head_top_y,upper_neck_x,upper_neck_y,right_shoulder_x,right_shoulder_y,right_elbow_x,right_elbow_y,right_wrist_x,right_wrist_y,thorax_x,thorax_y,left_shoulder_x,left_shoulder_y,left_elbow_x,left_elbow_y,left_wrist_x,left_wrist_y,pelvis_x,pelvis_y,right_hip_x,right_hip_y,right_knee_x,right_knee_y,right_ankle_x,right_ankle_y,left_hip_x,left_hip_y,left_knee_x,left_knee_y,left_ankle_x,left_ankle_y
0.9552083333333333,0.5648148148148149,0.8260416666666667,0.5907407407407407,0.8427083333333333,0.5981481481481481,0.7947916666666667,0.7574074074074074,0.7697916666666667,0.8722222222222222,0.8239583333333333,0.5907407407407407,0.8260416666666667,0.5796296296296296,0.7177083333333333,0.7203703703703703,0.7322916666666667,0.9018518518518519,0.715625,0.49444444444444446,0.715625,0.4870370370370371,0.690625,0.47962962962962963,0.5364583333333334,-0.0010416666666666667,0.7052083333333333,0.49074074074074076,0.396875,0.04259259259259259,0.5239583333333333,-0.0010416666666666667
