head_top_x,head_top_y,upper_neck_x,upper_neck_y,right_shoulder_x,right_shoulder_y,right_elbow_x,right_elbow_y,right_wrist_x,right_wrist_y,thorax_x,thorax_y,left_shoulder_x,left_shoulder_y,left_elbow_x,left_elbow_y,left_wrist_x,left_wrist_y,pelvis_x,pelvis_y,right_hip_x,right_hip_y,right_knee_x,right_knee_y,right_ankle_x,right_ankle_y,left_hip_x,left_hip_y,left_knee_x,left_knee_y,left_ankle_x,left_ankle_y
0.5072916666666667,0.14305555555555557,0.5364583333333334,0.3597222222222222,0.4197916666666667,0.33194444444444443,0.34479166666666666,0.5736111111111111,0.3177083333333333,0.7097222222222223,0.540625,0.3625,0.659375,0.3847222222222222,0.7114583333333333,0.6541666666666667,0.571875,0.7597222222222223,0.5197916666666667,0.8708333333333332,0.45729166666666665,0.8652777777777777,0.584375,0.7625000000000001,0.3177083333333333,0.7069444444444444,0.5885416666666666,0.8624999999999999,0.5447916666666667,0.3541666666666667,0.44479166666666664,-0.0010416666666666667
