head_top_x,head_top_y,upper_neck_x,upper_neck_y,right_shoulder_x,right_shoulder_y,right_elbow_x,right_elbow_y,right_wrist_x,right_wrist_y,thorax_x,thorax_y,left_shoulder_x,left_shoulder_y,left_elbow_x,left_elbow_y,left_wrist_x,left_wrist_y,pelvis_x,pelvis_y,right_hip_x,right_hip_y,right_knee_x,right_knee_y,right_ankle_x,right_ankle_y,left_hip_x,left_hip_y,left_knee_x,left_knee_y,left_ankle_x,left_ankle_y
0.703125,0.3351851851851852,0.5552083333333333,0.11296296296296296,0.571875,0.1722222222222222,0.6364583333333333,0.3277777777777778,0.6135416666666667,0.5092592592592593,0.5427083333333333,0.15740740740740744,0.5489583333333333,0.16481481481481483,0.5322916666666667,0.35000000000000003,0.596875,0.4981481481481482,0.4822916666666667,0.21666666666666667,0.4635416666666667,0.2796296296296296,0.384375,0.3055555555555556,0.115625,0.5833333333333334,0.446875,0.34259259259259256,0.42604166666666665,0.3648148148148148,0.10520833333333333,0.5796296296296296
