head_top_x,head_top_y,upper_neck_x,upper_neck_y,right_shoulder_x,right_shoulder_y,right_elbow_x,right_elbow_y,right_wrist_x,right_wrist_y,thorax_x,thorax_y,left_shoulder_x,left_shoulder_y,left_elbow_x,left_elbow_y,left_wrist_x,left_wrist_y,pelvis_x,pelvis_y,right_hip_x,right_hip_y,right_knee_x,right_knee_y,right_ankle_x,right_ankle_y,left_hip_x,left_hip_y,left_knee_x,left_knee_y,left_ankle_x,left_ankle_y
0.5010416666666667,0.060173611111111094,0.5010416666666667,0.3214930555555556,0.415625,0.38406250000000003,0.3302083333333333,0.5533680555555555,0.21770833333333334,0.6453819444444444,0.503125,0.3582986111111111,0.5864583333333333,0.32517361111111115,0.6302083333333334,0.5496874999999999,0.715625,0.6785069444444445,0.5260416666666666,0.7742013888888888,0.4864583333333333,0.7852430555555556,0.4739583333333333,0.9067013888888888,0.21979166666666666,0.6380208333333334,0.5677083333333334,0.7668402777777777,0.5802083333333333,0.9508680555555558,0.659375,0.6232986111111112
