head_top_x,head_top_y,upper_neck_x,upper_neck_y,right_shoulder_x,right_shoulder_y,right_elbow_x,right_elbow_y,right_wrist_x,right_wrist_y,thorax_x,thorax_y,left_shoulder_x,left_shoulder_y,left_elbow_x,left_elbow_y,left_wrist_x,left_wrist_y,pelvis_x,pelvis_y,right_hip_x,right_hip_y,right_knee_x,right_knee_y,right_ankle_x,right_ankle_y,left_hip_x,left_hip_y,left_knee_x,left_knee_y,left_ankle_x,left_ankle_y
0.596875,0.19074074074074077,0.653125,0.4425925925925926,0.6052083333333333,0.4166666666666667,0.5697916666666667,0.38333333333333336,0.528125,0.33888888888888885,0.653125,0.4388888888888889,0.6989583333333333,0.46851851851851856,0.7114583333333333,0.6351851851851852,0.7072916666666667,0.7537037037037037,0.6364583333333333,0.7648148148148147,0.628125,0.7462962962962963,0.434375,0.412962962962963,0.4239583333333333,0.6425925925925926,0.6635416666666667,0.7870370370370371,0.6739583333333333,0.8203703703703703,0.471875,0.35000000000000003
