head_top_x,head_top_y,upper_neck_x,upper_neck_y,right_shoulder_x,right_shoulder_y,right_elbow_x,right_elbow_y,right_wrist_x,right_wrist_y,thorax_x,thorax_y,left_shoulder_x,left_shoulder_y,left_elbow_x,left_elbow_y,left_wrist_x,left_wrist_y,pelvis_x,pelvis_y,right_hip_x,right_hip_y,right_knee_x,right_knee_y,right_ankle_x,right_ankle_y,left_hip_x,left_hip_y,left_knee_x,left_knee_y,left_ankle_x,left_ankle_y
0.4947916666666667,0.2263888888888889,0.5010416666666667,0.44027777777777777,0.378125,0.5236111111111111,0.33645833333333336,0.7680555555555556,0.2947916666666667,0.6763888888888889,0.5052083333333334,0.5152777777777778,0.6322916666666667,0.5041666666666668,0.6989583333333333,0.7569444444444445,0.628125,0.7180555555555556,0.48854166666666665,0.6513888888888889,0.503125,0.501388888888889,0.4635416666666667,0.7875,0.4864583333333333,0.8263888888888888,0.011458333333333333,1.0,0.5177083333333333,0.8097222222222222,0.515625,0.8319444444444444
