head_top_x,head_top_y,upper_neck_x,upper_neck_y,right_shoulder_x,right_shoulder_y,right_elbow_x,right_elbow_y,right_wrist_x,right_wrist_y,thorax_x,thorax_y,left_shoulder_x,left_shoulder_y,left_elbow_x,left_elbow_y,left_wrist_x,left_wrist_y,pelvis_x,pelvis_y,right_hip_x,right_hip_y,right_knee_x,right_knee_y,right_ankle_x,right_ankle_y,left_hip_x,left_hip_y,left_knee_x,left_knee_y,left_ankle_x,left_ankle_y
0.521875,0.4018518518518518,0.43854166666666666,0.5537037037037036,0.40520833333333334,0.587037037037037,0.384375,0.7277777777777779,0.38229166666666664,0.8574074074074074,0.4427083333333333,0.5537037037037036,0.478125,0.5203703703703704,0.5052083333333334,0.5166666666666667,0.528125,0.5203703703703704,0.44479166666666664,0.8314814814814814,0.428125,0.8462962962962963,0.4552083333333333,1.0,0.415625,0.8574074074074074,0.4635416666666667,0.8277777777777777,0.5447916666666667,0.7240740740740742,0.478125,0.5055555555555556
