head_top_x,head_top_y,upper_neck_x,upper_neck_y,right_shoulder_x,right_shoulder_y,right_elbow_x,right_elbow_y,right_wrist_x,right_wrist_y,thorax_x,thorax_y,left_shoulder_x,left_shoulder_y,left_elbow_x,left_elbow_y,left_wrist_x,left_wrist_y,pelvis_x,pelvis_y,right_hip_x,right_hip_y,right_knee_x,right_knee_y,right_ankle_x,right_ankle_y,left_hip_x,left_hip_y,left_knee_x,left_knee_y,left_ankle_x,left_ankle_y
0.559375,0.21756510416666666,0.440625,0.35097656250000003,0.4114583333333333,0.43329427083333333,0.503125,0.6632161458333333,0.6177083333333333,0.7029557291666666,0.41354166666666664,0.38503906250000003,0.41354166666666664,0.33962239583333326,0.484375,0.4645182291666666,0.5739583333333333,0.5326432291666666,0.309375,0.6632161458333333,0.290625,0.6944401041666667,0.546875,0.7171484375,0.37395833333333334,0.8335286458333333,0.334375,0.6291536458333334,0.5510416666666667,0.6774088541666667,0.415625,0.8306901041666666
