head_top_x,head_top_y,upper_neck_x,upper_neck_y,right_shoulder_x,right_shoulder_y,right_elbow_x,right_elbow_y,right_wrist_x,right_wrist_y,thorax_x,thorax_y,left_shoulder_x,left_shoulder_y,left_elbow_x,left_elbow_y,left_wrist_x,left_wrist_y,pelvis_x,pelvis_y,right_hip_x,right_hip_y,right_knee_x,right_knee_y,right_ankle_x,right_ankle_y,left_hip_x,left_hip_y,left_knee_x,left_knee_y,left_ankle_x,left_ankle_y
0.509375,0.038090277777777785,0.5114583333333333,0.3030902777777778,0.4239583333333333,0.3546180555555556,0.346875,0.5496874999999999,0.3614583333333333,0.46503472222222225,0.5114583333333333,0.3582986111111111,0.6010416666666667,0.3509375,0.621875,0.5864930555555555,0.571875,0.5496874999999999,0.4947916666666667,0.7668402777777777,0.4510416666666667,0.7742013888888888,0.4510416666666667,0.9508680555555558,0.3572916666666667,0.4687152777777778,0.5427083333333333,0.7594791666666666,0.5572916666666666,0.9582291666666668,0.5760416666666667,0.5607291666666667
