head_top_x,head_top_y,upper_neck_x,upper_neck_y,right_shoulder_x,right_shoulder_y,right_elbow_x,right_elbow_y,right_wrist_x,right_wrist_y,thorax_x,thorax_y,left_shoulder_x,left_shoulder_y,left_elbow_x,left_elbow_y,left_wrist_x,left_wrist_y,pelvis_x,pelvis_y,right_hip_x,right_hip_y,right_knee_x,right_knee_y,right_ankle_x,right_ankle_y,left_hip_x,left_hip_y,left_knee_x,left_knee_y,left_ankle_x,left_ankle_y
0.2677083333333333,0.05972222222222223,0.3302083333333333,0.2597222222222222,0.290625,0.3263888888888889,0.24270833333333333,0.45416666666666666,0.165625,0.4930555555555556,0.346875,0.2986111111111111,0.396875,0.2708333333333333,0.5072916666666667,0.40972222222222227,0.640625,0.39305555555555555,0.33229166666666665,0.7097222222222223,0.278125,0.7097222222222223,0.44479166666666664,0.6763888888888889,0.30104166666666665,0.9180555555555556,0.37604166666666666,0.7180555555555556,0.7427083333333333,0.5708333333333333,0.759375,0.8708333333333332
