head_top_x,head_top_y,upper_neck_x,upper_neck_y,right_shoulder_x,right_shoulder_y,right_elbow_x,right_elbow_y,right_wrist_x,right_wrist_y,thorax_x,thorax_y,left_shoulder_x,left_shoulder_y,left_elbow_x,left_elbow_y,left_wrist_x,left_wrist_y,pelvis_x,pelvis_y,right_hip_x,right_hip_y,right_knee_x,right_knee_y,right_ankle_x,right_ankle_y,left_hip_x,left_hip_y,left_knee_x,left_knee_y,left_ankle_x,left_ankle_y
0.4239583333333333,0.2390625,0.5760416666666667,0.24843749999999998,0.5322916666666667,0.2421875,0.4947916666666667,0.44531249999999994,0.421875,0.5984375000000001,0.5989583333333334,0.24843749999999998,0.671875,0.2578125,0.8010416666666667,0.4296875,0.7260416666666667,0.6203124999999999,0.753125,0.3828125,0.7072916666666667,0.3765625,0.6739583333333333,0.6109375,0.6427083333333333,0.7953125,0.803125,0.3828125,0.7135416666666666,0.7046875,0.7052083333333333,0.9703125
