head_top_x,head_top_y,upper_neck_x,upper_neck_y,right_shoulder_x,right_shoulder_y,right_elbow_x,right_elbow_y,right_wrist_x,right_wrist_y,thorax_x,thorax_y,left_shoulder_x,left_shoulder_y,left_elbow_x,left_elbow_y,left_wrist_x,left_wrist_y,pelvis_x,pelvis_y,right_hip_x,right_hip_y,right_knee_x,right_knee_y,right_ankle_x,right_ankle_y,left_hip_x,left_hip_y,left_knee_x,left_knee_y,left_ankle_x,left_ankle_y
0.5322916666666667,0.19074074074074077,0.4510416666666667,0.39444444444444443,0.46770833333333334,0.287037037037037,0.459375,0.6388888888888888,0.4114583333333333,0.26851851851851855,0.453125,0.38333333333333336,0.428125,0.46111111111111114,0.5614583333333333,0.21666666666666667,0.6385416666666667,0.20555555555555552,0.409375,0.42407407407407405,0.4010416666666667,0.42037037037037034,0.359375,0.4574074074074074,0.30520833333333336,0.45370370370370366,0.415625,0.4314814814814815,0.36770833333333336,0.4722222222222222,0.30520833333333336,0.44999999999999996
