head_top_x,head_top_y,upper_neck_x,upper_neck_y,right_shoulder_x,right_shoulder_y,right_elbow_x,right_elbow_y,right_wrist_x,right_wrist_y,thorax_x,thorax_y,left_shoulder_x,left_shoulder_y,left_elbow_x,left_elbow_y,left_wrist_x,left_wrist_y,pelvis_x,pelvis_y,right_hip_x,right_hip_y,right_knee_x,right_knee_y,right_ankle_x,right_ankle_y,left_hip_x,left_hip_y,left_knee_x,left_knee_y,left_ankle_x,left_ankle_y
0.48854166666666665,0.5277994791666667,0.5885416666666666,0.5722786458333334,0.6260416666666667,0.5537456597222221,0.334375,0.4054817708333334,0.27395833333333336,0.33505642361111115,0.5947916666666667,0.5389192708333332,0.534375,0.1534331597222223,0.321875,0.4425477430555556,0.278125,0.3647092013888889,0.653125,0.3943619791666667,0.659375,0.4054817708333334,0.321875,0.4610807291666667,0.296875,0.6352907986111112,0.6447916666666667,0.3572960069444445,0.3177083333333333,0.4610807291666667,0.30520833333333336,0.6278776041666667
