head_top_x,head_top_y,upper_neck_x,upper_neck_y,right_shoulder_x,right_shoulder_y,right_elbow_x,right_elbow_y,right_wrist_x,right_wrist_y,thorax_x,thorax_y,left_shoulder_x,left_shoulder_y,left_elbow_x,left_elbow_y,left_wrist_x,left_wrist_y,pelvis_x,pelvis_y,right_hip_x,right_hip_y,right_knee_x,right_knee_y,right_ankle_x,right_ankle_y,left_hip_x,left_hip_y,left_knee_x,left_knee_y,left_ankle_x,left_ankle_y
0.453125,0.5597222222222222,0.3385416666666667,0.5097222222222223,0.30520833333333336,0.5319444444444444,0.2677083333333333,0.6847222222222222,0.303125,0.8236111111111111,0.3489583333333333,0.5208333333333334,0.38229166666666664,0.4930555555555556,0.36354166666666665,0.6791666666666667,0.36354166666666665,0.8208333333333333,0.290625,0.5402777777777777,0.2677083333333333,0.5458333333333334,0.29270833333333335,0.6930555555555555,0.3260416666666667,0.8375,0.31145833333333334,0.5402777777777777,0.3489583333333333,0.6625,0.37395833333333334,0.8069444444444445
