head_top_x,head_top_y,upper_neck_x,upper_neck_y,right_shoulder_x,right_shoulder_y,right_elbow_x,right_elbow_y,right_wrist_x,right_wrist_y,thorax_x,thorax_y,left_shoulder_x,left_shoulder_y,left_elbow_x,left_elbow_y,left_wrist_x,left_wrist_y,pelvis_x,pelvis_y,right_hip_x,right_hip_y,right_knee_x,right_knee_y,right_ankle_x,right_ankle_y,left_hip_x,left_hip_y,left_knee_x,left_knee_y,left_ankle_x,left_ankle_y
0.503125,0.09814814814814819,0.5010416666666667,0.3722222222222222,0.4239583333333333,0.4055555555555556,0.4114583333333333,0.6240740740740741,0.440625,0.7796296296296297,0.49895833333333334,0.412962962962963,0.5760416666666667,0.412962962962963,0.578125,0.6388888888888888,0.5239583333333333,0.7944444444444445,0.4947916666666667,0.7981481481481482,0.4510416666666667,0.7981481481481482,0.46145833333333336,1.0,0.4114583333333333,0.7574074074074074,0.534375,0.8055555555555556,0.546875,0.8277777777777777,0.521875,0.7870370370370371
