head_top_x,head_top_y,upper_neck_x,upper_neck_y,right_shoulder_x,right_shoulder_y,right_elbow_x,right_elbow_y,right_wrist_x,right_wrist_y,thorax_x,thorax_y,left_shoulder_x,left_shoulder_y,left_elbow_x,left_elbow_y,left_wrist_x,left_wrist_y,pelvis_x,pelvis_y,right_hip_x,right_hip_y,right_knee_x,right_knee_y,right_ankle_x,right_ankle_y,left_hip_x,left_hip_y,left_knee_x,left_knee_y,left_ankle_x,left_ankle_y
0.3885416666666667,-0.0010416666666666667,0.31354166666666666,0.18906250000000002,0.31354166666666666,0.26718749999999997,0.346875,0.5296875,0.440625,0.7796874999999999,0.2947916666666667,0.23593750000000002,0.2760416666666667,0.1984375,0.321875,0.44843749999999993,0.38229166666666664,0.5890624999999999,0.315625,0.6671874999999999,0.315625,0.6828124999999999,0.33645833333333336,0.9359375,0.4739583333333333,0.7859375000000001,0.309375,0.6484375,0.371875,0.9390625,0.5239583333333333,0.6515625
