head_top_x,head_top_y,upper_neck_x,upper_neck_y,right_shoulder_x,right_shoulder_y,right_elbow_x,right_elbow_y,right_wrist_x,right_wrist_y,thorax_x,thorax_y,left_shoulder_x,left_shoulder_y,left_elbow_x,left_elbow_y,left_wrist_x,left_wrist_y,pelvis_x,pelvis_y,right_hip_x,right_hip_y,right_knee_x,right_knee_y,right_ankle_x,right_ankle_y,left_hip_x,left_hip_y,left_knee_x,left_knee_y,left_ankle_x,left_ankle_y
0.7197916666666667,0.5351851851851852,0.5885416666666666,0.6277777777777778,0.6614583333333334,0.6833333333333333,0.5572916666666666,0.43518518518518523,0.509375,0.42407407407407405,0.5947916666666667,0.6203703703703705,0.603125,0.4759259259259259,0.5260416666666666,0.4425925925925926,0.2760416666666667,0.5277777777777778,0.4552083333333333,0.5685185185185185,0.4864583333333333,0.46851851851851856,0.3927083333333333,0.3314814814814815,0.4114583333333333,0.3574074074074074,0.421875,0.612962962962963,0.3302083333333333,0.3907407407407407,0.484375,0.4388888888888889
