head_top_x,head_top_y,upper_neck_x,upper_neck_y,right_shoulder_x,right_shoulder_y,right_elbow_x,right_elbow_y,right_wrist_x,right_wrist_y,thorax_x,thorax_y,left_shoulder_x,left_shoulder_y,left_elbow_x,left_elbow_y,left_wrist_x,left_wrist_y,pelvis_x,pelvis_y,right_hip_x,right_hip_y,right_knee_x,right_knee_y,right_ankle_x,right_ankle_y,left_hip_x,left_hip_y,left_knee_x,left_knee_y,left_ankle_x,left_ankle_y
0.4635416666666667,0.13472222222222222,0.48854166666666665,0.34027777777777773,0.409375,0.3652777777777778,0.384375,0.5152777777777778,0.37395833333333334,0.48194444444444445,0.490625,0.3513888888888889,0.571875,0.34027777777777773,0.6177083333333333,0.4847222222222222,0.559375,0.46527777777777773,0.490625,0.6486111111111111,0.4427083333333333,0.6458333333333334,0.46145833333333336,0.8819444444444445,0.46770833333333334,1.0,0.5364583333333334,0.6486111111111111,0.5510416666666667,0.8930555555555556,0.5135416666666667,1.0
