head_top_x,head_top_y,upper_neck_x,upper_neck_y,right_shoulder_x,right_shoulder_y,right_elbow_x,right_elbow_y,right_wrist_x,right_wrist_y,thorax_x,thorax_y,left_shoulder_x,left_shoulder_y,left_elbow_x,left_elbow_y,left_wrist_x,left_wrist_y,pelvis_x,pelvis_y,right_hip_x,right_hip_y,right_knee_x,right_knee_y,right_ankle_x,right_ankle_y,left_hip_x,left_hip_y,left_knee_x,left_knee_y,left_ankle_x,left_ankle_y
0.503125,0.35370370370370374,0.5697916666666667,0.5203703703703704,0.5427083333333333,0.46481481481481485,0.6510416666666666,0.5796296296296296,0.6989583333333333,0.5425925925925925,0.5427083333333333,0.5129629629629631,0.5177083333333333,0.4722222222222222,0.39479166666666665,0.46111111111111114,0.684375,0.5499999999999999,0.278125,0.5240740740740741,0.290625,0.5166666666666667,0.06770833333333333,0.6203703703703705,0.015625,0.9055555555555556,0.25729166666666664,0.5129629629629631,0.05520833333333333,0.6166666666666667,0.06770833333333333,0.8685185185185185
