head_top_x,head_top_y,upper_neck_x,upper_neck_y,right_shoulder_x,right_shoulder_y,right_elbow_x,right_elbow_y,right_wrist_x,right_wrist_y,thorax_x,thorax_y,left_shoulder_x,left_shoulder_y,left_elbow_x,left_elbow_y,left_wrist_x,left_wrist_y,pelvis_x,pelvis_y,right_hip_x,right_hip_y,right_knee_x,right_knee_y,right_ankle_x,right_ankle_y,left_hip_x,left_hip_y,left_knee_x,left_knee_y,left_ankle_x,left_ankle_y
0.3177083333333333,0.2921875,0.29270833333333335,0.5015625,0.19895833333333332,0.5390624999999999,0.453125,0.4828125,0.553125,0.6078125,0.278125,0.5359375,0.32395833333333335,0.5609375,0.415625,0.6046875,0.534375,0.6234375,0.24270833333333333,0.6140625,0.246875,0.49218749999999994,0.28854166666666664,0.5296875,0.121875,0.9609374999999999,0.278125,0.8546874999999999,0.37604166666666666,0.4296875,0.6322916666666667,0.5921874999999999
