head_top_x,head_top_y,upper_neck_x,upper_neck_y,right_shoulder_x,right_shoulder_y,right_elbow_x,right_elbow_y,right_wrist_x,right_wrist_y,thorax_x,thorax_y,left_shoulder_x,left_shoulder_y,left_elbow_x,left_elbow_y,left_wrist_x,left_wrist_y,pelvis_x,pelvis_y,right_hip_x,right_hip_y,right_knee_x,right_knee_y,right_ankle_x,right_ankle_y,left_hip_x,left_hip_y,left_knee_x,left_knee_y,left_ankle_x,left_ankle_y
0.334375,0.6277777777777778,0.421875,0.5611111111111112,0.41354166666666664,0.6055555555555555,0.44479166666666664,0.8203703703703703,0.471875,0.9351851851851851,0.40729166666666666,0.6018518518518517,0.3927083333333333,0.612962962962963,0.4114583333333333,0.8203703703703703,0.40729166666666666,0.9870370370370369,0.4114583333333333,0.6796296296296297,0.4114583333333333,0.6833333333333333,0.6927083333333334,0.6907407407407408,0.771875,0.4574074074074074,0.409375,0.6833333333333333,0.471875,0.8944444444444445,0.7447916666666666,0.39814814814814814
