head_top_x,head_top_y,upper_neck_x,upper_neck_y,right_shoulder_x,right_shoulder_y,right_elbow_x,right_elbow_y,right_wrist_x,right_wrist_y,thorax_x,thorax_y,left_shoulder_x,left_shoulder_y,left_elbow_x,left_elbow_y,left_wrist_x,left_wrist_y,pelvis_x,pelvis_y,right_hip_x,right_hip_y,right_knee_x,right_knee_y,right_ankle_x,right_ankle_y,left_hip_x,left_hip_y,left_knee_x,left_knee_y,left_ankle_x,left_ankle_y
0.2989583333333333,0.5722222222222223,0.409375,0.5833333333333334,0.49270833333333336,0.6240740740740741,0.5239583333333333,0.5240740740740741,0.5322916666666667,0.42777777777777776,0.37604166666666666,0.5722222222222223,0.315625,0.5351851851851852,0.340625,0.5796296296296296,0.534375,0.43518518518518523,0.3489583333333333,0.5944444444444444,0.346875,0.5981481481481481,0.5322916666666667,0.1759259259259259,0.746875,0.45370370370370366,0.35104166666666664,0.6166666666666667,0.48854166666666665,0.16111111111111112,0.43854166666666666,0.024074074074074088
