head_top_x,head_top_y,upper_neck_x,upper_neck_y,right_shoulder_x,right_shoulder_y,right_elbow_x,right_elbow_y,right_wrist_x,right_wrist_y,thorax_x,thorax_y,left_shoulder_x,left_shoulder_y,left_elbow_x,left_elbow_y,left_wrist_x,left_wrist_y,pelvis_x,pelvis_y,right_hip_x,right_hip_y,right_knee_x,right_knee_y,right_ankle_x,right_ankle_y,left_hip_x,left_hip_y,left_knee_x,left_knee_y,left_ankle_x,left_ankle_y
0.521875,0.1163671875,0.5052083333333334,0.4499609375000001,0.4322916666666667,0.48332031249999996,0.290625,0.5908116319444444,0.496875,0.6167578125000001,0.5052083333333334,0.47961371527777774,0.5697916666666667,0.5759852430555555,0.6885416666666667,0.564865451388889,0.6197916666666666,0.5685720486111112,0.5135416666666667,0.5240928819444445,0.43854166666666666,0.5166796875,0.29270833333333335,0.5908116319444444,0.43020833333333336,-0.0010416666666666667,0.5552083333333333,0.5352126736111111,0.8427083333333333,0.5945182291666666,0.5489583333333333,0.5871050347222222
