head_top_x,head_top_y,upper_neck_x,upper_neck_y,right_shoulder_x,right_shoulder_y,right_elbow_x,right_elbow_y,right_wrist_x,right_wrist_y,thorax_x,thorax_y,left_shoulder_x,left_shoulder_y,left_elbow_x,left_elbow_y,left_wrist_x,left_wrist_y,pelvis_x,pelvis_y,right_hip_x,right_hip_y,right_knee_x,right_knee_y,right_ankle_x,right_ankle_y,left_hip_x,left_hip_y,left_knee_x,left_knee_y,left_ankle_x,left_ankle_y
0.634375,0.26805555555555555,0.515625,0.29305555555555557,0.446875,0.2513888888888889,0.43854166666666666,0.24861111111111112,0.41770833333333335,0.3680555555555556,0.5635416666666667,0.3263888888888889,0.6552083333333333,0.4152777777777778,0.6489583333333333,0.5986111111111111,0.6114583333333333,0.7652777777777778,0.5760416666666667,0.3680555555555556,0.521875,0.3625,0.49270833333333336,0.5958333333333333,0.47604166666666664,0.8263888888888888,0.621875,0.37083333333333335,0.6489583333333333,0.6625,0.571875,0.6513888888888889
