head_top_x,head_top_y,upper_neck_x,upper_neck_y,right_shoulder_x,right_shoulder_y,right_elbow_x,right_elbow_y,right_wrist_x,right_wrist_y,thorax_x,thorax_y,left_shoulder_x,left_shoulder_y,left_elbow_x,left_elbow_y,left_wrist_x,left_wrist_y,pelvis_x,pelvis_y,right_hip_x,right_hip_y,right_knee_x,right_knee_y,right_ankle_x,right_ankle_y,left_hip_x,left_hip_y,left_knee_x,left_knee_y,left_ankle_x,left_ankle_y
0.615625,0.0944444444444444,0.7072916666666667,0.26111111111111107,0.659375,0.19444444444444445,0.603125,0.22407407407407406,0.5947916666666667,0.3611111111111111,0.6947916666666667,0.22777777777777775,0.715625,0.26481481481481484,0.6114583333333333,0.25,0.596875,0.3648148148148148,0.5114583333333333,0.2092592592592593,0.6010416666666667,0.25740740740740736,0.4510416666666667,0.1759259259259259,0.41770833333333335,0.34259259259259256,0.4822916666666667,0.19444444444444445,0.46145833333333336,0.14999999999999997,0.4239583333333333,0.3351851851851852
