head_top_x,head_top_y,upper_neck_x,upper_neck_y,right_shoulder_x,right_shoulder_y,right_elbow_x,right_elbow_y,right_wrist_x,right_wrist_y,thorax_x,thorax_y,left_shoulder_x,left_shoulder_y,left_elbow_x,left_elbow_y,left_wrist_x,left_wrist_y,pelvis_x,pelvis_y,right_hip_x,right_hip_y,right_knee_x,right_knee_y,right_ankle_x,right_ankle_y,left_hip_x,left_hip_y,left_knee_x,left_knee_y,left_ankle_x,left_ankle_y
0.853125,0.023702256944444472,0.728125,0.22015190972222226,0.7322916666666667,0.21644531250000004,0.5635416666666667,0.2386848958333334,0.44479166666666664,0.3906553819444445,0.7239583333333334,0.2349782986111111,0.7322916666666667,0.22385850694444448,0.5572916666666666,0.26463107638888894,0.453125,0.38324218750000005,0.5052083333333334,0.29799045138888897,0.48854166666666665,0.3239366319444445,0.36354166666666665,0.37212239583333334,0.296875,0.38694878472222227,0.509375,0.2868706597222222,0.371875,0.3610026041666667,0.32395833333333335,0.38324218750000005
