head_top_x,head_top_y,upper_neck_x,upper_neck_y,right_shoulder_x,right_shoulder_y,right_elbow_x,right_elbow_y,right_wrist_x,right_wrist_y,thorax_x,thorax_y,left_shoulder_x,left_shoulder_y,left_elbow_x,left_elbow_y,left_wrist_x,left_wrist_y,pelvis_x,pelvis_y,right_hip_x,right_hip_y,right_knee_x,right_knee_y,right_ankle_x,right_ankle_y,left_hip_x,left_hip_y,left_knee_x,left_knee_y,left_ankle_x,left_ankle_y
0.5114583333333333,-0.0010416666666666667,0.5135416666666667,0.18308593750000007,0.5302083333333333,0.1979123263888889,0.43020833333333336,0.4462543402777779,0.5239583333333333,0.564865451388889,0.5114583333333333,0.2016189236111111,0.553125,0.19049913194444448,0.5177083333333333,0.26092447916666667,0.534375,0.5463324652777777,0.46770833333333334,0.5945182291666666,0.47604166666666664,0.5833984375,0.6177083333333333,0.7613151041666667,0.9760416666666667,0.6167578125000001,0.4635416666666667,0.6019314236111111,0.3927083333333333,0.7131293402777777,0.640625,0.8391536458333334
