head_top_x,head_top_y,upper_neck_x,upper_neck_y,right_shoulder_x,right_shoulder_y,right_elbow_x,right_elbow_y,right_wrist_x,right_wrist_y,thorax_x,thorax_y,left_shoulder_x,left_shoulder_y,left_elbow_x,left_elbow_y,left_wrist_x,left_wrist_y,pelvis_x,pelvis_y,right_hip_x,right_hip_y,right_knee_x,right_knee_y,right_ankle_x,right_ankle_y,left_hip_x,left_hip_y,left_knee_x,left_knee_y,left_ankle_x,left_ankle_y
0.6072916666666667,-0.0010416666666666667,0.640625,0.26481481481481484,0.559375,0.22407407407407406,0.4739583333333333,0.38333333333333336,0.35520833333333335,0.42037037037037034,0.6427083333333333,0.27222222222222225,0.728125,0.3055555555555556,0.7802083333333333,0.5648148148148149,0.6864583333333333,0.5166666666666667,0.5739583333333333,0.661111111111111,0.528125,0.6203703703703705,0.44895833333333335,0.6499999999999999,0.440625,0.8500000000000001,0.621875,0.7092592592592593,0.5302083333333333,0.6722222222222223,0.5385416666666667,0.8907407407407408
