head_top_x,head_top_y,upper_neck_x,upper_neck_y,right_shoulder_x,right_shoulder_y,right_elbow_x,right_elbow_y,right_wrist_x,right_wrist_y,thorax_x,thorax_y,left_shoulder_x,left_shoulder_y,left_elbow_x,left_elbow_y,left_wrist_x,left_wrist_y,pelvis_x,pelvis_y,right_hip_x,right_hip_y,right_knee_x,right_knee_y,right_ankle_x,right_ankle_y,left_hip_x,left_hip_y,left_knee_x,left_knee_y,left_ankle_x,left_ankle_y
0.515625,0.07592592592592595,0.5177083333333333,0.34259259259259256,0.4322916666666667,0.3722222222222222,0.396875,0.6203703703703705,0.39479166666666665,0.8574074074074074,0.5177083333333333,0.38703703703703707,0.603125,0.4055555555555556,0.621875,0.6833333333333333,0.6260416666666667,0.9166666666666666,0.5072916666666667,0.8092592592592592,0.46145833333333336,0.8092592592592592,0.4739583333333333,1.0,0.378125,-0.0010416666666666667,0.5510416666666667,0.8129629629629629,0.5447916666666667,0.3240740740740741,0.346875,-0.0010416666666666667
