head_top_x,head_top_y,upper_neck_x,upper_neck_y,right_shoulder_x,right_shoulder_y,right_elbow_x,right_elbow_y,right_wrist_x,right_wrist_y,thorax_x,thorax_y,left_shoulder_x,left_shoulder_y,left_elbow_x,left_elbow_y,left_wrist_x,left_wrist_y,pelvis_x,pelvis_y,right_hip_x,right_hip_y,right_knee_x,right_knee_y,right_ankle_x,right_ankle_y,left_hip_x,left_hip_y,left_knee_x,left_knee_y,left_ankle_x,left_ankle_y
0.490625,0.2652777777777778,0.496875,0.45416666666666666,0.5302083333333333,0.4291666666666667,0.553125,0.5458333333333334,0.4947916666666667,0.5597222222222222,0.496875,0.4375,0.459375,0.44305555555555554,0.471875,0.5541666666666667,0.40729166666666666,0.6208333333333332,0.49895833333333334,0.6458333333333334,0.503125,0.6402777777777778,0.4739583333333333,0.8125,0.46770833333333334,0.9541666666666666,0.4947916666666667,0.6513888888888889,0.46770833333333334,0.8458333333333333,0.5697916666666667,0.9458333333333333
