head_top_x,head_top_y,upper_neck_x,upper_neck_y,right_shoulder_x,right_shoulder_y,right_elbow_x,right_elbow_y,right_wrist_x,right_wrist_y,thorax_x,thorax_y,left_shoulder_x,left_shoulder_y,left_elbow_x,left_elbow_y,left_wrist_x,left_wrist_y,pelvis_x,pelvis_y,right_hip_x,right_hip_y,right_knee_x,right_knee_y,right_ankle_x,right_ankle_y,left_hip_x,left_hip_y,left_knee_x,left_knee_y,left_ankle_x,left_ankle_y
0.25729166666666664,0.6427039930555556,0.390625,0.6983029513888889,0.3260416666666667,0.731662326388889,0.3614583333333333,0.6945963541666667,0.446875,0.5796918402777778,0.378125,0.6945963541666667,0.403125,0.5908116319444444,0.5072916666666667,0.5463324652777777,0.490625,0.41289496527777786,0.471875,0.5129730902777778,0.4552083333333333,0.5240928819444445,0.4197916666666667,0.564865451388889,0.4552083333333333,0.5092664930555556,0.459375,0.5055598958333334,0.49270833333333336,0.4647873263888889,0.471875,0.46849392361111114
