head_top_x,head_top_y,upper_neck_x,upper_neck_y,right_shoulder_x,right_shoulder_y,right_elbow_x,right_elbow_y,right_wrist_x,right_wrist_y,thorax_x,thorax_y,left_shoulder_x,left_shoulder_y,left_elbow_x,left_elbow_y,left_wrist_x,left_wrist_y,pelvis_x,pelvis_y,right_hip_x,right_hip_y,right_knee_x,right_knee_y,right_ankle_x,right_ankle_y,left_hip_x,left_hip_y,left_knee_x,left_knee_y,left_ankle_x,left_ankle_y
0.603125,0.07222222222222226,0.44895833333333335,0.23518518518518514,0.40520833333333334,0.3277777777777778,0.221875,0.7166666666666666,0.428125,0.8537037037037037,0.4239583333333333,0.25740740740740736,0.43020833333333336,0.19074074074074077,0.515625,0.5166666666666667,0.5489583333333333,0.7462962962962963,0.28229166666666666,0.6055555555555555,0.24895833333333334,0.6537037037037037,0.509375,0.8907407407407408,0.271875,0.7796296296296297,0.3302083333333333,0.5537037037037036,0.5302083333333333,0.8759259259259259,0.409375,0.7648148148148147
