head_top_x,head_top_y,upper_neck_x,upper_neck_y,right_shoulder_x,right_shoulder_y,right_elbow_x,right_elbow_y,right_wrist_x,right_wrist_y,thorax_x,thorax_y,left_shoulder_x,left_shoulder_y,left_elbow_x,left_elbow_y,left_wrist_x,left_wrist_y,pelvis_x,pelvis_y,right_hip_x,right_hip_y,right_knee_x,right_knee_y,right_ankle_x,right_ankle_y,left_hip_x,left_hip_y,left_knee_x,left_knee_y,left_ankle_x,left_ankle_y
0.6510416666666666,0.06111111111111109,0.5364583333333334,0.2796296296296296,0.609375,0.22037037037037038,0.665625,0.3351851851851852,0.7635416666666667,0.30185185185185187,0.571875,0.23148148148148145,0.534375,0.212962962962963,0.6489583333333333,0.2907407407407407,0.5197916666666667,0.47962962962962963,0.528125,0.37962962962962965,0.5239583333333333,0.39814814814814814,0.6677083333333333,0.29814814814814816,0.7052083333333333,0.2796296296296296,0.5322916666666667,0.37962962962962965,0.665625,0.30185185185185187,0.7572916666666667,0.5425925925925925
