head_top_x,head_top_y,upper_neck_x,upper_neck_y,right_shoulder_x,right_shoulder_y,right_elbow_x,right_elbow_y,right_wrist_x,right_wrist_y,thorax_x,thorax_y,left_shoulder_x,left_shoulder_y,left_elbow_x,left_elbow_y,left_wrist_x,left_wrist_y,pelvis_x,pelvis_y,right_hip_x,right_hip_y,right_knee_x,right_knee_y,right_ankle_x,right_ankle_y,left_hip_x,left_hip_y,left_knee_x,left_knee_y,left_ankle_x,left_ankle_y
0.6010416666666667,0.020370370370370348,0.6260416666666667,0.287037037037037,0.5677083333333334,0.2833333333333333,0.48854166666666665,0.2833333333333333,0.39479166666666665,0.2796296296296296,0.628125,0.29814814814814816,0.684375,0.30925925925925923,0.7364583333333333,0.35370370370370374,0.765625,0.3722222222222222,0.6177083333333333,0.6537037037037037,0.584375,0.6277777777777778,0.4552083333333333,0.7314814814814815,0.46145833333333336,0.9796296296296296,0.6489583333333333,0.6722222222222223,0.5239583333333333,0.7759259259259258,0.5385416666666667,1.0
