head_top_x,head_top_y,upper_neck_x,upper_neck_y,right_shoulder_x,right_shoulder_y,right_elbow_x,right_elbow_y,right_wrist_x,right_wrist_y,thorax_x,thorax_y,left_shoulder_x,left_shoulder_y,left_elbow_x,left_elbow_y,left_wrist_x,left_wrist_y,pelvis_x,pelvis_y,right_hip_x,right_hip_y,right_knee_x,right_knee_y,right_ankle_x,right_ankle_y,left_hip_x,left_hip_y,left_knee_x,left_knee_y,left_ankle_x,left_ankle_y
0.515625,0.0014626736111111166,0.5135416666666667,0.20903211805555563,0.44895833333333335,0.18308593750000007,0.3927083333333333,0.29799045138888897,0.446875,0.4017751736111111,0.5177083333333333,0.18679253472222226,0.5864583333333333,0.18679253472222226,0.6260416666666667,0.2868706597222222,0.6010416666666667,0.3610026041666667,0.515625,0.4573741319444445,0.4822916666666667,0.4610807291666667,0.44479166666666664,0.6834765625000001,0.40520833333333334,0.8799262152777777,0.5447916666666667,0.4573741319444445,0.553125,0.6945963541666667,0.5510416666666667,0.898459201388889
