head_top_x,head_top_y,upper_neck_x,upper_neck_y,right_shoulder_x,right_shoulder_y,right_elbow_x,right_elbow_y,right_wrist_x,right_wrist_y,thorax_x,thorax_y,left_shoulder_x,left_shoulder_y,left_elbow_x,left_elbow_y,left_wrist_x,left_wrist_y,pelvis_x,pelvis_y,right_hip_x,right_hip_y,right_knee_x,right_knee_y,right_ankle_x,right_ankle_y,left_hip_x,left_hip_y,left_knee_x,left_knee_y,left_ankle_x,left_ankle_y
0.49895833333333334,-0.0010416666666666667,0.5697916666666667,0.17361111111111108,0.46979166666666666,0.1958333333333333,0.4197916666666667,0.41250000000000003,0.334375,0.24305555555555558,0.578125,0.2041666666666667,0.6864583333333333,0.21805555555555553,0.6822916666666666,0.5930555555555556,0.42604166666666665,0.5430555555555556,0.5552083333333333,0.7680555555555556,0.4822916666666667,0.7541666666666668,0.3885416666666667,0.9375,0.328125,0.9513888888888888,0.628125,0.7736111111111111,0.6489583333333333,1.0,0.6239583333333333,-0.0010416666666666667
