head_top_x,head_top_y,upper_neck_x,upper_neck_y,right_shoulder_x,right_shoulder_y,right_elbow_x,right_elbow_y,right_wrist_x,right_wrist_y,thorax_x,thorax_y,left_shoulder_x,left_shoulder_y,left_elbow_x,left_elbow_y,left_wrist_x,left_wrist_y,pelvis_x,pelvis_y,right_hip_x,right_hip_y,right_knee_x,right_knee_y,right_ankle_x,right_ankle_y,left_hip_x,left_hip_y,left_knee_x,left_knee_y,left_ankle_x,left_ankle_y
0.41354166666666664,0.16111111111111112,0.303125,0.3611111111111111,0.25104166666666666,0.43518518518518523,0.153125,0.6870370370370371,0.31354166666666666,0.8055555555555556,0.28229166666666666,0.39444444444444443,0.31354166666666666,0.35000000000000003,0.28854166666666664,0.6277777777777778,0.46979166666666666,0.6351851851851852,0.16145833333333334,0.7314814814814815,0.12395833333333334,0.7796296296296297,0.303125,0.34259259259259256,0.584375,0.6796296296296297,0.2864583333333333,0.6574074074074073,0.30520833333333336,0.6907407407407408,0.3614583333333333,-0.0010416666666666667
