head_top_x,head_top_y,upper_neck_x,upper_neck_y,right_shoulder_x,right_shoulder_y,right_elbow_x,right_elbow_y,right_wrist_x,right_wrist_y,thorax_x,thorax_y,left_shoulder_x,left_shoulder_y,left_elbow_x,left_elbow_y,left_wrist_x,left_wrist_y,pelvis_x,pelvis_y,right_hip_x,right_hip_y,right_knee_x,right_knee_y,right_ankle_x,right_ankle_y,left_hip_x,left_hip_y,left_knee_x,left_knee_y,left_ankle_x,left_ankle_y
0.5760416666666667,0.31296296296296294,0.48020833333333335,0.42777777777777776,0.49270833333333336,0.35370370370370374,0.5052083333333334,0.5425925925925925,0.48854166666666665,0.575925925925926,0.4864583333333333,0.34259259259259256,0.48020833333333335,0.36851851851851847,0.4947916666666667,0.5351851851851852,0.484375,0.575925925925926,0.3802083333333333,0.3722222222222222,0.521875,0.5499999999999999,0.49270833333333336,0.5462962962962963,0.24895833333333334,0.412962962962963,0.503125,0.4833333333333333,0.5010416666666667,0.5388888888888889,0.24895833333333334,0.3722222222222222
