head_top_x,head_top_y,upper_neck_x,upper_neck_y,right_shoulder_x,right_shoulder_y,right_elbow_x,right_elbow_y,right_wrist_x,right_wrist_y,thorax_x,thorax_y,left_shoulder_x,left_shoulder_y,left_elbow_x,left_elbow_y,left_wrist_x,left_wrist_y,pelvis_x,pelvis_y,right_hip_x,right_hip_y,right_knee_x,right_knee_y,right_ankle_x,right_ankle_y,left_hip_x,left_hip_y,left_knee_x,left_knee_y,left_ankle_x,left_ankle_y
0.568359375,0.024305555555555556,0.576171875,0.2743055555555556,0.509765625,0.2534722222222222,0.490234375,0.4479166666666667,0.505859375,0.6145833333333334,0.572265625,0.2604166666666667,0.634765625,0.28125,0.603515625,0.4756944444444444,0.541015625,0.6215277777777778,0.572265625,0.4826388888888889,0.529296875,0.4826388888888889,0.462890625,0.6909722222222222,0.478515625,0.8020833333333334,0.603515625,0.4826388888888889,0.626953125,0.7673611111111112,0.576171875,0.6423611111111112
