head_top_x,head_top_y,upper_neck_x,upper_neck_y,right_shoulder_x,right_shoulder_y,right_elbow_x,right_elbow_y,right_wrist_x,right_wrist_y,thorax_x,thorax_y,left_shoulder_x,left_shoulder_y,left_elbow_x,left_elbow_y,left_wrist_x,left_wrist_y,pelvis_x,pelvis_y,right_hip_x,right_hip_y,right_knee_x,right_knee_y,right_ankle_x,right_ankle_y,left_hip_x,left_hip_y,left_knee_x,left_knee_y,left_ankle_x,left_ankle_y
0.541015625,0.3090277777777778,0.525390625,0.5381944444444444,0.458984375,0.4756944444444444,0.380859375,0.5798611111111112,0.357421875,0.6770833333333334,0.525390625,0.46875,0.587890625,0.4895833333333333,0.642578125,0.6215277777777778,0.654296875,0.7048611111111112,0.509765625,0.5173611111111112,0.482421875,0.4479166666666667,0.490234375,0.3229166666666667,0.494140625,0.7048611111111112,0.525390625,0.5590277777777778,0.548828125,0.3784722222222222,0.486328125,0.7118055555555556
