head_top_x,head_top_y,upper_neck_x,upper_neck_y,right_shoulder_x,right_shoulder_y,right_elbow_x,right_elbow_y,right_wrist_x,right_wrist_y,thorax_x,thorax_y,left_shoulder_x,left_shoulder_y,left_elbow_x,left_elbow_y,left_wrist_x,left_wrist_y,pelvis_x,pelvis_y,right_hip_x,right_hip_y,right_knee_x,right_knee_y,right_ankle_x,right_ankle_y,left_hip_x,left_hip_y,left_knee_x,left_knee_y,left_ankle_x,left_ankle_y
0.591796875,0.1076388888888889,0.490234375,0.1909722222222222,0.435546875,0.3090277777777778,0.486328125,0.4131944444444444,0.548828125,0.4548611111111111,0.482421875,0.1909722222222222,0.533203125,0.17708333333333334,0.544921875,0.3645833333333333,0.591796875,0.4756944444444444,0.541015625,0.5243055555555556,0.521484375,0.5173611111111112,0.517578125,0.6145833333333334,0.583984375,0.6701388888888888,0.568359375,0.4965277777777778,0.568359375,0.6215277777777778,0.587890625,0.6076388888888888
