head_top_x,head_top_y,upper_neck_x,upper_neck_y,right_shoulder_x,right_shoulder_y,right_elbow_x,right_elbow_y,right_wrist_x,right_wrist_y,thorax_x,thorax_y,left_shoulder_x,left_shoulder_y,left_elbow_x,left_elbow_y,left_wrist_x,left_wrist_y,pelvis_x,pelvis_y,right_hip_x,right_hip_y,right_knee_x,right_knee_y,right_ankle_x,right_ankle_y,left_hip_x,left_hip_y,left_knee_x,left_knee_y,left_ankle_x,left_ankle_y
0.517578125,0.1284722222222222,0.568359375,0.3715277777777778,0.451171875,0.3854166666666667,0.349609375,0.6006944444444444,0.333984375,0.7118055555555556,0.560546875,0.3715277777777778,0.646484375,0.3368055555555556,0.857421875,0.5243055555555556,0.767578125,0.71875,0.607421875,0.4756944444444444,0.548828125,0.5104166666666666,0.322265625,0.8020833333333334,0.779296875,0.6909722222222222,0.708984375,0.3576388888888889,0.853515625,0.5034722222222222,0.775390625,0.7256944444444444
