head_top_x,head_top_y,upper_neck_x,upper_neck_y,right_shoulder_x,right_shoulder_y,right_elbow_x,right_elbow_y,right_wrist_x,right_wrist_y,thorax_x,thorax_y,left_shoulder_x,left_shoulder_y,left_elbow_x,left_elbow_y,left_wrist_x,left_wrist_y,pelvis_x,pelvis_y,right_hip_x,right_hip_y,right_knee_x,right_knee_y,right_ankle_x,right_ankle_y,left_hip_x,left_hip_y,left_knee_x,left_knee_y,left_ankle_x,left_ankle_y
0.189453125,0.3645833333333333,0.291015625,0.4201388888888889,0.314453125,0.3993055555555556,0.470703125,0.3784722222222222,0.369140625,0.5173611111111112,0.490234375,0.19791666666666666,0.294921875,0.40625,0.486328125,0.3715277777777778,0.376953125,0.53125,0.525390625,0.4618055555555556,0.494140625,0.4756944444444444,0.505859375,0.7118055555555556,0.513671875,0.65625,0.505859375,0.46875,0.498046875,0.71875,0.513671875,0.9131944444444444
