head_top_x,head_top_y,upper_neck_x,upper_neck_y,right_shoulder_x,right_shoulder_y,right_elbow_x,right_elbow_y,right_wrist_x,right_wrist_y,thorax_x,thorax_y,left_shoulder_x,left_shoulder_y,left_elbow_x,left_elbow_y,left_wrist_x,left_wrist_y,pelvis_x,pelvis_y,right_hip_x,right_hip_y,right_knee_x,right_knee_y,right_ankle_x,right_ankle_y,left_hip_x,left_hip_y,left_knee_x,left_knee_y,left_ankle_x,left_ankle_y
0.630859375,0.2048611111111111,0.525390625,0.3923611111111111,0.451171875,0.3159722222222222,0.388671875,0.4756944444444444,0.455078125,0.3993055555555556,0.521484375,0.3923611111111111,0.580078125,0.4340277777777778,0.669921875,0.4826388888888889,0.525390625,0.3784722222222222,0.505859375,0.6423611111111112,0.478515625,0.6493055555555556,0.525390625,0.6840277777777778,0.498046875,0.6909722222222222,0.533203125,0.6423611111111112,0.552734375,0.6770833333333334,0.619140625,0.8229166666666666
