head_top_x,head_top_y,upper_neck_x,upper_neck_y,right_shoulder_x,right_shoulder_y,right_elbow_x,right_elbow_y,right_wrist_x,right_wrist_y,thorax_x,thorax_y,left_shoulder_x,left_shoulder_y,left_elbow_x,left_elbow_y,left_wrist_x,left_wrist_y,pelvis_x,pelvis_y,right_hip_x,right_hip_y,right_knee_x,right_knee_y,right_ankle_x,right_ankle_y,left_hip_x,left_hip_y,left_knee_x,left_knee_y,left_ankle_x,left_ankle_y
0.494140625,0.23177083333333334,0.513671875,0.4401041666666667,0.388671875,0.5130208333333334,0.341796875,0.7734375,0.298828125,0.6692708333333334,0.513671875,0.4921875,0.634765625,0.4921875,0.697265625,0.7421875,0.634765625,0.7161458333333334,0.525390625,0.8828125,0.435546875,0.4348958333333333,0.271484375,0.5911458333333334,0.412109375,0.7630208333333334,0.599609375,0.8984375,0.802734375,0.0234375,0.556640625,1.0
