head_top_x,head_top_y,upper_neck_x,upper_neck_y,right_shoulder_x,right_shoulder_y,right_elbow_x,right_elbow_y,right_wrist_x,right_wrist_y,thorax_x,thorax_y,left_shoulder_x,left_shoulder_y,left_elbow_x,left_elbow_y,left_wrist_x,left_wrist_y,pelvis_x,pelvis_y,right_hip_x,right_hip_y,right_knee_x,right_knee_y,right_ankle_x,right_ankle_y,left_hip_x,left_hip_y,left_knee_x,left_knee_y,left_ankle_x,left_ankle_y
0.552734375,0.2259033203125,0.447265625,0.3589599609375,0.412109375,0.4228271484375,0.505859375,0.6676513671875,0.619140625,0.7049072265624999,0.423828125,0.39089355468750003,0.431640625,0.3483154296875,0.513671875,0.4866943359375,0.595703125,0.5718505859375,0.318359375,0.6676513671875,0.294921875,0.6889404296875,0.599609375,0.7528076171875,0.509765625,0.9124755859375,0.330078125,0.6463623046875,0.607421875,0.7421630859375,0.517578125,0.8858642578125
