head_top_x,head_top_y,upper_neck_x,upper_neck_y,right_shoulder_x,right_shoulder_y,right_elbow_x,right_elbow_y,right_wrist_x,right_wrist_y,thorax_x,thorax_y,left_shoulder_x,left_shoulder_y,left_elbow_x,left_elbow_y,left_wrist_x,left_wrist_y,pelvis_x,pelvis_y,right_hip_x,right_hip_y,right_knee_x,right_knee_y,right_ankle_x,right_ankle_y,left_hip_x,left_hip_y,left_knee_x,left_knee_y,left_ankle_x,left_ankle_y
0.513671875,0.05488281249999999,0.517578125,0.3033203125,0.423828125,0.3447265625,0.345703125,0.5586588541666667,0.365234375,0.4689453125,0.513671875,0.3447265625,0.603515625,0.35162760416666666,0.619140625,0.5862630208333334,0.564453125,0.5448567708333333,0.490234375,0.7380859375,0.439453125,0.7311848958333333,0.361328125,0.8692057291666667,0.416015625,0.9658203124999999,0.544921875,0.7380859375,0.556640625,0.6897786458333334,0.341796875,0.5931640625
