head_top_x,head_top_y,upper_neck_x,upper_neck_y,right_shoulder_x,right_shoulder_y,right_elbow_x,right_elbow_y,right_wrist_x,right_wrist_y,thorax_x,thorax_y,left_shoulder_x,left_shoulder_y,left_elbow_x,left_elbow_y,left_wrist_x,left_wrist_y,pelvis_x,pelvis_y,right_hip_x,right_hip_y,right_knee_x,right_knee_y,right_ankle_x,right_ankle_y,left_hip_x,left_hip_y,left_knee_x,left_knee_y,left_ankle_x,left_ankle_y
0.396484375,0.08248697916666665,0.388671875,0.31712239583333335,0.310546875,0.3654296875,0.259765625,0.6069661458333333,0.287109375,0.5103515625,0.388671875,0.35162760416666666,0.462890625,0.33782552083333334,0.509765625,0.5241536458333333,0.583984375,0.6207682291666666,0.416015625,0.7380859375,0.373046875,0.7518880208333334,0.369140625,0.9727213541666666,0.357421875,1.0,0.458984375,0.7173828125,0.455078125,0.8761067708333333,0.533203125,1.0
