head_top_x,head_top_y,upper_neck_x,upper_neck_y,right_shoulder_x,right_shoulder_y,right_elbow_x,right_elbow_y,right_wrist_x,right_wrist_y,thorax_x,thorax_y,left_shoulder_x,left_shoulder_y,left_elbow_x,left_elbow_y,left_wrist_x,left_wrist_y,pelvis_x,pelvis_y,right_hip_x,right_hip_y,right_knee_x,right_knee_y,right_ankle_x,right_ankle_y,left_hip_x,left_hip_y,left_knee_x,left_knee_y,left_ankle_x,left_ankle_y
0.392578125,0.12478027343749998,0.482421875,0.14074707031249997,0.341796875,0.18864746093749998,0.267578125,0.26848144531249996,0.314453125,0.18332519531249997,0.466796875,0.13542480468749998,0.470703125,0.2525146484375,0.501953125,0.4228271484375,0.423828125,0.3802490234375,0.611328125,0.3429931640625,0.560546875,0.3536376953125,0.583984375,0.6570068359375,0.712890625,0.9018310546875,0.666015625,0.3429931640625,0.634765625,0.6410400390625,0.619140625,0.5186279296875
