head_top_x,head_top_y,upper_neck_x,upper_neck_y,right_shoulder_x,right_shoulder_y,right_elbow_x,right_elbow_y,right_wrist_x,right_wrist_y,thorax_x,thorax_y,left_shoulder_x,left_shoulder_y,left_elbow_x,left_elbow_y,left_wrist_x,left_wrist_y,pelvis_x,pelvis_y,right_hip_x,right_hip_y,right_knee_x,right_knee_y,right_ankle_x,right_ankle_y,left_hip_x,left_hip_y,left_knee_x,left_knee_y,left_ankle_x,left_ankle_y
0.693359375,0.0234375,0.677734375,0.22135416666666666,0.806640625,0.2838541666666667,0.755859375,0.5442708333333334,0.498046875,0.5651041666666666,0.677734375,0.2838541666666667,0.564453125,0.2734375,0.416015625,0.4244791666666667,0.681640625,0.6953125,0.623046875,0.6276041666666666,0.576171875,0.6119791666666666,0.447265625,0.6536458333333334,0.373046875,0.8046875,0.583984375,0.6015625,0.466796875,0.6432291666666666,0.408203125,0.9296875
