head_top_x,head_top_y,upper_neck_x,upper_neck_y,right_shoulder_x,right_shoulder_y,right_elbow_x,right_elbow_y,right_wrist_x,right_wrist_y,thorax_x,thorax_y,left_shoulder_x,left_shoulder_y,left_elbow_x,left_elbow_y,left_wrist_x,left_wrist_y,pelvis_x,pelvis_y,right_hip_x,right_hip_y,right_knee_x,right_knee_y,right_ankle_x,right_ankle_y,left_hip_x,left_hip_y,left_knee_x,left_knee_y,left_ankle_x,left_ankle_y
0.474609375,0.2392578125,0.455078125,0.4326171875,0.400390625,0.4560546875,0.357421875,0.6259765625,0.369140625,0.6142578125,0.451171875,0.4619140625,0.509765625,0.4443359375,0.537109375,0.5263671875,0.556640625,0.5966796875,0.458984375,0.7548828125,0.427734375,0.7548828125,0.474609375,0.9892578125,0.474609375,0.9892578125,0.490234375,0.7490234375,0.669921875,0.8017578125,0.486328125,0.9951171875
