head_top_x,head_top_y,upper_neck_x,upper_neck_y,right_shoulder_x,right_shoulder_y,right_elbow_x,right_elbow_y,right_wrist_x,right_wrist_y,thorax_x,thorax_y,left_shoulder_x,left_shoulder_y,left_elbow_x,left_elbow_y,left_wrist_x,left_wrist_y,pelvis_x,pelvis_y,right_hip_x,right_hip_y,right_knee_x,right_knee_y,right_ankle_x,right_ankle_y,left_hip_x,left_hip_y,left_knee_x,left_knee_y,left_ankle_x,left_ankle_y
0.486328125,0.8020833333333334,0.537109375,0.59375,0.419921875,0.6354166666666666,0.349609375,0.8020833333333334,0.271484375,0.4756944444444444,0.525390625,0.6215277777777778,0.611328125,0.6631944444444444,0.509765625,0.4201388888888889,0.431640625,0.28125,0.384765625,0.4201388888888889,0.341796875,0.4270833333333333,0.341796875,0.3645833333333333,0.333984375,0.8715277777777778,0.423828125,0.40625,0.376953125,0.5381944444444444,0.451171875,0.6145833333333334
