head_top_x,head_top_y,upper_neck_x,upper_neck_y,right_shoulder_x,right_shoulder_y,right_elbow_x,right_elbow_y,right_wrist_x,right_wrist_y,thorax_x,thorax_y,left_shoulder_x,left_shoulder_y,left_elbow_x,left_elbow_y,left_wrist_x,left_wrist_y,pelvis_x,pelvis_y,right_hip_x,right_hip_y,right_knee_x,right_knee_y,right_ankle_x,right_ankle_y,left_hip_x,left_hip_y,left_knee_x,left_knee_y,left_ankle_x,left_ankle_y
0.556640625,0.017361111111111112,0.556640625,0.010416666666666666,0.505859375,0.059027777777777776,0.443359375,0.2951388888888889,0.435546875,0.4826388888888889,0.560546875,0.024305555555555556,0.619140625,0.07291666666666667,0.626953125,0.28125,0.630859375,0.4756944444444444,0.513671875,0.4548611111111111,0.474609375,0.4340277777777778,0.447265625,0.7326388888888888,0.333984375,0.7951388888888888,0.556640625,0.4479166666666667,0.568359375,0.6770833333333334,0.583984375,0.9548611111111112
