head_top_x,head_top_y,upper_neck_x,upper_neck_y,right_shoulder_x,right_shoulder_y,right_elbow_x,right_elbow_y,right_wrist_x,right_wrist_y,thorax_x,thorax_y,left_shoulder_x,left_shoulder_y,left_elbow_x,left_elbow_y,left_wrist_x,left_wrist_y,pelvis_x,pelvis_y,right_hip_x,right_hip_y,right_knee_x,right_knee_y,right_ankle_x,right_ankle_y,left_hip_x,left_hip_y,left_knee_x,left_knee_y,left_ankle_x,left_ankle_y
0.544921875,0.05761718750000001,0.666015625,0.1455078125,0.634765625,0.2333984375,0.669921875,0.3740234375,0.626953125,0.4326171875,0.677734375,0.1572265625,0.732421875,0.0986328125,0.822265625,0.2919921875,0.826171875,0.4970703125,0.494140625,0.5380859375,0.478515625,0.5087890625,0.341796875,0.8427734375,0.400390625,1.0,0.513671875,0.5556640625,0.634765625,0.7724609375,0.412109375,1.0
