head_top_x,head_top_y,upper_neck_x,upper_neck_y,right_shoulder_x,right_shoulder_y,right_elbow_x,right_elbow_y,right_wrist_x,right_wrist_y,thorax_x,thorax_y,left_shoulder_x,left_shoulder_y,left_elbow_x,left_elbow_y,left_wrist_x,left_wrist_y,pelvis_x,pelvis_y,right_hip_x,right_hip_y,right_knee_x,right_knee_y,right_ankle_x,right_ankle_y,left_hip_x,left_hip_y,left_knee_x,left_knee_y,left_ankle_x,left_ankle_y
0.185546875,0.05175781250000001,0.326171875,0.0986328125,0.310546875,0.1923828125,0.376953125,0.3505859375,0.451171875,0.4384765625,0.361328125,0.1103515625,0.419921875,0.0634765625,0.537109375,0.2216796875,0.595703125,0.4853515625,0.482421875,0.4736328125,0.435546875,0.4912109375,0.513671875,0.7958984375,0.482421875,1.0,0.525390625,0.4443359375,0.564453125,0.7431640625,0.509765625,1.0
