head_top_x,head_top_y,upper_neck_x,upper_neck_y,right_shoulder_x,right_shoulder_y,right_elbow_x,right_elbow_y,right_wrist_x,right_wrist_y,thorax_x,thorax_y,left_shoulder_x,left_shoulder_y,left_elbow_x,left_elbow_y,left_wrist_x,left_wrist_y,pelvis_x,pelvis_y,right_hip_x,right_hip_y,right_knee_x,right_knee_y,right_ankle_x,right_ankle_y,left_hip_x,left_hip_y,left_knee_x,left_knee_y,left_ankle_x,left_ankle_y
0.740234375,0.13541666666666666,0.736328125,0.3715277777777778,0.712890625,0.3715277777777778,0.646484375,0.5451388888888888,0.580078125,0.7118055555555556,0.736328125,0.3784722222222222,0.701171875,0.3715277777777778,0.634765625,0.5590277777777778,0.564453125,0.7118055555555556,0.728515625,0.7118055555555556,0.712890625,0.6979166666666666,0.572265625,0.8993055555555556,0.548828125,0.9479166666666666,0.724609375,0.7048611111111112,0.552734375,0.9201388888888888,0.490234375,0.8923611111111112
