head_top_x,head_top_y,upper_neck_x,upper_neck_y,right_shoulder_x,right_shoulder_y,right_elbow_x,right_elbow_y,right_wrist_x,right_wrist_y,thorax_x,thorax_y,left_shoulder_x,left_shoulder_y,left_elbow_x,left_elbow_y,left_wrist_x,left_wrist_y,pelvis_x,pelvis_y,right_hip_x,right_hip_y,right_knee_x,right_knee_y,right_ankle_x,right_ankle_y,left_hip_x,left_hip_y,left_knee_x,left_knee_y,left_ankle_x,left_ankle_y
0.357421875,0.6631944444444444,0.455078125,0.5034722222222222,0.353515625,0.10069444444444445,0.353515625,0.3854166666666667,0.376953125,0.34375,0.455078125,0.059027777777777776,0.544921875,0.04513888888888889,0.583984375,0.1909722222222222,0.595703125,0.46875,0.474609375,0.21875,0.427734375,0.23958333333333334,0.408203125,0.59375,0.466796875,0.9340277777777778,0.529296875,0.1909722222222222,0.583984375,0.6215277777777778,0.619140625,1.0
