head_top_x,head_top_y,upper_neck_x,upper_neck_y,right_shoulder_x,right_shoulder_y,right_elbow_x,right_elbow_y,right_wrist_x,right_wrist_y,thorax_x,thorax_y,left_shoulder_x,left_shoulder_y,left_elbow_x,left_elbow_y,left_wrist_x,left_wrist_y,pelvis_x,pelvis_y,right_hip_x,right_hip_y,right_knee_x,right_knee_y,right_ankle_x,right_ankle_y,left_hip_x,left_hip_y,left_knee_x,left_knee_y,left_ankle_x,left_ankle_y
0.599609375,0.2526041666666667,0.564453125,0.3671875,0.455078125,0.23697916666666666,0.400390625,0.3619791666666667,0.408203125,0.3567708333333333,0.556640625,0.2890625,0.642578125,0.3255208333333333,0.638671875,0.6015625,0.611328125,0.7682291666666666,0.541015625,0.3671875,0.490234375,0.3880208333333333,0.486328125,0.6067708333333334,0.478515625,0.8515625,0.580078125,0.3880208333333333,0.638671875,0.5598958333333334,0.615234375,0.7786458333333334
