head_top_x,head_top_y,upper_neck_x,upper_neck_y,right_shoulder_x,right_shoulder_y,right_elbow_x,right_elbow_y,right_wrist_x,right_wrist_y,thorax_x,thorax_y,left_shoulder_x,left_shoulder_y,left_elbow_x,left_elbow_y,left_wrist_x,left_wrist_y,pelvis_x,pelvis_y,right_hip_x,right_hip_y,right_knee_x,right_knee_y,right_ankle_x,right_ankle_y,left_hip_x,left_hip_y,left_knee_x,left_knee_y,left_ankle_x,left_ankle_y
0.462890625,0.06597222222222222,0.505859375,0.3020833333333333,0.478515625,0.3159722222222222,0.439453125,0.40625,0.380859375,0.4826388888888889,0.505859375,0.3090277777777778,0.541015625,0.3020833333333333,0.603515625,0.3923611111111111,0.615234375,0.5659722222222222,0.576171875,0.59375,0.552734375,0.59375,0.521484375,0.7256944444444444,0.583984375,0.71875,0.587890625,0.5798611111111112,0.708984375,0.6076388888888888,0.599609375,0.7604166666666666
