head_top_x,head_top_y,upper_neck_x,upper_neck_y,right_shoulder_x,right_shoulder_y,right_elbow_x,right_elbow_y,right_wrist_x,right_wrist_y,thorax_x,thorax_y,left_shoulder_x,left_shoulder_y,left_elbow_x,left_elbow_y,left_wrist_x,left_wrist_y,pelvis_x,pelvis_y,right_hip_x,right_hip_y,right_knee_x,right_knee_y,right_ankle_x,right_ankle_y,left_hip_x,left_hip_y,left_knee_x,left_knee_y,left_ankle_x,left_ankle_y
0.865234375,0.09343261718750002,0.728515625,0.19073079427083336,0.701171875,0.20463053385416669,0.529296875,0.1629313151041667,0.470703125,0.38532714843750004,0.705078125,0.19768066406250004,0.697265625,0.19768066406250004,0.556640625,0.21853027343750003,0.482421875,0.38532714843750004,0.486328125,0.2880289713541667,0.474609375,0.2949788411458334,0.439453125,0.5521240234375,0.951171875,0.030883789062500014,0.505859375,0.3088785807291667,0.482421875,0.5451741536458333,0.486328125,0.8231689453125001
