head_top_x,head_top_y,upper_neck_x,upper_neck_y,right_shoulder_x,right_shoulder_y,right_elbow_x,right_elbow_y,right_wrist_x,right_wrist_y,thorax_x,thorax_y,left_shoulder_x,left_shoulder_y,left_elbow_x,left_elbow_y,left_wrist_x,left_wrist_y,pelvis_x,pelvis_y,right_hip_x,right_hip_y,right_knee_x,right_knee_y,right_ankle_x,right_ankle_y,left_hip_x,left_hip_y,left_knee_x,left_knee_y,left_ankle_x,left_ankle_y
0.771484375,0.0026041666666666665,0.732421875,0.19010416666666666,0.759765625,0.2109375,0.689453125,0.3515625,0.611328125,0.4765625,0.724609375,0.21614583333333334,0.755859375,0.20052083333333334,0.607421875,0.3046875,0.626953125,0.4505208333333333,0.658203125,0.5234375,0.673828125,0.5234375,0.623046875,0.8307291666666666,0.556640625,1.0,0.642578125,0.5234375,0.623046875,0.8255208333333334,0.564453125,1.0
