head_top_x,head_top_y,upper_neck_x,upper_neck_y,right_shoulder_x,right_shoulder_y,right_elbow_x,right_elbow_y,right_wrist_x,right_wrist_y,thorax_x,thorax_y,left_shoulder_x,left_shoulder_y,left_elbow_x,left_elbow_y,left_wrist_x,left_wrist_y,pelvis_x,pelvis_y,right_hip_x,right_hip_y,right_knee_x,right_knee_y,right_ankle_x,right_ankle_y,left_hip_x,left_hip_y,left_knee_x,left_knee_y,left_ankle_x,left_ankle_y
0.419921875,0.2743055555555556,0.537109375,0.3645833333333333,0.552734375,0.3576388888888889,0.615234375,0.4895833333333333,0.646484375,0.6770833333333334,0.533203125,0.3715277777777778,0.576171875,0.3923611111111111,0.642578125,0.5243055555555556,0.673828125,0.6909722222222222,0.677734375,0.4826388888888889,0.654296875,0.4895833333333333,0.599609375,0.71875,0.599609375,0.9340277777777778,0.701171875,0.4826388888888889,0.689453125,0.7951388888888888,0.587890625,0.9270833333333334
