head_top_x,head_top_y,upper_neck_x,upper_neck_y,right_shoulder_x,right_shoulder_y,right_elbow_x,right_elbow_y,right_wrist_x,right_wrist_y,thorax_x,thorax_y,left_shoulder_x,left_shoulder_y,left_elbow_x,left_elbow_y,left_wrist_x,left_wrist_y,pelvis_x,pelvis_y,right_hip_x,right_hip_y,right_knee_x,right_knee_y,right_ankle_x,right_ankle_y,left_hip_x,left_hip_y,left_knee_x,left_knee_y,left_ankle_x,left_ankle_y
0.302734375,0.37837727864583337,0.412109375,0.40617675781250007,0.404296875,0.4131266276041667,0.333984375,0.5521240234375,0.396484375,0.27412923177083337,0.361328125,0.4339762369791667,0.423828125,0.40617675781250007,0.326171875,0.5590738932291667,0.404296875,0.2880289713541667,0.384765625,0.37837727864583337,0.384765625,0.34362792968750006,0.330078125,0.37837727864583337,0.302734375,0.6424723307291667,0.408203125,0.3922770182291667,0.322265625,0.3714274088541667,0.298828125,0.6424723307291667
