head_top_x,head_top_y,upper_neck_x,upper_neck_y,right_shoulder_x,right_shoulder_y,right_elbow_x,right_elbow_y,right_wrist_x,right_wrist_y,thorax_x,thorax_y,left_shoulder_x,left_shoulder_y,left_elbow_x,left_elbow_y,left_wrist_x,left_wrist_y,pelvis_x,pelvis_y,right_hip_x,right_hip_y,right_knee_x,right_knee_y,right_ankle_x,right_ankle_y,left_hip_x,left_hip_y,left_knee_x,left_knee_y,left_ankle_x,left_ankle_y
0.533203125,0.08648274739583335,0.513671875,0.2254801432291667,0.451171875,0.19768066406250004,0.388671875,0.3088785807291667,0.447265625,0.42702636718750003,0.517578125,0.20463053385416669,0.591796875,0.20463053385416669,0.634765625,0.32277832031250003,0.587890625,0.3922770182291667,0.513671875,0.42702636718750003,0.478515625,0.4339762369791667,0.451171875,0.6633219401041667,0.396484375,0.8579182942708333,0.544921875,0.4339762369791667,0.544921875,0.6702718098958333,0.548828125,0.9274169921875001
