head_top_x,head_top_y,upper_neck_x,upper_neck_y,right_shoulder_x,right_shoulder_y,right_elbow_x,right_elbow_y,right_wrist_x,right_wrist_y,thorax_x,thorax_y,left_shoulder_x,left_shoulder_y,left_elbow_x,left_elbow_y,left_wrist_x,left_wrist_y,pelvis_x,pelvis_y,right_hip_x,right_hip_y,right_knee_x,right_knee_y,right_ankle_x,right_ankle_y,left_hip_x,left_hip_y,left_knee_x,left_knee_y,left_ankle_x,left_ankle_y
0.208984375,0.3784722222222222,0.439453125,0.21875,0.388671875,0.3229166666666667,0.380859375,0.2881944444444444,0.373046875,0.13541666666666666,0.451171875,0.2326388888888889,0.533203125,0.16319444444444445,0.556640625,0.1423611111111111,0.537109375,0.3229166666666667,0.490234375,0.4618055555555556,0.482421875,0.5659722222222222,0.513671875,0.65625,0.615234375,0.7673611111111112,0.521484375,0.46875,0.634765625,0.78125,0.642578125,0.7256944444444444
