head_top_x,head_top_y,upper_neck_x,upper_neck_y,right_shoulder_x,right_shoulder_y,right_elbow_x,right_elbow_y,right_wrist_x,right_wrist_y,thorax_x,thorax_y,left_shoulder_x,left_shoulder_y,left_elbow_x,left_elbow_y,left_wrist_x,left_wrist_y,pelvis_x,pelvis_y,right_hip_x,right_hip_y,right_knee_x,right_knee_y,right_ankle_x,right_ankle_y,left_hip_x,left_hip_y,left_knee_x,left_knee_y,left_ankle_x,left_ankle_y
0.365234375,0.14930555555555555,0.404296875,0.3715277777777778,0.412109375,0.3784722222222222,0.431640625,0.5243055555555556,0.482421875,0.59375,0.431640625,0.3576388888888889,0.447265625,0.3715277777777778,0.474609375,0.4965277777777778,0.498046875,0.5868055555555556,0.451171875,0.7326388888888888,0.439453125,0.7326388888888888,0.353515625,-0.001953125,0.353515625,-0.001953125,0.455078125,0.6979166666666666,0.095703125,1.0,0.369140625,0.024305555555555556
