head_top_x,head_top_y,upper_neck_x,upper_neck_y,right_shoulder_x,right_shoulder_y,right_elbow_x,right_elbow_y,right_wrist_x,right_wrist_y,thorax_x,thorax_y,left_shoulder_x,left_shoulder_y,left_elbow_x,left_elbow_y,left_wrist_x,left_wrist_y,pelvis_x,pelvis_y,right_hip_x,right_hip_y,right_knee_x,right_knee_y,right_ankle_x,right_ankle_y,left_hip_x,left_hip_y,left_knee_x,left_knee_y,left_ankle_x,left_ankle_y
0.7241552358648377,0.234375,0.6840080294412846,0.37276785714285715,0.6304784208765473,0.3950892857142857,0.6572432251589161,0.4888392857142857,0.7576112412177985,0.5245535714285714,0.6773168283706925,0.3861607142857143,0.7174640347942455,0.3861607142857143,0.7308464369354298,0.46205357142857145,0.8044496487119438,0.515625,0.6773168283706925,0.5736607142857143,0.6572432251589161,0.5736607142857143,0.7107728337236534,0.7388392857142857,0.777684844429575,0.9084821428571429,0.6840080294412846,0.5691964285714286,0.6773168283706925,0.7299107142857143,0.5234192037470726,0.8861607142857143
