head_top_x,head_top_y,upper_neck_x,upper_neck_y,right_shoulder_x,right_shoulder_y,right_elbow_x,right_elbow_y,right_wrist_x,right_wrist_y,thorax_x,thorax_y,left_shoulder_x,left_shoulder_y,left_elbow_x,left_elbow_y,left_wrist_x,left_wrist_y,pelvis_x,pelvis_y,right_hip_x,right_hip_y,right_knee_x,right_knee_y,right_ankle_x,right_ankle_y,left_hip_x,left_hip_y,left_knee_x,left_knee_y,left_ankle_x,left_ankle_y
0.546875,0.7442288390766143,0.4486607142857143,0.6706256273001003,0.43526785714285715,0.6840080294412846,0.5111607142857143,0.31599197055871525,0.41294642857142855,0.46319839411174296,0.4486607142857143,0.6438608230177317,0.453125,0.690699230511877,0.5245535714285714,0.2959183673469387,0.421875,0.44981599197055866,0.44419642857142855,0.43643358982937436,0.453125,0.46319839411174296,0.40848214285714285,0.4565071930411508,0.029017857142857144,0.6639344262295082,0.453125,0.44981599197055866,0.47098214285714285,0.4565071930411508,0.04241071428571429,0.6237872198059551
