head_top_x,head_top_y,upper_neck_x,upper_neck_y,right_shoulder_x,right_shoulder_y,right_elbow_x,right_elbow_y,right_wrist_x,right_wrist_y,thorax_x,thorax_y,left_shoulder_x,left_shoulder_y,left_elbow_x,left_elbow_y,left_wrist_x,left_wrist_y,pelvis_x,pelvis_y,right_hip_x,right_hip_y,right_knee_x,right_knee_y,right_ankle_x,right_ankle_y,left_hip_x,left_hip_y,left_knee_x,left_knee_y,left_ankle_x,left_ankle_y
0.5300400534045394,0.16294642857142858,0.4232309746328438,0.3013392857142857,0.3564753004005341,0.31026785714285715,0.34979973297730316,0.41294642857142855,0.3097463284379173,0.390625,0.4232309746328438,0.3013392857142857,0.5100133511348465,0.28348214285714285,0.5300400534045394,0.33705357142857145,0.5700934579439252,0.37276785714285715,0.3898531375166889,0.43526785714285715,0.34979973297730316,0.43973214285714285,0.3164218958611482,0.5825892857142857,0.3097463284379173,0.7566964285714286,0.4432576769025368,0.43080357142857145,0.44993324432576776,0.578125,0.4632843791722297,0.6808035714285714
