head_top_x,head_top_y,upper_neck_x,upper_neck_y,right_shoulder_x,right_shoulder_y,right_elbow_x,right_elbow_y,right_wrist_x,right_wrist_y,thorax_x,thorax_y,left_shoulder_x,left_shoulder_y,left_elbow_x,left_elbow_y,left_wrist_x,left_wrist_y,pelvis_x,pelvis_y,right_hip_x,right_hip_y,right_knee_x,right_knee_y,right_ankle_x,right_ankle_y,left_hip_x,left_hip_y,left_knee_x,left_knee_y,left_ankle_x,left_ankle_y
0.7745535714285714,0.5419219606578523,0.671875,0.574169622702354,0.31919642857142855,0.47742663656884876,0.23883928571428573,0.4193808448887456,0.34598214285714285,0.14850048371493066,0.6495535714285714,0.5419219606578523,0.640625,0.5096742986133506,0.5870535714285714,0.44517897452434707,0.6540178571428571,0.47742663656884876,0.5066964285714286,0.4903257013866496,0.5200892857142857,0.4967752337955499,0.5558035714285714,0.5225733634311512,0.5513392857142857,0.9030957755562721,0.5334821428571429,0.4903257013866496,0.5602678571428571,0.5161238310222509,0.5558035714285714,0.9030957755562721
