head_top_x,head_top_y,upper_neck_x,upper_neck_y,right_shoulder_x,right_shoulder_y,right_elbow_x,right_elbow_y,right_wrist_x,right_wrist_y,thorax_x,thorax_y,left_shoulder_x,left_shoulder_y,left_elbow_x,left_elbow_y,left_wrist_x,left_wrist_y,pelvis_x,pelvis_y,right_hip_x,right_hip_y,right_knee_x,right_knee_y,right_ankle_x,right_ankle_y,left_hip_x,left_hip_y,left_knee_x,left_knee_y,left_ankle_x,left_ankle_y
0.7745535714285714,0.2686116700201207,0.6227678571428571,0.19483568075117372,0.609375,0.22837022132796778,0.5647321428571429,0.4027498323272971,0.47544642857142855,0.3490945674044266,0.6138392857142857,0.20824949698189138,0.6316964285714286,0.24178403755868547,0.578125,0.4295774647887324,0.5290178571428571,0.4228705566733736,0.43973214285714285,0.3960429242119383,0.41294642857142855,0.3960429242119383,0.4486607142857143,0.5503018108651913,0.4174107142857143,0.7112676056338028,0.46651785714285715,0.41616364855801474,0.47544642857142855,0.5368879946344735,0.38169642857142855,0.778336686787391
