head_top_x,head_top_y,upper_neck_x,upper_neck_y,right_shoulder_x,right_shoulder_y,right_elbow_x,right_elbow_y,right_wrist_x,right_wrist_y,thorax_x,thorax_y,left_shoulder_x,left_shoulder_y,left_elbow_x,left_elbow_y,left_wrist_x,left_wrist_y,pelvis_x,pelvis_y,right_hip_x,right_hip_y,right_knee_x,right_knee_y,right_ankle_x,right_ankle_y,left_hip_x,left_hip_y,left_knee_x,left_knee_y,left_ankle_x,left_ankle_y
0.3236607142857143,0.10764587525150908,0.421875,0.2619047619047619,0.34598214285714285,0.24178403755868547,0.27455357142857145,0.25519785378940313,0.203125,0.31556002682763246,0.40848214285714285,0.25519785378940313,0.4799107142857143,0.2887323943661972,0.5870535714285714,0.30885311871227367,0.6272321428571429,0.3826291079812207,0.5200892857142857,0.3490945674044266,0.4799107142857143,0.3625083836351442,0.41294642857142855,0.5368879946344735,0.44419642857142855,0.7448021462105969,0.5558035714285714,0.3423876592890677,0.515625,0.4966465459423206,0.5424107142857143,0.704560697518444
