head_top_x,head_top_y,upper_neck_x,upper_neck_y,right_shoulder_x,right_shoulder_y,right_elbow_x,right_elbow_y,right_wrist_x,right_wrist_y,thorax_x,thorax_y,left_shoulder_x,left_shoulder_y,left_elbow_x,left_elbow_y,left_wrist_x,left_wrist_y,pelvis_x,pelvis_y,right_hip_x,right_hip_y,right_knee_x,right_knee_y,right_ankle_x,right_ankle_y,left_hip_x,left_hip_y,left_knee_x,left_knee_y,left_ankle_x,left_ankle_y
0.859375,0.061726329876212786,0.7700892857142857,0.2156239544998327,0.703125,0.26915356306457006,0.4263392857142857,0.4765807962529274,0.38169642857142855,0.5234192037470726,0.7433035714285714,0.26246236199397793,0.7254464285714286,0.2892271662763466,0.234375,0.26246236199397793,0.3861607142857143,0.5100368016058883,0.36830357142857145,0.3561391769822683,0.3549107142857143,0.3360655737704918,0.19866071428571427,0.26915356306457006,0.09151785714285714,0.3561391769822683,0.3638392857142857,0.3561391769822683,0.17633928571428573,0.26915356306457006,0.06919642857142858,0.36952157912345257
