head_top_x,head_top_y,upper_neck_x,upper_neck_y,right_shoulder_x,right_shoulder_y,right_elbow_x,right_elbow_y,right_wrist_x,right_wrist_y,thorax_x,thorax_y,left_shoulder_x,left_shoulder_y,left_elbow_x,left_elbow_y,left_wrist_x,left_wrist_y,pelvis_x,pelvis_y,right_hip_x,right_hip_y,right_knee_x,right_knee_y,right_ankle_x,right_ankle_y,left_hip_x,left_hip_y,left_knee_x,left_knee_y,left_ankle_x,left_ankle_y
0.37723214285714285,0.6752301752301751,0.5200892857142857,0.6989901989901989,0.546875,0.6989901989901989,0.453125,0.6277101277101278,0.3638392857142857,0.6692901692901693,0.5245535714285714,0.6989901989901989,0.546875,0.7405702405702405,0.453125,0.7465102465102463,0.390625,0.6692901692901693,0.7566964285714286,0.7108702108702109,0.765625,0.7049302049302048,0.49776785714285715,0.28912978912978915,0.7834821428571429,0.7227502227502227,0.7611607142857143,0.7227502227502227,0.37276785714285715,0.33070983070983073,0.7745535714285714,0.7286902286902286
