head_top_x,head_top_y,upper_neck_x,upper_neck_y,right_shoulder_x,right_shoulder_y,right_elbow_x,right_elbow_y,right_wrist_x,right_wrist_y,thorax_x,thorax_y,left_shoulder_x,left_shoulder_y,left_elbow_x,left_elbow_y,left_wrist_x,left_wrist_y,pelvis_x,pelvis_y,right_hip_x,right_hip_y,right_knee_x,right_knee_y,right_ankle_x,right_ankle_y,left_hip_x,left_hip_y,left_knee_x,left_knee_y,left_ankle_x,left_ankle_y
0.3357732732732733,0.2924107142857143,0.40280459030459037,0.43080357142857145,0.3022576147576148,0.421875,0.32236700986700983,0.4575892857142857,0.32907014157014164,0.43973214285714285,0.40280459030459037,0.421875,0.47653903903903905,0.4174107142857143,0.5636797511797512,0.49330357142857145,0.5301640926640926,0.5602678571428571,0.40950772200772206,0.578125,0.3625858000858001,0.578125,0.3759920634920635,0.7120535714285714,0.5502734877734878,0.8370535714285714,0.44972651222651233,0.5736607142857143,0.3759920634920635,0.7165178571428571,0.3089607464607465,0.8370535714285714
