head_top_x,head_top_y,upper_neck_x,upper_neck_y,right_shoulder_x,right_shoulder_y,right_elbow_x,right_elbow_y,right_wrist_x,right_wrist_y,thorax_x,thorax_y,left_shoulder_x,left_shoulder_y,left_elbow_x,left_elbow_y,left_wrist_x,left_wrist_y,pelvis_x,pelvis_y,right_hip_x,right_hip_y,right_knee_x,right_knee_y,right_ankle_x,right_ankle_y,left_hip_x,left_hip_y,left_knee_x,left_knee_y,left_ankle_x,left_ankle_y
0.5089659294680215,0.08258928571428571,0.4611476389719068,0.22991071428571427,0.3655110579796773,0.2611607142857143,0.38942020322773463,0.3950892857142857,0.4850567842199641,0.46651785714285715,0.4551703526598925,0.24330357142857142,0.550806933652122,0.23883928571428573,0.6105797967722654,0.3549107142857143,0.7181709503885236,0.43080357142857145,0.3475791990436342,0.41294642857142855,0.2997609085475194,0.4174107142857143,0.38942020322773463,0.5379464285714286,0.2937836222355051,0.6808035714285714,0.4013747758517633,0.40848214285714285,0.5328750747160789,0.4888392857142857,0.2638971906754334,0.6272321428571429
