head_top_x,head_top_y,upper_neck_x,upper_neck_y,right_shoulder_x,right_shoulder_y,right_elbow_x,right_elbow_y,right_wrist_x,right_wrist_y,thorax_x,thorax_y,left_shoulder_x,left_shoulder_y,left_elbow_x,left_elbow_y,left_wrist_x,left_wrist_y,pelvis_x,pelvis_y,right_hip_x,right_hip_y,right_knee_x,right_knee_y,right_ankle_x,right_ankle_y,left_hip_x,left_hip_y,left_knee_x,left_knee_y,left_ankle_x,left_ankle_y
0.47641509433962265,0.22991071428571427,0.4696765498652291,0.37723214285714285,0.3820754716981132,0.37276785714285715,0.3753369272237197,0.4575892857142857,0.442722371967655,0.484375,0.4696765498652291,0.37276785714285715,0.5438005390835579,0.3638392857142857,0.5842318059299191,0.40848214285714285,0.6516172506738545,0.34598214285714285,0.48315363881401613,0.5245535714285714,0.4359838274932614,0.5245535714285714,0.4359838274932614,0.6361607142857143,0.45619946091644203,0.7834821428571429,0.5303234501347709,0.5200892857142857,0.5370619946091644,0.6584821428571429,0.5505390835579516,0.7879464285714286
