head_top_x,head_top_y,upper_neck_x,upper_neck_y,right_shoulder_x,right_shoulder_y,right_elbow_x,right_elbow_y,right_wrist_x,right_wrist_y,thorax_x,thorax_y,left_shoulder_x,left_shoulder_y,left_elbow_x,left_elbow_y,left_wrist_x,left_wrist_y,pelvis_x,pelvis_y,right_hip_x,right_hip_y,right_knee_x,right_knee_y,right_ankle_x,right_ankle_y,left_hip_x,left_hip_y,left_knee_x,left_knee_y,left_ankle_x,left_ankle_y
0.5386904761904762,0.060267857142857144,0.5029761904761906,0.21651785714285715,0.37797619047619047,0.2611607142857143,0.3422619047619047,0.37723214285714285,0.5327380952380952,0.3861607142857143,0.4910714285714286,0.25669642857142855,0.6160714285714285,0.24776785714285715,0.7648809523809524,0.2924107142857143,0.6815476190476191,0.18526785714285715,0.47321428571428575,0.49330357142857145,0.4077380952380953,0.5022321428571429,0.37797619047619047,0.6852678571428571,0.34821428571428575,0.8459821428571429,0.5327380952380952,0.484375,0.6279761904761906,0.6852678571428571,0.6636904761904762,0.8504464285714286
