head_top_x,head_top_y,upper_neck_x,upper_neck_y,right_shoulder_x,right_shoulder_y,right_elbow_x,right_elbow_y,right_wrist_x,right_wrist_y,thorax_x,thorax_y,left_shoulder_x,left_shoulder_y,left_elbow_x,left_elbow_y,left_wrist_x,left_wrist_y,pelvis_x,pelvis_y,right_hip_x,right_hip_y,right_knee_x,right_knee_y,right_ankle_x,right_ankle_y,left_hip_x,left_hip_y,left_knee_x,left_knee_y,left_ankle_x,left_ankle_y
0.40401785714285715,0.6754359770664119,0.40848214285714285,0.48133659818442426,0.38169642857142855,0.49626731963688486,0.25223214285714285,0.5335941232680362,0.12723214285714285,0.5933170090778785,0.40848214285714285,0.48133659818442426,0.43080357142857145,0.48133659818442426,0.5736607142857143,0.473871237458194,0.6986607142857143,0.5634555661729576,0.5290178571428571,0.17525680840898236,0.5200892857142857,0.16032608695652173,0.3638392857142857,0.2573757763975155,0.3013392857142857,0.16032608695652173,0.5290178571428571,0.16032608695652173,0.36830357142857145,0.27977185857620646,0.3013392857142857,0.16032608695652173
