head_top_x,head_top_y,upper_neck_x,upper_neck_y,right_shoulder_x,right_shoulder_y,right_elbow_x,right_elbow_y,right_wrist_x,right_wrist_y,thorax_x,thorax_y,left_shoulder_x,left_shoulder_y,left_elbow_x,left_elbow_y,left_wrist_x,left_wrist_y,pelvis_x,pelvis_y,right_hip_x,right_hip_y,right_knee_x,right_knee_y,right_ankle_x,right_ankle_y,left_hip_x,left_hip_y,left_knee_x,left_knee_y,left_ankle_x,left_ankle_y
0.5397675130009176,0.2700892857142857,0.3990516977669012,0.33705357142857145,0.4602324869990822,0.33705357142857145,0.5336494340776996,0.31919642857142855,0.4663505659223003,0.4799107142857143,0.41128785561333736,0.33705357142857145,0.35622514530437444,0.3236607142857143,0.41128785561333736,0.453125,0.4541144080758641,0.4799107142857143,0.14821046191495868,0.5022321428571429,0.15432854083817682,0.5022321428571429,0.6315386968491894,0.5825892857142857,0.6498929336188437,0.8950892857142857,0.07479351483634136,0.484375,0.4785867237687366,0.5870535714285714,0.4663505659223003,0.5200892857142857
