head_top_x,head_top_y,upper_neck_x,upper_neck_y,right_shoulder_x,right_shoulder_y,right_elbow_x,right_elbow_y,right_wrist_x,right_wrist_y,thorax_x,thorax_y,left_shoulder_x,left_shoulder_y,left_elbow_x,left_elbow_y,left_wrist_x,left_wrist_y,pelvis_x,pelvis_y,right_hip_x,right_hip_y,right_knee_x,right_knee_y,right_ankle_x,right_ankle_y,left_hip_x,left_hip_y,left_knee_x,left_knee_y,left_ankle_x,left_ankle_y
0.6852678571428571,0.08035714285714286,0.6004464285714286,0.22321428571428573,0.5513392857142857,0.2351190476190476,0.5379464285714286,0.3839285714285714,0.609375,0.4077380952380953,0.5915178571428571,0.2410714285714286,0.6495535714285714,0.2708333333333333,0.6495535714285714,0.3839285714285714,0.6584821428571429,0.41964285714285715,0.49776785714285715,0.4613095238095238,0.4575892857142857,0.4255952380952381,0.3638392857142857,0.5089285714285715,0.34151785714285715,0.6875,0.5424107142857143,0.4791666666666667,0.3861607142857143,0.5029761904761906,0.34151785714285715,0.6994047619047619
