head_top_x,head_top_y,upper_neck_x,upper_neck_y,right_shoulder_x,right_shoulder_y,right_elbow_x,right_elbow_y,right_wrist_x,right_wrist_y,thorax_x,thorax_y,left_shoulder_x,left_shoulder_y,left_elbow_x,left_elbow_y,left_wrist_x,left_wrist_y,pelvis_x,pelvis_y,right_hip_x,right_hip_y,right_knee_x,right_knee_y,right_ankle_x,right_ankle_y,left_hip_x,left_hip_y,left_knee_x,left_knee_y,left_ankle_x,left_ankle_y
0.5825892857142857,0.7215088282504012,0.453125,0.6123595505617978,0.4575892857142857,0.6187800963081862,0.5424107142857143,0.2784911717495987,0.11830357142857142,0.41974317817014445,0.4575892857142857,0.6252006420545746,0.43526785714285715,0.6508828250401284,0.5245535714285714,0.26565008025682185,0.12276785714285714,0.41974317817014445,0.43526785714285715,0.11155698234349919,0.4486607142857143,0.09229534510433388,0.265625,0.3362760834670947,0.11830357142857142,0.413322632423756,0.4486607142857143,0.08587479935794542,0.2700892857142857,0.3362760834670947,0.12276785714285714,0.413322632423756
