head_top_x,head_top_y,upper_neck_x,upper_neck_y,right_shoulder_x,right_shoulder_y,right_elbow_x,right_elbow_y,right_wrist_x,right_wrist_y,thorax_x,thorax_y,left_shoulder_x,left_shoulder_y,left_elbow_x,left_elbow_y,left_wrist_x,left_wrist_y,pelvis_x,pelvis_y,right_hip_x,right_hip_y,right_knee_x,right_knee_y,right_ankle_x,right_ankle_y,left_hip_x,left_hip_y,left_knee_x,left_knee_y,left_ankle_x,left_ankle_y
0.7745535714285714,0.4431247908999665,0.5915178571428571,0.44981599197055866,0.46651785714285715,0.48327199732351955,0.47544642857142855,0.5836400133824021,0.4888392857142857,0.7910672465707594,0.5825892857142857,0.4431247908999665,0.47098214285714285,0.4431247908999665,0.7522321428571429,0.5769488123118099,0.7879464285714286,0.7241552358648377,0.671875,0.4431247908999665,0.47098214285714285,0.4297423887587822,0.21651785714285715,0.5301104048176647,0.21651785714285715,0.7977584476413516,0.6808035714285714,0.4297423887587822,0.703125,0.37621278019404486,0.7790178571428571,0.43643358982937436
