head_top_x,head_top_y,upper_neck_x,upper_neck_y,right_shoulder_x,right_shoulder_y,right_elbow_x,right_elbow_y,right_wrist_x,right_wrist_y,thorax_x,thorax_y,left_shoulder_x,left_shoulder_y,left_elbow_x,left_elbow_y,left_wrist_x,left_wrist_y,pelvis_x,pelvis_y,right_hip_x,right_hip_y,right_knee_x,right_knee_y,right_ankle_x,right_ankle_y,left_hip_x,left_hip_y,left_knee_x,left_knee_y,left_ankle_x,left_ankle_y
0.7790178571428571,0.3678290213723284,0.6852678571428571,0.4915635545556806,0.6361607142857143,0.4915635545556806,0.5513392857142857,0.530933633295838,0.5200892857142857,0.547806524184477,0.6674107142857143,0.5028121484814398,0.6584821428571429,0.5140607424071991,0.4888392857142857,0.5196850393700787,0.515625,0.547806524184477,0.37276785714285715,0.5084364454443195,0.39955357142857145,0.4915635545556806,0.4263392857142857,0.6434195725534309,0.39955357142857145,0.6827896512935883,0.3861607142857143,0.5028121484814398,0.4888392857142857,0.6209223847019123,0.4263392857142857,0.6715410573678291
