head_top_x,head_top_y,upper_neck_x,upper_neck_y,right_shoulder_x,right_shoulder_y,right_elbow_x,right_elbow_y,right_wrist_x,right_wrist_y,thorax_x,thorax_y,left_shoulder_x,left_shoulder_y,left_elbow_x,left_elbow_y,left_wrist_x,left_wrist_y,pelvis_x,pelvis_y,right_hip_x,right_hip_y,right_knee_x,right_knee_y,right_ankle_x,right_ankle_y,left_hip_x,left_hip_y,left_knee_x,left_knee_y,left_ankle_x,left_ankle_y
0.5290178571428571,0.0982142857142857,0.5513392857142857,0.29464285714285715,0.46205357142857145,0.3422619047619047,0.43526785714285715,0.5208333333333334,0.41294642857142855,0.5922619047619048,0.5513392857142857,0.3422619047619047,0.640625,0.3541666666666667,0.6540178571428571,0.5565476190476191,0.6361607142857143,0.6398809523809524,0.5334821428571429,0.6636904761904762,0.4888392857142857,0.6636904761904762,0.484375,0.8898809523809524,0.47544642857142855,0.9613095238095238,0.578125,0.6696428571428572,0.578125,0.8898809523809524,0.484375,0.9613095238095238
