head_top_x,head_top_y,upper_neck_x,upper_neck_y,right_shoulder_x,right_shoulder_y,right_elbow_x,right_elbow_y,right_wrist_x,right_wrist_y,thorax_x,thorax_y,left_shoulder_x,left_shoulder_y,left_elbow_x,left_elbow_y,left_wrist_x,left_wrist_y,pelvis_x,pelvis_y,right_hip_x,right_hip_y,right_knee_x,right_knee_y,right_ankle_x,right_ankle_y,left_hip_x,left_hip_y,left_knee_x,left_knee_y,left_ankle_x,left_ankle_y
0.5368879946344735,0.24776785714285715,0.6509054325955734,0.296875,0.6643192488262911,0.296875,0.6106639839034206,0.4263392857142857,0.4832327297116029,0.515625,0.6576123407109323,0.3013392857142857,0.6576123407109323,0.2924107142857143,0.6039570757880618,0.43526785714285715,0.4832327297116029,0.5245535714285714,0.5301810865191147,0.5334821428571429,0.5368879946344735,0.5200892857142857,0.46981891348088534,0.6941964285714286,0.32897384305835015,0.9441964285714286,0.5503018108651913,0.5290178571428571,0.4765258215962441,0.703125,0.3423876592890677,0.9441964285714286
