head_top_x,head_top_y,upper_neck_x,upper_neck_y,right_shoulder_x,right_shoulder_y,right_elbow_x,right_elbow_y,right_wrist_x,right_wrist_y,thorax_x,thorax_y,left_shoulder_x,left_shoulder_y,left_elbow_x,left_elbow_y,left_wrist_x,left_wrist_y,pelvis_x,pelvis_y,right_hip_x,right_hip_y,right_knee_x,right_knee_y,right_ankle_x,right_ankle_y,left_hip_x,left_hip_y,left_knee_x,left_knee_y,left_ankle_x,left_ankle_y
0.6324981932064563,0.31473214285714285,0.5650445675740785,0.44419642857142855,0.48795470970850396,0.40401785714285715,0.46386412912551195,0.5602678571428571,0.5457721031076849,0.5736607142857143,0.5746807998072754,0.421875,0.6662250060226451,0.43526785714285715,0.6806793543724404,0.5290178571428571,0.6951337027222356,0.5959821428571429,0.47831847747530715,0.5111607142857143,0.4253192001927247,0.49776785714285715,0.46868224524211033,0.609375,0.4012286196097326,0.8013392857142857,0.5409539869910865,0.5290178571428571,0.6228619609732594,0.6183035714285714,0.5554083353408817,0.8013392857142857
