head_top_x,head_top_y,upper_neck_x,upper_neck_y,right_shoulder_x,right_shoulder_y,right_elbow_x,right_elbow_y,right_wrist_x,right_wrist_y,thorax_x,thorax_y,left_shoulder_x,left_shoulder_y,left_elbow_x,left_elbow_y,left_wrist_x,left_wrist_y,pelvis_x,pelvis_y,right_hip_x,right_hip_y,right_knee_x,right_knee_y,right_ankle_x,right_ankle_y,left_hip_x,left_hip_y,left_knee_x,left_knee_y,left_ankle_x,left_ankle_y
0.22231515557042486,0.296875,0.31599197055871525,0.4263392857142857,0.23569755771160925,0.453125,0.26915356306457006,0.5558035714285714,0.4297423887587822,0.43526785714285715,0.31599197055871525,0.43526785714285715,0.41635998661759777,0.41294642857142855,0.5033456005352962,0.515625,0.43643358982937436,0.4486607142857143,0.38959518233522916,0.5915178571428571,0.3561391769822683,0.6138392857142857,0.5635664101706257,0.671875,0.5368016058882569,0.8772321428571429,0.4297423887587822,0.578125,0.543492806958849,0.6629464285714286,0.5301104048176647,0.8772321428571429
