head_top_x,head_top_y,upper_neck_x,upper_neck_y,right_shoulder_x,right_shoulder_y,right_elbow_x,right_elbow_y,right_wrist_x,right_wrist_y,thorax_x,thorax_y,left_shoulder_x,left_shoulder_y,left_elbow_x,left_elbow_y,left_wrist_x,left_wrist_y,pelvis_x,pelvis_y,right_hip_x,right_hip_y,right_knee_x,right_knee_y,right_ankle_x,right_ankle_y,left_hip_x,left_hip_y,left_knee_x,left_knee_y,left_ankle_x,left_ankle_y
0.8861607142857143,0.29464285714285715,0.7611607142857143,0.3541666666666667,0.7209821428571429,0.34821428571428575,0.5290178571428571,0.29464285714285715,0.19866071428571427,0.3244047619047619,0.734375,0.37202380952380953,0.7165178571428571,0.3541666666666667,0.5022321428571429,0.30654761904761907,0.18973214285714285,0.3422619047619047,0.47544642857142855,0.3422619047619047,0.49776785714285715,0.3244047619047619,0.3325892857142857,0.29464285714285715,0.16741071428571427,0.3898809523809524,0.46651785714285715,0.34821428571428575,0.37723214285714285,0.31845238095238093,0.140625,0.40178571428571425
