head_top_x,head_top_y,upper_neck_x,upper_neck_y,right_shoulder_x,right_shoulder_y,right_elbow_x,right_elbow_y,right_wrist_x,right_wrist_y,thorax_x,thorax_y,left_shoulder_x,left_shoulder_y,left_elbow_x,left_elbow_y,left_wrist_x,left_wrist_y,pelvis_x,pelvis_y,right_hip_x,right_hip_y,right_knee_x,right_knee_y,right_ankle_x,right_ankle_y,left_hip_x,left_hip_y,left_knee_x,left_knee_y,left_ankle_x,left_ankle_y
0.43526785714285715,0.14202074272331885,0.484375,0.30930076948812313,0.5558035714285714,0.23569755771160925,0.43973214285714285,0.18216794914687182,0.43526785714285715,0.2758447641351622,0.515625,0.26915356306457006,0.5513392857142857,0.23569755771160925,0.40848214285714285,0.6572432251589161,0.43526785714285715,0.2892271662763466,0.4486607142857143,0.4565071930411508,0.43973214285714285,0.4297423887587822,0.3638392857142857,0.4765807962529274,0.3549107142857143,0.7308464369354298,0.453125,0.4565071930411508,0.37276785714285715,0.46988959518233525,0.37276785714285715,0.7174640347942455
