head_top_x,head_top_y,upper_neck_x,upper_neck_y,right_shoulder_x,right_shoulder_y,right_elbow_x,right_elbow_y,right_wrist_x,right_wrist_y,thorax_x,thorax_y,left_shoulder_x,left_shoulder_y,left_elbow_x,left_elbow_y,left_wrist_x,left_wrist_y,pelvis_x,pelvis_y,right_hip_x,right_hip_y,right_knee_x,right_knee_y,right_ankle_x,right_ankle_y,left_hip_x,left_hip_y,left_knee_x,left_knee_y,left_ankle_x,left_ankle_y
0.421875,0.27108084613155614,0.47098214285714285,0.444943494639235,0.43526785714285715,0.43914807302231235,0.4799107142857143,0.5956244566792235,0.515625,0.3522167487684729,0.47098214285714285,0.45073891625615775,0.5424107142857143,0.4855114459576934,0.47098214285714285,0.6361924079976818,0.5022321428571429,0.32323964068385974,0.46205357142857145,0.5434656621269198,0.4486607142857143,0.555056505360765,0.5736607142857143,0.49710228919153876,0.9040178571428571,0.6130107215299913,0.47098214285714285,0.5492610837438424,0.5647321428571429,0.49710228919153876,0.8995535714285714,0.6130107215299913
