head_top_x,head_top_y,upper_neck_x,upper_neck_y,right_shoulder_x,right_shoulder_y,right_elbow_x,right_elbow_y,right_wrist_x,right_wrist_y,thorax_x,thorax_y,left_shoulder_x,left_shoulder_y,left_elbow_x,left_elbow_y,left_wrist_x,left_wrist_y,pelvis_x,pelvis_y,right_hip_x,right_hip_y,right_knee_x,right_knee_y,right_ankle_x,right_ankle_y,left_hip_x,left_hip_y,left_knee_x,left_knee_y,left_ankle_x,left_ankle_y
0.734375,0.6240778001341382,0.6183035714285714,0.6173708920187794,0.6450892857142857,0.6509054325955734,0.5424107142857143,0.4295774647887324,0.6540178571428571,0.5838363514419852,0.609375,0.597250167672703,0.5825892857142857,0.5704225352112676,0.5558035714285714,0.43628437290409117,0.6540178571428571,0.5838363514419852,0.39955357142857145,0.45640509725016765,0.39955357142857145,0.45640509725016765,0.34598214285714285,0.55700871898055,0.296875,0.7984574111334676,0.39955357142857145,0.45640509725016765,0.4799107142857143,0.2015425888665325,0.029017857142857144,0.5033534540576795
