head_top_x,head_top_y,upper_neck_x,upper_neck_y,right_shoulder_x,right_shoulder_y,right_elbow_x,right_elbow_y,right_wrist_x,right_wrist_y,thorax_x,thorax_y,left_shoulder_x,left_shoulder_y,left_elbow_x,left_elbow_y,left_wrist_x,left_wrist_y,pelvis_x,pelvis_y,right_hip_x,right_hip_y,right_knee_x,right_knee_y,right_ankle_x,right_ankle_y,left_hip_x,left_hip_y,left_knee_x,left_knee_y,left_ankle_x,left_ankle_y
0.546875,0.053990610328638514,0.5870535714285714,0.2619047619047619,0.5066964285714286,0.221663313212609,0.453125,0.3423876592890677,0.41294642857142855,0.43628437290409117,0.5825892857142857,0.24849094567404426,0.6584821428571429,0.24849094567404426,0.6897321428571429,0.33568075117370894,0.6540178571428571,0.3960429242119383,0.5959821428571429,0.4295774647887324,0.5602678571428571,0.4228705566733736,0.5334821428571429,0.5033534540576795,0.5424107142857143,0.5704225352112676,0.640625,0.43628437290409117,0.6584821428571429,0.55700871898055,0.6227678571428571,0.5637156270959088
