head_top_x,head_top_y,upper_neck_x,upper_neck_y,right_shoulder_x,right_shoulder_y,right_elbow_x,right_elbow_y,right_wrist_x,right_wrist_y,thorax_x,thorax_y,left_shoulder_x,left_shoulder_y,left_elbow_x,left_elbow_y,left_wrist_x,left_wrist_y,pelvis_x,pelvis_y,right_hip_x,right_hip_y,right_knee_x,right_knee_y,right_ankle_x,right_ankle_y,left_hip_x,left_hip_y,left_knee_x,left_knee_y,left_ankle_x,left_ankle_y
0.5501840080294413,0.06473214285714286,0.5301104048176647,0.25223214285714285,0.3226831716293074,0.34598214285714285,0.30260956841753095,0.5513392857142857,0.38959518233522916,0.6852678571428571,0.5234192037470726,0.3325892857142857,0.7174640347942455,0.33705357142857145,0.7643024422883907,0.5691964285714286,0.5568752091000335,0.6763392857142857,0.5033456005352962,0.671875,0.4096687855470056,0.6629464285714286,0.08179993308798927,0.7299107142857143,0.6773168283706925,0.765625,0.617096018735363,0.6584821428571429,0.8981264637002342,0.6540178571428571,0.7375376380060221,0.765625
