head_top_x,head_top_y,upper_neck_x,upper_neck_y,right_shoulder_x,right_shoulder_y,right_elbow_x,right_elbow_y,right_wrist_x,right_wrist_y,thorax_x,thorax_y,left_shoulder_x,left_shoulder_y,left_elbow_x,left_elbow_y,left_wrist_x,left_wrist_y,pelvis_x,pelvis_y,right_hip_x,right_hip_y,right_knee_x,right_knee_y,right_ankle_x,right_ankle_y,left_hip_x,left_hip_y,left_knee_x,left_knee_y,left_ankle_x,left_ankle_y
0.382903981264637,0.16741071428571427,0.36952157912345257,0.31473214285714285,0.2825359652057544,0.33705357142857145,0.20893275342924056,0.41294642857142855,0.14202074272331885,0.47098214285714285,0.36952157912345257,0.33705357142857145,0.44981599197055866,0.328125,0.5568752091000335,0.3861607142857143,0.6237872198059551,0.4575892857142857,0.36952157912345257,0.515625,0.31599197055871525,0.515625,0.31599197055871525,0.6227678571428571,0.31599197055871525,0.734375,0.41635998661759777,0.5066964285714286,0.41635998661759777,0.6361607142857143,0.4297423887587822,0.7790178571428571
