head_top_x,head_top_y,upper_neck_x,upper_neck_y,right_shoulder_x,right_shoulder_y,right_elbow_x,right_elbow_y,right_wrist_x,right_wrist_y,thorax_x,thorax_y,left_shoulder_x,left_shoulder_y,left_elbow_x,left_elbow_y,left_wrist_x,left_wrist_y,pelvis_x,pelvis_y,right_hip_x,right_hip_y,right_knee_x,right_knee_y,right_ankle_x,right_ankle_y,left_hip_x,left_hip_y,left_knee_x,left_knee_y,left_ankle_x,left_ankle_y
0.6183035714285714,0.13407494145199064,0.5870535714285714,0.32142857142857145,0.484375,0.3272833723653396,0.3325892857142857,0.3682669789227167,0.19866071428571427,0.37412177985948486,0.578125,0.3389929742388759,0.6629464285714286,0.35655737704918034,0.6674107142857143,0.4326697892271663,0.6495535714285714,0.47365339578454335,0.5558035714285714,0.6258782201405153,0.5066964285714286,0.6317330210772835,0.6049107142857143,0.4677985948477752,0.609375,0.6668618266978923,0.6004464285714286,0.620023419203747,0.7388392857142857,0.4151053864168619,0.5602678571428571,0.661007025761124
