head_top_x,head_top_y,upper_neck_x,upper_neck_y,right_shoulder_x,right_shoulder_y,right_elbow_x,right_elbow_y,right_wrist_x,right_wrist_y,thorax_x,thorax_y,left_shoulder_x,left_shoulder_y,left_elbow_x,left_elbow_y,left_wrist_x,left_wrist_y,pelvis_x,pelvis_y,right_hip_x,right_hip_y,right_knee_x,right_knee_y,right_ankle_x,right_ankle_y,left_hip_x,left_hip_y,left_knee_x,left_knee_y,left_ankle_x,left_ankle_y
0.6495535714285714,0.056547619047619034,0.6629464285714286,0.29464285714285715,0.6316964285714286,0.29464285714285715,0.5691964285714286,0.3125,0.5602678571428571,0.19345238095238093,0.6674107142857143,0.30654761904761907,0.6897321428571429,0.3541666666666667,0.640625,0.5386904761904762,0.5200892857142857,0.5565476190476191,0.5870535714285714,0.40178571428571425,0.5825892857142857,0.3839285714285714,0.5245535714285714,0.3363095238095238,0.5602678571428571,0.18154761904761907,0.6138392857142857,0.4613095238095238,0.47544642857142855,0.5684523809523809,0.5647321428571429,0.20535714285714288
