head_top_x,head_top_y,upper_neck_x,upper_neck_y,right_shoulder_x,right_shoulder_y,right_elbow_x,right_elbow_y,right_wrist_x,right_wrist_y,thorax_x,thorax_y,left_shoulder_x,left_shoulder_y,left_elbow_x,left_elbow_y,left_wrist_x,left_wrist_y,pelvis_x,pelvis_y,right_hip_x,right_hip_y,right_knee_x,right_knee_y,right_ankle_x,right_ankle_y,left_hip_x,left_hip_y,left_knee_x,left_knee_y,left_ankle_x,left_ankle_y
0.14955357142857142,0.18154761904761907,0.265625,0.2113095238095238,0.328125,0.25297619047619047,0.5424107142857143,0.21726190476190474,0.578125,0.4136904761904762,0.31026785714285715,0.21726190476190474,0.31026785714285715,0.2648809523809524,0.5424107142857143,0.20535714285714288,0.578125,0.41964285714285715,0.609375,0.3005952380952381,0.6049107142857143,0.29464285714285715,0.8504464285714286,0.25297619047619047,0.9665178571428571,0.37797619047619047,0.6004464285714286,0.29464285714285715,0.8638392857142857,0.25297619047619047,0.9575892857142857,0.3601190476190476
