head_top_x,head_top_y,upper_neck_x,upper_neck_y,right_shoulder_x,right_shoulder_y,right_elbow_x,right_elbow_y,right_wrist_x,right_wrist_y,thorax_x,thorax_y,left_shoulder_x,left_shoulder_y,left_elbow_x,left_elbow_y,left_wrist_x,left_wrist_y,pelvis_x,pelvis_y,right_hip_x,right_hip_y,right_knee_x,right_knee_y,right_ankle_x,right_ankle_y,left_hip_x,left_hip_y,left_knee_x,left_knee_y,left_ankle_x,left_ankle_y
0.5167672702883971,0.19866071428571427,0.5301810865191147,0.34598214285714285,0.40945674044265595,0.359375,0.4295774647887324,0.49330357142857145,0.43628437290409117,0.5870535714285714,0.5368879946344735,0.359375,0.6911468812877264,0.36830357142857145,0.7917505030181086,0.47544642857142855,0.6643192488262911,0.5424107142857143,0.5637156270959088,0.5959821428571429,0.4832327297116029,0.5870535714285714,0.2686116700201207,0.6941964285714286,0.41616364855801474,0.8504464285714286,0.6374916163648557,0.609375,0.4295774647887324,0.7120535714285714,0.597250167672703,0.8727678571428571
