head_top_x,head_top_y,upper_neck_x,upper_neck_y,right_shoulder_x,right_shoulder_y,right_elbow_x,right_elbow_y,right_wrist_x,right_wrist_y,thorax_x,thorax_y,left_shoulder_x,left_shoulder_y,left_elbow_x,left_elbow_y,left_wrist_x,left_wrist_y,pelvis_x,pelvis_y,right_hip_x,right_hip_y,right_knee_x,right_knee_y,right_ankle_x,right_ankle_y,left_hip_x,left_hip_y,left_knee_x,left_knee_y,left_ankle_x,left_ankle_y
0.2611607142857143,0.21540178571428573,0.5334821428571429,0.37611607142857145,0.43080357142857145,0.3962053571428571,0.43973214285714285,0.6171875,0.43080357142857145,0.7042410714285714,0.515625,0.3962053571428571,0.5825892857142857,0.34933035714285715,0.6941964285714286,0.5703125,0.6941964285714286,0.4430803571428571,0.49330357142857145,0.4296875,0.47098214285714285,0.5837053571428571,0.484375,0.5301339285714285,0.5111607142857143,0.5837053571428571,0.5245535714285714,0.4564732142857142,0.5915178571428571,0.5100446428571429,0.5647321428571429,0.5502232142857143
