head_top_x,head_top_y,upper_neck_x,upper_neck_y,right_shoulder_x,right_shoulder_y,right_elbow_x,right_elbow_y,right_wrist_x,right_wrist_y,thorax_x,thorax_y,left_shoulder_x,left_shoulder_y,left_elbow_x,left_elbow_y,left_wrist_x,left_wrist_y,pelvis_x,pelvis_y,right_hip_x,right_hip_y,right_knee_x,right_knee_y,right_ankle_x,right_ankle_y,left_hip_x,left_hip_y,left_knee_x,left_knee_y,left_ankle_x,left_ankle_y
0.4791666666666667,0.109375,0.4851190476190476,0.24330357142857142,0.4136904761904762,0.22544642857142858,0.3839285714285714,0.328125,0.24702380952380953,0.19866071428571427,0.4851190476190476,0.23883928571428573,0.5625,0.2611607142857143,0.5327380952380952,0.359375,0.41964285714285715,0.37276785714285715,0.5386904761904762,0.390625,0.47321428571428575,0.38169642857142855,0.43154761904761907,0.5379464285714286,0.4255952380952381,0.6986607142857143,0.6101190476190476,0.390625,0.5684523809523809,0.5602678571428571,0.5267857142857143,0.6674107142857143
