head_top_x,head_top_y,upper_neck_x,upper_neck_y,right_shoulder_x,right_shoulder_y,right_elbow_x,right_elbow_y,right_wrist_x,right_wrist_y,thorax_x,thorax_y,left_shoulder_x,left_shoulder_y,left_elbow_x,left_elbow_y,left_wrist_x,left_wrist_y,pelvis_x,pelvis_y,right_hip_x,right_hip_y,right_knee_x,right_knee_y,right_ankle_x,right_ankle_y,left_hip_x,left_hip_y,left_knee_x,left_knee_y,left_ankle_x,left_ankle_y
0.46651785714285715,0.0982142857142857,0.5334821428571429,0.27678571428571425,0.46205357142857145,0.24702380952380953,0.4174107142857143,0.3660714285714286,0.37723214285714285,0.4791666666666667,0.5245535714285714,0.25297619047619047,0.5959821428571429,0.2886904761904762,0.671875,0.45535714285714285,0.6629464285714286,0.6041666666666666,0.6004464285714286,0.3839285714285714,0.5647321428571429,0.37797619047619047,0.43973214285714285,0.4136904761904762,0.40848214285714285,0.6398809523809524,0.640625,0.3898809523809524,0.6808035714285714,0.4494047619047619,0.6495535714285714,0.5982142857142857
