head_top_x,head_top_y,upper_neck_x,upper_neck_y,right_shoulder_x,right_shoulder_y,right_elbow_x,right_elbow_y,right_wrist_x,right_wrist_y,thorax_x,thorax_y,left_shoulder_x,left_shoulder_y,left_elbow_x,left_elbow_y,left_wrist_x,left_wrist_y,pelvis_x,pelvis_y,right_hip_x,right_hip_y,right_knee_x,right_knee_y,right_ankle_x,right_ankle_y,left_hip_x,left_hip_y,left_knee_x,left_knee_y,left_ankle_x,left_ankle_y
0.6696428571428572,0.15848214285714285,0.5446428571428572,0.19866071428571427,0.4910714285714286,0.18973214285714285,0.5089285714285715,0.3236607142857143,0.4851190476190476,0.453125,0.37797619047619047,0.28794642857142855,0.4851190476190476,0.22991071428571427,0.5029761904761906,0.3325892857142857,0.5029761904761906,0.43526785714285715,0.4136904761904762,0.5022321428571429,0.41964285714285715,0.5022321428571429,0.4672619047619047,0.6852678571428571,0.5803571428571428,0.9040178571428571,0.5267857142857143,0.484375,0.5148809523809524,0.6629464285714286,0.5803571428571428,0.8816964285714286
