head_top_x,head_top_y,upper_neck_x,upper_neck_y,right_shoulder_x,right_shoulder_y,right_elbow_x,right_elbow_y,right_wrist_x,right_wrist_y,thorax_x,thorax_y,left_shoulder_x,left_shoulder_y,left_elbow_x,left_elbow_y,left_wrist_x,left_wrist_y,pelvis_x,pelvis_y,right_hip_x,right_hip_y,right_knee_x,right_knee_y,right_ankle_x,right_ankle_y,left_hip_x,left_hip_y,left_knee_x,left_knee_y,left_ankle_x,left_ankle_y
0.5111607142857143,0.2351190476190476,0.47098214285714285,0.4136904761904762,0.4174107142857143,0.37797619047619047,0.35044642857142855,0.3422619047619047,0.3325892857142857,0.2589285714285714,0.47098214285714285,0.4136904761904762,0.515625,0.4375,0.515625,0.5208333333333334,0.515625,0.5327380952380952,0.43973214285714285,0.5803571428571428,0.40848214285714285,0.5744047619047619,0.40848214285714285,0.7708333333333334,0.40401785714285715,0.7767857142857143,0.4575892857142857,0.5863095238095238,0.4486607142857143,0.7113095238095238,0.43973214285714285,0.8125
