head_top_x,head_top_y,upper_neck_x,upper_neck_y,right_shoulder_x,right_shoulder_y,right_elbow_x,right_elbow_y,right_wrist_x,right_wrist_y,thorax_x,thorax_y,left_shoulder_x,left_shoulder_y,left_elbow_x,left_elbow_y,left_wrist_x,left_wrist_y,pelvis_x,pelvis_y,right_hip_x,right_hip_y,right_knee_x,right_knee_y,right_ankle_x,right_ankle_y,left_hip_x,left_hip_y,left_knee_x,left_knee_y,left_ankle_x,left_ankle_y
0.29464285714285715,0.265625,0.33035714285714285,0.40401785714285715,0.4375,0.41294642857142855,0.5386904761904762,0.43973214285714285,0.4375,0.4575892857142857,0.33035714285714285,0.41294642857142855,0.20535714285714288,0.41294642857142855,0.16964285714285712,0.5111607142857143,0.2708333333333333,0.5111607142857143,0.3898809523809524,0.5424107142857143,0.4255952380952381,0.5691964285714286,0.4494047619047619,0.640625,0.4672619047619047,0.7388392857142857,0.33035714285714285,0.5602678571428571,0.27678571428571425,0.6450892857142857,0.3005952380952381,0.7879464285714286
