head_top_x,head_top_y,upper_neck_x,upper_neck_y,right_shoulder_x,right_shoulder_y,right_elbow_x,right_elbow_y,right_wrist_x,right_wrist_y,thorax_x,thorax_y,left_shoulder_x,left_shoulder_y,left_elbow_x,left_elbow_y,left_wrist_x,left_wrist_y,pelvis_x,pelvis_y,right_hip_x,right_hip_y,right_knee_x,right_knee_y,right_ankle_x,right_ankle_y,left_hip_x,left_hip_y,left_knee_x,left_knee_y,left_ankle_x,left_ankle_y
0.5022321428571429,0.22321428571428573,0.47544642857142855,0.4077380952380953,0.40848214285714285,0.3898809523809524,0.3950892857142857,0.47321428571428575,0.41294642857142855,0.4851190476190476,0.4799107142857143,0.3898809523809524,0.546875,0.3898809523809524,0.5870535714285714,0.4375,0.5200892857142857,0.30654761904761907,0.47098214285714285,0.5208333333333334,0.43973214285714285,0.5267857142857143,0.390625,0.6398809523809524,0.37276785714285715,0.7946428571428572,0.49330357142857145,0.5267857142857143,0.4888392857142857,0.6279761904761906,0.46651785714285715,0.7648809523809524
