head_top_x,head_top_y,upper_neck_x,upper_neck_y,right_shoulder_x,right_shoulder_y,right_elbow_x,right_elbow_y,right_wrist_x,right_wrist_y,thorax_x,thorax_y,left_shoulder_x,left_shoulder_y,left_elbow_x,left_elbow_y,left_wrist_x,left_wrist_y,pelvis_x,pelvis_y,right_hip_x,right_hip_y,right_knee_x,right_knee_y,right_ankle_x,right_ankle_y,left_hip_x,left_hip_y,left_knee_x,left_knee_y,left_ankle_x,left_ankle_y
0.8816964285714286,0.07223567393058919,0.4799107142857143,0.19599139090664516,0.4486607142857143,0.2121334409470003,0.43526785714285715,0.4058380414312618,0.44419642857142855,0.5188323917137476,0.484375,0.19061070755986007,0.6763392857142857,0.49192897497982246,0.5513392857142857,0.4058380414312618,0.47098214285714285,0.5188323917137476,0.47544642857142855,0.47578692493946734,0.4263392857142857,0.47040624159268224,0.6897321428571429,0.5349744417541027,0.546875,0.9223836427226257,0.5825892857142857,0.4435028248587571,0.6986607142857143,0.5295937584073177,0.5513392857142857,0.9223836427226257
