head_top_x,head_top_y,upper_neck_x,upper_neck_y,right_shoulder_x,right_shoulder_y,right_elbow_x,right_elbow_y,right_wrist_x,right_wrist_y,thorax_x,thorax_y,left_shoulder_x,left_shoulder_y,left_elbow_x,left_elbow_y,left_wrist_x,left_wrist_y,pelvis_x,pelvis_y,right_hip_x,right_hip_y,right_knee_x,right_knee_y,right_ankle_x,right_ankle_y,left_hip_x,left_hip_y,left_knee_x,left_knee_y,left_ankle_x,left_ankle_y
0.7040816326530612,0.05133928571428571,0.6773168283706925,0.19866071428571427,0.5769488123118099,0.18973214285714285,0.4899631983941117,0.2924107142857143,0.43643358982937436,0.3325892857142857,0.6840080294412846,0.19419642857142858,0.7910672465707594,0.19866071428571427,0.8445968551354969,0.3013392857142857,0.8847440615590498,0.36830357142857145,0.6304784208765473,0.37723214285714285,0.5702576112412178,0.37276785714285715,0.5033456005352962,0.39955357142857145,0.543492806958849,0.5915178571428571,0.6840080294412846,0.37723214285714285,0.6304784208765473,0.4575892857142857,0.5568752091000335,0.609375
