head_top_x,head_top_y,upper_neck_x,upper_neck_y,right_shoulder_x,right_shoulder_y,right_elbow_x,right_elbow_y,right_wrist_x,right_wrist_y,thorax_x,thorax_y,left_shoulder_x,left_shoulder_y,left_elbow_x,left_elbow_y,left_wrist_x,left_wrist_y,pelvis_x,pelvis_y,right_hip_x,right_hip_y,right_knee_x,right_knee_y,right_ankle_x,right_ankle_y,left_hip_x,left_hip_y,left_knee_x,left_knee_y,left_ankle_x,left_ankle_y
0.3551791850760923,0.23883928571428573,0.45827196858124697,0.3549107142857143,0.4631811487481591,0.36830357142857145,0.49263622974963184,0.49776785714285715,0.41899852724594994,0.6183035714285714,0.48281786941580757,0.37723214285714285,0.5122729504172804,0.3950892857142857,0.5515463917525774,0.5513392857142857,0.4533627884143348,0.6227678571428571,0.6693667157584683,0.4799107142857143,0.6300932744231713,0.4888392857142857,0.4337260677466863,0.5915178571428571,0.4288168875797742,0.8013392857142857,0.7086401570937654,0.4799107142857143,0.6644575355915562,0.703125,0.8657339224349533,0.8013392857142857
