head_top_x,head_top_y,upper_neck_x,upper_neck_y,right_shoulder_x,right_shoulder_y,right_elbow_x,right_elbow_y,right_wrist_x,right_wrist_y,thorax_x,thorax_y,left_shoulder_x,left_shoulder_y,left_elbow_x,left_elbow_y,left_wrist_x,left_wrist_y,pelvis_x,pelvis_y,right_hip_x,right_hip_y,right_knee_x,right_knee_y,right_ankle_x,right_ankle_y,left_hip_x,left_hip_y,left_knee_x,left_knee_y,left_ankle_x,left_ankle_y
0.6183035714285714,0.3962863834058213,0.5022321428571429,0.3962863834058213,0.4888392857142857,0.36952157912345257,0.515625,0.5234192037470726,0.5513392857142857,0.6104048176647708,0.5200892857142857,0.382903981264637,0.5602678571428571,0.36283037805286045,0.5290178571428571,0.49665439946470386,0.546875,0.543492806958849,0.37723214285714285,0.41635998661759777,0.3638392857142857,0.40297758447641346,0.421875,0.4431247908999665,0.546875,0.5970224155235866,0.38169642857142855,0.42305118768819006,0.515625,0.44981599197055866,0.5424107142857143,0.5903312144529942
