head_top_x,head_top_y,upper_neck_x,upper_neck_y,right_shoulder_x,right_shoulder_y,right_elbow_x,right_elbow_y,right_wrist_x,right_wrist_y,thorax_x,thorax_y,left_shoulder_x,left_shoulder_y,left_elbow_x,left_elbow_y,left_wrist_x,left_wrist_y,pelvis_x,pelvis_y,right_hip_x,right_hip_y,right_knee_x,right_knee_y,right_ankle_x,right_ankle_y,left_hip_x,left_hip_y,left_knee_x,left_knee_y,left_ankle_x,left_ankle_y
0.4057670561628345,0.17633928571428573,0.4133056916698078,0.31026785714285715,0.2851488880512627,0.34151785714285715,0.23237843950245007,0.4486607142857143,0.3077647945721825,0.453125,0.4133056916698078,0.34151785714285715,0.5339238597813796,0.34151785714285715,0.5942329438371654,0.46205357142857145,0.5339238597813796,0.5200892857142857,0.420844327176781,0.5558035714285714,0.3529966076140218,0.5513392857142857,0.3605352431209951,0.7611607142857143,0.3529966076140218,0.921875,0.4962306822465134,0.5558035714285714,0.5263852242744064,0.7611607142857143,0.45853750471164717,0.9308035714285714
