head_top_x,head_top_y,upper_neck_x,upper_neck_y,right_shoulder_x,right_shoulder_y,right_elbow_x,right_elbow_y,right_wrist_x,right_wrist_y,thorax_x,thorax_y,left_shoulder_x,left_shoulder_y,left_elbow_x,left_elbow_y,left_wrist_x,left_wrist_y,pelvis_x,pelvis_y,right_hip_x,right_hip_y,right_knee_x,right_knee_y,right_ankle_x,right_ankle_y,left_hip_x,left_hip_y,left_knee_x,left_knee_y,left_ankle_x,left_ankle_y
0.8642269033361848,0.390625,0.6704180923866553,0.40401785714285715,0.6771011548331908,0.40401785714285715,0.5434399059024807,0.4174107142857143,0.5233907185628742,0.43080357142857145,0.6771011548331908,0.40401785714285715,0.6637350299401198,0.40401785714285715,0.5434399059024807,0.4263392857142857,0.5233907185628742,0.43080357142857145,0.39641253207869986,0.421875,0.4231447818648418,0.4174107142857143,0.32958190761334477,0.5290178571428571,0.5167076561163387,0.8191964285714286,0.39641253207869986,0.4263392857142857,0.34294803250641576,0.5424107142857143,0.49665846877673236,0.8058035714285714
