head_top_x,head_top_y,upper_neck_x,upper_neck_y,right_shoulder_x,right_shoulder_y,right_elbow_x,right_elbow_y,right_wrist_x,right_wrist_y,thorax_x,thorax_y,left_shoulder_x,left_shoulder_y,left_elbow_x,left_elbow_y,left_wrist_x,left_wrist_y,pelvis_x,pelvis_y,right_hip_x,right_hip_y,right_knee_x,right_knee_y,right_ankle_x,right_ankle_y,left_hip_x,left_hip_y,left_knee_x,left_knee_y,left_ankle_x,left_ankle_y
0.22098214285714285,0.19483568075117372,0.265625,0.3826291079812207,0.18526785714285715,0.44299128101945007,0.3638392857142857,0.5301810865191147,0.38169642857142855,0.5503018108651913,0.265625,0.41616364855801474,0.33705357142857145,0.37592219986586184,0.4263392857142857,0.5033534540576795,0.36830357142857145,0.6173708920187794,0.4263392857142857,0.6441985244802146,0.3950892857142857,0.6777330650570087,0.609375,0.4899396378269618,0.5870535714285714,0.8923541247484911,0.4575892857142857,0.6106639839034206,0.7522321428571429,0.4228705566733736,0.6629464285714286,0.7515090543259558
