head_top_x,head_top_y,upper_neck_x,upper_neck_y,right_shoulder_x,right_shoulder_y,right_elbow_x,right_elbow_y,right_wrist_x,right_wrist_y,thorax_x,thorax_y,left_shoulder_x,left_shoulder_y,left_elbow_x,left_elbow_y,left_wrist_x,left_wrist_y,pelvis_x,pelvis_y,right_hip_x,right_hip_y,right_knee_x,right_knee_y,right_ankle_x,right_ankle_y,left_hip_x,left_hip_y,left_knee_x,left_knee_y,left_ankle_x,left_ankle_y
0.5736607142857143,0.05111402359108783,0.6183035714285714,0.2214941022280472,0.5290178571428571,0.2018348623853211,0.484375,0.3197903014416776,0.43973214285714285,0.4508519003931848,0.6049107142857143,0.2018348623853211,0.6763392857142857,0.18872870249017035,0.7299107142857143,0.26736566186107474,0.7700892857142857,0.37876802096985585,0.6227678571428571,0.40498034076015726,0.578125,0.39842726081258195,0.546875,0.5950196592398428,0.5513392857142857,0.8047182175622543,0.6584821428571429,0.39842726081258195,0.703125,0.6146788990825688,0.7700892857142857,0.7457404980340762
