head_top_x,head_top_y,upper_neck_x,upper_neck_y,right_shoulder_x,right_shoulder_y,right_elbow_x,right_elbow_y,right_wrist_x,right_wrist_y,thorax_x,thorax_y,left_shoulder_x,left_shoulder_y,left_elbow_x,left_elbow_y,left_wrist_x,left_wrist_y,pelvis_x,pelvis_y,right_hip_x,right_hip_y,right_knee_x,right_knee_y,right_ankle_x,right_ankle_y,left_hip_x,left_hip_y,left_knee_x,left_knee_y,left_ankle_x,left_ankle_y
0.5234741784037559,0.24330357142857142,0.4832327297116029,0.39955357142857145,0.3826291079812207,0.39955357142857145,0.3960429242119383,0.31026785714285715,0.30885311871227367,0.265625,0.4899396378269618,0.39955357142857145,0.5838363514419852,0.40848214285714285,0.5838363514419852,0.390625,0.6374916163648557,0.34598214285714285,0.46311200536552644,0.515625,0.3893360160965795,0.5111607142857143,0.2887323943661972,0.5111607142857143,0.3625083836351442,0.6986607142857143,0.5301810865191147,0.5200892857142857,0.5838363514419852,0.4888392857142857,0.6106639839034206,0.8370535714285714
