head_top_x,head_top_y,upper_neck_x,upper_neck_y,right_shoulder_x,right_shoulder_y,right_elbow_x,right_elbow_y,right_wrist_x,right_wrist_y,thorax_x,thorax_y,left_shoulder_x,left_shoulder_y,left_elbow_x,left_elbow_y,left_wrist_x,left_wrist_y,pelvis_x,pelvis_y,right_hip_x,right_hip_y,right_knee_x,right_knee_y,right_ankle_x,right_ankle_y,left_hip_x,left_hip_y,left_knee_x,left_knee_y,left_ankle_x,left_ankle_y
0.15401785714285715,0.49253359880537584,0.2700892857142857,0.49751119960179196,0.2924107142857143,0.45769039323046296,0.46651785714285715,0.3979591836734694,0.515625,0.5622200099552016,0.2700892857142857,0.48257839721254353,0.27901785714285715,0.44773519163763065,0.4575892857142857,0.37307117969138875,0.27901785714285715,0.41289198606271776,0.453125,0.5423096067695371,0.4888392857142857,0.5074664011946243,0.49776785714285715,0.3780487804878049,0.19419642857142858,0.48257839721254353,0.47098214285714285,0.537332005973121,0.47098214285714285,0.6070184171229469,0.18973214285714285,0.48257839721254353
