head_top_x,head_top_y,upper_neck_x,upper_neck_y,right_shoulder_x,right_shoulder_y,right_elbow_x,right_elbow_y,right_wrist_x,right_wrist_y,thorax_x,thorax_y,left_shoulder_x,left_shoulder_y,left_elbow_x,left_elbow_y,left_wrist_x,left_wrist_y,pelvis_x,pelvis_y,right_hip_x,right_hip_y,right_knee_x,right_knee_y,right_ankle_x,right_ankle_y,left_hip_x,left_hip_y,left_knee_x,left_knee_y,left_ankle_x,left_ankle_y
0.6183035714285714,0.3625083836351442,0.5290178571428571,0.46311200536552644,0.40848214285714285,0.4228705566733736,0.5602678571428571,0.3826291079812207,0.5424107142857143,0.4295774647887324,0.5066964285714286,0.46311200536552644,0.359375,0.4295774647887324,0.41294642857142855,0.4228705566733736,0.5111607142857143,0.43628437290409117,0.4888392857142857,0.5033534540576795,0.5066964285714286,0.46311200536552644,0.4799107142857143,0.6777330650570087,0.21651785714285715,0.7515090543259558,0.4799107142857143,0.5100603621730383,0.484375,0.6777330650570087,0.06919642857142858,0.6710261569416499
