head_top_x,head_top_y,upper_neck_x,upper_neck_y,right_shoulder_x,right_shoulder_y,right_elbow_x,right_elbow_y,right_wrist_x,right_wrist_y,thorax_x,thorax_y,left_shoulder_x,left_shoulder_y,left_elbow_x,left_elbow_y,left_wrist_x,left_wrist_y,pelvis_x,pelvis_y,right_hip_x,right_hip_y,right_knee_x,right_knee_y,right_ankle_x,right_ankle_y,left_hip_x,left_hip_y,left_knee_x,left_knee_y,left_ankle_x,left_ankle_y
0.2700892857142857,0.6789264413518887,0.4888392857142857,0.6505254189150809,0.4575892857142857,0.6902868503266117,0.5022321428571429,0.5596421471172962,0.5334821428571429,0.5653223516046577,0.5066964285714286,0.6448452144277194,0.46651785714285715,0.6334848054529963,0.4799107142857143,0.5312411246804885,0.546875,0.53692132916785,0.546875,0.5028401022436808,0.5424107142857143,0.4857994887815961,0.35044642857142855,0.36651519454700365,0.31026785714285715,0.6505254189150809,0.5424107142857143,0.5028401022436808,0.34598214285714285,0.36651519454700365,0.296875,0.6448452144277194
