head_top_x,head_top_y,upper_neck_x,upper_neck_y,right_shoulder_x,right_shoulder_y,right_elbow_x,right_elbow_y,right_wrist_x,right_wrist_y,thorax_x,thorax_y,left_shoulder_x,left_shoulder_y,left_elbow_x,left_elbow_y,left_wrist_x,left_wrist_y,pelvis_x,pelvis_y,right_hip_x,right_hip_y,right_knee_x,right_knee_y,right_ankle_x,right_ankle_y,left_hip_x,left_hip_y,left_knee_x,left_knee_y,left_ankle_x,left_ankle_y
0.19419642857142858,0.5386904761904762,0.2924107142857143,0.5744047619047619,0.39955357142857145,0.1875,0.43526785714285715,0.31845238095238093,0.9040178571428571,0.15773809523809523,0.41294642857142855,0.18154761904761907,0.28348214285714285,0.5744047619047619,0.203125,0.6517857142857143,0.9040178571428571,0.1636904761904762,0.4799107142857143,0.5208333333333334,0.515625,0.5148809523809524,0.6183035714285714,0.7648809523809524,0.5513392857142857,0.9613095238095238,0.47098214285714285,0.5148809523809524,0.6183035714285714,0.7708333333333334,0.5825892857142857,0.9553571428571428
