head_top_x,head_top_y,upper_neck_x,upper_neck_y,right_shoulder_x,right_shoulder_y,right_elbow_x,right_elbow_y,right_wrist_x,right_wrist_y,thorax_x,thorax_y,left_shoulder_x,left_shoulder_y,left_elbow_x,left_elbow_y,left_wrist_x,left_wrist_y,pelvis_x,pelvis_y,right_hip_x,right_hip_y,right_knee_x,right_knee_y,right_ankle_x,right_ankle_y,left_hip_x,left_hip_y,left_knee_x,left_knee_y,left_ankle_x,left_ankle_y
0.2611607142857143,0.5297619047619048,0.3950892857142857,0.6091269841269842,0.43080357142857145,0.5958994708994709,0.515625,0.5496031746031746,0.5334821428571429,0.1130952380952381,0.3950892857142857,0.6157407407407407,0.37276785714285715,0.6488095238095238,0.203125,0.10648148148148147,0.5022321428571429,0.1130952380952381,0.671875,0.5297619047619048,0.6986607142857143,0.5231481481481481,0.796875,0.5694444444444444,0.9174107142857143,0.5363756613756613,0.6629464285714286,0.5165343915343915,0.8727678571428571,0.5826719576719577,0.9308035714285714,0.5429894179894179
