head_top_x,head_top_y,upper_neck_x,upper_neck_y,right_shoulder_x,right_shoulder_y,right_elbow_x,right_elbow_y,right_wrist_x,right_wrist_y,thorax_x,thorax_y,left_shoulder_x,left_shoulder_y,left_elbow_x,left_elbow_y,left_wrist_x,left_wrist_y,pelvis_x,pelvis_y,right_hip_x,right_hip_y,right_knee_x,right_knee_y,right_ankle_x,right_ankle_y,left_hip_x,left_hip_y,left_knee_x,left_knee_y,left_ankle_x,left_ankle_y
0.43239271017048797,0.22544642857142858,0.43239271017048797,0.36830357142857145,0.3324514991181658,0.3861607142857143,0.29717813051146386,0.4799107142857143,0.32657260435038216,0.5290178571428571,0.43239271017048797,0.38169642857142855,0.5264550264550264,0.37276785714285715,0.6087595532039977,0.46651785714285715,0.6087595532039977,0.38169642857142855,0.4559082892416226,0.5736607142857143,0.39711934156378603,0.5736607142857143,0.29717813051146386,0.6808035714285714,0.3324514991181658,0.9040178571428571,0.5205761316872428,0.5825892857142857,0.3089359200470312,0.6674107142857143,0.32069370958259846,0.8727678571428571
