head_top_x,head_top_y,upper_neck_x,upper_neck_y,right_shoulder_x,right_shoulder_y,right_elbow_x,right_elbow_y,right_wrist_x,right_wrist_y,thorax_x,thorax_y,left_shoulder_x,left_shoulder_y,left_elbow_x,left_elbow_y,left_wrist_x,left_wrist_y,pelvis_x,pelvis_y,right_hip_x,right_hip_y,right_knee_x,right_knee_y,right_ankle_x,right_ankle_y,left_hip_x,left_hip_y,left_knee_x,left_knee_y,left_ankle_x,left_ankle_y
0.453125,0.16878554700568751,0.4575892857142857,0.382903981264637,0.34598214285714285,0.4096687855470056,0.47098214285714285,0.23569755771160925,0.47544642857142855,0.3293743726998996,0.4575892857142857,0.36952157912345257,0.5558035714285714,0.4096687855470056,0.640625,0.4297423887587822,0.4888392857142857,0.31599197055871525,0.46651785714285715,0.3226831716293074,0.46205357142857145,0.30930076948812313,0.5602678571428571,0.382903981264637,0.4799107142857143,0.3226831716293074,0.4799107142857143,0.30930076948812313,0.6183035714285714,0.42305118768819006,0.7700892857142857,0.5568752091000335
