head_top_x,head_top_y,upper_neck_x,upper_neck_y,right_shoulder_x,right_shoulder_y,right_elbow_x,right_elbow_y,right_wrist_x,right_wrist_y,thorax_x,thorax_y,left_shoulder_x,left_shoulder_y,left_elbow_x,left_elbow_y,left_wrist_x,left_wrist_y,pelvis_x,pelvis_y,right_hip_x,right_hip_y,right_knee_x,right_knee_y,right_ankle_x,right_ankle_y,left_hip_x,left_hip_y,left_knee_x,left_knee_y,left_ankle_x,left_ankle_y
0.5290178571428571,0.3293743726998996,0.44419642857142855,0.4297423887587822,0.390625,0.4431247908999665,0.40401785714285715,0.5836400133824021,0.3861607142857143,0.7241552358648377,0.4575892857142857,0.4096687855470056,0.5290178571428571,0.3962863834058213,0.5647321428571429,0.5501840080294413,0.5915178571428571,0.690699230511877,0.453125,0.46988959518233525,0.41294642857142855,0.48327199732351955,0.421875,0.6237872198059551,0.4799107142857143,0.7910672465707594,0.49330357142857145,0.4565071930411508,0.5424107142857143,0.49665439946470386,0.5870535714285714,0.7040816326530612
