head_top_x,head_top_y,upper_neck_x,upper_neck_y,right_shoulder_x,right_shoulder_y,right_elbow_x,right_elbow_y,right_wrist_x,right_wrist_y,thorax_x,thorax_y,left_shoulder_x,left_shoulder_y,left_elbow_x,left_elbow_y,left_wrist_x,left_wrist_y,pelvis_x,pelvis_y,right_hip_x,right_hip_y,right_knee_x,right_knee_y,right_ankle_x,right_ankle_y,left_hip_x,left_hip_y,left_knee_x,left_knee_y,left_ankle_x,left_ankle_y
0.9308035714285714,0.8720238095238094,0.5379464285714286,0.0505952380952381,0.6183035714285714,0.0267857142857143,0.703125,0.49702380952380953,0.5736607142857143,0.4791666666666667,0.5424107142857143,0.0505952380952381,0.453125,0.056547619047619034,0.4799107142857143,0.2648809523809524,0.546875,0.4672619047619047,0.49776785714285715,0.47321428571428575,0.5424107142857143,0.5089285714285715,0.484375,0.6339285714285715,0.2924107142857143,0.6220238095238094,0.4486607142857143,0.4494047619047619,0.5334821428571429,0.6041666666666666,0.31026785714285715,0.9315476190476191
