head_top_x,head_top_y,upper_neck_x,upper_neck_y,right_shoulder_x,right_shoulder_y,right_elbow_x,right_elbow_y,right_wrist_x,right_wrist_y,thorax_x,thorax_y,left_shoulder_x,left_shoulder_y,left_elbow_x,left_elbow_y,left_wrist_x,left_wrist_y,pelvis_x,pelvis_y,right_hip_x,right_hip_y,right_knee_x,right_knee_y,right_ankle_x,right_ankle_y,left_hip_x,left_hip_y,left_knee_x,left_knee_y,left_ankle_x,left_ankle_y
0.46988959518233525,0.39955357142857145,0.5836400133824021,0.5111607142857143,0.4899631983941117,0.5200892857142857,0.43643358982937436,0.5915178571428571,0.36283037805286045,0.640625,0.5769488123118099,0.49776785714285715,0.6639344262295082,0.47544642857142855,0.777684844429575,0.515625,0.690699230511877,0.515625,0.6438608230177317,0.6138392857142857,0.617096018735363,0.6227678571428571,0.48327199732351955,0.5245535714285714,0.7040816326530612,0.6941964285714286,0.6773168283706925,0.609375,0.7241552358648377,0.6763392857142857,0.7709936433589829,0.7433035714285714
