head_top_x,head_top_y,upper_neck_x,upper_neck_y,right_shoulder_x,right_shoulder_y,right_elbow_x,right_elbow_y,right_wrist_x,right_wrist_y,thorax_x,thorax_y,left_shoulder_x,left_shoulder_y,left_elbow_x,left_elbow_y,left_wrist_x,left_wrist_y,pelvis_x,pelvis_y,right_hip_x,right_hip_y,right_knee_x,right_knee_y,right_ankle_x,right_ankle_y,left_hip_x,left_hip_y,left_knee_x,left_knee_y,left_ankle_x,left_ankle_y
0.484375,0.20938375350140057,0.43526785714285715,0.40546218487394964,0.47544642857142855,0.3634453781512605,0.5200892857142857,0.2514005602240897,0.515625,0.20938375350140057,0.43080357142857145,0.41946778711484595,0.3861607142857143,0.41946778711484595,0.49330357142857145,0.32843137254901966,0.515625,0.24439775910364153,0.5915178571428571,0.4544817927170869,0.609375,0.4264705882352941,0.703125,0.5245098039215687,0.23883928571428573,0.20938375350140057,0.5870535714285714,0.44747899159663873,0.7165178571428571,0.5245098039215687,0.25669642857142855,0.25840336134453784
