head_top_x,head_top_y,upper_neck_x,upper_neck_y,right_shoulder_x,right_shoulder_y,right_elbow_x,right_elbow_y,right_wrist_x,right_wrist_y,thorax_x,thorax_y,left_shoulder_x,left_shoulder_y,left_elbow_x,left_elbow_y,left_wrist_x,left_wrist_y,pelvis_x,pelvis_y,right_hip_x,right_hip_y,right_knee_x,right_knee_y,right_ankle_x,right_ankle_y,left_hip_x,left_hip_y,left_knee_x,left_knee_y,left_ankle_x,left_ankle_y
0.5167280026764804,0.08705357142857142,0.5368016058882569,0.22544642857142858,0.4431247908999665,0.203125,0.3561391769822683,0.13169642857142858,0.25577116092338575,0.060267857142857144,0.5301104048176647,0.22098214285714285,0.6304784208765473,0.22991071428571427,0.6304784208765473,0.28348214285714285,0.6371696219471394,0.24776785714285715,0.5234192037470726,0.43080357142857145,0.46988959518233525,0.43526785714285715,0.3360655737704918,0.5647321428571429,0.37621278019404486,0.734375,0.5836400133824021,0.4263392857142857,0.7709936433589829,0.47098214285714285,0.7308464369354298,0.6584821428571429
