head_top_x,head_top_y,upper_neck_x,upper_neck_y,right_shoulder_x,right_shoulder_y,right_elbow_x,right_elbow_y,right_wrist_x,right_wrist_y,thorax_x,thorax_y,left_shoulder_x,left_shoulder_y,left_elbow_x,left_elbow_y,left_wrist_x,left_wrist_y,pelvis_x,pelvis_y,right_hip_x,right_hip_y,right_knee_x,right_knee_y,right_ankle_x,right_ankle_y,left_hip_x,left_hip_y,left_knee_x,left_knee_y,left_ankle_x,left_ankle_y
0.4672619047619047,0.15848214285714285,0.4851190476190476,0.34151785714285715,0.3839285714285714,0.3861607142857143,0.3422619047619047,0.49776785714285715,0.3422619047619047,0.5647321428571429,0.5029761904761906,0.3861607142857143,0.6160714285714285,0.40401785714285715,0.6696428571428572,0.5379464285714286,0.5803571428571428,0.5558035714285714,0.44345238095238093,0.6316964285714286,0.3898809523809524,0.609375,0.22321428571428573,0.4888392857142857,0.3005952380952381,0.7566964285714286,0.5267857142857143,0.640625,0.3839285714285714,0.671875,0.34821428571428575,0.8415178571428571
