head_top_x,head_top_y,upper_neck_x,upper_neck_y,right_shoulder_x,right_shoulder_y,right_elbow_x,right_elbow_y,right_wrist_x,right_wrist_y,thorax_x,thorax_y,left_shoulder_x,left_shoulder_y,left_elbow_x,left_elbow_y,left_wrist_x,left_wrist_y,pelvis_x,pelvis_y,right_hip_x,right_hip_y,right_knee_x,right_knee_y,right_ankle_x,right_ankle_y,left_hip_x,left_hip_y,left_knee_x,left_knee_y,left_ankle_x,left_ankle_y
0.5513392857142857,0.10685091475282213,0.6004464285714286,0.33261969637991434,0.5245535714285714,0.2936940443752432,0.5022321428571429,0.4182561307901907,0.453125,0.5116776956014014,0.5915178571428571,0.2936940443752432,0.6584821428571429,0.2936940443752432,0.7120535714285714,0.40268586998832223,0.7611607142857143,0.5116776956014014,0.6183035714285714,0.4493966523939275,0.578125,0.4493966523939275,0.5513392857142857,0.573958738808875,0.5602678571428571,0.7374464772284935,0.6450892857142857,0.4493966523939275,0.6227678571428571,0.5973141300116777,0.6272321428571429,0.6673803036200857
