head_top_x,head_top_y,upper_neck_x,upper_neck_y,right_shoulder_x,right_shoulder_y,right_elbow_x,right_elbow_y,right_wrist_x,right_wrist_y,thorax_x,thorax_y,left_shoulder_x,left_shoulder_y,left_elbow_x,left_elbow_y,left_wrist_x,left_wrist_y,pelvis_x,pelvis_y,right_hip_x,right_hip_y,right_knee_x,right_knee_y,right_ankle_x,right_ankle_y,left_hip_x,left_hip_y,left_knee_x,left_knee_y,left_ankle_x,left_ankle_y
0.34151785714285715,0.3363095238095238,0.38169642857142855,0.5208333333333334,0.31026785714285715,0.5029761904761906,0.296875,0.6279761904761906,0.265625,0.5982142857142857,0.38169642857142855,0.5148809523809524,0.453125,0.5208333333333334,0.43973214285714285,0.6815476190476191,0.27901785714285715,0.6220238095238094,0.37723214285714285,0.6934523809523809,0.34598214285714285,0.6815476190476191,0.2700892857142857,0.7470238095238094,0.27455357142857145,0.9434523809523809,0.41294642857142855,0.7053571428571428,0.35044642857142855,0.7648809523809524,0.34151785714285715,0.9613095238095238
