head_top_x,head_top_y,upper_neck_x,upper_neck_y,right_shoulder_x,right_shoulder_y,right_elbow_x,right_elbow_y,right_wrist_x,right_wrist_y,thorax_x,thorax_y,left_shoulder_x,left_shoulder_y,left_elbow_x,left_elbow_y,left_wrist_x,left_wrist_y,pelvis_x,pelvis_y,right_hip_x,right_hip_y,right_knee_x,right_knee_y,right_ankle_x,right_ankle_y,left_hip_x,left_hip_y,left_knee_x,left_knee_y,left_ankle_x,left_ankle_y
0.4486607142857143,0.7397838568051335,0.5022321428571429,0.5303951367781155,0.43973214285714285,0.48311381290104694,0.36830357142857145,0.6249577845322526,0.30580357142857145,0.7330293819655521,0.5066964285714286,0.5236406619385343,0.578125,0.5303951367781155,0.5513392857142857,0.6519756838905776,0.5111607142857143,0.7397838568051335,0.5959821428571429,0.10486322188449851,0.5602678571428571,0.10486322188449851,0.4799107142857143,0.2872340425531915,0.44419642857142855,0.16565349544072952,0.6361607142857143,0.07109084768659239,0.5915178571428571,0.4560959135427221,0.28794642857142855,0.01705504896994259
