head_top_x,head_top_y,upper_neck_x,upper_neck_y,right_shoulder_x,right_shoulder_y,right_elbow_x,right_elbow_y,right_wrist_x,right_wrist_y,thorax_x,thorax_y,left_shoulder_x,left_shoulder_y,left_elbow_x,left_elbow_y,left_wrist_x,left_wrist_y,pelvis_x,pelvis_y,right_hip_x,right_hip_y,right_knee_x,right_knee_y,right_ankle_x,right_ankle_y,left_hip_x,left_hip_y,left_knee_x,left_knee_y,left_ankle_x,left_ankle_y
0.33705357142857145,0.3293743726998996,0.37276785714285715,0.46319839411174296,0.35044642857142855,0.38959518233522916,0.43526785714285715,0.2892271662763466,0.359375,0.3962863834058213,0.38169642857142855,0.44981599197055866,0.34598214285714285,0.5234192037470726,0.22991071428571427,0.5836400133824021,0.43973214285714285,0.2758447641351622,0.859375,0.5836400133824021,0.8683035714285714,0.5568752091000335,0.7700892857142857,0.6371696219471394,0.8683035714285714,0.6840080294412846,0.6316964285714286,0.5836400133824021,0.7879464285714286,0.6438608230177317,0.8638392857142857,0.6773168283706925
