head_top_x,head_top_y,upper_neck_x,upper_neck_y,right_shoulder_x,right_shoulder_y,right_elbow_x,right_elbow_y,right_wrist_x,right_wrist_y,thorax_x,thorax_y,left_shoulder_x,left_shoulder_y,left_elbow_x,left_elbow_y,left_wrist_x,left_wrist_y,pelvis_x,pelvis_y,right_hip_x,right_hip_y,right_knee_x,right_knee_y,right_ankle_x,right_ankle_y,left_hip_x,left_hip_y,left_knee_x,left_knee_y,left_ankle_x,left_ankle_y
0.578125,0.12283044058744996,0.6584821428571429,0.6769025367156208,0.6763392857142857,0.6702269692923899,0.4888392857142857,0.1562082777036048,0.5111607142857143,0.14953271028037385,0.6584821428571429,0.6635514018691588,0.6316964285714286,0.6635514018691588,0.6495535714285714,0.20293724966622162,0.4888392857142857,0.1562082777036048,0.5736607142857143,0.5700934579439252,0.5736607142857143,0.5567423230974633,0.453125,0.650200267022697,0.140625,0.7369826435246997,0.578125,0.5700934579439252,0.43526785714285715,0.6568758344459279,0.12723214285714285,0.7369826435246997
