head_top_x,head_top_y,upper_neck_x,upper_neck_y,right_shoulder_x,right_shoulder_y,right_elbow_x,right_elbow_y,right_wrist_x,right_wrist_y,thorax_x,thorax_y,left_shoulder_x,left_shoulder_y,left_elbow_x,left_elbow_y,left_wrist_x,left_wrist_y,pelvis_x,pelvis_y,right_hip_x,right_hip_y,right_knee_x,right_knee_y,right_ankle_x,right_ankle_y,left_hip_x,left_hip_y,left_knee_x,left_knee_y,left_ankle_x,left_ankle_y
0.5870535714285714,0.14871194379391098,0.5691964285714286,0.3360655737704918,0.546875,0.30260956841753095,0.4888392857142857,0.37621278019404486,0.421875,0.42305118768819006,0.5736607142857143,0.31599197055871525,0.6138392857142857,0.3226831716293074,0.6629464285714286,0.42305118768819006,0.6138392857142857,0.30260956841753095,0.5424107142857143,0.5033456005352962,0.5200892857142857,0.5100368016058883,0.5200892857142857,0.6237872198059551,0.5290178571428571,0.7442288390766143,0.5558035714285714,0.5167280026764804,0.5379464285714286,0.6304784208765473,0.5424107142857143,0.7375376380060221
