head_top_x,head_top_y,upper_neck_x,upper_neck_y,right_shoulder_x,right_shoulder_y,right_elbow_x,right_elbow_y,right_wrist_x,right_wrist_y,thorax_x,thorax_y,left_shoulder_x,left_shoulder_y,left_elbow_x,left_elbow_y,left_wrist_x,left_wrist_y,pelvis_x,pelvis_y,right_hip_x,right_hip_y,right_knee_x,right_knee_y,right_ankle_x,right_ankle_y,left_hip_x,left_hip_y,left_knee_x,left_knee_y,left_ankle_x,left_ankle_y
0.40848214285714285,0.30885311871227367,0.34151785714285715,0.46981891348088534,0.3013392857142857,0.46311200536552644,0.25669642857142855,0.6441985244802146,0.234375,0.7917505030181086,0.34151785714285715,0.46311200536552644,0.3950892857142857,0.44969818913480886,0.3549107142857143,0.597250167672703,0.35044642857142855,0.7313883299798792,0.5022321428571429,0.3423876592890677,0.5022321428571429,0.32226693494299125,0.609375,0.5234741784037559,0.6227678571428571,0.7582159624413145,0.5111607142857143,0.3423876592890677,0.6138392857142857,0.5167672702883971,0.6272321428571429,0.7649228705566734
