head_top_x,head_top_y,upper_neck_x,upper_neck_y,right_shoulder_x,right_shoulder_y,right_elbow_x,right_elbow_y,right_wrist_x,right_wrist_y,thorax_x,thorax_y,left_shoulder_x,left_shoulder_y,left_elbow_x,left_elbow_y,left_wrist_x,left_wrist_y,pelvis_x,pelvis_y,right_hip_x,right_hip_y,right_knee_x,right_knee_y,right_ankle_x,right_ankle_y,left_hip_x,left_hip_y,left_knee_x,left_knee_y,left_ankle_x,left_ankle_y
0.45640509725016765,0.16741071428571427,0.5167672702883971,0.33705357142857145,0.46311200536552644,0.33705357142857145,0.44299128101945007,0.421875,0.41616364855801474,0.39955357142857145,0.5167672702883971,0.33705357142857145,0.5503018108651913,0.3549107142857143,0.5368879946344735,0.453125,0.4228705566733736,0.4486607142857143,0.5838363514419852,0.5245535714285714,0.55700871898055,0.5200892857142857,0.5301810865191147,0.6495535714285714,0.6240778001341382,0.7075892857142857,0.6039570757880618,0.5245535714285714,0.5301810865191147,0.6629464285714286,0.630784708249497,0.7165178571428571
