head_top_x,head_top_y,upper_neck_x,upper_neck_y,right_shoulder_x,right_shoulder_y,right_elbow_x,right_elbow_y,right_wrist_x,right_wrist_y,thorax_x,thorax_y,left_shoulder_x,left_shoulder_y,left_elbow_x,left_elbow_y,left_wrist_x,left_wrist_y,pelvis_x,pelvis_y,right_hip_x,right_hip_y,right_knee_x,right_knee_y,right_ankle_x,right_ankle_y,left_hip_x,left_hip_y,left_knee_x,left_knee_y,left_ankle_x,left_ankle_y
0.34151785714285715,0.13777928232904538,0.3638392857142857,0.3205822613405551,0.31919642857142855,0.3273527420446852,0.3325892857142857,0.46953283683141506,0.30580357142857145,0.5846310088016249,0.36830357142857145,0.3138117806364251,0.39955357142857145,0.3070412999322952,0.40848214285714285,0.510155721056195,0.3638392857142857,0.6252538930264049,0.359375,0.5440081245768449,0.34151785714285715,0.557549085985105,0.34151785714285715,0.6117129316181449,0.36830357142857145,0.8689911983750845,0.37723214285714285,0.557549085985105,0.37723214285714285,0.6320243737305348,0.36830357142857145,0.8689911983750845
