head_top_x,head_top_y,upper_neck_x,upper_neck_y,right_shoulder_x,right_shoulder_y,right_elbow_x,right_elbow_y,right_wrist_x,right_wrist_y,thorax_x,thorax_y,left_shoulder_x,left_shoulder_y,left_elbow_x,left_elbow_y,left_wrist_x,left_wrist_y,pelvis_x,pelvis_y,right_hip_x,right_hip_y,right_knee_x,right_knee_y,right_ankle_x,right_ankle_y,left_hip_x,left_hip_y,left_knee_x,left_knee_y,left_ankle_x,left_ankle_y
0.671875,0.14245615911035076,0.6227678571428571,0.3228988451668092,0.5647321428571429,0.33626497005988026,0.5424107142857143,0.4030955945252353,0.6004464285714286,0.39641253207869986,0.6227678571428571,0.3563141573994868,0.671875,0.3563141573994868,0.6674107142857143,0.4231447818648418,0.6674107142857143,0.4164617194183063,0.5915178571428571,0.6570519674935843,0.5558035714285714,0.6570519674935843,0.5825892857142857,0.8642269033361848,0.171875,0.4164617194183063,0.6227678571428571,0.6570519674935843,0.6138392857142857,0.8709099657827203,0.6183035714285714,0.9912050898203594
