head_top_x,head_top_y,upper_neck_x,upper_neck_y,right_shoulder_x,right_shoulder_y,right_elbow_x,right_elbow_y,right_wrist_x,right_wrist_y,thorax_x,thorax_y,left_shoulder_x,left_shoulder_y,left_elbow_x,left_elbow_y,left_wrist_x,left_wrist_y,pelvis_x,pelvis_y,right_hip_x,right_hip_y,right_knee_x,right_knee_y,right_ankle_x,right_ankle_y,left_hip_x,left_hip_y,left_knee_x,left_knee_y,left_ankle_x,left_ankle_y
0.13616071428571427,0.0625,0.37723214285714285,0.1875,0.37276785714285715,0.16964285714285712,0.36830357142857145,0.1875,0.40848214285714285,0.4136904761904762,0.44419642857142855,0.16964285714285712,0.40401785714285715,0.12797619047619047,0.4799107142857143,0.10416666666666667,0.5200892857142857,0.37202380952380953,0.4575892857142857,0.49702380952380953,0.453125,0.5089285714285715,0.17633928571428573,0.4672619047619047,0.7209821428571429,0.6755952380952381,0.49330357142857145,0.4851190476190476,0.40848214285714285,0.6994047619047619,0.7254464285714286,0.6755952380952381
