head_top_x,head_top_y,upper_neck_x,upper_neck_y,right_shoulder_x,right_shoulder_y,right_elbow_x,right_elbow_y,right_wrist_x,right_wrist_y,thorax_x,thorax_y,left_shoulder_x,left_shoulder_y,left_elbow_x,left_elbow_y,left_wrist_x,left_wrist_y,pelvis_x,pelvis_y,right_hip_x,right_hip_y,right_knee_x,right_knee_y,right_ankle_x,right_ankle_y,left_hip_x,left_hip_y,left_knee_x,left_knee_y,left_ankle_x,left_ankle_y
0.5368879946344735,0.18526785714285715,0.4966465459423206,0.31919642857142855,0.5503018108651913,0.34151785714285715,0.6643192488262911,0.40848214285714285,0.4966465459423206,0.16294642857142858,0.4899396378269618,0.31473214285714285,0.4295774647887324,0.3013392857142857,0.40945674044265595,0.265625,0.4765258215962441,0.16294642857142858,0.4765258215962441,0.37723214285714285,0.4966465459423206,0.37723214285714285,0.6710261569416499,0.41294642857142855,0.2887323943661972,0.5200892857142857,0.44969818913480886,0.3861607142857143,0.3625083836351442,0.484375,0.2619047619047619,0.5290178571428571
