head_top_x,head_top_y,upper_neck_x,upper_neck_y,right_shoulder_x,right_shoulder_y,right_elbow_x,right_elbow_y,right_wrist_x,right_wrist_y,thorax_x,thorax_y,left_shoulder_x,left_shoulder_y,left_elbow_x,left_elbow_y,left_wrist_x,left_wrist_y,pelvis_x,pelvis_y,right_hip_x,right_hip_y,right_knee_x,right_knee_y,right_ankle_x,right_ankle_y,left_hip_x,left_hip_y,left_knee_x,left_knee_y,left_ankle_x,left_ankle_y
0.4766355140186916,0.046875,0.5834445927903872,0.18973214285714285,0.46995994659546064,0.203125,0.38317757009345793,0.33705357142857145,0.20293724966622162,0.3638392857142857,0.5834445927903872,0.203125,0.6902536715620828,0.21205357142857142,0.8437917222963952,0.31473214285714285,0.8504672897196262,0.44419642857142855,0.7303070761014686,0.4486607142857143,0.6835781041388518,0.46205357142857145,0.6769025367156208,0.6450892857142857,0.643524699599466,0.859375,0.7837116154873165,0.44419642857142855,0.636849132176235,0.640625,0.643524699599466,0.8638392857142857
