head_top_x,head_top_y,upper_neck_x,upper_neck_y,right_shoulder_x,right_shoulder_y,right_elbow_x,right_elbow_y,right_wrist_x,right_wrist_y,thorax_x,thorax_y,left_shoulder_x,left_shoulder_y,left_elbow_x,left_elbow_y,left_wrist_x,left_wrist_y,pelvis_x,pelvis_y,right_hip_x,right_hip_y,right_knee_x,right_knee_y,right_ankle_x,right_ankle_y,left_hip_x,left_hip_y,left_knee_x,left_knee_y,left_ankle_x,left_ankle_y
0.400517309988062,0.078125,0.41643454038997213,0.23883928571428573,0.2811380819737365,0.2700892857142857,0.3368483883804218,0.4174107142857143,0.40847592518901715,0.5200892857142857,0.41643454038997213,0.2700892857142857,0.5676482292081179,0.265625,0.5517309988062077,0.40848214285714285,0.4960206923995225,0.5022321428571429,0.4562276163947473,0.4799107142857143,0.384600079586152,0.484375,0.400517309988062,0.6629464285714286,0.42439315559092716,0.8415178571428571,0.5278551532033426,0.4799107142857143,0.5437723836052526,0.671875,0.5994826900119379,0.8638392857142857
