head_top_x,head_top_y,upper_neck_x,upper_neck_y,right_shoulder_x,right_shoulder_y,right_elbow_x,right_elbow_y,right_wrist_x,right_wrist_y,thorax_x,thorax_y,left_shoulder_x,left_shoulder_y,left_elbow_x,left_elbow_y,left_wrist_x,left_wrist_y,pelvis_x,pelvis_y,right_hip_x,right_hip_y,right_knee_x,right_knee_y,right_ankle_x,right_ankle_y,left_hip_x,left_hip_y,left_knee_x,left_knee_y,left_ankle_x,left_ankle_y
0.3893360160965795,0.09598214285714286,0.4228705566733736,0.23883928571428573,0.31556002682763246,0.265625,0.31556002682763246,0.359375,0.45640509725016765,0.35044642857142855,0.4295774647887324,0.2700892857142857,0.5704225352112676,0.2700892857142857,0.630784708249497,0.38169642857142855,0.6911468812877264,0.49330357142857145,0.46311200536552644,0.4888392857142857,0.37592219986586184,0.4888392857142857,0.4295774647887324,0.6138392857142857,0.5301810865191147,0.7745535714285714,0.5234741784037559,0.484375,0.5637156270959088,0.6450892857142857,0.5637156270959088,0.7790178571428571
