head_top_x,head_top_y,upper_neck_x,upper_neck_y,right_shoulder_x,right_shoulder_y,right_elbow_x,right_elbow_y,right_wrist_x,right_wrist_y,thorax_x,thorax_y,left_shoulder_x,left_shoulder_y,left_elbow_x,left_elbow_y,left_wrist_x,left_wrist_y,pelvis_x,pelvis_y,right_hip_x,right_hip_y,right_knee_x,right_knee_y,right_ankle_x,right_ankle_y,left_hip_x,left_hip_y,left_knee_x,left_knee_y,left_ankle_x,left_ankle_y
0.765625,0.059740667623833454,0.734375,0.2279926417803302,0.6763392857142857,0.21116744436468055,0.5870535714285714,0.20555904522613067,0.546875,0.17751704953338115,0.734375,0.2336010409188801,0.7790178571428571,0.25042623833452976,0.828125,0.34576902368987794,0.5334821428571429,0.19434224694903085,0.703125,0.4691538047379756,0.6897321428571429,0.4691538047379756,0.6584821428571429,0.6486225771715721,0.6808035714285714,0.8000493539124192,0.7120535714285714,0.4691538047379756,0.7254464285714286,0.6710561737257718,0.734375,0.8449165470208183
