head_top_x,head_top_y,upper_neck_x,upper_neck_y,right_shoulder_x,right_shoulder_y,right_elbow_x,right_elbow_y,right_wrist_x,right_wrist_y,thorax_x,thorax_y,left_shoulder_x,left_shoulder_y,left_elbow_x,left_elbow_y,left_wrist_x,left_wrist_y,pelvis_x,pelvis_y,right_hip_x,right_hip_y,right_knee_x,right_knee_y,right_ankle_x,right_ankle_y,left_hip_x,left_hip_y,left_knee_x,left_knee_y,left_ankle_x,left_ankle_y
0.5275,0.30888888888888894,0.5241666666666667,0.5548148148148149,0.4608333333333333,0.4896296296296296,0.38416666666666666,0.5755555555555555,0.3625,0.6822222222222223,0.5275,0.48370370370370375,0.5925,0.48666666666666664,0.6408333333333334,0.6022222222222222,0.6625,0.7148148148148148,0.5058333333333334,0.5992592592592592,0.4875,0.5992592592592592,0.4975,0.47777777777777775,0.49583333333333335,0.7296296296296296,0.5291666666666667,0.6081481481481481,0.5375,0.42444444444444446,0.49416666666666664,0.40074074074074073
