head_top_x,head_top_y,upper_neck_x,upper_neck_y,right_shoulder_x,right_shoulder_y,right_elbow_x,right_elbow_y,right_wrist_x,right_wrist_y,thorax_x,thorax_y,left_shoulder_x,left_shoulder_y,left_elbow_x,left_elbow_y,left_wrist_x,left_wrist_y,pelvis_x,pelvis_y,right_hip_x,right_hip_y,right_knee_x,right_knee_y,right_ankle_x,right_ankle_y,left_hip_x,left_hip_y,left_knee_x,left_knee_y,left_ankle_x,left_ankle_y
0.5725,0.03333333333333331,0.5641666666666667,0.30296296296296293,0.49416666666666664,0.3355555555555555,0.4425,0.5133333333333332,0.49083333333333334,0.3888888888888889,0.5625,0.3414814814814815,0.6358333333333334,0.3444444444444444,0.7141666666666666,0.49851851851851847,0.6791666666666667,0.4096296296296296,0.5758333333333333,0.8362962962962963,0.5291666666666667,0.8362962962962963,0.5241666666666667,1.0,0.5091666666666667,0.26740740740740737,0.6225,0.8362962962962963,0.5808333333333333,-0.0008333333333333334,0.48583333333333334,0.3503703703703704
