head_top_x,head_top_y,upper_neck_x,upper_neck_y,right_shoulder_x,right_shoulder_y,right_elbow_x,right_elbow_y,right_wrist_x,right_wrist_y,thorax_x,thorax_y,left_shoulder_x,left_shoulder_y,left_elbow_x,left_elbow_y,left_wrist_x,left_wrist_y,pelvis_x,pelvis_y,right_hip_x,right_hip_y,right_knee_x,right_knee_y,right_ankle_x,right_ankle_y,left_hip_x,left_hip_y,left_knee_x,left_knee_y,left_ankle_x,left_ankle_y
0.4925,0.25555555555555554,0.6025,0.3977777777777778,0.45916666666666667,0.40074074074074073,0.3475,0.6111111111111112,0.35083333333333333,0.6940740740740741,0.5741666666666667,0.374074074074074,0.6891666666666667,0.33259259259259255,0.8608333333333333,0.5133333333333332,0.7975,0.697037037037037,0.6108333333333333,0.4748148148148148,0.5608333333333333,0.5014814814814815,0.5241666666666667,0.7148148148148148,0.6958333333333333,0.6407407407407408,0.6675,0.48370370370370375,0.5208333333333334,0.7177777777777778,0.6541666666666667,0.6437037037037037
