head_top_x,head_top_y,upper_neck_x,upper_neck_y,right_shoulder_x,right_shoulder_y,right_elbow_x,right_elbow_y,right_wrist_x,right_wrist_y,thorax_x,thorax_y,left_shoulder_x,left_shoulder_y,left_elbow_x,left_elbow_y,left_wrist_x,left_wrist_y,pelvis_x,pelvis_y,right_hip_x,right_hip_y,right_knee_x,right_knee_y,right_ankle_x,right_ankle_y,left_hip_x,left_hip_y,left_knee_x,left_knee_y,left_ankle_x,left_ankle_y
0.1975,0.5311111111111111,0.2625,0.3711111111111111,0.25416666666666665,0.3651851851851852,0.2991666666666667,0.4362962962962963,0.3375,0.5162962962962963,0.25916666666666666,0.37703703703703706,0.26416666666666666,0.36814814814814817,0.30416666666666664,0.4659259259259259,0.3425,0.5311111111111111,0.17916666666666667,0.4748148148148148,0.2658333333333333,0.4066666666666667,0.5708333333333333,0.9222222222222223,0.5508333333333333,0.945925925925926,0.25416666666666665,0.43333333333333335,0.24583333333333332,0.4451851851851852,0.5525,0.9340740740740741
