head_top_x,head_top_y,upper_neck_x,upper_neck_y,right_shoulder_x,right_shoulder_y,right_elbow_x,right_elbow_y,right_wrist_x,right_wrist_y,thorax_x,thorax_y,left_shoulder_x,left_shoulder_y,left_elbow_x,left_elbow_y,left_wrist_x,left_wrist_y,pelvis_x,pelvis_y,right_hip_x,right_hip_y,right_knee_x,right_knee_y,right_ankle_x,right_ankle_y,left_hip_x,left_hip_y,left_knee_x,left_knee_y,left_ankle_x,left_ankle_y
0.5141666666666667,0.3622222222222222,0.7858333333333334,0.12222222222222218,0.7825,0.006666666666666672,0.43416666666666665,0.12222222222222218,0.5191666666666667,0.32962962962962966,0.4658333333333333,0.3118518518518518,0.5708333333333333,0.0007407407407407578,0.4708333333333333,0.3888888888888889,0.43416666666666665,0.42444444444444446,0.5175,0.3355555555555555,0.4841666666666667,0.32962962962962966,0.5258333333333334,0.3444444444444444,0.5008333333333334,0.4807407407407408,0.5058333333333334,0.3503703703703704,0.4875,0.37703703703703706,0.49416666666666664,0.48370370370370375
