head_top_x,head_top_y,upper_neck_x,upper_neck_y,right_shoulder_x,right_shoulder_y,right_elbow_x,right_elbow_y,right_wrist_x,right_wrist_y,thorax_x,thorax_y,left_shoulder_x,left_shoulder_y,left_elbow_x,left_elbow_y,left_wrist_x,left_wrist_y,pelvis_x,pelvis_y,right_hip_x,right_hip_y,right_knee_x,right_knee_y,right_ankle_x,right_ankle_y,left_hip_x,left_hip_y,left_knee_x,left_knee_y,left_ankle_x,left_ankle_y
0.2925,0.03666666666666666,0.24083333333333334,0.21666666666666665,0.1775,0.2011111111111111,0.1225,0.29000000000000004,0.10916666666666666,0.3811111111111111,0.24083333333333334,0.20999999999999996,0.2991666666666667,0.21666666666666665,0.33416666666666667,0.31,0.38916666666666666,0.39666666666666667,0.2525,0.4166666666666667,0.22583333333333333,0.4166666666666667,0.17083333333333334,0.3833333333333333,0.25916666666666666,0.5744444444444444,0.2825,0.4166666666666667,0.26916666666666667,0.65,0.26416666666666666,0.8833333333333333
