head_top_x,head_top_y,upper_neck_x,upper_neck_y,right_shoulder_x,right_shoulder_y,right_elbow_x,right_elbow_y,right_wrist_x,right_wrist_y,thorax_x,thorax_y,left_shoulder_x,left_shoulder_y,left_elbow_x,left_elbow_y,left_wrist_x,left_wrist_y,pelvis_x,pelvis_y,right_hip_x,right_hip_y,right_knee_x,right_knee_y,right_ankle_x,right_ankle_y,left_hip_x,left_hip_y,left_knee_x,left_knee_y,left_ankle_x,left_ankle_y
0.49583333333333335,0.24333333333333332,0.5058333333333334,0.4477777777777778,0.3908333333333333,0.5211111111111112,0.3408333333333333,0.7722222222222223,0.2975,0.6833333333333332,0.5125,0.5077777777777778,0.6375,0.5011111111111112,0.6975,0.7611111111111111,0.6375,0.7255555555555556,0.5008333333333334,0.9988888888888888,0.5158333333333334,0.3433333333333333,0.6858333333333333,0.7633333333333333,0.0675,0.34111111111111114,0.6741666666666667,0.7855555555555555,0.15416666666666667,0.2833333333333334,0.2075,0.3611111111111111
