head_top_x,head_top_y,upper_neck_x,upper_neck_y,right_shoulder_x,right_shoulder_y,right_elbow_x,right_elbow_y,right_wrist_x,right_wrist_y,thorax_x,thorax_y,left_shoulder_x,left_shoulder_y,left_elbow_x,left_elbow_y,left_wrist_x,left_wrist_y,pelvis_x,pelvis_y,right_hip_x,right_hip_y,right_knee_x,right_knee_y,right_ankle_x,right_ankle_y,left_hip_x,left_hip_y,left_knee_x,left_knee_y,left_ankle_x,left_ankle_y
0.6625,0.1785185185185185,0.6275,0.43925925925925924,0.5358333333333334,0.4451851851851852,0.4141666666666667,0.43333333333333335,0.3725,0.5281481481481483,0.6275,0.457037037037037,0.7141666666666666,0.46888888888888886,0.8175,0.2644444444444444,0.8075,0.03037037037037038,0.5908333333333333,0.8866666666666667,0.5291666666666667,0.857037037037037,0.37583333333333335,0.9222222222222223,0.3975,1.0,0.6558333333333334,0.9074074074074073,0.9541666666666667,0.9992592592592593,0.4875,0.8837037037037037
