head_top_x,head_top_y,upper_neck_x,upper_neck_y,right_shoulder_x,right_shoulder_y,right_elbow_x,right_elbow_y,right_wrist_x,right_wrist_y,thorax_x,thorax_y,left_shoulder_x,left_shoulder_y,left_elbow_x,left_elbow_y,left_wrist_x,left_wrist_y,pelvis_x,pelvis_y,right_hip_x,right_hip_y,right_knee_x,right_knee_y,right_ankle_x,right_ankle_y,left_hip_x,left_hip_y,left_knee_x,left_knee_y,left_ankle_x,left_ankle_y
0.5591666666666667,0.22182291666666665,0.4475,0.3580729166666666,0.4191666666666667,0.4511770833333333,0.5008333333333334,0.6714479166666667,0.6191666666666666,0.7077812499999999,0.4191666666666667,0.40121875,0.4191666666666667,0.35580208333333335,0.4875,0.4716145833333333,0.5758333333333333,0.5374687499999999,0.3225,0.66690625,0.2941666666666667,0.7009687499999999,0.4658333333333333,0.5329270833333334,0.49416666666666664,0.6759895833333333,0.3491666666666667,0.62603125,0.5208333333333334,0.5397395833333334,0.49583333333333335,0.6828020833333333
