head_top_x,head_top_y,upper_neck_x,upper_neck_y,right_shoulder_x,right_shoulder_y,right_elbow_x,right_elbow_y,right_wrist_x,right_wrist_y,thorax_x,thorax_y,left_shoulder_x,left_shoulder_y,left_elbow_x,left_elbow_y,left_wrist_x,left_wrist_y,pelvis_x,pelvis_y,right_hip_x,right_hip_y,right_knee_x,right_knee_y,right_ankle_x,right_ankle_y,left_hip_x,left_hip_y,left_knee_x,left_knee_y,left_ankle_x,left_ankle_y
0.5625,0.142962962962963,0.43583333333333335,0.17555555555555558,0.4658333333333333,0.1518518518518518,0.4475,0.3059259259259259,0.5241666666666667,0.43037037037037035,0.43916666666666665,0.17555555555555558,0.4125,0.1962962962962963,0.3925,0.43925925925925924,0.4825,0.5133333333333332,0.3225,0.49851851851851847,0.33916666666666667,0.49851851851851847,0.5408333333333334,0.7237037037037037,0.48583333333333334,0.9162962962962963,0.30583333333333335,0.49851851851851847,0.45416666666666666,0.7000000000000001,0.4175,0.9162962962962963
