head_top_x,head_top_y,upper_neck_x,upper_neck_y,right_shoulder_x,right_shoulder_y,right_elbow_x,right_elbow_y,right_wrist_x,right_wrist_y,thorax_x,thorax_y,left_shoulder_x,left_shoulder_y,left_elbow_x,left_elbow_y,left_wrist_x,left_wrist_y,pelvis_x,pelvis_y,right_hip_x,right_hip_y,right_knee_x,right_knee_y,right_ankle_x,right_ankle_y,left_hip_x,left_hip_y,left_knee_x,left_knee_y,left_ankle_x,left_ankle_y
0.3825,0.08875,0.3275,0.29625,0.2608333333333333,0.37374999999999997,0.24916666666666668,0.63875,0.36916666666666664,0.61625,0.3125,0.36624999999999996,0.36583333333333334,0.35625,0.36583333333333334,0.5387500000000001,0.4041666666666667,0.60875,0.3591666666666667,0.73625,0.32416666666666666,0.74875,0.5341666666666667,0.7262500000000001,0.2575,0.6287499999999999,0.39416666666666667,0.7262500000000001,0.5358333333333334,0.7262500000000001,0.31083333333333335,0.6112500000000001
