head_top_x,head_top_y,upper_neck_x,upper_neck_y,right_shoulder_x,right_shoulder_y,right_elbow_x,right_elbow_y,right_wrist_x,right_wrist_y,thorax_x,thorax_y,left_shoulder_x,left_shoulder_y,left_elbow_x,left_elbow_y,left_wrist_x,left_wrist_y,pelvis_x,pelvis_y,right_hip_x,right_hip_y,right_knee_x,right_knee_y,right_ankle_x,right_ankle_y,left_hip_x,left_hip_y,left_knee_x,left_knee_y,left_ankle_x,left_ankle_y
0.5125,0.05097222222222219,0.5208333333333334,0.3100833333333334,0.43416666666666665,0.34541666666666665,0.3491666666666667,0.5515277777777778,0.3591666666666667,0.46319444444444446,0.5208333333333334,0.3483611111111111,0.6075,0.3571944444444445,0.6241666666666666,0.5868611111111112,0.5725,0.5662499999999999,0.5025,0.7546944444444444,0.45416666666666666,0.757638888888889,0.6275,0.5544722222222223,0.44916666666666666,0.7546944444444444,0.5508333333333333,0.7546944444444444,0.5425,0.7841388888888889,0.5541666666666667,0.5544722222222223
