head_top_x,head_top_y,upper_neck_x,upper_neck_y,right_shoulder_x,right_shoulder_y,right_elbow_x,right_elbow_y,right_wrist_x,right_wrist_y,thorax_x,thorax_y,left_shoulder_x,left_shoulder_y,left_elbow_x,left_elbow_y,left_wrist_x,left_wrist_y,pelvis_x,pelvis_y,right_hip_x,right_hip_y,right_knee_x,right_knee_y,right_ankle_x,right_ankle_y,left_hip_x,left_hip_y,left_knee_x,left_knee_y,left_ankle_x,left_ankle_y
0.5408333333333334,0.2437037037037037,0.2608333333333333,0.2792592592592593,0.5275,0.28518518518518515,0.5091666666666667,0.22000000000000006,0.5425,0.22888888888888884,0.3908333333333333,0.297037037037037,0.29583333333333334,0.5607407407407408,0.36083333333333334,0.3118518518518518,0.32916666666666666,0.37703703703703706,0.4608333333333333,0.297037037037037,0.5325,0.22000000000000006,0.5175,0.24666666666666665,0.49916666666666665,0.16370370370370374,0.42083333333333334,0.30296296296296293,0.5691666666666667,0.2644444444444444,0.5041666666666667,0.1785185185185185
