head_top_x,head_top_y,upper_neck_x,upper_neck_y,right_shoulder_x,right_shoulder_y,right_elbow_x,right_elbow_y,right_wrist_x,right_wrist_y,thorax_x,thorax_y,left_shoulder_x,left_shoulder_y,left_elbow_x,left_elbow_y,left_wrist_x,left_wrist_y,pelvis_x,pelvis_y,right_hip_x,right_hip_y,right_knee_x,right_knee_y,right_ankle_x,right_ankle_y,left_hip_x,left_hip_y,left_knee_x,left_knee_y,left_ankle_x,left_ankle_y
0.4741666666666667,0.08111111111111109,0.3591666666666667,0.08111111111111109,0.4575,0.11444444444444446,0.5258333333333334,0.27,0.4275,0.23666666666666666,0.4008333333333333,0.08555555555555557,0.36083333333333334,0.07444444444444447,0.5158333333333334,0.23222222222222225,0.31416666666666665,0.31666666666666665,0.39916666666666667,0.3055555555555556,0.43416666666666665,0.30777777777777776,0.4225,0.561111111111111,0.39916666666666667,0.7677777777777778,0.3575,0.31222222222222223,0.3325,0.5322222222222223,0.28583333333333333,0.7277777777777777
