head_top_x,head_top_y,upper_neck_x,upper_neck_y,right_shoulder_x,right_shoulder_y,right_elbow_x,right_elbow_y,right_wrist_x,right_wrist_y,thorax_x,thorax_y,left_shoulder_x,left_shoulder_y,left_elbow_x,left_elbow_y,left_wrist_x,left_wrist_y,pelvis_x,pelvis_y,right_hip_x,right_hip_y,right_knee_x,right_knee_y,right_ankle_x,right_ankle_y,left_hip_x,left_hip_y,left_knee_x,left_knee_y,left_ankle_x,left_ankle_y
0.42083333333333334,0.25375,0.5708333333333333,0.25125,0.5275,0.26625,0.4891666666666667,0.4737499999999999,0.4191666666666667,0.6137499999999999,0.5941666666666666,0.25875,0.6575,0.23375,0.7991666666666667,0.45125000000000004,0.7241666666666666,0.63625,0.7758333333333334,0.34374999999999994,0.7275,0.34625,0.6958333333333333,0.6137499999999999,0.6541666666666667,0.74625,0.8208333333333333,0.34125,0.7258333333333333,0.7162499999999999,0.7091666666666666,0.95625
