head_top_x,head_top_y,upper_neck_x,upper_neck_y,right_shoulder_x,right_shoulder_y,right_elbow_x,right_elbow_y,right_wrist_x,right_wrist_y,thorax_x,thorax_y,left_shoulder_x,left_shoulder_y,left_elbow_x,left_elbow_y,left_wrist_x,left_wrist_y,pelvis_x,pelvis_y,right_hip_x,right_hip_y,right_knee_x,right_knee_y,right_ankle_x,right_ankle_y,left_hip_x,left_hip_y,left_knee_x,left_knee_y,left_ankle_x,left_ankle_y
0.7008333333333333,0.12777777777777777,0.6591666666666667,0.31,0.6075,0.3055555555555556,0.5591666666666667,0.40111111111111114,0.5708333333333333,0.48333333333333334,0.6608333333333334,0.3033333333333333,0.7141666666666666,0.2988888888888889,0.7308333333333333,0.3811111111111111,0.7291666666666666,0.45,0.6325,0.5077777777777778,0.5991666666666666,0.5077777777777778,0.6108333333333333,0.6766666666666666,0.5991666666666666,0.8033333333333333,0.6675,0.5077777777777778,0.6825,0.6766666666666666,0.6691666666666667,0.7766666666666667
