head_top_x,head_top_y,upper_neck_x,upper_neck_y,right_shoulder_x,right_shoulder_y,right_elbow_x,right_elbow_y,right_wrist_x,right_wrist_y,thorax_x,thorax_y,left_shoulder_x,left_shoulder_y,left_elbow_x,left_elbow_y,left_wrist_x,left_wrist_y,pelvis_x,pelvis_y,right_hip_x,right_hip_y,right_knee_x,right_knee_y,right_ankle_x,right_ankle_y,left_hip_x,left_hip_y,left_knee_x,left_knee_y,left_ankle_x,left_ankle_y
0.5741666666666667,0.021481481481481483,0.5708333333333333,0.2881481481481482,0.47583333333333333,0.37703703703703706,0.48083333333333333,0.6288888888888889,0.4975,0.7918518518518519,0.5691666666666667,0.3711111111111111,0.6641666666666667,0.3651851851851852,0.6691666666666667,0.6525925925925926,0.6808333333333333,0.49851851851851847,0.5841666666666666,0.7562962962962962,0.5341666666666667,0.7592592592592593,0.6925,0.8333333333333334,0.5625,0.8688888888888889,0.6325,0.7622222222222221,0.7208333333333333,0.8333333333333334,0.5508333333333333,0.8511111111111112
