head_top_x,head_top_y,upper_neck_x,upper_neck_y,right_shoulder_x,right_shoulder_y,right_elbow_x,right_elbow_y,right_wrist_x,right_wrist_y,thorax_x,thorax_y,left_shoulder_x,left_shoulder_y,left_elbow_x,left_elbow_y,left_wrist_x,left_wrist_y,pelvis_x,pelvis_y,right_hip_x,right_hip_y,right_knee_x,right_knee_y,right_ankle_x,right_ankle_y,left_hip_x,left_hip_y,left_knee_x,left_knee_y,left_ankle_x,left_ankle_y
0.4608333333333333,0.561111111111111,0.3358333333333333,0.5211111111111112,0.26916666666666667,0.5299999999999999,0.2725,0.6855555555555556,0.31083333333333335,0.8300000000000001,0.33916666666666667,0.5166666666666666,0.4041666666666667,0.4988888888888889,0.3641666666666667,0.6655555555555556,0.36916666666666664,0.8277777777777778,0.31083333333333335,0.5388888888888889,0.28583333333333333,0.5299999999999999,0.28583333333333333,0.6588888888888889,0.2891666666666667,0.87,0.3375,0.5499999999999999,0.3541666666666667,0.6677777777777778,0.3675,0.8255555555555555
