head_top_x,head_top_y,upper_neck_x,upper_neck_y,right_shoulder_x,right_shoulder_y,right_elbow_x,right_elbow_y,right_wrist_x,right_wrist_y,thorax_x,thorax_y,left_shoulder_x,left_shoulder_y,left_elbow_x,left_elbow_y,left_wrist_x,left_wrist_y,pelvis_x,pelvis_y,right_hip_x,right_hip_y,right_knee_x,right_knee_y,right_ankle_x,right_ankle_y,left_hip_x,left_hip_y,left_knee_x,left_knee_y,left_ankle_x,left_ankle_y
0.3258333333333333,0.024260416666666673,0.4625,0.14007291666666666,0.4375,0.1378020833333333,0.2791666666666667,0.29903124999999997,0.30916666666666665,0.22409374999999995,0.4625,0.15823958333333332,0.5141666666666667,0.20138541666666662,0.6225,0.41711458333333323,0.45916666666666667,0.38759374999999996,0.5875,0.31265624999999997,0.5241666666666667,0.30584374999999997,0.5591666666666667,0.6555520833333333,0.49416666666666664,0.44209375,0.6575,0.3512604166666666,0.6191666666666666,0.66009375,0.7358333333333333,0.9553020833333332
