head_top_x,head_top_y,upper_neck_x,upper_neck_y,right_shoulder_x,right_shoulder_y,right_elbow_x,right_elbow_y,right_wrist_x,right_wrist_y,thorax_x,thorax_y,left_shoulder_x,left_shoulder_y,left_elbow_x,left_elbow_y,left_wrist_x,left_wrist_y,pelvis_x,pelvis_y,right_hip_x,right_hip_y,right_knee_x,right_knee_y,right_ankle_x,right_ankle_y,left_hip_x,left_hip_y,left_knee_x,left_knee_y,left_ankle_x,left_ankle_y
0.2475,-0.0008333333333333334,0.2975,0.05444444444444444,0.39416666666666667,0.14333333333333334,0.4841666666666667,0.07444444444444447,0.4141666666666667,0.3011111111111111,0.44083333333333335,0.23666666666666666,0.49083333333333334,0.07222222222222223,0.5275,0.25666666666666665,0.5041666666666667,0.27444444444444444,0.4575,0.2722222222222222,0.4325,0.27444444444444444,0.42083333333333334,0.6055555555555556,0.44583333333333336,0.8255555555555555,0.48083333333333333,0.27666666666666667,0.4725,0.6211111111111111,0.4875,0.8233333333333334
