head_top_x,head_top_y,upper_neck_x,upper_neck_y,right_shoulder_x,right_shoulder_y,right_elbow_x,right_elbow_y,right_wrist_x,right_wrist_y,thorax_x,thorax_y,left_shoulder_x,left_shoulder_y,left_elbow_x,left_elbow_y,left_wrist_x,left_wrist_y,pelvis_x,pelvis_y,right_hip_x,right_hip_y,right_knee_x,right_knee_y,right_ankle_x,right_ankle_y,left_hip_x,left_hip_y,left_knee_x,left_knee_y,left_ankle_x,left_ankle_y
0.5225,0.005555555555555573,0.5158333333333334,0.18333333333333335,0.6408333333333334,0.37000000000000005,0.5891666666666666,0.24111111111111114,0.6558333333333334,0.1211111111111111,0.49916666666666665,0.23222222222222225,0.6625,0.36333333333333334,0.5841666666666666,0.24333333333333332,0.6441666666666667,0.13,0.2225,0.5166666666666666,0.18083333333333335,0.4988888888888889,0.4825,0.7122222222222222,0.3025,0.9144444444444444,0.2875,0.5077777777777778,0.4975,0.6455555555555555,0.29583333333333334,0.9366666666666666
