head_top_x,head_top_y,upper_neck_x,upper_neck_y,right_shoulder_x,right_shoulder_y,right_elbow_x,right_elbow_y,right_wrist_x,right_wrist_y,thorax_x,thorax_y,left_shoulder_x,left_shoulder_y,left_elbow_x,left_elbow_y,left_wrist_x,left_wrist_y,pelvis_x,pelvis_y,right_hip_x,right_hip_y,right_knee_x,right_knee_y,right_ankle_x,right_ankle_y,left_hip_x,left_hip_y,left_knee_x,left_knee_y,left_ankle_x,left_ankle_y
0.39416666666666667,0.008749999999999992,0.32083333333333336,0.19624999999999998,0.31916666666666665,0.28375,0.3641666666666667,0.57375,0.44583333333333336,0.79625,0.30083333333333334,0.25625000000000003,0.2775,0.22375000000000003,0.31083333333333335,0.47624999999999995,0.38083333333333336,0.68875,0.29083333333333333,0.69625,0.30416666666666664,0.70875,0.3425,0.97625,0.4741666666666667,0.9162499999999999,0.2675,0.6837500000000001,0.42583333333333334,0.66375,0.44416666666666665,0.79375
