head_top_x,head_top_y,upper_neck_x,upper_neck_y,right_shoulder_x,right_shoulder_y,right_elbow_x,right_elbow_y,right_wrist_x,right_wrist_y,thorax_x,thorax_y,left_shoulder_x,left_shoulder_y,left_elbow_x,left_elbow_y,left_wrist_x,left_wrist_y,pelvis_x,pelvis_y,right_hip_x,right_hip_y,right_knee_x,right_knee_y,right_ankle_x,right_ankle_y,left_hip_x,left_hip_y,left_knee_x,left_knee_y,left_ankle_x,left_ankle_y
0.3325,0.545925925925926,0.39416666666666667,0.3592592592592593,0.3491666666666667,0.3355555555555555,0.2991666666666667,0.40074074074074073,0.27416666666666667,0.534074074074074,0.3908333333333333,0.35629629629629633,0.43583333333333335,0.3503703703703704,0.5058333333333334,0.4451851851851852,0.5758333333333333,0.4096296296296296,0.3775,0.5103703703703704,0.33416666666666667,0.5222222222222221,0.3308333333333333,0.7000000000000001,0.3258333333333333,0.8748148148148148,0.4091666666666667,0.5103703703703704,0.3975,0.6614814814814814,0.41083333333333333,0.8362962962962963
