head_top_x,head_top_y,upper_neck_x,upper_neck_y,right_shoulder_x,right_shoulder_y,right_elbow_x,right_elbow_y,right_wrist_x,right_wrist_y,thorax_x,thorax_y,left_shoulder_x,left_shoulder_y,left_elbow_x,left_elbow_y,left_wrist_x,left_wrist_y,pelvis_x,pelvis_y,right_hip_x,right_hip_y,right_knee_x,right_knee_y,right_ankle_x,right_ankle_y,left_hip_x,left_hip_y,left_knee_x,left_knee_y,left_ankle_x,left_ankle_y
0.6208333333333333,0.13111111111111107,0.6725,0.374074074074074,0.6058333333333333,0.4066666666666667,0.6008333333333333,0.6170370370370369,0.5608333333333333,0.7355555555555555,0.6825,0.4185185185185185,0.7625,0.42148148148148146,0.7691666666666667,0.7177777777777778,0.7558333333333334,0.9074074074074073,0.6808333333333333,0.8007407407407408,0.6408333333333334,0.7977777777777777,0.6225,0.9429629629629629,0.7358333333333333,0.8392592592592591,0.7191666666666666,0.8066666666666666,0.6975,0.9044444444444445,0.7808333333333334,1.0
