head_top_x,head_top_y,upper_neck_x,upper_neck_y,right_shoulder_x,right_shoulder_y,right_elbow_x,right_elbow_y,right_wrist_x,right_wrist_y,thorax_x,thorax_y,left_shoulder_x,left_shoulder_y,left_elbow_x,left_elbow_y,left_wrist_x,left_wrist_y,pelvis_x,pelvis_y,right_hip_x,right_hip_y,right_knee_x,right_knee_y,right_ankle_x,right_ankle_y,left_hip_x,left_hip_y,left_knee_x,left_knee_y,left_ankle_x,left_ankle_y
0.5391666666666667,0.06625000000000002,0.6708333333333333,0.14625,0.6491666666666667,0.21374999999999997,0.6491666666666667,0.41124999999999995,0.5841666666666666,0.53625,0.6908333333333333,0.15875000000000003,0.7291666666666666,0.09875000000000002,0.8141666666666667,0.27124999999999994,0.8175,0.48625,0.7758333333333334,0.48625,0.7408333333333333,0.49124999999999996,0.5658333333333333,0.43625,0.5308333333333334,0.60625,0.8008333333333333,0.47875,0.7741666666666667,0.7562499999999999,0.4741666666666667,0.64625
