head_top_x,head_top_y,upper_neck_x,upper_neck_y,right_shoulder_x,right_shoulder_y,right_elbow_x,right_elbow_y,right_wrist_x,right_wrist_y,thorax_x,thorax_y,left_shoulder_x,left_shoulder_y,left_elbow_x,left_elbow_y,left_wrist_x,left_wrist_y,pelvis_x,pelvis_y,right_hip_x,right_hip_y,right_knee_x,right_knee_y,right_ankle_x,right_ankle_y,left_hip_x,left_hip_y,left_knee_x,left_knee_y,left_ankle_x,left_ankle_y
0.49083333333333334,0.34728819444444453,0.5358333333333334,0.1901284722222222,0.4691666666666667,0.2138506944444445,0.48083333333333333,0.3176354166666667,0.5175,0.36211458333333335,0.5275,0.20792013888888888,0.5858333333333333,0.2019895833333334,0.6075,0.3235659722222222,0.6058333333333333,0.4451423611111112,0.5358333333333334,0.47776041666666674,0.5041666666666667,0.47776041666666674,0.48583333333333334,0.7209131944444445,0.4675,0.8899340277777777,0.5675,0.47776041666666674,0.5775,0.7149826388888889,0.5808333333333333,0.8928993055555555
