head_top_x,head_top_y,upper_neck_x,upper_neck_y,right_shoulder_x,right_shoulder_y,right_elbow_x,right_elbow_y,right_wrist_x,right_wrist_y,thorax_x,thorax_y,left_shoulder_x,left_shoulder_y,left_elbow_x,left_elbow_y,left_wrist_x,left_wrist_y,pelvis_x,pelvis_y,right_hip_x,right_hip_y,right_knee_x,right_knee_y,right_ankle_x,right_ankle_y,left_hip_x,left_hip_y,left_knee_x,left_knee_y,left_ankle_x,left_ankle_y
0.4558333333333333,0.19444444444444442,0.5658333333333333,0.33888888888888885,0.44083333333333335,0.17,0.41583333333333333,0.3055555555555556,0.45916666666666667,0.45222222222222225,0.48583333333333334,0.25,0.5125,0.34777777777777774,0.42083333333333334,0.30777777777777776,0.4625,0.44333333333333336,0.5408333333333334,0.30777777777777776,0.5491666666666667,0.3055555555555556,0.5241666666666667,0.5655555555555556,0.5141666666666667,0.7477777777777778,0.5091666666666667,0.31666666666666665,0.4575,0.5522222222222223,0.4675,0.7344444444444443
