head_top_x,head_top_y,upper_neck_x,upper_neck_y,right_shoulder_x,right_shoulder_y,right_elbow_x,right_elbow_y,right_wrist_x,right_wrist_y,thorax_x,thorax_y,left_shoulder_x,left_shoulder_y,left_elbow_x,left_elbow_y,left_wrist_x,left_wrist_y,pelvis_x,pelvis_y,right_hip_x,right_hip_y,right_knee_x,right_knee_y,right_ankle_x,right_ankle_y,left_hip_x,left_hip_y,left_knee_x,left_knee_y,left_ankle_x,left_ankle_y
0.4225,0.7533333333333333,0.45916666666666667,0.8540740740740742,0.4058333333333333,0.9281481481481482,0.45916666666666667,0.8066666666666666,0.4175,0.5874074074074075,0.43583333333333335,0.7918518518518519,0.9875,1.0,0.4608333333333333,0.7622222222222221,0.4141666666666667,0.622962962962963,0.4608333333333333,0.7414814814814815,0.43416666666666665,0.7681481481481482,0.4275,0.7474074074074074,0.39916666666666667,0.9518518518518518,0.44916666666666666,0.6496296296296296,0.43916666666666665,0.7592592592592593,0.4775,0.9518518518518518
