head_top_x,head_top_y,upper_neck_x,upper_neck_y,right_shoulder_x,right_shoulder_y,right_elbow_x,right_elbow_y,right_wrist_x,right_wrist_y,thorax_x,thorax_y,left_shoulder_x,left_shoulder_y,left_elbow_x,left_elbow_y,left_wrist_x,left_wrist_y,pelvis_x,pelvis_y,right_hip_x,right_hip_y,right_knee_x,right_knee_y,right_ankle_x,right_ankle_y,left_hip_x,left_hip_y,left_knee_x,left_knee_y,left_ankle_x,left_ankle_y
0.5491666666666667,0.21222222222222223,0.5475,0.41444444444444445,0.46416666666666667,0.44555555555555554,0.44083333333333335,0.57,0.4575,0.5833333333333334,0.5441666666666667,0.44555555555555554,0.6241666666666666,0.4477777777777778,0.6475,0.6122222222222221,0.5525,0.5855555555555556,0.5325,0.6944444444444445,0.4925,0.6944444444444445,0.4791666666666667,0.9744444444444444,0.4191666666666667,0.11666666666666665,0.5758333333333333,0.6944444444444445,0.5825,0.9700000000000001,0.39916666666666667,0.11888888888888889
