head_top_x,head_top_y,upper_neck_x,upper_neck_y,right_shoulder_x,right_shoulder_y,right_elbow_x,right_elbow_y,right_wrist_x,right_wrist_y,thorax_x,thorax_y,left_shoulder_x,left_shoulder_y,left_elbow_x,left_elbow_y,left_wrist_x,left_wrist_y,pelvis_x,pelvis_y,right_hip_x,right_hip_y,right_knee_x,right_knee_y,right_ankle_x,right_ankle_y,left_hip_x,left_hip_y,left_knee_x,left_knee_y,left_ankle_x,left_ankle_y
0.3925,0.7148148148148148,0.2975,0.542962962962963,0.24583333333333332,0.5577777777777777,0.1425,0.5251851851851852,0.1725,0.5014814814814815,0.3308333333333333,0.5607407407407408,0.4141666666666667,0.5518518518518518,0.4925,0.6259259259259259,0.3925,0.6585185185185184,0.36583333333333334,0.5192592592592593,0.25916666666666666,0.4274074074074074,0.8075,0.457037037037037,0.7391666666666666,0.46888888888888886,0.3725,0.5607407407407408,0.8091666666666667,0.45999999999999996,0.7241666666666666,0.46888888888888886
