head_top_x,head_top_y,upper_neck_x,upper_neck_y,right_shoulder_x,right_shoulder_y,right_elbow_x,right_elbow_y,right_wrist_x,right_wrist_y,thorax_x,thorax_y,left_shoulder_x,left_shoulder_y,left_elbow_x,left_elbow_y,left_wrist_x,left_wrist_y,pelvis_x,pelvis_y,right_hip_x,right_hip_y,right_knee_x,right_knee_y,right_ankle_x,right_ankle_y,left_hip_x,left_hip_y,left_knee_x,left_knee_y,left_ankle_x,left_ankle_y
0.8725,0.23185185185185186,0.8308333333333333,0.48370370370370375,0.7658333333333334,0.41259259259259257,0.6908333333333333,0.44814814814814813,0.6108333333333333,0.43037037037037035,0.8358333333333333,0.4718518518518519,0.9025,0.5222222222222221,0.7675,0.5992592592592592,0.6691666666666667,0.5637037037037038,0.7358333333333333,0.6733333333333333,0.6925,0.6407407407407408,0.5675,0.7770370370370371,0.5525,1.0,0.7775,0.7029629629629629,0.7525,0.8866666666666667,0.7175,1.0
