head_top_x,head_top_y,upper_neck_x,upper_neck_y,right_shoulder_x,right_shoulder_y,right_elbow_x,right_elbow_y,right_wrist_x,right_wrist_y,thorax_x,thorax_y,left_shoulder_x,left_shoulder_y,left_elbow_x,left_elbow_y,left_wrist_x,left_wrist_y,pelvis_x,pelvis_y,right_hip_x,right_hip_y,right_knee_x,right_knee_y,right_ankle_x,right_ankle_y,left_hip_x,left_hip_y,left_knee_x,left_knee_y,left_ankle_x,left_ankle_y
0.6341666666666667,0.12222222222222218,0.6241666666666666,0.3622222222222222,0.5758333333333333,0.3414814814814815,0.5375,0.43037037037037035,0.5225,0.5251851851851852,0.6225,0.3592592592592593,0.6691666666666667,0.3711111111111111,0.6691666666666667,0.542962962962963,0.5858333333333333,0.6348148148148147,0.5958333333333333,0.6496296296296296,0.5608333333333333,0.6377777777777778,0.5741666666666667,0.8392592592592591,0.5708333333333333,0.9637037037037037,0.6308333333333334,0.6585185185185184,0.6391666666666667,0.8807407407407406,0.6408333333333334,0.9518518518518518
