head_top_x,head_top_y,upper_neck_x,upper_neck_y,right_shoulder_x,right_shoulder_y,right_elbow_x,right_elbow_y,right_wrist_x,right_wrist_y,thorax_x,thorax_y,left_shoulder_x,left_shoulder_y,left_elbow_x,left_elbow_y,left_wrist_x,left_wrist_y,pelvis_x,pelvis_y,right_hip_x,right_hip_y,right_knee_x,right_knee_y,right_ankle_x,right_ankle_y,left_hip_x,left_hip_y,left_knee_x,left_knee_y,left_ankle_x,left_ankle_y
0.5125,0.16047569444444443,0.5158333333333334,0.4273506944444445,0.4925,0.4807256944444446,0.6108333333333333,0.5963715277777778,0.5141666666666667,0.6230590277777779,0.5291666666666667,0.5074131944444444,0.5675,0.5103784722222222,0.6708333333333333,0.5311354166666666,0.7675,0.554857638888889,0.47583333333333333,0.5370659722222223,0.42583333333333334,0.5252048611111111,0.2891666666666667,0.6111979166666667,0.7275,0.6023020833333333,0.5325,0.5311354166666666,0.8508333333333333,0.5963715277777778,0.36916666666666664,0.5192743055555556
