head_top_x,head_top_y,upper_neck_x,upper_neck_y,right_shoulder_x,right_shoulder_y,right_elbow_x,right_elbow_y,right_wrist_x,right_wrist_y,thorax_x,thorax_y,left_shoulder_x,left_shoulder_y,left_elbow_x,left_elbow_y,left_wrist_x,left_wrist_y,pelvis_x,pelvis_y,right_hip_x,right_hip_y,right_knee_x,right_knee_y,right_ankle_x,right_ankle_y,left_hip_x,left_hip_y,left_knee_x,left_knee_y,left_ankle_x,left_ankle_y
0.4925,0.21111111111111114,0.4925,0.457037037037037,0.44916666666666666,0.4274074074074074,0.4191666666666667,0.5370370370370371,0.4091666666666667,0.6792592592592592,0.4925,0.44814814814814813,0.5425,0.462962962962963,0.6175,0.462962962962963,0.5708333333333333,0.39185185185185184,0.4691666666666667,0.7740740740740741,0.43583333333333335,0.7503703703703705,0.42916666666666664,0.9488888888888888,0.4225,0.9044444444444445,0.48583333333333334,0.785925925925926,0.4525,0.9133333333333334,0.4275,0.9162962962962963
