head_top_x,head_top_y,upper_neck_x,upper_neck_y,right_shoulder_x,right_shoulder_y,right_elbow_x,right_elbow_y,right_wrist_x,right_wrist_y,thorax_x,thorax_y,left_shoulder_x,left_shoulder_y,left_elbow_x,left_elbow_y,left_wrist_x,left_wrist_y,pelvis_x,pelvis_y,right_hip_x,right_hip_y,right_knee_x,right_knee_y,right_ankle_x,right_ankle_y,left_hip_x,left_hip_y,left_knee_x,left_knee_y,left_ankle_x,left_ankle_y
0.7158333333333333,0.3977777777777778,0.6908333333333333,0.29407407407407404,0.7241666666666666,0.40370370370370373,0.6325,0.21407407407407408,0.6075,0.40370370370370373,0.7158333333333333,0.32962962962962966,0.7291666666666666,0.32962962962962966,0.7008333333333333,0.4896296296296296,0.6008333333333333,0.36814814814814817,0.25583333333333336,-0.0008333333333333334,0.30083333333333334,-0.0008333333333333334,0.2808333333333333,0.14888888888888888,0.20583333333333334,0.49259259259259264,0.2425,-0.0008333333333333334,0.2725,0.14592592592592593,0.3225,0.40074074074074073
