head_top_x,head_top_y,upper_neck_x,upper_neck_y,right_shoulder_x,right_shoulder_y,right_elbow_x,right_elbow_y,right_wrist_x,right_wrist_y,thorax_x,thorax_y,left_shoulder_x,left_shoulder_y,left_elbow_x,left_elbow_y,left_wrist_x,left_wrist_y,pelvis_x,pelvis_y,right_hip_x,right_hip_y,right_knee_x,right_knee_y,right_ankle_x,right_ankle_y,left_hip_x,left_hip_y,left_knee_x,left_knee_y,left_ankle_x,left_ankle_y
0.4658333333333333,0.0688888888888889,0.5125,0.32074074074074077,0.4725,0.33851851851851855,0.43583333333333335,0.42444444444444446,0.3825,0.48370370370370375,0.5141666666666667,0.3266666666666667,0.5591666666666667,0.31481481481481477,0.6025,0.43037037037037035,0.6175,0.5607407407407408,0.5575,0.5488888888888889,0.5325,0.5518518518518518,0.5425,0.7148148148148148,0.5491666666666667,0.9162962962962963,0.5825,0.545925925925926,0.5775,0.7444444444444444,0.5708333333333333,0.9577777777777777
