head_top_x,head_top_y,upper_neck_x,upper_neck_y,right_shoulder_x,right_shoulder_y,right_elbow_x,right_elbow_y,right_wrist_x,right_wrist_y,thorax_x,thorax_y,left_shoulder_x,left_shoulder_y,left_elbow_x,left_elbow_y,left_wrist_x,left_wrist_y,pelvis_x,pelvis_y,right_hip_x,right_hip_y,right_knee_x,right_knee_y,right_ankle_x,right_ankle_y,left_hip_x,left_hip_y,left_knee_x,left_knee_y,left_ankle_x,left_ankle_y
0.2658333333333333,0.44217708333333344,0.7258333333333333,0.2019895833333334,0.7075,0.16937152777777778,0.7025,0.24943402777777784,0.6358333333333334,0.25832986111111117,0.6958333333333333,0.25832986111111117,0.7025,0.16937152777777778,0.8275,0.23757291666666666,0.2658333333333333,0.7179479166666668,0.49916666666666665,0.3235659722222222,0.5058333333333334,0.3413576388888889,0.2975,0.4095590277777778,0.08916666666666667,0.47182986111111125,0.4975,0.3235659722222222,0.2791666666666667,0.41845486111111113,0.06416666666666666,0.4688645833333334
