head_top_x,head_top_y,upper_neck_x,upper_neck_y,right_shoulder_x,right_shoulder_y,right_elbow_x,right_elbow_y,right_wrist_x,right_wrist_y,thorax_x,thorax_y,left_shoulder_x,left_shoulder_y,left_elbow_x,left_elbow_y,left_wrist_x,left_wrist_y,pelvis_x,pelvis_y,right_hip_x,right_hip_y,right_knee_x,right_knee_y,right_ankle_x,right_ankle_y,left_hip_x,left_hip_y,left_knee_x,left_knee_y,left_ankle_x,left_ankle_y
0.5558333333333333,0.23757291666666666,0.5925,0.45996875000000004,0.5691666666666667,0.2523993055555556,0.5658333333333333,0.24943402777777784,0.5291666666666667,0.3413576388888889,0.5875,0.3828715277777778,0.6075,0.4688645833333334,0.5808333333333333,0.6675381944444444,0.5541666666666667,0.8662118055555555,0.5775,0.41845486111111113,0.5591666666666667,0.37990625000000006,0.5741666666666667,0.6616076388888888,0.5758333333333333,0.7950451388888891,0.5891666666666666,0.42438541666666674,0.5775,0.6556770833333334,0.5725,0.8187673611111111
