head_top_x,head_top_y,upper_neck_x,upper_neck_y,right_shoulder_x,right_shoulder_y,right_elbow_x,right_elbow_y,right_wrist_x,right_wrist_y,thorax_x,thorax_y,left_shoulder_x,left_shoulder_y,left_elbow_x,left_elbow_y,left_wrist_x,left_wrist_y,pelvis_x,pelvis_y,right_hip_x,right_hip_y,right_knee_x,right_knee_y,right_ankle_x,right_ankle_y,left_hip_x,left_hip_y,left_knee_x,left_knee_y,left_ankle_x,left_ankle_y
0.3075,0.15108333333333332,0.3925,0.3601388888888889,0.3325,0.45141666666666663,0.30416666666666664,0.6604722222222222,0.3625,0.6693055555555556,0.3958333333333333,0.38075,0.4625,0.30419444444444443,0.5591666666666667,0.3130277777777778,0.5991666666666666,0.1716944444444444,0.45916666666666667,0.7870833333333334,0.4191666666666667,0.7929722222222223,0.41083333333333333,0.9961388888888891,0.5575,0.2776944444444444,0.49916666666666665,0.7841388888888889,0.5758333333333333,0.30419444444444443,0.5925,0.3100833333333334
