head_top_x,head_top_y,upper_neck_x,upper_neck_y,right_shoulder_x,right_shoulder_y,right_elbow_x,right_elbow_y,right_wrist_x,right_wrist_y,thorax_x,thorax_y,left_shoulder_x,left_shoulder_y,left_elbow_x,left_elbow_y,left_wrist_x,left_wrist_y,pelvis_x,pelvis_y,right_hip_x,right_hip_y,right_knee_x,right_knee_y,right_ankle_x,right_ankle_y,left_hip_x,left_hip_y,left_knee_x,left_knee_y,left_ankle_x,left_ankle_y
0.43416666666666665,0.36874999999999997,0.5625,0.4237499999999999,0.6091666666666666,0.35375,0.6608333333333334,0.46375,0.5758333333333333,0.86375,0.5758333333333333,0.43625,0.5425,0.52125,0.5675,0.7262500000000001,0.5625,0.88125,0.7425,0.6562499999999999,0.7641666666666667,0.63875,0.6525,0.89125,0.6541666666666667,1.0,0.7208333333333333,0.6687500000000001,0.5708333333333333,0.9512499999999999,0.6941666666666667,0.99375
