head_top_x,head_top_y,upper_neck_x,upper_neck_y,right_shoulder_x,right_shoulder_y,right_elbow_x,right_elbow_y,right_wrist_x,right_wrist_y,thorax_x,thorax_y,left_shoulder_x,left_shoulder_y,left_elbow_x,left_elbow_y,left_wrist_x,left_wrist_y,pelvis_x,pelvis_y,right_hip_x,right_hip_y,right_knee_x,right_knee_y,right_ankle_x,right_ankle_y,left_hip_x,left_hip_y,left_knee_x,left_knee_y,left_ankle_x,left_ankle_y
0.0975,0.49555208333333345,0.3408333333333333,0.5756145833333333,0.2425,0.5578229166666666,0.7475,0.5252048611111111,0.9658333333333333,0.6823645833333334,0.21416666666666667,0.37990625000000006,0.25583333333333336,0.1723368055555556,0.9675,0.21088541666666674,0.8608333333333333,0.5963715277777778,0.5608333333333333,0.11006597222222222,0.23583333333333334,0.27315625000000004,0.9075,0.6645729166666667,0.20583333333333334,0.5103784722222222,0.5175,0.12489236111111116,0.20083333333333334,0.5726493055555557,0.19583333333333333,0.554857638888889
