head_top_x,head_top_y,upper_neck_x,upper_neck_y,right_shoulder_x,right_shoulder_y,right_elbow_x,right_elbow_y,right_wrist_x,right_wrist_y,thorax_x,thorax_y,left_shoulder_x,left_shoulder_y,left_elbow_x,left_elbow_y,left_wrist_x,left_wrist_y,pelvis_x,pelvis_y,right_hip_x,right_hip_y,right_knee_x,right_knee_y,right_ankle_x,right_ankle_y,left_hip_x,left_hip_y,left_knee_x,left_knee_y,left_ankle_x,left_ankle_y
0.7741666666666667,0.018888888888888882,0.7008333333333333,0.17888888888888888,0.6408333333333334,0.19444444444444442,0.6708333333333333,0.3877777777777778,0.7558333333333334,0.2811111111111111,0.6908333333333333,0.1922222222222222,0.7475,0.18777777777777774,0.7708333333333334,0.37666666666666665,0.8341666666666666,0.5144444444444445,0.6891666666666667,0.5211111111111112,0.6458333333333334,0.5255555555555556,0.6325,0.8255555555555555,0.5725,0.9766666666666667,0.7341666666666666,0.5166666666666666,0.7158333333333333,0.7877777777777778,0.7008333333333333,0.9788888888888888
