head_top_x,head_top_y,upper_neck_x,upper_neck_y,right_shoulder_x,right_shoulder_y,right_elbow_x,right_elbow_y,right_wrist_x,right_wrist_y,thorax_x,thorax_y,left_shoulder_x,left_shoulder_y,left_elbow_x,left_elbow_y,left_wrist_x,left_wrist_y,pelvis_x,pelvis_y,right_hip_x,right_hip_y,right_knee_x,right_knee_y,right_ankle_x,right_ankle_y,left_hip_x,left_hip_y,left_knee_x,left_knee_y,left_ankle_x,left_ankle_y
0.5975,-0.0008333333333333334,0.5808333333333333,0.2585185185185186,0.5291666666666667,0.2644444444444444,0.5191666666666667,0.40370370370370373,0.5425,0.5222222222222221,0.5775,0.2614814814814815,0.6258333333333334,0.2644444444444444,0.6308333333333334,0.39185185185185184,0.5975,0.5281481481481483,0.5775,0.5074074074074074,0.5558333333333333,0.5044444444444444,0.5558333333333333,0.6644444444444445,0.5758333333333333,0.8333333333333334,0.6008333333333333,0.5044444444444444,0.6058333333333333,0.6733333333333333,0.6141666666666666,0.7651851851851852
