head_top_x,head_top_y,upper_neck_x,upper_neck_y,right_shoulder_x,right_shoulder_y,right_elbow_x,right_elbow_y,right_wrist_x,right_wrist_y,thorax_x,thorax_y,left_shoulder_x,left_shoulder_y,left_elbow_x,left_elbow_y,left_wrist_x,left_wrist_y,pelvis_x,pelvis_y,right_hip_x,right_hip_y,right_knee_x,right_knee_y,right_ankle_x,right_ankle_y,left_hip_x,left_hip_y,left_knee_x,left_knee_y,left_ankle_x,left_ankle_y
0.6091666666666666,0.0866666666666667,0.6308333333333334,0.3503703703703704,0.5625,0.4066666666666667,0.4925,0.5725925925925927,0.43083333333333335,0.7237037037037037,0.6325,0.40370370370370373,0.7025,0.39481481481481484,0.7625,0.6377777777777778,0.7675,0.8333333333333334,0.6808333333333333,0.7148148148148148,0.6291666666666667,0.7000000000000001,0.49416666666666664,0.7799999999999999,0.6141666666666666,0.8807407407407406,0.7308333333333333,0.7325925925925927,0.6208333333333333,0.7414814814814815,0.6808333333333333,0.9311111111111112
