head_top_x,head_top_y,upper_neck_x,upper_neck_y,right_shoulder_x,right_shoulder_y,right_elbow_x,right_elbow_y,right_wrist_x,right_wrist_y,thorax_x,thorax_y,left_shoulder_x,left_shoulder_y,left_elbow_x,left_elbow_y,left_wrist_x,left_wrist_y,pelvis_x,pelvis_y,right_hip_x,right_hip_y,right_knee_x,right_knee_y,right_ankle_x,right_ankle_y,left_hip_x,left_hip_y,left_knee_x,left_knee_y,left_ankle_x,left_ankle_y
0.37583333333333335,0.5014826388888889,0.32916666666666666,0.5074131944444444,0.3975,0.37397569444444445,0.3858333333333333,0.40659375000000003,0.3908333333333333,0.2968784722222222,0.3908333333333333,0.4481076388888889,0.39416666666666667,0.3117048611111111,0.37916666666666665,0.37990625000000006,0.37416666666666665,0.3176354166666667,0.3358333333333333,0.43624652777777784,0.3358333333333333,0.4451423611111112,0.32416666666666666,0.5489270833333333,0.32083333333333336,0.6467812500000001,0.3358333333333333,0.42438541666666674,0.32916666666666666,0.5370659722222223,0.31583333333333335,0.6141631944444446
