head_top_x,head_top_y,upper_neck_x,upper_neck_y,right_shoulder_x,right_shoulder_y,right_elbow_x,right_elbow_y,right_wrist_x,right_wrist_y,thorax_x,thorax_y,left_shoulder_x,left_shoulder_y,left_elbow_x,left_elbow_y,left_wrist_x,left_wrist_y,pelvis_x,pelvis_y,right_hip_x,right_hip_y,right_knee_x,right_knee_y,right_ankle_x,right_ankle_y,left_hip_x,left_hip_y,left_knee_x,left_knee_y,left_ankle_x,left_ankle_y
0.4325,0.003333333333333336,0.4825,0.18777777777777774,0.3825,0.23222222222222225,0.2825,0.29000000000000004,0.1825,0.34777777777777774,0.49083333333333334,0.21666666666666665,0.6108333333333333,0.1988888888888889,0.5191666666666667,0.3344444444444445,0.3625,0.30777777777777776,0.5125,0.7611111111111111,0.4475,0.7611111111111111,0.38916666666666666,0.9566666666666667,0.3358333333333333,0.9633333333333334,0.5775,0.758888888888889,0.5625,0.9766666666666667,0.18083333333333335,0.34111111111111114
