head_top_x,head_top_y,upper_neck_x,upper_neck_y,right_shoulder_x,right_shoulder_y,right_elbow_x,right_elbow_y,right_wrist_x,right_wrist_y,thorax_x,thorax_y,left_shoulder_x,left_shoulder_y,left_elbow_x,left_elbow_y,left_wrist_x,left_wrist_y,pelvis_x,pelvis_y,right_hip_x,right_hip_y,right_knee_x,right_knee_y,right_ankle_x,right_ankle_y,left_hip_x,left_hip_y,left_knee_x,left_knee_y,left_ankle_x,left_ankle_y
0.2725,0.6497465277777776,0.39916666666666667,0.6764340277777777,0.3908333333333333,0.6734687500000001,0.4325,0.5874756944444445,0.44916666666666666,0.5489270833333333,0.38416666666666666,0.6793993055555556,0.3875,0.6586423611111111,0.5025,0.5845104166666667,0.5058333333333334,0.7268437499999999,0.45916666666666667,0.5459618055555556,0.4558333333333333,0.54003125,0.4558333333333333,0.5667187499999999,0.4658333333333333,0.48369097222222224,0.4925,0.5192743055555556,0.5025,0.5014826388888889,0.4891666666666667,0.4273506944444445
