head_top_x,head_top_y,upper_neck_x,upper_neck_y,right_shoulder_x,right_shoulder_y,right_elbow_x,right_elbow_y,right_wrist_x,right_wrist_y,thorax_x,thorax_y,left_shoulder_x,left_shoulder_y,left_elbow_x,left_elbow_y,left_wrist_x,left_wrist_y,pelvis_x,pelvis_y,right_hip_x,right_hip_y,right_knee_x,right_knee_y,right_ankle_x,right_ankle_y,left_hip_x,left_hip_y,left_knee_x,left_knee_y,left_ankle_x,left_ankle_y
0.7458333333333333,0.23777777777777775,0.6941666666666667,0.2585185185185186,0.7358333333333333,0.2614814814814815,0.6508333333333334,0.33259259259259255,0.6691666666666667,0.31481481481481477,0.6558333333333334,0.3059259259259259,0.7275,0.2822222222222222,0.6991666666666667,0.3592592592592593,0.7141666666666666,0.26740740740740737,0.4025,0.23185185185185186,0.4475,0.21111111111111114,0.6991666666666667,0.32962962962962966,0.7041666666666667,0.29407407407407404,0.7025,0.21703703703703703,0.7041666666666667,0.3177777777777778,0.7008333333333333,0.3059259259259259
