head_top_x,head_top_y,upper_neck_x,upper_neck_y,right_shoulder_x,right_shoulder_y,right_elbow_x,right_elbow_y,right_wrist_x,right_wrist_y,thorax_x,thorax_y,left_shoulder_x,left_shoulder_y,left_elbow_x,left_elbow_y,left_wrist_x,left_wrist_y,pelvis_x,pelvis_y,right_hip_x,right_hip_y,right_knee_x,right_knee_y,right_ankle_x,right_ankle_y,left_hip_x,left_hip_y,left_knee_x,left_knee_y,left_ankle_x,left_ankle_y
0.6075,0.04518518518518519,0.6291666666666667,0.30296296296296293,0.5758333333333333,0.28518518518518515,0.49416666666666664,0.2881481481481482,0.4041666666666667,0.29407407407407404,0.6291666666666667,0.29407407407407404,0.6791666666666667,0.3059259259259259,0.7125,0.3503703703703704,0.7525,0.374074074074074,0.6208333333333333,0.6525925925925926,0.5891666666666666,0.6348148148148147,0.45916666666666667,0.7414814814814815,0.4675,0.9785185185185186,0.6558333333333334,0.6733333333333333,0.5258333333333334,0.782962962962963,0.5425,1.0
