head_top_x,head_top_y,upper_neck_x,upper_neck_y,right_shoulder_x,right_shoulder_y,right_elbow_x,right_elbow_y,right_wrist_x,right_wrist_y,thorax_x,thorax_y,left_shoulder_x,left_shoulder_y,left_elbow_x,left_elbow_y,left_wrist_x,left_wrist_y,pelvis_x,pelvis_y,right_hip_x,right_hip_y,right_knee_x,right_knee_y,right_ankle_x,right_ankle_y,left_hip_x,left_hip_y,left_knee_x,left_knee_y,left_ankle_x,left_ankle_y
0.49416666666666664,0.1337881944444445,0.4975,0.3976979166666667,0.5108333333333334,0.4006631944444445,0.5025,0.6705034722222222,0.6391666666666667,0.23164236111111117,0.5008333333333334,0.37990625000000006,0.49416666666666664,0.37397569444444445,0.5841666666666666,0.13082291666666665,0.6408333333333334,0.21681597222222224,0.4925,0.48369097222222224,0.4741666666666667,0.7624270833333333,0.4891666666666667,0.6586423611111111,0.44916666666666666,0.8632465277777779,0.5141666666666667,0.47776041666666674,0.4725,0.6556770833333334,0.4225,0.8128368055555555
