head_top_x,head_top_y,upper_neck_x,upper_neck_y,right_shoulder_x,right_shoulder_y,right_elbow_x,right_elbow_y,right_wrist_x,right_wrist_y,thorax_x,thorax_y,left_shoulder_x,left_shoulder_y,left_elbow_x,left_elbow_y,left_wrist_x,left_wrist_y,pelvis_x,pelvis_y,right_hip_x,right_hip_y,right_knee_x,right_knee_y,right_ankle_x,right_ankle_y,left_hip_x,left_hip_y,left_knee_x,left_knee_y,left_ankle_x,left_ankle_y
0.5025,-0.0008333333333333334,0.5725,0.17444444444444449,0.47583333333333333,0.20333333333333337,0.4375,0.4344444444444444,0.3425,0.2544444444444445,0.5825,0.20333333333333337,0.6908333333333333,0.21222222222222223,0.6941666666666667,0.6255555555555555,0.42916666666666664,0.5499999999999999,0.5658333333333333,0.7966666666666667,0.49083333333333334,0.79,0.3775,0.9611111111111111,0.3825,0.9433333333333334,0.6391666666666667,0.8033333333333333,0.6375,0.9944444444444445,0.3925,0.9566666666666667
