head_top_x,head_top_y,upper_neck_x,upper_neck_y,right_shoulder_x,right_shoulder_y,right_elbow_x,right_elbow_y,right_wrist_x,right_wrist_y,thorax_x,thorax_y,left_shoulder_x,left_shoulder_y,left_elbow_x,left_elbow_y,left_wrist_x,left_wrist_y,pelvis_x,pelvis_y,right_hip_x,right_hip_y,right_knee_x,right_knee_y,right_ankle_x,right_ankle_y,left_hip_x,left_hip_y,left_knee_x,left_knee_y,left_ankle_x,left_ankle_y
0.4025,0.7325925925925927,0.3625,0.32962962962962966,0.5125,0.41259259259259257,0.33416666666666667,0.4185185185185185,0.3408333333333333,0.622962962962963,0.3175,0.9488888888888888,0.3475,0.3355555555555555,0.2875,0.48370370370370375,0.2758333333333333,0.542962962962963,0.35083333333333333,0.6407407407407408,0.3375,0.6288888888888889,0.33916666666666667,0.622962962962963,0.6458333333333334,0.622962962962963,0.3375,0.7266666666666666,0.2975,0.6585185185185184,0.6441666666666667,0.6318518518518519
