head_top_x,head_top_y,upper_neck_x,upper_neck_y,right_shoulder_x,right_shoulder_y,right_elbow_x,right_elbow_y,right_wrist_x,right_wrist_y,thorax_x,thorax_y,left_shoulder_x,left_shoulder_y,left_elbow_x,left_elbow_y,left_wrist_x,left_wrist_y,pelvis_x,pelvis_y,right_hip_x,right_hip_y,right_knee_x,right_knee_y,right_ankle_x,right_ankle_y,left_hip_x,left_hip_y,left_knee_x,left_knee_y,left_ankle_x,left_ankle_y
0.7275,0.05888888888888888,0.6958333333333333,0.2522222222222222,0.5925,0.3055555555555556,0.5391666666666667,0.5055555555555555,0.5425,0.6655555555555556,0.6891666666666667,0.31222222222222223,0.7891666666666667,0.30777777777777776,0.9025,0.45444444444444443,0.8108333333333333,0.59,0.6858333333333333,0.6988888888888889,0.6258333333333334,0.7055555555555556,0.6175,0.9722222222222222,0.2775,0.6277777777777778,0.7458333333333333,0.6922222222222222,0.6975,0.9677777777777777,0.6108333333333333,0.9611111111111111
