head_top_x,head_top_y,upper_neck_x,upper_neck_y,right_shoulder_x,right_shoulder_y,right_elbow_x,right_elbow_y,right_wrist_x,right_wrist_y,thorax_x,thorax_y,left_shoulder_x,left_shoulder_y,left_elbow_x,left_elbow_y,left_wrist_x,left_wrist_y,pelvis_x,pelvis_y,right_hip_x,right_hip_y,right_knee_x,right_knee_y,right_ankle_x,right_ankle_y,left_hip_x,left_hip_y,left_knee_x,left_knee_y,left_ankle_x,left_ankle_y
0.563858695652174,0.03381642512077295,0.561141304347826,0.2946859903381643,0.48777173913043476,0.3526570048309179,0.4361413043478261,0.5120772946859903,0.485054347826087,0.3816425120772947,0.5665760869565217,0.34299516908212563,0.6426630434782609,0.33816425120772947,0.7105978260869565,0.48792270531400966,0.6589673913043478,0.4154589371980676,0.5692934782608695,0.7971014492753624,0.5285326086956522,0.8019323671497585,0.5421195652173914,1.0,0.4796195652173913,0.47826086956521735,0.6127717391304348,0.7922705314009661,0.5475543478260869,0.2608695652173913,0.4470108695652174,0.3961352657004831
