head_top_x,head_top_y,upper_neck_x,upper_neck_y,right_shoulder_x,right_shoulder_y,right_elbow_x,right_elbow_y,right_wrist_x,right_wrist_y,thorax_x,thorax_y,left_shoulder_x,left_shoulder_y,left_elbow_x,left_elbow_y,left_wrist_x,left_wrist_y,pelvis_x,pelvis_y,right_hip_x,right_hip_y,right_knee_x,right_knee_y,right_ankle_x,right_ankle_y,left_hip_x,left_hip_y,left_knee_x,left_knee_y,left_ankle_x,left_ankle_y
0.48777173913043476,0.21739130434782605,0.59375,0.36714975845410625,0.45516304347826086,0.37681159420289856,0.35190217391304346,0.5990338164251209,0.3383152173913043,0.7004830917874396,0.5720108695652174,0.34782608695652173,0.6915760869565217,0.31884057971014496,0.8627717391304348,0.5120772946859903,0.7785326086956522,0.6908212560386473,0.6046195652173914,0.5265700483091789,0.5502717391304348,0.5555555555555556,0.6209239130434783,0.34782608695652173,0.5774456521739131,0.6038647342995169,0.6182065217391305,0.38647342995169087,0.9442934782608695,0.608695652173913,0.5366847826086957,0.4492753623188406
