head_top_x,head_top_y,upper_neck_x,upper_neck_y,right_shoulder_x,right_shoulder_y,right_elbow_x,right_elbow_y,right_wrist_x,right_wrist_y,thorax_x,thorax_y,left_shoulder_x,left_shoulder_y,left_elbow_x,left_elbow_y,left_wrist_x,left_wrist_y,pelvis_x,pelvis_y,right_hip_x,right_hip_y,right_knee_x,right_knee_y,right_ankle_x,right_ankle_y,left_hip_x,left_hip_y,left_knee_x,left_knee_y,left_ankle_x,left_ankle_y
0.15896739130434784,0.4444444444444444,0.26766304347826086,0.43961352657004826,0.27853260869565216,0.40096618357487923,0.360054347826087,0.5314009661835749,0.26222826086956524,0.536231884057971,0.24048913043478262,0.4154589371980676,0.264945652173913,0.36714975845410625,0.3491847826086957,0.5169082125603865,0.22418478260869565,0.25603864734299514,0.5176630434782609,0.15942028985507248,0.5095108695652174,0.144927536231884,0.561141304347826,0.24154589371980675,0.6453804347826086,0.5507246376811595,0.5258152173913043,0.13043478260869565,0.59375,0.17391304347826086,0.6535326086956522,0.5024154589371981
