head_top_x,head_top_y,upper_neck_x,upper_neck_y,right_shoulder_x,right_shoulder_y,right_elbow_x,right_elbow_y,right_wrist_x,right_wrist_y,thorax_x,thorax_y,left_shoulder_x,left_shoulder_y,left_elbow_x,left_elbow_y,left_wrist_x,left_wrist_y,pelvis_x,pelvis_y,right_hip_x,right_hip_y,right_knee_x,right_knee_y,right_ankle_x,right_ankle_y,left_hip_x,left_hip_y,left_knee_x,left_knee_y,left_ankle_x,left_ankle_y
0.13179347826086957,0.10144927536231879,0.15896739130434784,0.2028985507246377,0.15625,0.19323671497584538,0.5801630434782609,0.29951690821256044,0.19701086956521738,0.45410628019323673,0.16983695652173914,0.17874396135265702,0.1644021739130435,0.16425120772946863,0.5991847826086957,0.34299516908212563,0.19429347826086957,0.47826086956521735,0.45516304347826086,0.1352657004830918,0.44972826086956524,0.14009661835748796,0.15896739130434784,0.2028985507246377,0.6154891304347826,0.40096618357487923,0.4633152173913043,0.11594202898550726,0.4361413043478261,0.1111111111111111,0.9252717391304348,0.1690821256038647
