head_top_x,head_top_y,upper_neck_x,upper_neck_y,right_shoulder_x,right_shoulder_y,right_elbow_x,right_elbow_y,right_wrist_x,right_wrist_y,thorax_x,thorax_y,left_shoulder_x,left_shoulder_y,left_elbow_x,left_elbow_y,left_wrist_x,left_wrist_y,pelvis_x,pelvis_y,right_hip_x,right_hip_y,right_knee_x,right_knee_y,right_ankle_x,right_ankle_y,left_hip_x,left_hip_y,left_knee_x,left_knee_y,left_ankle_x,left_ankle_y
0.5774456521739131,0.18840579710144933,0.6290760869565217,0.4057971014492754,0.5910326086956522,0.4154589371980676,0.5040760869565217,0.48792270531400966,0.46059782608695654,0.37681159420289856,0.6317934782608695,0.42028985507246375,0.6942934782608695,0.4444444444444444,0.5747282608695652,0.45893719806763283,0.5176630434782609,0.36714975845410625,0.4578804347826087,0.6618357487922706,0.4361413043478261,0.6038647342995169,0.452445652173913,0.6038647342995169,0.43342391304347827,0.647342995169082,0.4904891304347826,0.6714975845410627,0.48233695652173914,0.647342995169082,0.44157608695652173,0.6376811594202899
