head_top_x,head_top_y,upper_neck_x,upper_neck_y,right_shoulder_x,right_shoulder_y,right_elbow_x,right_elbow_y,right_wrist_x,right_wrist_y,thorax_x,thorax_y,left_shoulder_x,left_shoulder_y,left_elbow_x,left_elbow_y,left_wrist_x,left_wrist_y,pelvis_x,pelvis_y,right_hip_x,right_hip_y,right_knee_x,right_knee_y,right_ankle_x,right_ankle_y,left_hip_x,left_hip_y,left_knee_x,left_knee_y,left_ankle_x,left_ankle_y
0.4904891304347826,0.22644927536231885,0.501358695652174,0.4474637681159421,0.38179347826086957,0.5199275362318841,0.3383152173913043,0.7771739130434782,0.29483695652173914,0.6721014492753623,0.5040760869565217,0.5163043478260869,0.6317934782608695,0.4981884057971015,0.6997282608695652,0.7554347826086957,0.6426630434782609,0.7228260869565218,0.49592391304347827,0.875,0.43070652173913043,0.8858695652173912,0.5557065217391305,0.5090579710144927,0.327445652173913,0.628623188405797,0.5584239130434783,0.871376811594203,0.38179347826086957,0.5163043478260869,0.48777173913043476,0.5018115942028986
