head_top_x,head_top_y,upper_neck_x,upper_neck_y,right_shoulder_x,right_shoulder_y,right_elbow_x,right_elbow_y,right_wrist_x,right_wrist_y,thorax_x,thorax_y,left_shoulder_x,left_shoulder_y,left_elbow_x,left_elbow_y,left_wrist_x,left_wrist_y,pelvis_x,pelvis_y,right_hip_x,right_hip_y,right_knee_x,right_knee_y,right_ankle_x,right_ankle_y,left_hip_x,left_hip_y,left_knee_x,left_knee_y,left_ankle_x,left_ankle_y
0.65625,0.15458937198067632,0.626358695652174,0.4347826086956521,0.5230978260869565,0.4057971014492754,0.40896739130434784,0.4154589371980676,0.36277173913043476,0.5410628019323672,0.623641304347826,0.4444444444444444,0.7296195652173914,0.4444444444444444,0.8274456521739131,0.25120772946859904,0.7676630434782609,-0.001358695652173913,0.5774456521739131,0.8985507246376812,0.5149456521739131,0.8550724637681159,0.36820652173913043,0.9178743961352657,0.7105978260869565,0.40096618357487923,0.65625,0.927536231884058,0.4741847826086957,0.8357487922705314,0.4904891304347826,0.9371980676328503
