head_top_x,head_top_y,upper_neck_x,upper_neck_y,right_shoulder_x,right_shoulder_y,right_elbow_x,right_elbow_y,right_wrist_x,right_wrist_y,thorax_x,thorax_y,left_shoulder_x,left_shoulder_y,left_elbow_x,left_elbow_y,left_wrist_x,left_wrist_y,pelvis_x,pelvis_y,right_hip_x,right_hip_y,right_knee_x,right_knee_y,right_ankle_x,right_ankle_y,left_hip_x,left_hip_y,left_knee_x,left_knee_y,left_ankle_x,left_ankle_y
0.5067934782608695,0.2028985507246377,0.44972826086956524,0.3961352657004831,0.43070652173913043,0.4154589371980676,0.42527173913043476,0.25603864734299514,0.39809782608695654,0.2946859903381643,0.45516304347826086,0.3623188405797102,0.48777173913043476,0.2801932367149758,0.5475543478260869,0.23188405797101452,0.5991847826086957,0.21739130434782605,0.41983695652173914,0.37681159420289856,0.40625,0.3913043478260869,0.36820652173913043,0.47826086956521735,0.3138586956521739,0.46859903381642515,0.422554347826087,0.3961352657004831,0.36820652173913043,0.463768115942029,0.30842391304347827,0.463768115942029
