head_top_x,head_top_y,upper_neck_x,upper_neck_y,right_shoulder_x,right_shoulder_y,right_elbow_x,right_elbow_y,right_wrist_x,right_wrist_y,thorax_x,thorax_y,left_shoulder_x,left_shoulder_y,left_elbow_x,left_elbow_y,left_wrist_x,left_wrist_y,pelvis_x,pelvis_y,right_hip_x,right_hip_y,right_knee_x,right_knee_y,right_ankle_x,right_ankle_y,left_hip_x,left_hip_y,left_knee_x,left_knee_y,left_ankle_x,left_ankle_y
0.40625,0.014492753623188422,0.46875,0.2608695652173913,0.4279891304347826,0.2898550724637681,0.422554347826087,0.41062801932367154,0.3845108695652174,0.463768115942029,0.47690217391304346,0.2946859903381643,0.5176630434782609,0.29951690821256044,0.5258152173913043,0.5217391304347826,0.41983695652173914,0.47826086956521735,0.5774456521739131,0.536231884057971,0.5366847826086957,0.5458937198067633,0.501358695652174,0.6570048309178743,0.8328804347826086,0.43961352657004826,0.6127717391304348,0.5265700483091789,0.5502717391304348,0.6666666666666666,0.5584239130434783,0.9082125603864735
