head_top_x,head_top_y,upper_neck_x,upper_neck_y,right_shoulder_x,right_shoulder_y,right_elbow_x,right_elbow_y,right_wrist_x,right_wrist_y,thorax_x,thorax_y,left_shoulder_x,left_shoulder_y,left_elbow_x,left_elbow_y,left_wrist_x,left_wrist_y,pelvis_x,pelvis_y,right_hip_x,right_hip_y,right_knee_x,right_knee_y,right_ankle_x,right_ankle_y,left_hip_x,left_hip_y,left_knee_x,left_knee_y,left_ankle_x,left_ankle_y
0.3138586956521739,0.01894814311594203,0.3736413043478261,0.23167459239130442,0.3220108695652174,0.2558480525362319,0.32472826086956524,0.36704596920289856,0.3029891304347826,0.47340919384057983,0.3763586956521739,0.2558480525362319,0.42527173913043476,0.24617866847826092,0.44972826086956524,0.41539288949275366,0.3953804347826087,0.4879132699275363,0.38722826086956524,0.5362601902173912,0.35733695652173914,0.5362601902173912,0.34646739130434784,0.7731600996376813,0.360054347826087,0.971382472826087,0.4171195652173913,0.5314254981884058,0.42527173913043476,0.7538213315217391,0.485054347826087,0.9423743206521739
