head_top_x,head_top_y,upper_neck_x,upper_neck_y,right_shoulder_x,right_shoulder_y,right_elbow_x,right_elbow_y,right_wrist_x,right_wrist_y,thorax_x,thorax_y,left_shoulder_x,left_shoulder_y,left_elbow_x,left_elbow_y,left_wrist_x,left_wrist_y,pelvis_x,pelvis_y,right_hip_x,right_hip_y,right_knee_x,right_knee_y,right_ankle_x,right_ankle_y,left_hip_x,left_hip_y,left_knee_x,left_knee_y,left_ankle_x,left_ankle_y
0.5692934782608695,0.4105581974637682,0.5529891304347826,0.6667968750000001,0.5067934782608695,0.6426234148550725,0.4578804347826087,0.6667968750000001,0.4008152173913043,0.6474581068840579,0.5529891304347826,0.6426234148550725,0.5991847826086957,0.637788722826087,0.6915760869565217,0.7103091032608697,0.7133152173913043,0.6861356431159421,0.47690217391304346,0.08179913949275361,0.4633152173913043,0.09146852355072467,0.44972826086956524,0.23167459239130442,0.36277173913043476,0.275186820652174,0.4904891304347826,0.062460371376811596,0.4470108695652174,0.19299705615942028,0.3763586956521739,0.28002151268115943
