head_top_x,head_top_y,upper_neck_x,upper_neck_y,right_shoulder_x,right_shoulder_y,right_elbow_x,right_elbow_y,right_wrist_x,right_wrist_y,thorax_x,thorax_y,left_shoulder_x,left_shoulder_y,left_elbow_x,left_elbow_y,left_wrist_x,left_wrist_y,pelvis_x,pelvis_y,right_hip_x,right_hip_y,right_knee_x,right_knee_y,right_ankle_x,right_ankle_y,left_hip_x,left_hip_y,left_knee_x,left_knee_y,left_ankle_x,left_ankle_y
0.452445652173913,0.5344202898550724,0.31657608695652173,0.5380434782608696,0.2703804347826087,0.5235507246376812,0.2703804347826087,0.6829710144927535,0.30027173913043476,0.8278985507246377,0.327445652173913,0.5380434782608696,0.37907608695652173,0.5199275362318841,0.35733695652173914,0.6829710144927535,0.37092391304347827,0.8278985507246377,0.32472826086956524,0.5271739130434782,0.27853260869565216,0.5271739130434782,0.3029891304347826,0.6105072463768115,0.623641304347826,0.5090579710144927,0.3491847826086957,0.552536231884058,0.3491847826086957,0.625,0.6372282608695652,0.5018115942028986
