head_top_x,head_top_y,upper_neck_x,upper_neck_y,right_shoulder_x,right_shoulder_y,right_elbow_x,right_elbow_y,right_wrist_x,right_wrist_y,thorax_x,thorax_y,left_shoulder_x,left_shoulder_y,left_elbow_x,left_elbow_y,left_wrist_x,left_wrist_y,pelvis_x,pelvis_y,right_hip_x,right_hip_y,right_knee_x,right_knee_y,right_ankle_x,right_ankle_y,left_hip_x,left_hip_y,left_knee_x,left_knee_y,left_ankle_x,left_ankle_y
0.6127717391304348,0.483695652173913,0.5665760869565217,0.338768115942029,0.5149456521739131,0.3315217391304348,0.5502717391304348,0.46557971014492755,0.30027173913043476,0.5960144927536232,0.563858695652174,0.3460144927536232,0.5149456521739131,0.338768115942029,0.46603260869565216,0.5163043478260869,0.43342391304347827,0.6467391304347826,0.34646739130434784,0.25905797101449274,0.32472826086956524,0.24818840579710147,0.5584239130434783,0.4257246376811594,0.28396739130434784,0.5634057971014492,0.3491847826086957,0.2518115942028985,0.33559782608695654,0.375,0.2921195652173913,0.5887681159420289
