head_top_x,head_top_y,upper_neck_x,upper_neck_y,right_shoulder_x,right_shoulder_y,right_elbow_x,right_elbow_y,right_wrist_x,right_wrist_y,thorax_x,thorax_y,left_shoulder_x,left_shoulder_y,left_elbow_x,left_elbow_y,left_wrist_x,left_wrist_y,pelvis_x,pelvis_y,right_hip_x,right_hip_y,right_knee_x,right_knee_y,right_ankle_x,right_ankle_y,left_hip_x,left_hip_y,left_knee_x,left_knee_y,left_ankle_x,left_ankle_y
0.44429347826086957,0.0018115942028985588,0.44429347826086957,0.19384057971014493,0.44157608695652173,0.22282608695652173,0.452445652173913,0.3278985507246377,0.422554347826087,0.44021739130434784,0.4470108695652174,0.21195652173913046,0.4578804347826087,0.20833333333333334,0.49320652173913043,0.2554347826086956,0.4904891304347826,0.411231884057971,0.46603260869565216,0.4547101449275362,0.452445652173913,0.4547101449275362,0.4470108695652174,0.6394927536231885,0.46059782608695654,0.802536231884058,0.47690217391304346,0.4547101449275362,0.48233695652173914,0.6539855072463768,0.4796195652173913,0.8242753623188407
