head_top_x,head_top_y,upper_neck_x,upper_neck_y,right_shoulder_x,right_shoulder_y,right_elbow_x,right_elbow_y,right_wrist_x,right_wrist_y,thorax_x,thorax_y,left_shoulder_x,left_shoulder_y,left_elbow_x,left_elbow_y,left_wrist_x,left_wrist_y,pelvis_x,pelvis_y,right_hip_x,right_hip_y,right_knee_x,right_knee_y,right_ankle_x,right_ankle_y,left_hip_x,left_hip_y,left_knee_x,left_knee_y,left_ankle_x,left_ankle_y
0.7323369565217391,0.2010869565217391,0.2866847826086957,0.42934782608695654,0.26222826086956524,0.411231884057971,0.5910326086956522,0.23731884057971012,0.6508152173913043,0.11413043478260869,0.30027173913043476,0.4257246376811594,0.47690217391304346,0.6105072463768115,0.59375,0.233695652173913,0.6508152173913043,0.11413043478260869,0.44972826086956524,0.4945652173913044,0.42527173913043476,0.5271739130434782,0.7269021739130435,0.9764492753623188,0.6317934782608695,0.12137681159420288,0.47690217391304346,0.5090579710144927,0.5122282608695652,0.05253623188405798,0.6426630434782609,0.11413043478260869
