head_top_x,head_top_y,upper_neck_x,upper_neck_y,right_shoulder_x,right_shoulder_y,right_elbow_x,right_elbow_y,right_wrist_x,right_wrist_y,thorax_x,thorax_y,left_shoulder_x,left_shoulder_y,left_elbow_x,left_elbow_y,left_wrist_x,left_wrist_y,pelvis_x,pelvis_y,right_hip_x,right_hip_y,right_knee_x,right_knee_y,right_ankle_x,right_ankle_y,left_hip_x,left_hip_y,left_knee_x,left_knee_y,left_ankle_x,left_ankle_y
0.3546195652173913,0.2367149758454106,0.3328804347826087,0.45893719806763283,0.28940217391304346,0.35748792270531404,0.23777173913043478,0.3719806763285024,0.17527173913043478,0.40096618357487923,0.3383152173913043,0.4057971014492754,0.3953804347826087,0.42995169082125606,0.43342391304347827,0.5555555555555556,0.422554347826087,0.6376811594202899,0.30842391304347827,0.5942028985507246,0.27853260869565216,0.5748792270531402,0.20244565217391305,0.7053140096618358,0.13994565217391305,0.8550724637681159,0.3328804347826087,0.6231884057971013,0.24864130434782608,0.7439613526570048,0.2078804347826087,0.8599033816425121
