head_top_x,head_top_y,upper_neck_x,upper_neck_y,right_shoulder_x,right_shoulder_y,right_elbow_x,right_elbow_y,right_wrist_x,right_wrist_y,thorax_x,thorax_y,left_shoulder_x,left_shoulder_y,left_elbow_x,left_elbow_y,left_wrist_x,left_wrist_y,pelvis_x,pelvis_y,right_hip_x,right_hip_y,right_knee_x,right_knee_y,right_ankle_x,right_ankle_y,left_hip_x,left_hip_y,left_knee_x,left_knee_y,left_ankle_x,left_ankle_y
0.4741847826086957,0.1922554347826087,0.45516304347826086,0.4449728260869565,0.3953804347826087,0.4612771739130435,0.360054347826087,0.6283967391304348,0.36277173913043476,0.6283967391304348,0.4578804347826087,0.46942934782608686,0.5149456521739131,0.4612771739130435,0.5366847826086957,0.5957880434782609,0.5394021739130435,0.5998641304347826,0.4633152173913043,0.734375,0.42527173913043476,0.734375,0.4279891304347826,1.0,0.5475543478260869,0.1596467391304348,0.49320652173913043,0.7302989130434783,0.6426630434782609,0.1392663043478261,0.6127717391304348,0.1596467391304348
