head_top_x,head_top_y,upper_neck_x,upper_neck_y,right_shoulder_x,right_shoulder_y,right_elbow_x,right_elbow_y,right_wrist_x,right_wrist_y,thorax_x,thorax_y,left_shoulder_x,left_shoulder_y,left_elbow_x,left_elbow_y,left_wrist_x,left_wrist_y,pelvis_x,pelvis_y,right_hip_x,right_hip_y,right_knee_x,right_knee_y,right_ankle_x,right_ankle_y,left_hip_x,left_hip_y,left_knee_x,left_knee_y,left_ankle_x,left_ankle_y
0.3763586956521739,0.29951690821256044,0.39809782608695654,0.05797101449275358,0.360054347826087,0.10628019323671495,0.37092391304347827,0.32850241545893716,0.48777173913043476,0.5893719806763286,0.39266304347826086,0.08695652173913043,0.41440217391304346,0.07246376811594206,0.452445652173913,0.2222222222222222,0.5040760869565217,0.21739130434782605,0.37092391304347827,0.323671497584541,0.3546195652173913,0.32850241545893716,0.44429347826086957,0.41062801932367154,0.39809782608695654,0.5507246376811595,0.3763586956521739,0.31884057971014496,0.452445652173913,0.4057971014492754,0.485054347826087,0.5700483091787439
