head_top_x,head_top_y,upper_neck_x,upper_neck_y,right_shoulder_x,right_shoulder_y,right_elbow_x,right_elbow_y,right_wrist_x,right_wrist_y,thorax_x,thorax_y,left_shoulder_x,left_shoulder_y,left_elbow_x,left_elbow_y,left_wrist_x,left_wrist_y,pelvis_x,pelvis_y,right_hip_x,right_hip_y,right_knee_x,right_knee_y,right_ankle_x,right_ankle_y,left_hip_x,left_hip_y,left_knee_x,left_knee_y,left_ankle_x,left_ankle_y
0.6209239130434783,0.09178743961352659,0.6725543478260869,0.40096618357487923,0.5991847826086957,0.4057971014492754,0.5883152173913043,0.6183574879227053,0.5394021739130435,0.7536231884057971,0.6779891304347826,0.4154589371980676,0.7649456521739131,0.42995169082125606,0.7730978260869565,0.7246376811594204,0.7676630434782609,0.995169082125604,0.6752717391304348,0.8260869565217391,0.6345108695652174,0.8212560386473431,0.46603260869565216,0.9710144927536233,0.7595108695652174,0.966183574879227,0.7133152173913043,0.8454106280193235,0.9823369565217391,1.0,0.6508152173913043,0.31884057971014496
