head_top_x,head_top_y,upper_neck_x,upper_neck_y,right_shoulder_x,right_shoulder_y,right_elbow_x,right_elbow_y,right_wrist_x,right_wrist_y,thorax_x,thorax_y,left_shoulder_x,left_shoulder_y,left_elbow_x,left_elbow_y,left_wrist_x,left_wrist_y,pelvis_x,pelvis_y,right_hip_x,right_hip_y,right_knee_x,right_knee_y,right_ankle_x,right_ankle_y,left_hip_x,left_hip_y,left_knee_x,left_knee_y,left_ankle_x,left_ankle_y
0.5339673913043478,0.29936028079710153,0.5285326086956522,0.15915421195652177,0.4578804347826087,0.22683990036231888,0.48233695652173914,0.28002151268115943,0.5339673913043478,0.3090296648550725,0.5203804347826086,0.20750113224637687,0.5774456521739131,0.19783174818840582,0.5991847826086957,0.313864356884058,0.5991847826086957,0.4444010416666667,0.5339673913043478,0.46373980978260876,0.5040760869565217,0.46373980978260876,0.48233695652173914,0.695805027173913,0.4633152173913043,0.8650192481884058,0.563858695652174,0.46373980978260876,0.5692934782608695,0.6861356431159421,0.5720108695652174,0.884358016304348
