head_top_x,head_top_y,upper_neck_x,upper_neck_y,right_shoulder_x,right_shoulder_y,right_elbow_x,right_elbow_y,right_wrist_x,right_wrist_y,thorax_x,thorax_y,left_shoulder_x,left_shoulder_y,left_elbow_x,left_elbow_y,left_wrist_x,left_wrist_y,pelvis_x,pelvis_y,right_hip_x,right_hip_y,right_knee_x,right_knee_y,right_ankle_x,right_ankle_y,left_hip_x,left_hip_y,left_knee_x,left_knee_y,left_ankle_x,left_ankle_y
0.45516304347826086,0.19806763285024154,0.5040760869565217,0.37681159420289856,0.4633152173913043,0.323671497584541,0.43342391304347827,0.323671497584541,0.40353260869565216,0.4057971014492754,0.4986413043478261,0.34299516908212563,0.5394021739130435,0.35748792270531404,0.5258152173913043,0.5700483091787439,0.5122282608695652,0.7487922705314011,0.5040760869565217,0.4347826086956521,0.4796195652173913,0.43961352657004826,0.4578804347826087,0.5990338164251209,0.4279891304347826,0.7681159420289855,0.5230978260869565,0.4444444444444444,0.5176630434782609,0.6231884057971013,0.5067934782608695,0.7632850241545894
