head_top_x,head_top_y,upper_neck_x,upper_neck_y,right_shoulder_x,right_shoulder_y,right_elbow_x,right_elbow_y,right_wrist_x,right_wrist_y,thorax_x,thorax_y,left_shoulder_x,left_shoulder_y,left_elbow_x,left_elbow_y,left_wrist_x,left_wrist_y,pelvis_x,pelvis_y,right_hip_x,right_hip_y,right_knee_x,right_knee_y,right_ankle_x,right_ankle_y,left_hip_x,left_hip_y,left_knee_x,left_knee_y,left_ankle_x,left_ankle_y
0.6671195652173914,0.3623188405797102,0.5366847826086957,0.3623188405797102,0.5230978260869565,0.34782608695652173,0.3328804347826087,0.5169082125603865,0.34375,0.608695652173913,0.5258152173913043,0.3333333333333333,0.5421195652173914,0.33816425120772947,0.48777173913043476,0.5314009661835749,0.4361413043478261,0.6135265700483092,0.41440217391304346,0.5120772946859903,0.36820652173913043,0.47826086956521735,0.42527173913043476,0.144927536231884,0.40353260869565216,0.08695652173913043,0.43070652173913043,0.5120772946859903,0.43070652173913043,0.14009661835748796,0.4008152173913043,0.08695652173913043
