head_top_x,head_top_y,upper_neck_x,upper_neck_y,right_shoulder_x,right_shoulder_y,right_elbow_x,right_elbow_y,right_wrist_x,right_wrist_y,thorax_x,thorax_y,left_shoulder_x,left_shoulder_y,left_elbow_x,left_elbow_y,left_wrist_x,left_wrist_y,pelvis_x,pelvis_y,right_hip_x,right_hip_y,right_knee_x,right_knee_y,right_ankle_x,right_ankle_y,left_hip_x,left_hip_y,left_knee_x,left_knee_y,left_ankle_x,left_ankle_y
0.422554347826087,0.0676328502415459,0.5067934782608695,0.2898550724637681,0.47146739130434784,0.323671497584541,0.43342391304347827,0.42028985507246375,0.38179347826086957,0.4734299516908213,0.5122282608695652,0.3140096618357488,0.5529891304347826,0.2946859903381643,0.6046195652173914,0.4251207729468599,0.6154891304347826,0.5603864734299516,0.5557065217391305,0.5748792270531402,0.5285326086956522,0.5748792270531402,0.5258152173913043,0.7439613526570048,0.5394021739130435,0.9323671497584543,0.5828804347826086,0.5652173913043479,0.5910326086956522,0.7729468599033817,0.5747282608695652,0.9420289855072463
