head_top_x,head_top_y,upper_neck_x,upper_neck_y,right_shoulder_x,right_shoulder_y,right_elbow_x,right_elbow_y,right_wrist_x,right_wrist_y,thorax_x,thorax_y,left_shoulder_x,left_shoulder_y,left_elbow_x,left_elbow_y,left_wrist_x,left_wrist_y,pelvis_x,pelvis_y,right_hip_x,right_hip_y,right_knee_x,right_knee_y,right_ankle_x,right_ankle_y,left_hip_x,left_hip_y,left_knee_x,left_knee_y,left_ankle_x,left_ankle_y
0.6752717391304348,0.2860054347826087,0.6807065217391305,0.514266304347826,0.6752717391304348,0.5020380434782609,0.5720108695652174,0.4245923913043478,0.48777173913043476,0.31046195652173914,0.6752717391304348,0.4857336956521739,0.6589673913043478,0.5346467391304348,0.5665760869565217,0.4775815217391304,0.49592391304347827,0.3512228260869565,0.4116847826086957,0.3552989130434782,0.40896739130434784,0.33084239130434784,0.40896739130434784,0.3919836956521739,0.27853260869565216,0.3919836956521739,0.40896739130434784,0.3512228260869565,0.32472826086956524,0.3919836956521739,0.30570652173913043,0.4001358695652174
