head_top_x,head_top_y,upper_neck_x,upper_neck_y,right_shoulder_x,right_shoulder_y,right_elbow_x,right_elbow_y,right_wrist_x,right_wrist_y,thorax_x,thorax_y,left_shoulder_x,left_shoulder_y,left_elbow_x,left_elbow_y,left_wrist_x,left_wrist_y,pelvis_x,pelvis_y,right_hip_x,right_hip_y,right_knee_x,right_knee_y,right_ankle_x,right_ankle_y,left_hip_x,left_hip_y,left_knee_x,left_knee_y,left_ankle_x,left_ankle_y
0.3138586956521739,0.1279438405797101,0.3953804347826087,0.35357789855072463,0.33016304347826086,0.4351902173913043,0.30570652173913043,0.6368206521739131,0.3763586956521739,0.6608242753623189,0.40353260869565216,0.37758152173913045,0.4741847826086957,0.30076992753623194,0.5366847826086957,0.44959239130434786,0.485054347826087,0.5984148550724638,0.46875,0.7520380434782609,0.43070652173913043,0.7760416666666666,0.4361413043478261,1.0,0.45516304347826086,1.0,0.5040760869565217,0.7472373188405798,0.5149456521739131,1.0,0.5067934782608695,1.0
