head_top_x,head_top_y,upper_neck_x,upper_neck_y,right_shoulder_x,right_shoulder_y,right_elbow_x,right_elbow_y,right_wrist_x,right_wrist_y,thorax_x,thorax_y,left_shoulder_x,left_shoulder_y,left_elbow_x,left_elbow_y,left_wrist_x,left_wrist_y,pelvis_x,pelvis_y,right_hip_x,right_hip_y,right_knee_x,right_knee_y,right_ankle_x,right_ankle_y,left_hip_x,left_hip_y,left_knee_x,left_knee_y,left_ankle_x,left_ankle_y
0.5095108695652174,0.23188405797101452,0.4633152173913043,0.46859903381642515,0.47690217391304346,0.47826086956521735,0.49592391304347827,0.6280193236714976,0.49592391304347827,0.7681159420289855,0.47146739130434784,0.45893719806763283,0.45516304347826086,0.4734299516908213,0.4904891304347826,0.5990338164251209,0.561141304347826,0.3526570048309179,0.5149456521739131,0.24154589371980675,0.6725543478260869,0.33816425120772947,0.7105978260869565,0.35748792270531404,0.748641304347826,0.30917874396135264,0.5095108695652174,0.25120772946859904,0.7296195652173914,0.33816425120772947,0.8600543478260869,0.2608695652173913
