head_top_x,head_top_y,upper_neck_x,upper_neck_y,right_shoulder_x,right_shoulder_y,right_elbow_x,right_elbow_y,right_wrist_x,right_wrist_y,thorax_x,thorax_y,left_shoulder_x,left_shoulder_y,left_elbow_x,left_elbow_y,left_wrist_x,left_wrist_y,pelvis_x,pelvis_y,right_hip_x,right_hip_y,right_knee_x,right_knee_y,right_ankle_x,right_ankle_y,left_hip_x,left_hip_y,left_knee_x,left_knee_y,left_ankle_x,left_ankle_y
0.4279891304347826,0.3716032608695652,0.5665760869565217,0.40828804347826075,0.6100543478260869,0.343070652173913,0.6426630434782609,0.4979619565217391,0.5991847826086957,0.7547554347826086,0.5747282608695652,0.4123641304347826,0.5394021739130435,0.4775815217391304,0.561141304347826,0.7221467391304348,0.5502717391304348,0.8811141304347826,0.7296195652173914,0.6447010869565216,0.7567934782608695,0.6283967391304348,0.6535326086956522,0.9504076086956522,0.6480978260869565,1.0,0.7024456521739131,0.656929347826087,0.5665760869565217,0.9300271739130435,0.6644021739130435,0.6447010869565216
