head_top_x,head_top_y,upper_neck_x,upper_neck_y,right_shoulder_x,right_shoulder_y,right_elbow_x,right_elbow_y,right_wrist_x,right_wrist_y,thorax_x,thorax_y,left_shoulder_x,left_shoulder_y,left_elbow_x,left_elbow_y,left_wrist_x,left_wrist_y,pelvis_x,pelvis_y,right_hip_x,right_hip_y,right_knee_x,right_knee_y,right_ankle_x,right_ankle_y,left_hip_x,left_hip_y,left_knee_x,left_knee_y,left_ankle_x,left_ankle_y
0.6019021739130435,-0.001358695652173913,0.6372282608695652,0.2705314009661836,0.561141304347826,0.22705314009661837,0.48233695652173914,0.40096618357487923,0.360054347826087,0.42028985507246375,0.6399456521739131,0.27536231884057977,0.7296195652173914,0.3043478260869565,0.7730978260869565,0.5748792270531402,0.6834239130434783,0.5217391304347826,0.5692934782608695,0.6859903381642513,0.53125,0.647342995169082,0.452445652173913,1.0,0.5285326086956522,0.2898550724637681,0.6100543478260869,0.7246376811594204,0.4986413043478261,1.0,0.5421195652173914,0.681159420289855
