head_top_x,head_top_y,upper_neck_x,upper_neck_y,right_shoulder_x,right_shoulder_y,right_elbow_x,right_elbow_y,right_wrist_x,right_wrist_y,thorax_x,thorax_y,left_shoulder_x,left_shoulder_y,left_elbow_x,left_elbow_y,left_wrist_x,left_wrist_y,pelvis_x,pelvis_y,right_hip_x,right_hip_y,right_knee_x,right_knee_y,right_ankle_x,right_ankle_y,left_hip_x,left_hip_y,left_knee_x,left_knee_y,left_ankle_x,left_ankle_y
0.7785326086956522,0.012681159420289837,0.6915760869565217,0.1721014492753623,0.6399456521739131,0.1865942028985507,0.6671195652173914,0.38224637681159424,0.751358695652174,0.28442028985507245,0.688858695652174,0.17934782608695654,0.7595108695652174,0.1865942028985507,0.686141304347826,0.35326086956521735,0.751358695652174,0.2554347826086956,0.6807065217391305,0.5271739130434782,0.6426630434782609,0.5307971014492754,0.623641304347826,0.8315217391304347,0.5692934782608695,1.0,0.71875,0.5235507246376812,0.7133152173913043,0.7844202898550724,0.6997282608695652,0.9945652173913043
