head_top_x,head_top_y,upper_neck_x,upper_neck_y,right_shoulder_x,right_shoulder_y,right_elbow_x,right_elbow_y,right_wrist_x,right_wrist_y,thorax_x,thorax_y,left_shoulder_x,left_shoulder_y,left_elbow_x,left_elbow_y,left_wrist_x,left_wrist_y,pelvis_x,pelvis_y,right_hip_x,right_hip_y,right_knee_x,right_knee_y,right_ankle_x,right_ankle_y,left_hip_x,left_hip_y,left_knee_x,left_knee_y,left_ankle_x,left_ankle_y
0.5122282608695652,0.07729468599033822,0.5176630434782609,0.3333333333333333,0.4388586956521739,0.37681159420289856,0.4008152173913043,0.6231884057971013,0.39809782608695654,0.8309178743961352,0.5176630434782609,0.3913043478260869,0.5991847826086957,0.40096618357487923,0.623641304347826,0.6908212560386473,0.6345108695652174,0.9420289855072463,0.5176630434782609,0.7922705314009661,0.47146739130434784,0.7922705314009661,0.485054347826087,1.0,0.6345108695652174,0.9178743961352657,0.5584239130434783,0.8019323671497585,0.9850543478260869,1.0,0.43342391304347827,0.8115942028985508
