head_top_x,head_top_y,upper_neck_x,upper_neck_y,right_shoulder_x,right_shoulder_y,right_elbow_x,right_elbow_y,right_wrist_x,right_wrist_y,thorax_x,thorax_y,left_shoulder_x,left_shoulder_y,left_elbow_x,left_elbow_y,left_wrist_x,left_wrist_y,pelvis_x,pelvis_y,right_hip_x,right_hip_y,right_knee_x,right_knee_y,right_ankle_x,right_ankle_y,left_hip_x,left_hip_y,left_knee_x,left_knee_y,left_ankle_x,left_ankle_y
0.5991847826086957,-0.001358695652173913,0.5747282608695652,0.25120772946859904,0.53125,0.2463768115942029,0.5122282608695652,0.38647342995169087,0.5475543478260869,0.5265700483091789,0.5774456521739131,0.25603864734299514,0.6209239130434783,0.25120772946859904,0.6399456521739131,0.3913043478260869,0.5991847826086957,0.5217391304347826,0.5665760869565217,0.4830917874396135,0.5421195652173914,0.4830917874396135,0.5557065217391305,0.642512077294686,0.563858695652174,0.8067632850241545,0.5910326086956522,0.48792270531400966,0.5964673913043478,0.6376811594202899,0.5910326086956522,0.8260869565217391
