head_top_x,head_top_y,upper_neck_x,upper_neck_y,right_shoulder_x,right_shoulder_y,right_elbow_x,right_elbow_y,right_wrist_x,right_wrist_y,thorax_x,thorax_y,left_shoulder_x,left_shoulder_y,left_elbow_x,left_elbow_y,left_wrist_x,left_wrist_y,pelvis_x,pelvis_y,right_hip_x,right_hip_y,right_knee_x,right_knee_y,right_ankle_x,right_ankle_y,left_hip_x,left_hip_y,left_knee_x,left_knee_y,left_ankle_x,left_ankle_y
0.7622282608695652,0.23007246376811596,0.49320652173913043,0.44021739130434784,0.48233695652173914,0.44021739130434784,0.4796195652173913,0.5634057971014492,0.41440217391304346,0.6141304347826088,0.49320652173913043,0.4365942028985507,0.4796195652173913,0.44021739130434784,0.48233695652173914,0.5706521739130435,0.4116847826086957,0.6177536231884058,0.49320652173913043,0.38224637681159424,0.485054347826087,0.39673913043478265,0.47146739130434784,0.8351449275362319,0.47146739130434784,0.9836956521739131,0.4986413043478261,0.3641304347826087,0.46603260869565216,0.8351449275362319,0.5692934782608695,0.9547101449275363
