head_top_x,head_top_y,upper_neck_x,upper_neck_y,right_shoulder_x,right_shoulder_y,right_elbow_x,right_elbow_y,right_wrist_x,right_wrist_y,thorax_x,thorax_y,left_shoulder_x,left_shoulder_y,left_elbow_x,left_elbow_y,left_wrist_x,left_wrist_y,pelvis_x,pelvis_y,right_hip_x,right_hip_y,right_knee_x,right_knee_y,right_ankle_x,right_ankle_y,left_hip_x,left_hip_y,left_knee_x,left_knee_y,left_ankle_x,left_ankle_y
0.3029891304347826,0.3960541213768116,0.389945652173913,0.33320312500000004,0.3220108695652174,0.5410948822463768,0.2921195652173913,0.6619621829710146,0.3138586956521739,0.6667968750000001,0.3654891304347826,0.42022758152173917,0.3736413043478261,0.32353374094202897,0.3736413043478261,0.3428725090579711,0.3763586956521739,0.275186820652174,0.6209239130434783,0.40088881340579713,0.5964673913043478,0.4105581974637682,0.6046195652173914,0.32836843297101453,0.6453804347826086,0.705474411231884,0.626358695652174,0.36704596920289856,0.6209239130434783,0.32836843297101453,0.6834239130434783,0.6861356431159421
