head_top_x,head_top_y,upper_neck_x,upper_neck_y,right_shoulder_x,right_shoulder_y,right_elbow_x,right_elbow_y,right_wrist_x,right_wrist_y,thorax_x,thorax_y,left_shoulder_x,left_shoulder_y,left_elbow_x,left_elbow_y,left_wrist_x,left_wrist_y,pelvis_x,pelvis_y,right_hip_x,right_hip_y,right_knee_x,right_knee_y,right_ankle_x,right_ankle_y,left_hip_x,left_hip_y,left_knee_x,left_knee_y,left_ankle_x,left_ankle_y
0.44157608695652173,-0.001358695652173913,0.47146739130434784,0.18297101449275366,0.37092391304347827,0.20833333333333334,0.23777173913043478,0.30615942028985504,0.22146739130434784,0.4221014492753623,0.4741847826086957,0.19384057971014493,0.5991847826086957,0.18297101449275366,0.5122282608695652,0.3242753623188406,0.36820652173913043,0.2952898550724638,0.5067934782608695,0.7807971014492754,0.4470108695652174,0.7735507246376812,0.3138586956521739,0.34963768115942034,0.35733695652173914,0.27717391304347827,0.5665760869565217,0.7771739130434782,0.5448369565217391,0.47282608695652173,0.4904891304347826,0.27717391304347827
