head_top_x,head_top_y,upper_neck_x,upper_neck_y,right_shoulder_x,right_shoulder_y,right_elbow_x,right_elbow_y,right_wrist_x,right_wrist_y,thorax_x,thorax_y,left_shoulder_x,left_shoulder_y,left_elbow_x,left_elbow_y,left_wrist_x,left_wrist_y,pelvis_x,pelvis_y,right_hip_x,right_hip_y,right_knee_x,right_knee_y,right_ankle_x,right_ankle_y,left_hip_x,left_hip_y,left_knee_x,left_knee_y,left_ankle_x,left_ankle_y
0.5991847826086957,0.08695652173913043,0.4388586956521739,0.24154589371980675,0.34375,0.2463768115942029,0.24592391304347827,0.45893719806763283,0.485054347826087,0.8599033816425121,0.422554347826087,0.2608695652173913,0.49592391304347827,0.3043478260869565,0.5203804347826086,0.536231884057971,0.5448369565217391,0.7874396135265701,0.3029891304347826,0.6183574879227053,0.2595108695652174,0.6908212560386473,0.44429347826086957,0.8695652173913042,0.40896739130434784,0.7294685990338164,0.360054347826087,0.5797101449275363,0.5230978260869565,0.7632850241545894,0.41983695652173914,0.6908212560386473
