head_top_x,head_top_y,upper_neck_x,upper_neck_y,right_shoulder_x,right_shoulder_y,right_elbow_x,right_elbow_y,right_wrist_x,right_wrist_y,thorax_x,thorax_y,left_shoulder_x,left_shoulder_y,left_elbow_x,left_elbow_y,left_wrist_x,left_wrist_y,pelvis_x,pelvis_y,right_hip_x,right_hip_y,right_knee_x,right_knee_y,right_ankle_x,right_ankle_y,left_hip_x,left_hip_y,left_knee_x,left_knee_y,left_ankle_x,left_ankle_y
0.5067934782608695,0.11564198369565222,0.47690217391304346,0.37188066123188407,0.501358695652174,0.37188066123188407,0.4986413043478261,0.6522927989130435,0.49320652173913043,0.7779947916666667,0.48233695652173914,0.3477072010869565,0.452445652173913,0.33803781702898555,0.5801630434782609,0.19783174818840582,0.6426630434782609,0.23167459239130442,0.45516304347826086,0.6619621829710146,0.4633152173913043,0.6764662590579711,0.5258152173913043,0.45890511775362314,0.4741847826086957,0.7683254076086956,0.44157608695652173,0.6571274909420289,0.5366847826086957,0.5120867300724636,0.4796195652173913,0.7441519474637681
