head_top_x,head_top_y,upper_neck_x,upper_neck_y,right_shoulder_x,right_shoulder_y,right_elbow_x,right_elbow_y,right_wrist_x,right_wrist_y,thorax_x,thorax_y,left_shoulder_x,left_shoulder_y,left_elbow_x,left_elbow_y,left_wrist_x,left_wrist_y,pelvis_x,pelvis_y,right_hip_x,right_hip_y,right_knee_x,right_knee_y,right_ankle_x,right_ankle_y,left_hip_x,left_hip_y,left_knee_x,left_knee_y,left_ankle_x,left_ankle_y
0.7241847826086957,0.041666666666666664,0.688858695652174,0.24456521739130435,0.5883152173913043,0.3025362318840579,0.5366847826086957,0.5090579710144927,0.5366847826086957,0.6721014492753623,0.6834239130434783,0.2989130434782609,0.7785326086956522,0.2989130434782609,0.90625,0.4474637681159421,0.8057065217391305,0.5851449275362319,0.6752717391304348,0.6902173913043478,0.6182065217391305,0.6865942028985508,0.6290760869565217,0.28442028985507245,0.7404891304347826,0.6902173913043478,0.7323369565217391,0.6865942028985508,0.6807065217391305,0.9945652173913043,0.563858695652174,0.42934782608695654
