head_top_x,head_top_y,upper_neck_x,upper_neck_y,right_shoulder_x,right_shoulder_y,right_elbow_x,right_elbow_y,right_wrist_x,right_wrist_y,thorax_x,thorax_y,left_shoulder_x,left_shoulder_y,left_elbow_x,left_elbow_y,left_wrist_x,left_wrist_y,pelvis_x,pelvis_y,right_hip_x,right_hip_y,right_knee_x,right_knee_y,right_ankle_x,right_ankle_y,left_hip_x,left_hip_y,left_knee_x,left_knee_y,left_ankle_x,left_ankle_y
0.4986413043478261,0.4830917874396135,0.43342391304347827,0.3140096618357488,0.5040760869565217,0.37681159420289856,0.5040760869565217,0.48792270531400966,0.48233695652173914,0.5603864734299516,0.4470108695652174,0.29951690821256044,0.3845108695652174,0.2367149758454106,0.5040760869565217,0.42995169082125606,0.485054347826087,0.5410628019323672,0.40896739130434784,0.25603864734299514,0.5040760869565217,0.26570048309178745,0.5285326086956522,0.35748792270531404,0.6970108695652174,0.21739130434782605,0.422554347826087,0.2898550724637681,0.7622282608695652,0.2801932367149758,0.6942934782608695,0.2222222222222222
