head_top_x,head_top_y,upper_neck_x,upper_neck_y,right_shoulder_x,right_shoulder_y,right_elbow_x,right_elbow_y,right_wrist_x,right_wrist_y,thorax_x,thorax_y,left_shoulder_x,left_shoulder_y,left_elbow_x,left_elbow_y,left_wrist_x,left_wrist_y,pelvis_x,pelvis_y,right_hip_x,right_hip_y,right_knee_x,right_knee_y,right_ankle_x,right_ankle_y,left_hip_x,left_hip_y,left_knee_x,left_knee_y,left_ankle_x,left_ankle_y
0.5375,0.42863849765258216,0.5291666666666667,0.2583724569640063,0.49916666666666665,0.2934272300469484,0.4825,0.36604068857589983,0.47583333333333333,0.4211267605633803,0.5325,0.3084507042253521,0.5658333333333333,0.32597809076682316,0.5808333333333333,0.4812206572769953,0.6125,0.598904538341158,0.5375,0.3810641627543036,0.5191666666666667,0.3885758998435055,0.5408333333333334,0.4962441314553991,0.5558333333333333,0.5913928012519561,0.5625,0.3685446009389671,0.5775,0.5037558685446009,0.5808333333333333,0.5688575899843504
