head_top_x,head_top_y,upper_neck_x,upper_neck_y,right_shoulder_x,right_shoulder_y,right_elbow_x,right_elbow_y,right_wrist_x,right_wrist_y,thorax_x,thorax_y,left_shoulder_x,left_shoulder_y,left_elbow_x,left_elbow_y,left_wrist_x,left_wrist_y,pelvis_x,pelvis_y,right_hip_x,right_hip_y,right_knee_x,right_knee_y,right_ankle_x,right_ankle_y,left_hip_x,left_hip_y,left_knee_x,left_knee_y,left_ankle_x,left_ankle_y
0.7558333333333334,0.12858633281168494,0.7525,0.277151799687011,0.6758333333333333,0.28883672404799166,0.5908333333333333,0.38899321857068336,0.6075,0.48914971309337507,0.7508333333333334,0.31387584767866455,0.8225,0.32723004694835683,0.8475,0.44741784037558685,0.7825,0.5459050599895671,0.6658333333333334,0.5375586854460094,0.6325,0.5308815858111634,0.6191666666666666,0.7395409494001044,0.4825,0.9315075639019301,0.7341666666666666,0.5475743348982786,0.6025,0.7378716744913929,0.4791666666666667,0.8847678664580073
