head_top_x,head_top_y,upper_neck_x,upper_neck_y,right_shoulder_x,right_shoulder_y,right_elbow_x,right_elbow_y,right_wrist_x,right_wrist_y,thorax_x,thorax_y,left_shoulder_x,left_shoulder_y,left_elbow_x,left_elbow_y,left_wrist_x,left_wrist_y,pelvis_x,pelvis_y,right_hip_x,right_hip_y,right_knee_x,right_knee_y,right_ankle_x,right_ankle_y,left_hip_x,left_hip_y,left_knee_x,left_knee_y,left_ankle_x,left_ankle_y
0.5233333333333333,0.04583333333333333,0.5077777777777778,0.19916666666666666,0.42333333333333334,0.1725,0.36333333333333334,0.22083333333333333,0.37000000000000005,0.25583333333333336,0.5077777777777778,0.21083333333333334,0.5966666666666667,0.2525,0.6188888888888888,0.39416666666666667,0.4855555555555556,0.3541666666666667,0.48333333333333334,0.4608333333333333,0.43,0.45416666666666666,0.46555555555555556,0.6625,0.5277777777777778,0.8408333333333333,0.5388888888888889,0.46416666666666667,0.5011111111111112,0.6858333333333333,0.5233333333333333,0.8825
