head_top_x,head_top_y,upper_neck_x,upper_neck_y,right_shoulder_x,right_shoulder_y,right_elbow_x,right_elbow_y,right_wrist_x,right_wrist_y,thorax_x,thorax_y,left_shoulder_x,left_shoulder_y,left_elbow_x,left_elbow_y,left_wrist_x,left_wrist_y,pelvis_x,pelvis_y,right_hip_x,right_hip_y,right_knee_x,right_knee_y,right_ankle_x,right_ankle_y,left_hip_x,left_hip_y,left_knee_x,left_knee_y,left_ankle_x,left_ankle_y
0.4191666666666667,0.39859154929577467,0.4841666666666667,0.3359937402190923,0.4625,0.36103286384976524,0.44083333333333335,0.461189358372457,0.3925,0.45868544600938965,0.5108333333333334,0.35852895148669794,0.43916666666666665,0.5262910798122065,0.7091666666666666,0.4411580594679186,0.39416666666666667,0.5312989045383412,0.5558333333333333,0.4987480438184663,0.4575,0.5588419405320814,0.6675,0.31846635367762127,0.7708333333333334,0.18075117370892016,0.6075,0.521283255086072,0.6541666666666667,0.29843505477308296,0.7791666666666667,0.20078247261345855
