head_top_x,head_top_y,upper_neck_x,upper_neck_y,right_shoulder_x,right_shoulder_y,right_elbow_x,right_elbow_y,right_wrist_x,right_wrist_y,thorax_x,thorax_y,left_shoulder_x,left_shoulder_y,left_elbow_x,left_elbow_y,left_wrist_x,left_wrist_y,pelvis_x,pelvis_y,right_hip_x,right_hip_y,right_knee_x,right_knee_y,right_ankle_x,right_ankle_y,left_hip_x,left_hip_y,left_knee_x,left_knee_y,left_ankle_x,left_ankle_y
0.7891666666666667,0.3885122410546139,0.7091666666666666,0.515065913370998,0.7675,0.2258003766478343,0.6408333333333334,0.4728813559322034,0.6425,0.5391713747645951,0.5458333333333333,0.5130571249215318,0.8925,0.19767733835530443,0.6908333333333333,0.44877589453860645,0.6725,0.5251098556183302,0.6208333333333333,0.5130571249215318,0.6508333333333334,0.515065913370998,0.7125,0.5753295668549906,0.8491666666666666,0.1775894538606403,0.6525,0.5130571249215318,0.6108333333333333,0.3302573760200879,0.8458333333333333,0.1916509730069052
