head_top_x,head_top_y,upper_neck_x,upper_neck_y,right_shoulder_x,right_shoulder_y,right_elbow_x,right_elbow_y,right_wrist_x,right_wrist_y,thorax_x,thorax_y,left_shoulder_x,left_shoulder_y,left_elbow_x,left_elbow_y,left_wrist_x,left_wrist_y,pelvis_x,pelvis_y,right_hip_x,right_hip_y,right_knee_x,right_knee_y,right_ankle_x,right_ankle_y,left_hip_x,left_hip_y,left_knee_x,left_knee_y,left_ankle_x,left_ankle_y
0.22583333333333333,0.30594679186228485,0.2575,0.35852895148669794,0.4425,0.34350547730829417,0.6175,0.4937402190923318,0.41583333333333333,0.5162754303599374,0.30083333333333334,0.3685446009389671,0.24416666666666667,0.33098591549295775,0.3225,0.2909233176838811,0.20416666666666666,0.35852895148669794,0.44416666666666665,0.39859154929577467,0.4775,0.4010954616588419,0.5691666666666667,0.974491392801252,0.6158333333333333,0.9519561815336461,0.3875,0.4336463223787167,0.6291666666666667,0.3034428794992175,0.7675,0.3635367762128326
