head_top_x,head_top_y,upper_neck_x,upper_neck_y,right_shoulder_x,right_shoulder_y,right_elbow_x,right_elbow_y,right_wrist_x,right_wrist_y,thorax_x,thorax_y,left_shoulder_x,left_shoulder_y,left_elbow_x,left_elbow_y,left_wrist_x,left_wrist_y,pelvis_x,pelvis_y,right_hip_x,right_hip_y,right_knee_x,right_knee_y,right_ankle_x,right_ankle_y,left_hip_x,left_hip_y,left_knee_x,left_knee_y,left_ankle_x,left_ankle_y
0.16416666666666666,0.4988888888888889,0.7708333333333334,0.9833333333333334,0.9825,-0.0008333333333333334,0.9558333333333333,0.12777777777777777,0.6958333333333333,0.7188888888888889,0.3358333333333333,0.4811111111111111,0.9875,1.0,0.9425,0.15222222222222223,0.18416666666666667,0.4788888888888889,0.08083333333333333,0.5188888888888888,0.14416666666666667,0.5033333333333333,0.11083333333333334,0.5188888888888888,0.6658333333333334,0.7322222222222222,0.18916666666666668,0.4855555555555556,0.18083333333333335,0.5033333333333333,0.19083333333333333,0.4811111111111111
