head_top_x,head_top_y,upper_neck_x,upper_neck_y,right_shoulder_x,right_shoulder_y,right_elbow_x,right_elbow_y,right_wrist_x,right_wrist_y,thorax_x,thorax_y,left_shoulder_x,left_shoulder_y,left_elbow_x,left_elbow_y,left_wrist_x,left_wrist_y,pelvis_x,pelvis_y,right_hip_x,right_hip_y,right_knee_x,right_knee_y,right_ankle_x,right_ankle_y,left_hip_x,left_hip_y,left_knee_x,left_knee_y,left_ankle_x,left_ankle_y
0.8630239520958085,0.38916666666666666,0.6808882235528942,0.4041666666666667,0.6808882235528942,0.3858333333333333,0.4787924151696607,0.4275,0.5835828343313373,0.43083333333333335,0.6958582834331338,0.4025,0.7108283433133733,0.4075,0.5860778443113772,0.4225,0.6259980039920159,0.43416666666666665,0.5536427145708583,0.5425,0.5311876247504991,0.5458333333333333,0.7682135728542915,0.39916666666666667,0.5586327345309382,0.41583333333333333,0.5486526946107784,0.5625,0.5711077844311377,0.6541666666666667,0.6060379241516965,0.4125
