head_top_x,head_top_y,upper_neck_x,upper_neck_y,right_shoulder_x,right_shoulder_y,right_elbow_x,right_elbow_y,right_wrist_x,right_wrist_y,thorax_x,thorax_y,left_shoulder_x,left_shoulder_y,left_elbow_x,left_elbow_y,left_wrist_x,left_wrist_y,pelvis_x,pelvis_y,right_hip_x,right_hip_y,right_knee_x,right_knee_y,right_ankle_x,right_ankle_y,left_hip_x,left_hip_y,left_knee_x,left_knee_y,left_ankle_x,left_ankle_y
0.4788888888888889,0.2275,0.49222222222222217,0.3725,0.3788888888888889,0.38916666666666666,0.34777777777777774,0.5075,0.33,0.5741666666666667,0.49222222222222217,0.3908333333333333,0.601111111111111,0.3958333333333333,0.6677777777777778,0.5325,0.5966666666666667,0.5475,0.46555555555555556,0.5991666666666666,0.39444444444444443,0.5825,0.2233333333333333,0.49416666666666664,0.29000000000000004,0.7341666666666666,0.5433333333333333,0.6108333333333333,0.36777777777777776,0.6691666666666667,0.34555555555555556,0.8608333333333333
