head_top_x,head_top_y,upper_neck_x,upper_neck_y,right_shoulder_x,right_shoulder_y,right_elbow_x,right_elbow_y,right_wrist_x,right_wrist_y,thorax_x,thorax_y,left_shoulder_x,left_shoulder_y,left_elbow_x,left_elbow_y,left_wrist_x,left_wrist_y,pelvis_x,pelvis_y,right_hip_x,right_hip_y,right_knee_x,right_knee_y,right_ankle_x,right_ankle_y,left_hip_x,left_hip_y,left_knee_x,left_knee_y,left_ankle_x,left_ankle_y
0.44916666666666666,0.45925925925925914,0.4691666666666667,0.6246913580246912,0.43083333333333335,0.6074074074074074,0.9908333333333333,0.13827160493827162,0.6175,0.6049382716049382,0.45416666666666666,0.6222222222222222,0.9841666666666666,1.0,0.4675,0.5580246913580247,0.4691666666666667,0.5432098765432098,0.4708333333333333,0.6765432098765432,0.44916666666666666,0.6074074074074074,0.7858333333333334,0.5827160493827159,0.4608333333333333,0.6419753086419753,0.4775,0.5111111111111111,0.8008333333333333,0.5802469135802469,0.4525,0.6419753086419753
