head_top_x,head_top_y,upper_neck_x,upper_neck_y,right_shoulder_x,right_shoulder_y,right_elbow_x,right_elbow_y,right_wrist_x,right_wrist_y,thorax_x,thorax_y,left_shoulder_x,left_shoulder_y,left_elbow_x,left_elbow_y,left_wrist_x,left_wrist_y,pelvis_x,pelvis_y,right_hip_x,right_hip_y,right_knee_x,right_knee_y,right_ankle_x,right_ankle_y,left_hip_x,left_hip_y,left_knee_x,left_knee_y,left_ankle_x,left_ankle_y
0.42143845089903176,0.0275,0.43914246196403867,0.1825,0.28644536652835406,0.23916666666666667,0.19128630705394192,0.4091666666666667,0.2952973720608575,0.4775,0.4435684647302905,0.2275,0.6006915629322268,0.2275,0.6670816044260027,0.3958333333333333,0.6936376210235132,0.32416666666666666,0.46127247579529734,0.5075,0.3616874135546334,0.5058333333333334,0.4125864453665283,0.6658333333333334,0.34840940525587816,0.7891666666666667,0.5542185338865837,0.5058333333333334,0.5719225449515907,0.6675,0.5453665283540803,0.8575
