head_top_x,head_top_y,upper_neck_x,upper_neck_y,right_shoulder_x,right_shoulder_y,right_elbow_x,right_elbow_y,right_wrist_x,right_wrist_y,thorax_x,thorax_y,left_shoulder_x,left_shoulder_y,left_elbow_x,left_elbow_y,left_wrist_x,left_wrist_y,pelvis_x,pelvis_y,right_hip_x,right_hip_y,right_knee_x,right_knee_y,right_ankle_x,right_ankle_y,left_hip_x,left_hip_y,left_knee_x,left_knee_y,left_ankle_x,left_ankle_y
0.43583333333333335,0.7187848383500558,0.4008333333333333,0.47909698996655514,0.35083333333333333,0.5153288740245262,0.24916666666666668,0.5459866220735785,0.12916666666666668,0.5850055741360088,0.4058333333333333,0.49581939799331104,0.4675,0.4651616499442587,0.5691666666666667,0.5013935340022296,0.6658333333333334,0.5292642140468227,0.3908333333333333,0.3090858416945373,0.36583333333333334,0.31465997770345594,0.3425,0.24219620958751392,0.48083333333333333,0.19760312151616496,0.4175,0.2923634336677815,0.4525,0.2310479375696767,0.3325,0.20596432552954289
