head_top_x,head_top_y,upper_neck_x,upper_neck_y,right_shoulder_x,right_shoulder_y,right_elbow_x,right_elbow_y,right_wrist_x,right_wrist_y,thorax_x,thorax_y,left_shoulder_x,left_shoulder_y,left_elbow_x,left_elbow_y,left_wrist_x,left_wrist_y,pelvis_x,pelvis_y,right_hip_x,right_hip_y,right_knee_x,right_knee_y,right_ankle_x,right_ankle_y,left_hip_x,left_hip_y,left_knee_x,left_knee_y,left_ankle_x,left_ankle_y
0.5025,0.22081377151799686,0.5291666666666667,0.4161189358372457,0.4625,0.3910798122065728,0.44916666666666666,0.521283255086072,0.4625,0.6214397496087637,0.5208333333333334,0.3710485133020345,0.5775,0.3485133020344288,0.6125,0.4411580594679186,0.6391666666666667,0.5012519561815336,0.5375,0.6264475743348982,0.5041666666666667,0.6339593114241001,0.5075,0.8042253521126761,0.49083333333333334,0.9544600938967135,0.5725,0.6189358372456965,0.5858333333333333,0.8192488262910799,0.5725,0.9644757433489829
