head_top_x,head_top_y,upper_neck_x,upper_neck_y,right_shoulder_x,right_shoulder_y,right_elbow_x,right_elbow_y,right_wrist_x,right_wrist_y,thorax_x,thorax_y,left_shoulder_x,left_shoulder_y,left_elbow_x,left_elbow_y,left_wrist_x,left_wrist_y,pelvis_x,pelvis_y,right_hip_x,right_hip_y,right_knee_x,right_knee_y,right_ankle_x,right_ankle_y,left_hip_x,left_hip_y,left_knee_x,left_knee_y,left_ankle_x,left_ankle_y
0.49687499999999996,0.049166666666666664,0.4885416666666667,0.19916666666666666,0.38437499999999997,0.24416666666666667,0.35312499999999997,0.38083333333333336,0.3239583333333333,0.5008333333333334,0.4864583333333333,0.23083333333333333,0.5927083333333334,0.21416666666666667,0.6135416666666667,0.3475,0.640625,0.4508333333333333,0.5135416666666667,0.4708333333333333,0.45520833333333327,0.4708333333333333,0.5510416666666668,0.6775,0.6135416666666667,0.8991666666666667,0.5697916666666666,0.4675,0.5427083333333333,0.6841666666666667,0.5260416666666667,0.8425
