head_top_x,head_top_y,upper_neck_x,upper_neck_y,right_shoulder_x,right_shoulder_y,right_elbow_x,right_elbow_y,right_wrist_x,right_wrist_y,thorax_x,thorax_y,left_shoulder_x,left_shoulder_y,left_elbow_x,left_elbow_y,left_wrist_x,left_wrist_y,pelvis_x,pelvis_y,right_hip_x,right_hip_y,right_knee_x,right_knee_y,right_ankle_x,right_ankle_y,left_hip_x,left_hip_y,left_knee_x,left_knee_y,left_ankle_x,left_ankle_y
0.4063231850117096,0.13416666666666666,0.41131928181108507,0.2875,0.3213895394223263,0.2975,0.2814207650273224,0.38416666666666666,0.2814207650273224,0.4725,0.40882123341139726,0.29583333333333334,0.4937548790007807,0.29083333333333333,0.518735362997658,0.38416666666666666,0.4338017174082748,0.4191666666666667,0.4063231850117096,0.4625,0.3563622170179547,0.46416666666666667,0.4063231850117096,0.5775,0.40882123341139726,0.7025,0.4537861046057767,0.46416666666666667,0.47377049180327857,0.5891666666666666,0.41131928181108507,0.6858333333333333
