head_top_x,head_top_y,upper_neck_x,upper_neck_y,right_shoulder_x,right_shoulder_y,right_elbow_x,right_elbow_y,right_wrist_x,right_wrist_y,thorax_x,thorax_y,left_shoulder_x,left_shoulder_y,left_elbow_x,left_elbow_y,left_wrist_x,left_wrist_y,pelvis_x,pelvis_y,right_hip_x,right_hip_y,right_knee_x,right_knee_y,right_ankle_x,right_ankle_y,left_hip_x,left_hip_y,left_knee_x,left_knee_y,left_ankle_x,left_ankle_y
0.666120218579235,0.3591666666666667,0.48875878220140506,0.3908333333333333,0.4612802498048399,0.3358333333333333,0.3738485558157689,0.25916666666666666,0.2814207650273224,0.1825,0.5312256049960968,0.3775,0.6036690085870414,0.4058333333333333,0.6036690085870414,0.4525,0.5612021857923498,0.48583333333333334,0.36385636221701795,0.5108333333333334,0.2989071038251366,0.49916666666666665,0.48875878220140506,0.5491666666666667,0.37135050741608117,0.6608333333333334,0.43629976580796254,0.5208333333333334,0.5112412177985948,0.6358333333333334,0.35386416861826697,0.7291666666666666
