head_top_x,head_top_y,upper_neck_x,upper_neck_y,right_shoulder_x,right_shoulder_y,right_elbow_x,right_elbow_y,right_wrist_x,right_wrist_y,thorax_x,thorax_y,left_shoulder_x,left_shoulder_y,left_elbow_x,left_elbow_y,left_wrist_x,left_wrist_y,pelvis_x,pelvis_y,right_hip_x,right_hip_y,right_knee_x,right_knee_y,right_ankle_x,right_ankle_y,left_hip_x,left_hip_y,left_knee_x,left_knee_y,left_ankle_x,left_ankle_y
0.5677777777777777,0.29583333333333334,0.49666666666666665,0.4675,0.3566666666666667,0.4625,0.19444444444444442,0.5758333333333333,0.33888888888888885,0.5558333333333333,0.49444444444444446,0.4825,0.6277777777777778,0.49916666666666665,0.6877777777777778,0.6491666666666667,0.6033333333333334,0.6341666666666667,0.43222222222222223,0.8375,0.31888888888888894,0.8391666666666666,0.17666666666666667,0.9325,0.2788888888888889,0.9658333333333333,0.5277777777777778,0.8241666666666667,0.4366666666666667,0.39416666666666667,0.5855555555555556,0.9125
