head_top_x,head_top_y,upper_neck_x,upper_neck_y,right_shoulder_x,right_shoulder_y,right_elbow_x,right_elbow_y,right_wrist_x,right_wrist_y,thorax_x,thorax_y,left_shoulder_x,left_shoulder_y,left_elbow_x,left_elbow_y,left_wrist_x,left_wrist_y,pelvis_x,pelvis_y,right_hip_x,right_hip_y,right_knee_x,right_knee_y,right_ankle_x,right_ankle_y,left_hip_x,left_hip_y,left_knee_x,left_knee_y,left_ankle_x,left_ankle_y
0.5968684759916493,0.04083333333333333,0.5367432150313152,0.18583333333333332,0.4654836464857342,0.20916666666666667,0.371955462769659,0.32416666666666666,0.3942240779401531,0.4225,0.5233820459290187,0.2175,0.5812804453723034,0.22416666666666665,0.6080027835768963,0.3541666666666667,0.6903966597077243,0.4608333333333333,0.4766179540709812,0.4575,0.44098816979819067,0.4558333333333333,0.5122477383437717,0.6591666666666667,0.4766179540709812,0.8508333333333333,0.5144745998608212,0.4575,0.5835073068893528,0.6525,0.5768267223382045,0.8258333333333333
