head_top_x,head_top_y,upper_neck_x,upper_neck_y,right_shoulder_x,right_shoulder_y,right_elbow_x,right_elbow_y,right_wrist_x,right_wrist_y,thorax_x,thorax_y,left_shoulder_x,left_shoulder_y,left_elbow_x,left_elbow_y,left_wrist_x,left_wrist_y,pelvis_x,pelvis_y,right_hip_x,right_hip_y,right_knee_x,right_knee_y,right_ankle_x,right_ankle_y,left_hip_x,left_hip_y,left_knee_x,left_knee_y,left_ankle_x,left_ankle_y
0.5558333333333333,0.0975,0.5008333333333334,0.2325,0.42916666666666664,0.2075,0.35583333333333333,0.2975,0.38916666666666666,0.3375,0.5025,0.22916666666666666,0.5691666666666667,0.2525,0.5925,0.37416666666666665,0.6608333333333334,0.39416666666666667,0.4708333333333333,0.42916666666666664,0.42083333333333334,0.4325,0.3425,0.6058333333333333,0.2891666666666667,0.7641666666666667,0.5175,0.4225,0.6308333333333334,0.5891666666666666,0.6958333333333333,0.7741666666666667
