head_top_x,head_top_y,upper_neck_x,upper_neck_y,right_shoulder_x,right_shoulder_y,right_elbow_x,right_elbow_y,right_wrist_x,right_wrist_y,thorax_x,thorax_y,left_shoulder_x,left_shoulder_y,left_elbow_x,left_elbow_y,left_wrist_x,left_wrist_y,pelvis_x,pelvis_y,right_hip_x,right_hip_y,right_knee_x,right_knee_y,right_ankle_x,right_ankle_y,left_hip_x,left_hip_y,left_knee_x,left_knee_y,left_ankle_x,left_ankle_y
0.6575,0.2439500390320062,0.5991666666666666,0.4437939110070258,0.5375,0.45878220140515213,0.5008333333333334,0.5811865729898518,0.5541666666666667,0.6286494925839188,0.5975,0.44629195940671346,0.6508333333333334,0.4437939110070258,0.6825,0.6136612021857923,0.6775,0.53871975019516,0.6008333333333333,0.696096799375488,0.5391666666666667,0.696096799375488,0.5025,0.6636221701795472,0.5775,0.33138173302107726,0.6441666666666667,0.6686182669789228,0.5825,0.32638563622170175,0.6725,0.2439500390320062
