head_top_x,head_top_y,upper_neck_x,upper_neck_y,right_shoulder_x,right_shoulder_y,right_elbow_x,right_elbow_y,right_wrist_x,right_wrist_y,thorax_x,thorax_y,left_shoulder_x,left_shoulder_y,left_elbow_x,left_elbow_y,left_wrist_x,left_wrist_y,pelvis_x,pelvis_y,right_hip_x,right_hip_y,right_knee_x,right_knee_y,right_ankle_x,right_ankle_y,left_hip_x,left_hip_y,left_knee_x,left_knee_y,left_ankle_x,left_ankle_y
0.5011111111111112,0.15583333333333332,0.49444444444444446,0.31416666666666665,0.4344444444444444,0.32083333333333336,0.3988888888888889,0.3525,0.3655555555555556,0.4175,0.49444444444444446,0.32416666666666666,0.5522222222222223,0.32083333333333336,0.5766666666666667,0.3775,0.5588888888888889,0.4475,0.47444444444444445,0.4508333333333333,0.4366666666666667,0.4475,0.4344444444444444,0.5475,0.44333333333333336,0.6325,0.5077777777777778,0.45416666666666666,0.5033333333333333,0.5508333333333333,0.5122222222222222,0.6341666666666667
