head_top_x,head_top_y,upper_neck_x,upper_neck_y,right_shoulder_x,right_shoulder_y,right_elbow_x,right_elbow_y,right_wrist_x,right_wrist_y,thorax_x,thorax_y,left_shoulder_x,left_shoulder_y,left_elbow_x,left_elbow_y,left_wrist_x,left_wrist_y,pelvis_x,pelvis_y,right_hip_x,right_hip_y,right_knee_x,right_knee_y,right_ankle_x,right_ankle_y,left_hip_x,left_hip_y,left_knee_x,left_knee_y,left_ankle_x,left_ankle_y
0.8058333333333333,0.23513400335008378,0.7541666666666667,0.24979061976549416,0.6891666666666667,0.18697654941373537,0.6241666666666666,0.21838358458961474,0.5558333333333333,0.18697654941373537,0.7391666666666666,0.22675879396984921,0.7908333333333334,0.23304020100502512,0.8391666666666666,0.3586683417085427,0.7841666666666667,0.429857621440536,0.7141666666666666,0.4696398659966499,0.6925,0.4612646566164154,0.6541666666666667,0.6580820770519263,0.6841666666666667,0.7858040201005025,0.7325,0.4759212730318258,0.7291666666666666,0.6434254606365158,0.7458333333333333,0.8193048576214405
