head_top_x,head_top_y,upper_neck_x,upper_neck_y,right_shoulder_x,right_shoulder_y,right_elbow_x,right_elbow_y,right_wrist_x,right_wrist_y,thorax_x,thorax_y,left_shoulder_x,left_shoulder_y,left_elbow_x,left_elbow_y,left_wrist_x,left_wrist_y,pelvis_x,pelvis_y,right_hip_x,right_hip_y,right_knee_x,right_knee_y,right_ankle_x,right_ankle_y,left_hip_x,left_hip_y,left_knee_x,left_knee_y,left_ankle_x,left_ankle_y
0.45416666666666666,0.47222222222222227,0.6491666666666667,0.9833333333333334,0.31083333333333335,0.741111111111111,0.4175,0.43,0.4625,0.2588888888888889,0.48583333333333334,0.23666666666666666,0.9875,1.0,0.24083333333333334,0.5122222222222222,0.49083333333333334,0.26555555555555554,0.49583333333333335,0.49,0.4475,0.47222222222222227,0.46416666666666667,0.45222222222222225,0.5625,0.5277777777777778,0.39916666666666667,0.4811111111111111,0.5158333333333334,0.4277777777777778,0.4875,0.5099999999999999
