head_top_x,head_top_y,upper_neck_x,upper_neck_y,right_shoulder_x,right_shoulder_y,right_elbow_x,right_elbow_y,right_wrist_x,right_wrist_y,thorax_x,thorax_y,left_shoulder_x,left_shoulder_y,left_elbow_x,left_elbow_y,left_wrist_x,left_wrist_y,pelvis_x,pelvis_y,right_hip_x,right_hip_y,right_knee_x,right_knee_y,right_ankle_x,right_ankle_y,left_hip_x,left_hip_y,left_knee_x,left_knee_y,left_ankle_x,left_ankle_y
0.5325,0.3004705882352941,0.5125,0.48368627450980395,0.4475,0.43098039215686273,0.4275,0.6794509803921568,0.4708333333333333,0.651843137254902,0.4841666666666667,0.4435294117647059,0.5625,0.37074509803921574,0.6258333333333334,0.5614901960784314,0.7541666666666667,0.556470588235294,0.5358333333333334,0.7246274509803922,0.4925,0.7421960784313726,0.6908333333333333,0.6493333333333333,0.7591666666666667,0.6618823529411765,0.5658333333333333,0.7095686274509804,0.6891666666666667,0.6267450980392156,0.7475,0.6744313725490196
