head_top_x,head_top_y,upper_neck_x,upper_neck_y,right_shoulder_x,right_shoulder_y,right_elbow_x,right_elbow_y,right_wrist_x,right_wrist_y,thorax_x,thorax_y,left_shoulder_x,left_shoulder_y,left_elbow_x,left_elbow_y,left_wrist_x,left_wrist_y,pelvis_x,pelvis_y,right_hip_x,right_hip_y,right_knee_x,right_knee_y,right_ankle_x,right_ankle_y,left_hip_x,left_hip_y,left_knee_x,left_knee_y,left_ankle_x,left_ankle_y
0.5411111111111112,0.0725,0.5166666666666666,0.21916666666666668,0.37666666666666665,0.26916666666666667,0.34111111111111114,0.3858333333333333,0.5722222222222223,0.3958333333333333,0.5033333333333333,0.2625,0.6255555555555555,0.2575,0.7855555555555555,0.3025,0.6922222222222222,0.18916666666666668,0.4877777777777778,0.5041666666666667,0.41888888888888887,0.5108333333333334,0.3833333333333333,0.6941666666666667,0.35888888888888887,0.8408333333333333,0.5566666666666666,0.49583333333333335,0.6433333333333334,0.6908333333333333,0.6722222222222222,0.8441666666666666
