head_top_x,head_top_y,upper_neck_x,upper_neck_y,right_shoulder_x,right_shoulder_y,right_elbow_x,right_elbow_y,right_wrist_x,right_wrist_y,thorax_x,thorax_y,left_shoulder_x,left_shoulder_y,left_elbow_x,left_elbow_y,left_wrist_x,left_wrist_y,pelvis_x,pelvis_y,right_hip_x,right_hip_y,right_knee_x,right_knee_y,right_ankle_x,right_ankle_y,left_hip_x,left_hip_y,left_knee_x,left_knee_y,left_ankle_x,left_ankle_y
0.4558333333333333,0.10777777777777779,0.5408333333333334,0.2677777777777777,0.4691666666666667,0.21666666666666665,0.4325,0.33888888888888885,0.38083333333333336,0.47444444444444445,0.5325,0.2544444444444445,0.5941666666666666,0.2922222222222222,0.6875,0.45222222222222225,0.6525,0.63,0.5708333333333333,0.34555555555555556,0.5308333333333334,0.34111111111111114,0.46416666666666667,0.4366666666666667,0.4125,0.5544444444444445,0.6091666666666666,0.34555555555555556,0.5591666666666667,0.5788888888888889,0.5525,0.6433333333333334
