head_top_x,head_top_y,upper_neck_x,upper_neck_y,right_shoulder_x,right_shoulder_y,right_elbow_x,right_elbow_y,right_wrist_x,right_wrist_y,thorax_x,thorax_y,left_shoulder_x,left_shoulder_y,left_elbow_x,left_elbow_y,left_wrist_x,left_wrist_y,pelvis_x,pelvis_y,right_hip_x,right_hip_y,right_knee_x,right_knee_y,right_ankle_x,right_ankle_y,left_hip_x,left_hip_y,left_knee_x,left_knee_y,left_ankle_x,left_ankle_y
0.5164848484848484,0.3858333333333333,0.9644848484848485,0.10083333333333333,0.6871515151515152,0.48583333333333334,0.6890909090909091,0.6291666666666667,0.4408484848484848,0.38083333333333336,0.5824242424242424,0.7275,1.0,0.9225,0.5669090909090909,0.5275,0.5281212121212121,0.41583333333333333,0.4854545454545454,0.36916666666666664,0.48933333333333334,0.4575,0.5048484848484849,0.5225,0.5436363636363636,0.4275,0.535878787878788,0.43416666666666665,0.5436363636363636,0.5125,0.5397575757575758,0.4425
