head_top_x,head_top_y,upper_neck_x,upper_neck_y,right_shoulder_x,right_shoulder_y,right_elbow_x,right_elbow_y,right_wrist_x,right_wrist_y,thorax_x,thorax_y,left_shoulder_x,left_shoulder_y,left_elbow_x,left_elbow_y,left_wrist_x,left_wrist_y,pelvis_x,pelvis_y,right_hip_x,right_hip_y,right_knee_x,right_knee_y,right_ankle_x,right_ankle_y,left_hip_x,left_hip_y,left_knee_x,left_knee_y,left_ankle_x,left_ankle_y
0.8758333333333334,0.511214953271028,0.049166666666666664,0.3866043613707165,0.8858333333333334,1.0,0.9475,0.6557632398753893,0.8758333333333334,0.7155763239875389,0.9308333333333333,0.2146417445482866,0.9825,1.0,0.14916666666666667,0.9971962616822431,0.8191666666666667,0.6732087227414331,0.8508333333333333,0.6607476635514019,0.18416666666666667,1.0,0.20583333333333334,0.9598130841121496,0.1375,0.7978193146417446,0.8941666666666667,0.6158878504672898,0.034166666666666665,0.6657320872274144,0.8591666666666666,0.6757009345794394
