head_top_x,head_top_y,upper_neck_x,upper_neck_y,right_shoulder_x,right_shoulder_y,right_elbow_x,right_elbow_y,right_wrist_x,right_wrist_y,thorax_x,thorax_y,left_shoulder_x,left_shoulder_y,left_elbow_x,left_elbow_y,left_wrist_x,left_wrist_y,pelvis_x,pelvis_y,right_hip_x,right_hip_y,right_knee_x,right_knee_y,right_ankle_x,right_ankle_y,left_hip_x,left_hip_y,left_knee_x,left_knee_y,left_ankle_x,left_ankle_y
0.4625,0.42020997375328084,0.15583333333333332,0.6133858267716535,0.43083333333333335,0.5769903762029746,0.4775,0.5657917760279966,0.4508333333333333,0.5797900262467192,0.3925,0.353018372703412,0.4725,0.40061242344706915,0.4625,0.4930008748906387,0.4125,0.4482064741907262,0.4658333333333333,0.13744531933508314,0.4508333333333333,0.06185476815398077,0.46416666666666667,0.60498687664042,0.47583333333333333,0.6133858267716535,0.5108333333333334,0.5181977252843395,0.46416666666666667,0.5181977252843395,0.4725,0.6161854768153981
