head_top_x,head_top_y,upper_neck_x,upper_neck_y,right_shoulder_x,right_shoulder_y,right_elbow_x,right_elbow_y,right_wrist_x,right_wrist_y,thorax_x,thorax_y,left_shoulder_x,left_shoulder_y,left_elbow_x,left_elbow_y,left_wrist_x,left_wrist_y,pelvis_x,pelvis_y,right_hip_x,right_hip_y,right_knee_x,right_knee_y,right_ankle_x,right_ankle_y,left_hip_x,left_hip_y,left_knee_x,left_knee_y,left_ankle_x,left_ankle_y
0.2425,0.19327073552425666,0.24416666666666667,0.41862284820031304,0.15416666666666667,0.4887323943661972,0.1025,0.7040688575899844,0.3875,0.6514866979655712,0.2425,0.4411580594679186,0.3325,0.37856025039123636,0.4325,0.5187793427230046,0.3725,0.6364632237871675,0.42083333333333334,0.6740219092331768,0.38083333333333336,0.7040688575899844,0.5391666666666667,0.8142410015649452,0.6325,1.0,0.4608333333333333,0.6389671361502348,0.7358333333333333,0.44616588419405323,0.7058333333333333,0.9294209702660406
