head_top_x,head_top_y,upper_neck_x,upper_neck_y,right_shoulder_x,right_shoulder_y,right_elbow_x,right_elbow_y,right_wrist_x,right_wrist_y,thorax_x,thorax_y,left_shoulder_x,left_shoulder_y,left_elbow_x,left_elbow_y,left_wrist_x,left_wrist_y,pelvis_x,pelvis_y,right_hip_x,right_hip_y,right_knee_x,right_knee_y,right_ankle_x,right_ankle_y,left_hip_x,left_hip_y,left_knee_x,left_knee_y,left_ankle_x,left_ankle_y
0.6058333333333333,0.1366666666666667,0.5791666666666667,0.33666666666666667,0.4558333333333333,0.2988888888888889,0.3175,0.4566666666666667,0.33916666666666667,0.44333333333333336,0.5691666666666667,0.3811111111111111,0.6641666666666667,0.5411111111111112,0.5908333333333333,0.7322222222222222,0.4525,0.7766666666666667,0.5425,0.6211111111111111,0.4775,0.5788888888888889,0.37416666666666665,0.5988888888888889,0.2625,0.6744444444444445,0.5808333333333333,0.63,0.3258333333333333,0.5188888888888888,0.43583333333333335,0.7855555555555555
