head_top_x,head_top_y,upper_neck_x,upper_neck_y,right_shoulder_x,right_shoulder_y,right_elbow_x,right_elbow_y,right_wrist_x,right_wrist_y,thorax_x,thorax_y,left_shoulder_x,left_shoulder_y,left_elbow_x,left_elbow_y,left_wrist_x,left_wrist_y,pelvis_x,pelvis_y,right_hip_x,right_hip_y,right_knee_x,right_knee_y,right_ankle_x,right_ankle_y,left_hip_x,left_hip_y,left_knee_x,left_knee_y,left_ankle_x,left_ankle_y
0.19916666666666666,0.5825,0.31916666666666665,0.5091666666666667,0.3375,0.5425,0.3825,0.5175,0.41083333333333333,0.4691666666666667,0.3225,0.5091666666666667,0.31916666666666665,0.4708333333333333,0.38083333333333336,0.4575,0.4658333333333333,0.49083333333333334,0.49083333333333334,0.5091666666666667,0.4741666666666667,0.5225,0.5691666666666667,0.5758333333333333,0.6708333333333333,0.5691666666666667,0.5091666666666667,0.49416666666666664,0.5841666666666666,0.5841666666666666,0.6091666666666666,0.6391666666666667
