head_top_x,head_top_y,upper_neck_x,upper_neck_y,right_shoulder_x,right_shoulder_y,right_elbow_x,right_elbow_y,right_wrist_x,right_wrist_y,thorax_x,thorax_y,left_shoulder_x,left_shoulder_y,left_elbow_x,left_elbow_y,left_wrist_x,left_wrist_y,pelvis_x,pelvis_y,right_hip_x,right_hip_y,right_knee_x,right_knee_y,right_ankle_x,right_ankle_y,left_hip_x,left_hip_y,left_knee_x,left_knee_y,left_ankle_x,left_ankle_y
0.6308333333333334,0.13606557377049183,0.5808333333333333,0.31748633879781424,0.49416666666666664,0.31748633879781424,0.3441666666666667,0.3655737704918034,0.19916666666666666,0.37650273224043723,0.5708333333333333,0.34371584699453556,0.6441666666666667,0.3743169398907104,0.6641666666666667,0.3961748633879782,0.6825,0.6256830601092896,0.5625,0.6234972677595628,0.5108333333333334,0.6497267759562841,0.6041666666666666,0.46393442622950826,0.5291666666666667,0.7,0.6108333333333333,0.6060109289617486,0.7458333333333333,0.4180327868852459,0.7025,0.6737704918032786
