head_top_x,head_top_y,upper_neck_x,upper_neck_y,right_shoulder_x,right_shoulder_y,right_elbow_x,right_elbow_y,right_wrist_x,right_wrist_y,thorax_x,thorax_y,left_shoulder_x,left_shoulder_y,left_elbow_x,left_elbow_y,left_wrist_x,left_wrist_y,pelvis_x,pelvis_y,right_hip_x,right_hip_y,right_knee_x,right_knee_y,right_ankle_x,right_ankle_y,left_hip_x,left_hip_y,left_knee_x,left_knee_y,left_ankle_x,left_ankle_y
0.5375,0.09666666666666668,0.5608333333333333,0.2922222222222222,0.4825,0.3277777777777778,0.44416666666666665,0.4766666666666666,0.42916666666666664,0.601111111111111,0.5675,0.3566666666666667,0.6525,0.37666666666666665,0.6541666666666667,0.5344444444444445,0.6441666666666667,0.6411111111111111,0.5408333333333334,0.6611111111111111,0.49916666666666665,0.6566666666666667,0.49416666666666664,0.85,0.4741666666666667,0.9744444444444444,0.5808333333333333,0.6677777777777778,0.5808333333333333,0.9055555555555556,0.5808333333333333,0.9900000000000001
