head_top_x,head_top_y,upper_neck_x,upper_neck_y,right_shoulder_x,right_shoulder_y,right_elbow_x,right_elbow_y,right_wrist_x,right_wrist_y,thorax_x,thorax_y,left_shoulder_x,left_shoulder_y,left_elbow_x,left_elbow_y,left_wrist_x,left_wrist_y,pelvis_x,pelvis_y,right_hip_x,right_hip_y,right_knee_x,right_knee_y,right_ankle_x,right_ankle_y,left_hip_x,left_hip_y,left_knee_x,left_knee_y,left_ankle_x,left_ankle_y
0.5481481481481482,0.2325,0.5364046973803072,0.37916666666666665,0.47064137308039755,0.37916666666666665,0.4471544715447155,0.45916666666666667,0.4377597109304426,0.4975,0.534056007226739,0.3825,0.5951219512195122,0.38083333333333336,0.628003613369467,0.4625,0.5152664859981934,0.49083333333333334,0.4941282746160795,0.5425,0.44480578139114724,0.5441666666666667,0.4377597109304426,0.6925,0.4283649503161699,0.8058333333333333,0.5387533875338752,0.5425,0.5317073170731706,0.6558333333333334,0.5551942186088528,0.7608333333333334
