head_top_x,head_top_y,upper_neck_x,upper_neck_y,right_shoulder_x,right_shoulder_y,right_elbow_x,right_elbow_y,right_wrist_x,right_wrist_y,thorax_x,thorax_y,left_shoulder_x,left_shoulder_y,left_elbow_x,left_elbow_y,left_wrist_x,left_wrist_y,pelvis_x,pelvis_y,right_hip_x,right_hip_y,right_knee_x,right_knee_y,right_ankle_x,right_ankle_y,left_hip_x,left_hip_y,left_knee_x,left_knee_y,left_ankle_x,left_ankle_y
0.43153153153153156,0.15583333333333332,0.37147147147147147,0.30083333333333334,0.3018018018018018,0.30416666666666664,0.272972972972973,0.3625,0.3018018018018018,0.3858333333333333,0.37147147147147147,0.30416666666666664,0.445945945945946,0.3025,0.4771771771771772,0.36083333333333334,0.506006006006006,0.37416666666666665,0.3762762762762763,0.3975,0.333033033033033,0.3975,0.31861861861861857,0.49416666666666664,0.2753753753753754,0.5958333333333333,0.4195195195195195,0.4025,0.4027027027027027,0.5141666666666667,0.33783783783783783,0.6275
