head_top_x,head_top_y,upper_neck_x,upper_neck_y,right_shoulder_x,right_shoulder_y,right_elbow_x,right_elbow_y,right_wrist_x,right_wrist_y,thorax_x,thorax_y,left_shoulder_x,left_shoulder_y,left_elbow_x,left_elbow_y,left_wrist_x,left_wrist_y,pelvis_x,pelvis_y,right_hip_x,right_hip_y,right_knee_x,right_knee_y,right_ankle_x,right_ankle_y,left_hip_x,left_hip_y,left_knee_x,left_knee_y,left_ankle_x,left_ankle_y
0.7625,0.24477825464949926,0.6908333333333333,0.40500715307582263,0.6858333333333333,0.3775393419170243,0.6325,0.457653791130186,0.6975,0.5011444921316166,0.7025,0.3889842632331903,0.7075,0.39585121602288986,0.7391666666666666,0.457653791130186,0.7075,0.48283261802575106,0.6175,0.6064377682403433,0.5975,0.613304721030043,0.6475,0.5034334763948497,0.3775,0.4874105865522175,0.6058333333333333,0.6247496423462089,0.3775,0.4874105865522175,0.3675,0.8101573676680972
