head_top_x,head_top_y,upper_neck_x,upper_neck_y,right_shoulder_x,right_shoulder_y,right_elbow_x,right_elbow_y,right_wrist_x,right_wrist_y,thorax_x,thorax_y,left_shoulder_x,left_shoulder_y,left_elbow_x,left_elbow_y,left_wrist_x,left_wrist_y,pelvis_x,pelvis_y,right_hip_x,right_hip_y,right_knee_x,right_knee_y,right_ankle_x,right_ankle_y,left_hip_x,left_hip_y,left_knee_x,left_knee_y,left_ankle_x,left_ankle_y
0.4275,0.20218068535825548,0.4125,0.41152647975077894,0.3525,0.42647975077881617,0.3591666666666667,0.5411214953271027,0.43416666666666665,0.5785046728971962,0.4091666666666667,0.41401869158878507,0.46416666666666667,0.4040498442367602,0.5325,0.47133956386292836,0.5058333333333334,0.5560747663551402,0.4375,0.5785046728971962,0.4091666666666667,0.5809968847352025,0.37583333333333335,0.6059190031152648,0.4058333333333333,0.7056074766355139,0.4725,0.5809968847352025,0.5425,0.6009345794392523,0.5858333333333333,0.6507788161993769
