head_top_x,head_top_y,upper_neck_x,upper_neck_y,right_shoulder_x,right_shoulder_y,right_elbow_x,right_elbow_y,right_wrist_x,right_wrist_y,thorax_x,thorax_y,left_shoulder_x,left_shoulder_y,left_elbow_x,left_elbow_y,left_wrist_x,left_wrist_y,pelvis_x,pelvis_y,right_hip_x,right_hip_y,right_knee_x,right_knee_y,right_ankle_x,right_ankle_y,left_hip_x,left_hip_y,left_knee_x,left_knee_y,left_ankle_x,left_ankle_y
0.5258333333333334,0.30140515222482434,0.5108333333333334,0.5137392661982826,0.44083333333333335,0.4962529274004683,0.3441666666666667,0.5412177985948478,0.23416666666666666,0.5711943793911006,0.5125,0.4987509758001561,0.5808333333333333,0.4987509758001561,0.6775,0.5711943793911006,0.7708333333333334,0.5661982825917252,0.49916666666666665,0.8135050741608117,0.4625,0.830991412958626,0.3475,0.5861826697892272,0.4025,0.8759562841530054,0.5441666666666667,0.7960187353629976,0.6391666666666667,0.7210772833723653,0.39416666666666667,0.8634660421545668
