head_top_x,head_top_y,upper_neck_x,upper_neck_y,right_shoulder_x,right_shoulder_y,right_elbow_x,right_elbow_y,right_wrist_x,right_wrist_y,thorax_x,thorax_y,left_shoulder_x,left_shoulder_y,left_elbow_x,left_elbow_y,left_wrist_x,left_wrist_y,pelvis_x,pelvis_y,right_hip_x,right_hip_y,right_knee_x,right_knee_y,right_ankle_x,right_ankle_y,left_hip_x,left_hip_y,left_knee_x,left_knee_y,left_ankle_x,left_ankle_y
0.49916666666666665,0.25916666666666666,0.48583333333333334,0.4058333333333333,0.4141666666666667,0.4191666666666667,0.38916666666666666,0.5208333333333334,0.44416666666666665,0.47583333333333333,0.4841666666666667,0.4125,0.5541666666666667,0.4091666666666667,0.5725,0.5075,0.5475,0.48083333333333333,0.4841666666666667,0.5641666666666667,0.44916666666666666,0.5691666666666667,0.4475,0.7391666666666666,0.4575,0.8641666666666666,0.5208333333333334,0.5641666666666667,0.5191666666666667,0.7308333333333333,0.5125,0.8708333333333333
