head_top_x,head_top_y,upper_neck_x,upper_neck_y,right_shoulder_x,right_shoulder_y,right_elbow_x,right_elbow_y,right_wrist_x,right_wrist_y,thorax_x,thorax_y,left_shoulder_x,left_shoulder_y,left_elbow_x,left_elbow_y,left_wrist_x,left_wrist_y,pelvis_x,pelvis_y,right_hip_x,right_hip_y,right_knee_x,right_knee_y,right_ankle_x,right_ankle_y,left_hip_x,left_hip_y,left_knee_x,left_knee_y,left_ankle_x,left_ankle_y
0.5099999999999999,0.7225,0.5011111111111112,0.5858333333333333,0.42333333333333334,0.5908333333333333,0.3855555555555556,0.6641666666666667,0.4166666666666667,0.6625,0.4988888888888889,0.5875,0.5722222222222223,0.5891666666666666,0.5988888888888889,0.6575,0.5255555555555556,0.6458333333333334,0.4877777777777778,0.6758333333333333,0.4588888888888889,0.6791666666666667,0.4811111111111111,0.6758333333333333,0.48333333333333334,0.7508333333333334,0.5099999999999999,0.6741666666666667,0.6211111111111111,0.6875,0.63,0.7108333333333333
