head_top_x,head_top_y,upper_neck_x,upper_neck_y,right_shoulder_x,right_shoulder_y,right_elbow_x,right_elbow_y,right_wrist_x,right_wrist_y,thorax_x,thorax_y,left_shoulder_x,left_shoulder_y,left_elbow_x,left_elbow_y,left_wrist_x,left_wrist_y,pelvis_x,pelvis_y,right_hip_x,right_hip_y,right_knee_x,right_knee_y,right_ankle_x,right_ankle_y,left_hip_x,left_hip_y,left_knee_x,left_knee_y,left_ankle_x,left_ankle_y
0.45935334872979217,0.4425,0.46181678214010785,0.44916666666666666,0.5381832178598923,0.5541666666666667,0.3558891454965359,0.6058333333333333,0.4963048498845266,0.4725,0.5160123171670516,0.0725,1.0,0.9875,0.4297921478060046,0.47583333333333333,0.4494996150885296,0.4725,0.36327944572748266,0.4891666666666667,0.4248652809853734,0.4608333333333333,0.4125481139337953,0.5491666666666667,0.45442648190916096,0.5041666666666667,0.5209391839876828,0.5141666666666667,0.4470361816782141,0.5625,0.4445727482678984,0.5075
