head_top_x,head_top_y,upper_neck_x,upper_neck_y,right_shoulder_x,right_shoulder_y,right_elbow_x,right_elbow_y,right_wrist_x,right_wrist_y,thorax_x,thorax_y,left_shoulder_x,left_shoulder_y,left_elbow_x,left_elbow_y,left_wrist_x,left_wrist_y,pelvis_x,pelvis_y,right_hip_x,right_hip_y,right_knee_x,right_knee_y,right_ankle_x,right_ankle_y,left_hip_x,left_hip_y,left_knee_x,left_knee_y,left_ankle_x,left_ankle_y
0.5676368676368676,0.06916666666666667,0.5632016632016632,0.21916666666666668,0.4212751212751213,0.26916666666666667,0.3347886347886348,0.4091666666666667,0.407969507969508,0.5091666666666667,0.560984060984061,0.2841666666666667,0.6962577962577962,0.2875,0.7051282051282051,0.42583333333333334,0.6097713097713098,0.3125,0.5343728343728344,0.6075,0.46784476784476786,0.6141666666666666,0.47006237006237006,0.8475,0.47893277893277897,0.8908333333333334,0.6075537075537075,0.6041666666666666,0.6142065142065142,0.8358333333333333,0.6829521829521829,0.9658333333333333
