head_top_x,head_top_y,upper_neck_x,upper_neck_y,right_shoulder_x,right_shoulder_y,right_elbow_x,right_elbow_y,right_wrist_x,right_wrist_y,thorax_x,thorax_y,left_shoulder_x,left_shoulder_y,left_elbow_x,left_elbow_y,left_wrist_x,left_wrist_y,pelvis_x,pelvis_y,right_hip_x,right_hip_y,right_knee_x,right_knee_y,right_ankle_x,right_ankle_y,left_hip_x,left_hip_y,left_knee_x,left_knee_y,left_ankle_x,left_ankle_y
0.4197889182058048,0.16583333333333333,0.4197889182058048,0.3175,0.29313984168865437,0.3491666666666667,0.23966578715919082,0.44416666666666665,0.3240985048372911,0.4558333333333333,0.4197889182058048,0.3475,0.5464379947229551,0.3458333333333333,0.5970976253298153,0.4558333333333333,0.5182937554969218,0.5291666666666667,0.4282321899736148,0.5708333333333333,0.3550571679859279,0.5758333333333333,0.3522427440633245,0.7575,0.34098504837291116,0.9141666666666667,0.4985927880386983,0.5641666666666667,0.5070360598065083,0.7358333333333333,0.46200527704485483,0.9191666666666667
