head_top_x,head_top_y,upper_neck_x,upper_neck_y,right_shoulder_x,right_shoulder_y,right_elbow_x,right_elbow_y,right_wrist_x,right_wrist_y,thorax_x,thorax_y,left_shoulder_x,left_shoulder_y,left_elbow_x,left_elbow_y,left_wrist_x,left_wrist_y,pelvis_x,pelvis_y,right_hip_x,right_hip_y,right_knee_x,right_knee_y,right_ankle_x,right_ankle_y,left_hip_x,left_hip_y,left_knee_x,left_knee_y,left_ankle_x,left_ankle_y
0.7660421545667447,0.4325,0.753551912568306,0.5875,0.7035909445745512,0.5875,0.6511319281811085,0.6608333333333334,0.5811865729898518,0.6708333333333333,0.7560499609679937,0.5925,0.8035128805620609,0.5975,0.656128024980484,0.6641666666666667,0.5612021857923498,0.6691666666666667,0.7210772833723653,0.6075,0.636143637782982,0.6675,0.6786104605776736,0.5641666666666667,0.4263075722092115,0.3258333333333333,0.31139734582357526,0.25916666666666666,0.8060109289617486,0.6241666666666666,0.5012490241998439,0.3675
