head_top_x,head_top_y,upper_neck_x,upper_neck_y,right_shoulder_x,right_shoulder_y,right_elbow_x,right_elbow_y,right_wrist_x,right_wrist_y,thorax_x,thorax_y,left_shoulder_x,left_shoulder_y,left_elbow_x,left_elbow_y,left_wrist_x,left_wrist_y,pelvis_x,pelvis_y,right_hip_x,right_hip_y,right_knee_x,right_knee_y,right_ankle_x,right_ankle_y,left_hip_x,left_hip_y,left_knee_x,left_knee_y,left_ankle_x,left_ankle_y
0.50124750499002,0.6941666666666667,0.43637724550898205,0.6141666666666666,0.4638223552894212,0.6291666666666667,0.5411676646706587,0.5325,0.5611277445109781,0.4325,0.4837824351297406,0.6358333333333334,0.4263972055888223,0.6558333333333334,0.4189121756487027,0.4825,0.5411676646706587,0.43083333333333335,0.3640219560878244,0.48083333333333333,0.37400199600798406,0.4841666666666667,0.3041417165668662,0.37583333333333335,0.41142714570858296,0.3775,0.3415668662674651,0.4825,0.344061876247505,0.3775,0.24925149700598806,0.32916666666666666
