head_top_x,head_top_y,upper_neck_x,upper_neck_y,right_shoulder_x,right_shoulder_y,right_elbow_x,right_elbow_y,right_wrist_x,right_wrist_y,thorax_x,thorax_y,left_shoulder_x,left_shoulder_y,left_elbow_x,left_elbow_y,left_wrist_x,left_wrist_y,pelvis_x,pelvis_y,right_hip_x,right_hip_y,right_knee_x,right_knee_y,right_ankle_x,right_ankle_y,left_hip_x,left_hip_y,left_knee_x,left_knee_y,left_ankle_x,left_ankle_y
0.4825,0.10000000000000003,0.3725,0.2395638629283489,0.4191666666666667,0.2445482866043614,0.4891666666666667,0.2844236760124611,0.5475,0.2794392523364486,0.38916666666666666,0.22461059190031157,0.3458333333333333,0.1822429906542056,0.3025,0.21713395638629288,0.2625,0.2370716510903427,0.3475,0.43644859813084114,0.33916666666666667,0.43894080996884743,0.43583333333333335,0.5685358255451712,0.4141666666666667,0.6283489096573208,0.3541666666666667,0.42897196261682247,0.42916666666666664,0.5311526479750779,0.44083333333333335,0.640809968847352
