head_top_x,head_top_y,upper_neck_x,upper_neck_y,right_shoulder_x,right_shoulder_y,right_elbow_x,right_elbow_y,right_wrist_x,right_wrist_y,thorax_x,thorax_y,left_shoulder_x,left_shoulder_y,left_elbow_x,left_elbow_y,left_wrist_x,left_wrist_y,pelvis_x,pelvis_y,right_hip_x,right_hip_y,right_knee_x,right_knee_y,right_ankle_x,right_ankle_y,left_hip_x,left_hip_y,left_knee_x,left_knee_y,left_ankle_x,left_ankle_y
0.5761904761904761,0.3441666666666667,0.5961748633879782,0.4975,0.4762685402029664,0.5041666666666667,0.4038251366120218,0.5841666666666666,0.30640124902419985,0.5308333333333334,0.5961748633879782,0.5125,0.7085870413739266,0.5191666666666667,0.7285714285714285,0.6475,0.6136612021857923,0.6758333333333333,0.5711943793911006,0.7325,0.518735362997658,0.7258333333333333,0.5262295081967212,0.9025,0.5936768149882904,0.9341666666666667,0.6236533957845434,0.7375,0.6111631537861046,0.8891666666666667,0.5986729117876658,0.9875
