head_top_x,head_top_y,upper_neck_x,upper_neck_y,right_shoulder_x,right_shoulder_y,right_elbow_x,right_elbow_y,right_wrist_x,right_wrist_y,thorax_x,thorax_y,left_shoulder_x,left_shoulder_y,left_elbow_x,left_elbow_y,left_wrist_x,left_wrist_y,pelvis_x,pelvis_y,right_hip_x,right_hip_y,right_knee_x,right_knee_y,right_ankle_x,right_ankle_y,left_hip_x,left_hip_y,left_knee_x,left_knee_y,left_ankle_x,left_ankle_y
0.8028037383177571,0.38416666666666666,0.6956386292834892,0.49416666666666664,0.6881619937694704,0.4425,0.6433021806853583,0.3858333333333333,0.6158878504672898,0.30583333333333335,0.6981308411214953,0.4891666666666667,0.7130841121495327,0.5358333333333334,0.6059190031152648,0.5858333333333333,0.5386292834890967,0.5341666666666667,0.5809968847352025,0.6041666666666666,0.5610591900311528,0.5825,0.4314641744548287,0.6641666666666667,0.4937694704049844,0.7658333333333334,0.6059190031152648,0.6208333333333333,0.5735202492211838,0.7408333333333333,0.5660436137071652,0.8591666666666666
