head_top_x,head_top_y,upper_neck_x,upper_neck_y,right_shoulder_x,right_shoulder_y,right_elbow_x,right_elbow_y,right_wrist_x,right_wrist_y,thorax_x,thorax_y,left_shoulder_x,left_shoulder_y,left_elbow_x,left_elbow_y,left_wrist_x,left_wrist_y,pelvis_x,pelvis_y,right_hip_x,right_hip_y,right_knee_x,right_knee_y,right_ankle_x,right_ankle_y,left_hip_x,left_hip_y,left_knee_x,left_knee_y,left_ankle_x,left_ankle_y
0.5162754303599374,0.4891666666666667,0.5438184663536776,0.4675,0.5738654147104851,0.5358333333333334,0.6389671361502348,0.3958333333333333,0.44866979655712047,0.5358333333333334,0.6039123630672927,0.44583333333333336,0.5488262910798122,0.46416666666666667,0.6815336463223788,0.49583333333333335,0.478716744913928,0.4691666666666667,0.5763693270735524,0.5958333333333333,0.563849765258216,0.5958333333333333,0.44866979655712047,0.5675,0.461189358372457,0.5108333333333334,0.5763693270735524,0.5975,0.5438184663536776,0.4625,0.44616588419405323,0.5208333333333334
