head_top_x,head_top_y,upper_neck_x,upper_neck_y,right_shoulder_x,right_shoulder_y,right_elbow_x,right_elbow_y,right_wrist_x,right_wrist_y,thorax_x,thorax_y,left_shoulder_x,left_shoulder_y,left_elbow_x,left_elbow_y,left_wrist_x,left_wrist_y,pelvis_x,pelvis_y,right_hip_x,right_hip_y,right_knee_x,right_knee_y,right_ankle_x,right_ankle_y,left_hip_x,left_hip_y,left_knee_x,left_knee_y,left_ankle_x,left_ankle_y
0.5151761517615177,0.0125,0.5195121951219511,0.15583333333333332,0.2636856368563686,0.2075,0.20731707317073175,0.36583333333333334,0.15528455284552845,0.5091666666666667,0.5238482384823848,0.2075,0.7883468834688346,0.20416666666666666,0.8360433604336043,0.35583333333333333,0.8707317073170731,0.49583333333333335,0.5281842818428185,0.4741666666666667,0.3937669376693767,0.47583333333333333,0.402439024390244,0.7025,0.4327913279132792,0.8808333333333334,0.6582655826558265,0.4741666666666667,0.7189701897018969,0.7058333333333333,0.7970189701897018,0.8691666666666666
