head_top_x,head_top_y,upper_neck_x,upper_neck_y,right_shoulder_x,right_shoulder_y,right_elbow_x,right_elbow_y,right_wrist_x,right_wrist_y,thorax_x,thorax_y,left_shoulder_x,left_shoulder_y,left_elbow_x,left_elbow_y,left_wrist_x,left_wrist_y,pelvis_x,pelvis_y,right_hip_x,right_hip_y,right_knee_x,right_knee_y,right_ankle_x,right_ankle_y,left_hip_x,left_hip_y,left_knee_x,left_knee_y,left_ankle_x,left_ankle_y
0.5562060889929742,0.11416666666666667,0.5312256049960968,0.2575,0.33387978142076497,0.35083333333333333,0.30140515222482434,0.5558333333333333,0.3888368462138953,0.6825,0.5312256049960968,0.35083333333333333,0.7310694769711163,0.35083333333333333,0.7685402029664326,0.5708333333333333,0.5412177985948478,0.6708333333333333,0.528727556596409,0.6891666666666667,0.43130366900858697,0.6791666666666667,0.08657298985167834,0.7225,0.6236533957845434,0.7791666666666667,0.6411397345823574,0.6925,0.8984387197501952,0.6625,0.4862607338017174,0.7275
