head_top_x,head_top_y,upper_neck_x,upper_neck_y,right_shoulder_x,right_shoulder_y,right_elbow_x,right_elbow_y,right_wrist_x,right_wrist_y,thorax_x,thorax_y,left_shoulder_x,left_shoulder_y,left_elbow_x,left_elbow_y,left_wrist_x,left_wrist_y,pelvis_x,pelvis_y,right_hip_x,right_hip_y,right_knee_x,right_knee_y,right_ankle_x,right_ankle_y,left_hip_x,left_hip_y,left_knee_x,left_knee_y,left_ankle_x,left_ankle_y
0.3425,0.21311216429699842,0.37416666666666665,0.41532385466034744,0.3625,0.4127962085308057,0.2941666666666667,0.3824644549763033,0.33916666666666667,0.28135860979462873,0.3825,0.4355450236966825,0.3858333333333333,0.4886255924170615,0.37416666666666665,0.6807266982622432,0.3775,0.2965244865718799,0.6775,0.47093206951026856,0.6058333333333333,0.518957345971564,0.4708333333333333,0.627646129541864,0.4275,0.8500789889415482,0.7341666666666666,0.47598736176935225,0.4525,0.6402843601895735,0.37083333333333335,0.8703001579778831
