head_top_x,head_top_y,upper_neck_x,upper_neck_y,right_shoulder_x,right_shoulder_y,right_elbow_x,right_elbow_y,right_wrist_x,right_wrist_y,thorax_x,thorax_y,left_shoulder_x,left_shoulder_y,left_elbow_x,left_elbow_y,left_wrist_x,left_wrist_y,pelvis_x,pelvis_y,right_hip_x,right_hip_y,right_knee_x,right_knee_y,right_ankle_x,right_ankle_y,left_hip_x,left_hip_y,left_knee_x,left_knee_y,left_ankle_x,left_ankle_y
0.7191666666666666,0.5193384223918576,0.5708333333333333,0.5559796437659033,0.7291666666666666,0.45826972010178113,0.4658333333333333,0.5030534351145037,0.4191666666666667,0.40127226463104326,0.6475,0.5132315521628499,0.6758333333333333,0.45623409669211196,0.6291666666666667,0.44809160305343515,0.6158333333333333,0.4521628498727735,0.6008333333333333,0.466412213740458,0.5775,0.4603053435114504,0.4075,0.49694656488549616,0.38083333333333336,0.4684478371501272,0.6158333333333333,0.45623409669211196,0.4041666666666667,0.494910941475827,0.3358333333333333,0.4989821882951654
