head_top_x,head_top_y,upper_neck_x,upper_neck_y,right_shoulder_x,right_shoulder_y,right_elbow_x,right_elbow_y,right_wrist_x,right_wrist_y,thorax_x,thorax_y,left_shoulder_x,left_shoulder_y,left_elbow_x,left_elbow_y,left_wrist_x,left_wrist_y,pelvis_x,pelvis_y,right_hip_x,right_hip_y,right_knee_x,right_knee_y,right_ankle_x,right_ankle_y,left_hip_x,left_hip_y,left_knee_x,left_knee_y,left_ankle_x,left_ankle_y
0.7115805946791862,0.18083333333333335,0.6289514866979655,0.3075,0.5938967136150235,0.26416666666666666,0.5262910798122065,0.2525,0.46369327073552424,0.2608333333333333,0.6439749608763693,0.2791666666666667,0.6890453834115806,0.2991666666666667,0.6514866979655712,0.3725,0.5713615023474178,0.32916666666666666,0.5338028169014084,0.4191666666666667,0.4887323943661972,0.4141666666666667,0.5613458528951487,0.3258333333333333,0.47120500782472613,0.5175,0.5788732394366197,0.4225,0.701564945226917,0.4175,0.6314553990610329,0.5341666666666667
