head_top_x,head_top_y,upper_neck_x,upper_neck_y,right_shoulder_x,right_shoulder_y,right_elbow_x,right_elbow_y,right_wrist_x,right_wrist_y,thorax_x,thorax_y,left_shoulder_x,left_shoulder_y,left_elbow_x,left_elbow_y,left_wrist_x,left_wrist_y,pelvis_x,pelvis_y,right_hip_x,right_hip_y,right_knee_x,right_knee_y,right_ankle_x,right_ankle_y,left_hip_x,left_hip_y,left_knee_x,left_knee_y,left_ankle_x,left_ankle_y
0.48583333333333334,0.038953168044077134,0.4075,0.16765840220385675,0.30583333333333335,0.13239669421487604,0.17583333333333334,0.18352617079889808,0.09916666666666667,0.2381818181818182,0.39916666666666667,0.1905785123966942,0.49416666666666664,0.2346556473829201,0.5658333333333333,0.39509641873278234,0.6425,0.5449586776859504,0.2475,0.4814876033057851,0.18583333333333332,0.4920661157024793,0.36583333333333334,0.25933884297520665,0.4375,0.5343801652892561,0.3025,0.47619834710743797,0.5675,0.42683195592286505,0.6391666666666667,0.671900826446281
