head_top_x,head_top_y,upper_neck_x,upper_neck_y,right_shoulder_x,right_shoulder_y,right_elbow_x,right_elbow_y,right_wrist_x,right_wrist_y,thorax_x,thorax_y,left_shoulder_x,left_shoulder_y,left_elbow_x,left_elbow_y,left_wrist_x,left_wrist_y,pelvis_x,pelvis_y,right_hip_x,right_hip_y,right_knee_x,right_knee_y,right_ankle_x,right_ankle_y,left_hip_x,left_hip_y,left_knee_x,left_knee_y,left_ankle_x,left_ankle_y
0.5037470725995316,0.1875,0.53871975019516,0.1725,0.5137392661982826,0.16583333333333333,0.41131928181108507,0.2225,0.4063231850117096,0.3258333333333333,0.5412177985948478,0.1475,0.588680718188915,0.15416666666666667,0.5562060889929742,0.2608333333333333,0.4712724434035909,0.18083333333333335,0.5012490241998439,0.3258333333333333,0.45878220140515213,0.32416666666666666,0.4188134270101483,0.4708333333333333,0.4338017174082748,0.6008333333333333,0.5412177985948478,0.3258333333333333,0.5637002341920374,0.4658333333333333,0.5537080405932866,0.6041666666666666
