head_top_x,head_top_y,upper_neck_x,upper_neck_y,right_shoulder_x,right_shoulder_y,right_elbow_x,right_elbow_y,right_wrist_x,right_wrist_y,thorax_x,thorax_y,left_shoulder_x,left_shoulder_y,left_elbow_x,left_elbow_y,left_wrist_x,left_wrist_y,pelvis_x,pelvis_y,right_hip_x,right_hip_y,right_knee_x,right_knee_y,right_ankle_x,right_ankle_y,left_hip_x,left_hip_y,left_knee_x,left_knee_y,left_ankle_x,left_ankle_y
0.4710691823899371,0.2375,0.4811320754716981,0.37916666666666665,0.3930817610062893,0.38083333333333336,0.3779874213836478,0.4625,0.46352201257861636,0.48583333333333334,0.4811320754716981,0.37416666666666665,0.5641509433962264,0.37083333333333335,0.5943396226415094,0.4058333333333333,0.5842767295597484,0.44083333333333335,0.4987421383647798,0.5075,0.4509433962264151,0.5108333333333334,0.4484276729559748,0.6591666666666667,0.4559748427672956,0.7808333333333334,0.5490566037735849,0.5058333333333334,0.5415094339622641,0.6658333333333334,0.5515723270440251,0.7941666666666667
