head_top_x,head_top_y,upper_neck_x,upper_neck_y,right_shoulder_x,right_shoulder_y,right_elbow_x,right_elbow_y,right_wrist_x,right_wrist_y,thorax_x,thorax_y,left_shoulder_x,left_shoulder_y,left_elbow_x,left_elbow_y,left_wrist_x,left_wrist_y,pelvis_x,pelvis_y,right_hip_x,right_hip_y,right_knee_x,right_knee_y,right_ankle_x,right_ankle_y,left_hip_x,left_hip_y,left_knee_x,left_knee_y,left_ankle_x,left_ankle_y
0.3575,0.3813427010148321,0.3875,0.25644028103044497,0.4025,0.28641686182669784,0.5541666666666667,0.41131928181108507,0.3858333333333333,0.4837626854020296,0.4241666666666667,0.30640124902419985,0.3825,0.30390320062451204,0.5558333333333333,0.4288056206088993,0.3825,0.4562841530054645,0.5908333333333333,0.2439500390320062,0.5908333333333333,0.21896955503512877,0.7791666666666667,0.29391100702576106,0.8191666666666667,0.05659640905542543,0.5991666666666666,0.24894613583138173,0.8025,0.2814207650273224,0.8375,0.09656518345042935
