head_top_x,head_top_y,upper_neck_x,upper_neck_y,right_shoulder_x,right_shoulder_y,right_elbow_x,right_elbow_y,right_wrist_x,right_wrist_y,thorax_x,thorax_y,left_shoulder_x,left_shoulder_y,left_elbow_x,left_elbow_y,left_wrist_x,left_wrist_y,pelvis_x,pelvis_y,right_hip_x,right_hip_y,right_knee_x,right_knee_y,right_ankle_x,right_ankle_y,left_hip_x,left_hip_y,left_knee_x,left_knee_y,left_ankle_x,left_ankle_y
0.3408333333333333,0.42188065099457506,0.3675,0.42188065099457506,0.35083333333333333,0.47781796262808923,0.5425,0.4585292344786016,0.38916666666666666,0.6109101868595539,0.3625,0.46817359855334545,0.31083333333333335,0.42188065099457506,0.5725,0.48167570825798683,0.3641666666666667,0.07661241711874624,0.6391666666666667,0.3698010849909585,0.5958333333333333,0.3717299578059072,0.5175,0.6031946955997588,0.5458333333333333,0.8115129596142254,0.6441666666666667,0.39101868595539485,0.5241666666666667,0.593550331525015,0.5525,0.7767932489451477
