head_top_x,head_top_y,upper_neck_x,upper_neck_y,right_shoulder_x,right_shoulder_y,right_elbow_x,right_elbow_y,right_wrist_x,right_wrist_y,thorax_x,thorax_y,left_shoulder_x,left_shoulder_y,left_elbow_x,left_elbow_y,left_wrist_x,left_wrist_y,pelvis_x,pelvis_y,right_hip_x,right_hip_y,right_knee_x,right_knee_y,right_ankle_x,right_ankle_y,left_hip_x,left_hip_y,left_knee_x,left_knee_y,left_ankle_x,left_ankle_y
0.46416666666666667,0.2114583333333333,0.45416666666666666,0.290625,0.3575,0.3322916666666667,0.30916666666666665,0.378125,0.2825,0.3614583333333333,0.44083333333333335,0.32812499999999994,0.4841666666666667,0.2927083333333333,0.6691666666666667,0.35729166666666656,0.6658333333333334,0.4197916666666666,0.49416666666666664,0.46979166666666666,0.4375,0.4781249999999999,0.4525,0.5864583333333334,0.7908333333333334,0.5947916666666666,0.5641666666666667,0.45937500000000003,0.5008333333333334,0.590625,0.7875,0.5927083333333334
