head_top_x,head_top_y,upper_neck_x,upper_neck_y,right_shoulder_x,right_shoulder_y,right_elbow_x,right_elbow_y,right_wrist_x,right_wrist_y,thorax_x,thorax_y,left_shoulder_x,left_shoulder_y,left_elbow_x,left_elbow_y,left_wrist_x,left_wrist_y,pelvis_x,pelvis_y,right_hip_x,right_hip_y,right_knee_x,right_knee_y,right_ankle_x,right_ankle_y,left_hip_x,left_hip_y,left_knee_x,left_knee_y,left_ankle_x,left_ankle_y
0.2833333333333334,0.31416666666666665,0.28555555555555556,0.45916666666666667,0.20999999999999996,0.4775,0.20333333333333337,0.5525,0.2011111111111111,0.6408333333333334,0.2811111111111111,0.4691666666666667,0.3522222222222222,0.46416666666666667,0.3788888888888889,0.5275,0.38999999999999996,0.6191666666666666,0.31444444444444447,0.5991666666666666,0.26555555555555554,0.6025,0.26333333333333336,0.7525,0.26333333333333336,0.8741666666666666,0.3522222222222222,0.5991666666666666,0.35888888888888887,0.7475,0.3811111111111111,0.8808333333333334
