head_top_x,head_top_y,upper_neck_x,upper_neck_y,right_shoulder_x,right_shoulder_y,right_elbow_x,right_elbow_y,right_wrist_x,right_wrist_y,thorax_x,thorax_y,left_shoulder_x,left_shoulder_y,left_elbow_x,left_elbow_y,left_wrist_x,left_wrist_y,pelvis_x,pelvis_y,right_hip_x,right_hip_y,right_knee_x,right_knee_y,right_ankle_x,right_ankle_y,left_hip_x,left_hip_y,left_knee_x,left_knee_y,left_ankle_x,left_ankle_y
0.42617617617617615,0.10083333333333333,0.48373373373373385,0.23583333333333334,0.6814314314314315,0.24416666666666667,0.26851851851851855,0.2841666666666667,0.225975975975976,0.23916666666666667,0.49374374374374375,0.25916666666666666,0.6914414414414414,0.24583333333333332,0.7364864864864865,0.49083333333333334,0.643893893893894,0.6491666666666667,0.5112612612612611,0.5741666666666667,0.41116116116116125,0.5725,0.33108108108108114,0.6725,0.39614614614614624,0.9191666666666667,0.6113613613613614,0.5758333333333333,0.759009009009009,0.6158333333333333,0.6789289289289289,0.9125
