head_top_x,head_top_y,upper_neck_x,upper_neck_y,right_shoulder_x,right_shoulder_y,right_elbow_x,right_elbow_y,right_wrist_x,right_wrist_y,thorax_x,thorax_y,left_shoulder_x,left_shoulder_y,left_elbow_x,left_elbow_y,left_wrist_x,left_wrist_y,pelvis_x,pelvis_y,right_hip_x,right_hip_y,right_knee_x,right_knee_y,right_ankle_x,right_ankle_y,left_hip_x,left_hip_y,left_knee_x,left_knee_y,left_ankle_x,left_ankle_y
0.8191666666666667,0.5312256049960968,0.7091666666666666,0.588680718188915,0.7025,0.6036690085870414,0.6675,0.6011709601873536,0.7408333333333333,0.5686963309914129,0.7091666666666666,0.5911787665886026,0.7008333333333333,0.5736924277907884,0.6891666666666667,0.5362217017954722,0.7291666666666666,0.558704137392662,0.39916666666666667,0.10156128024980482,0.3491666666666667,0.06159250585480091,0.43083333333333335,0.3888368462138953,0.3908333333333333,0.3963309914129586,0.7975,0.5836846213895394,0.43916666666666665,0.4038251366120218,0.4091666666666667,0.4213114754098361
