head_top_x,head_top_y,upper_neck_x,upper_neck_y,right_shoulder_x,right_shoulder_y,right_elbow_x,right_elbow_y,right_wrist_x,right_wrist_y,thorax_x,thorax_y,left_shoulder_x,left_shoulder_y,left_elbow_x,left_elbow_y,left_wrist_x,left_wrist_y,pelvis_x,pelvis_y,right_hip_x,right_hip_y,right_knee_x,right_knee_y,right_ankle_x,right_ankle_y,left_hip_x,left_hip_y,left_knee_x,left_knee_y,left_ankle_x,left_ankle_y
0.2875,0.558704137392662,0.43416666666666665,0.3988290398126464,0.29583333333333334,0.5012490241998439,0.4058333333333333,0.4138173302107728,0.2775,0.578688524590164,0.6891666666666667,0.5537080405932866,0.7325,0.3388758782201405,0.6958333333333333,0.4138173302107728,0.2775,0.5861826697892272,0.5641666666666667,0.32388758782201404,0.5525,0.30390320062451204,0.3825,0.5137392661982826,0.25916666666666666,0.6861046057767369,0.5708333333333333,0.33138173302107726,0.4125,0.528727556596409,0.25583333333333336,0.666120218579235
