head_top_x,head_top_y,upper_neck_x,upper_neck_y,right_shoulder_x,right_shoulder_y,right_elbow_x,right_elbow_y,right_wrist_x,right_wrist_y,thorax_x,thorax_y,left_shoulder_x,left_shoulder_y,left_elbow_x,left_elbow_y,left_wrist_x,left_wrist_y,pelvis_x,pelvis_y,right_hip_x,right_hip_y,right_knee_x,right_knee_y,right_ankle_x,right_ankle_y,left_hip_x,left_hip_y,left_knee_x,left_knee_y,left_ankle_x,left_ankle_y
0.655593029792018,0.3275,0.5638560989319843,0.4475,0.4937043282743114,0.4275,0.48111298482293424,0.5775,0.5890387858347387,0.6225,0.580044969083755,0.42583333333333334,0.6681843732433952,0.4375,0.6843732433951658,0.5375,0.689769533445756,0.6091666666666666,0.46852164137155705,0.49916666666666665,0.4109612141652614,0.4925,0.4595278246205734,0.6325,0.3983698707138842,0.8325,0.5332771219786397,0.5075,0.6124227093872961,0.6041666666666666,0.5602585722315907,0.8091666666666667
