head_top_x,head_top_y,upper_neck_x,upper_neck_y,right_shoulder_x,right_shoulder_y,right_elbow_x,right_elbow_y,right_wrist_x,right_wrist_y,thorax_x,thorax_y,left_shoulder_x,left_shoulder_y,left_elbow_x,left_elbow_y,left_wrist_x,left_wrist_y,pelvis_x,pelvis_y,right_hip_x,right_hip_y,right_knee_x,right_knee_y,right_ankle_x,right_ankle_y,left_hip_x,left_hip_y,left_knee_x,left_knee_y,left_ankle_x,left_ankle_y
0.4463240542469664,0.4875,0.5536759457530336,0.33916666666666667,0.6564596716630977,0.3441666666666667,0.5536759457530336,0.3425,0.4668807994289793,0.47583333333333333,0.6770164168451106,0.3591666666666667,0.17908636688079937,0.3575,0.539971448965025,0.37416666666666665,0.47601713062098494,0.4825,0.4371877230549607,0.3958333333333333,0.45089221984296923,0.43083333333333335,0.5308351177730192,0.6041666666666666,0.5491077801570308,0.7008333333333333,0.5354032833690222,0.5108333333333334,0.5376873661670235,0.6675,0.5696645253390434,0.6191666666666666
