head_top_x,head_top_y,upper_neck_x,upper_neck_y,right_shoulder_x,right_shoulder_y,right_elbow_x,right_elbow_y,right_wrist_x,right_wrist_y,thorax_x,thorax_y,left_shoulder_x,left_shoulder_y,left_elbow_x,left_elbow_y,left_wrist_x,left_wrist_y,pelvis_x,pelvis_y,right_hip_x,right_hip_y,right_knee_x,right_knee_y,right_ankle_x,right_ankle_y,left_hip_x,left_hip_y,left_knee_x,left_knee_y,left_ankle_x,left_ankle_y
0.5011088011088012,0.4075,0.5055440055440055,0.5625,0.40131670131670133,0.5841666666666666,0.37914067914067917,0.6841666666666667,0.43014553014553014,0.7375,0.5033264033264032,0.5875,0.6031185031185031,0.5875,0.6097713097713098,0.6991666666666667,0.5454608454608455,0.7508333333333334,0.4101871101871102,0.6341666666666667,0.43014553014553014,0.6958333333333333,0.5964656964656965,0.5925,0.5498960498960499,0.7858333333333334,0.4412335412335412,0.7325,0.4988911988911989,0.43083333333333335,0.5720720720720721,0.7641666666666667
