head_top_x,head_top_y,upper_neck_x,upper_neck_y,right_shoulder_x,right_shoulder_y,right_elbow_x,right_elbow_y,right_wrist_x,right_wrist_y,thorax_x,thorax_y,left_shoulder_x,left_shoulder_y,left_elbow_x,left_elbow_y,left_wrist_x,left_wrist_y,pelvis_x,pelvis_y,right_hip_x,right_hip_y,right_knee_x,right_knee_y,right_ankle_x,right_ankle_y,left_hip_x,left_hip_y,left_knee_x,left_knee_y,left_ankle_x,left_ankle_y
0.35583333333333333,0.3211111111111111,0.38916666666666666,0.5122222222222222,0.31416666666666665,0.5122222222222222,0.31583333333333335,0.6477777777777778,0.2775,0.6166666666666667,0.38916666666666666,0.5211111111111112,0.4625,0.5299999999999999,0.4508333333333333,0.7033333333333333,0.3575,0.7322222222222222,0.4025,0.7011111111111111,0.36583333333333334,0.69,0.2825,0.7477777777777778,0.29083333333333333,0.9566666666666667,0.43583333333333335,0.7166666666666667,0.3525,0.7611111111111111,0.36083333333333334,0.9655555555555555
