head_top_x,head_top_y,upper_neck_x,upper_neck_y,right_shoulder_x,right_shoulder_y,right_elbow_x,right_elbow_y,right_wrist_x,right_wrist_y,thorax_x,thorax_y,left_shoulder_x,left_shoulder_y,left_elbow_x,left_elbow_y,left_wrist_x,left_wrist_y,pelvis_x,pelvis_y,right_hip_x,right_hip_y,right_knee_x,right_knee_y,right_ankle_x,right_ankle_y,left_hip_x,left_hip_y,left_knee_x,left_knee_y,left_ankle_x,left_ankle_y
0.21647150663544107,0.4891666666666667,0.4537861046057767,0.4741666666666667,0.36385636221701795,0.4241666666666667,0.3863387978142077,0.4708333333333333,0.31889149102263853,0.4825,0.5162373145979704,0.39416666666666667,0.5612021857923498,0.2791666666666667,0.6861046057767369,0.5091666666666667,0.5637002341920374,0.4608333333333333,0.5237314597970336,0.4825,0.4862607338017174,0.49916666666666665,0.5362217017954722,0.5925,0.4787665886026542,0.8041666666666667,0.5087431693989072,0.49583333333333335,0.5262295081967212,0.6058333333333333,0.4837626854020296,0.7791666666666667
