head_top_x,head_top_y,upper_neck_x,upper_neck_y,right_shoulder_x,right_shoulder_y,right_elbow_x,right_elbow_y,right_wrist_x,right_wrist_y,thorax_x,thorax_y,left_shoulder_x,left_shoulder_y,left_elbow_x,left_elbow_y,left_wrist_x,left_wrist_y,pelvis_x,pelvis_y,right_hip_x,right_hip_y,right_knee_x,right_knee_y,right_ankle_x,right_ankle_y,left_hip_x,left_hip_y,left_knee_x,left_knee_y,left_ankle_x,left_ankle_y
0.5575,0.2375,0.5275,0.3858333333333333,0.44416666666666665,0.4075,0.4125,0.5041666666666667,0.4891666666666667,0.5091666666666667,0.5241666666666667,0.4125,0.5975,0.4125,0.6225,0.48583333333333334,0.5591666666666667,0.4791666666666667,0.5258333333333334,0.5841666666666666,0.4875,0.5858333333333333,0.5008333333333334,0.7091666666666666,0.5008333333333334,0.8525,0.5675,0.5808333333333333,0.5958333333333333,0.7091666666666666,0.6208333333333333,0.8491666666666666
