head_top_x,head_top_y,upper_neck_x,upper_neck_y,right_shoulder_x,right_shoulder_y,right_elbow_x,right_elbow_y,right_wrist_x,right_wrist_y,thorax_x,thorax_y,left_shoulder_x,left_shoulder_y,left_elbow_x,left_elbow_y,left_wrist_x,left_wrist_y,pelvis_x,pelvis_y,right_hip_x,right_hip_y,right_knee_x,right_knee_y,right_ankle_x,right_ankle_y,left_hip_x,left_hip_y,left_knee_x,left_knee_y,left_ankle_x,left_ankle_y
0.6458333333333334,0.08318318318318318,0.6991666666666667,0.28738738738738734,0.6658333333333334,0.296996996996997,0.6091666666666666,0.4123123123123123,0.5541666666666667,0.33783783783783783,0.6991666666666667,0.2993993993993994,0.7358333333333333,0.296996996996997,0.6708333333333333,0.4195195195195195,0.6508333333333334,0.2945945945945946,0.7608333333333334,0.5204204204204204,0.7291666666666666,0.5108108108108107,0.5675,0.4795795795795796,0.5991666666666666,0.7054054054054053,0.7891666666666667,0.5276276276276276,0.6541666666666667,0.4795795795795796,0.6491666666666667,0.727027027027027
