head_top_x,head_top_y,upper_neck_x,upper_neck_y,right_shoulder_x,right_shoulder_y,right_elbow_x,right_elbow_y,right_wrist_x,right_wrist_y,thorax_x,thorax_y,left_shoulder_x,left_shoulder_y,left_elbow_x,left_elbow_y,left_wrist_x,left_wrist_y,pelvis_x,pelvis_y,right_hip_x,right_hip_y,right_knee_x,right_knee_y,right_ankle_x,right_ankle_y,left_hip_x,left_hip_y,left_knee_x,left_knee_y,left_ankle_x,left_ankle_y
0.7744444444444444,0.2941666666666667,0.8433333333333333,0.44583333333333336,0.7766666666666667,0.4575,0.7655555555555557,0.5208333333333334,0.7344444444444443,0.5941666666666666,0.8388888888888889,0.4558333333333333,0.9166666666666666,0.42083333333333334,0.9655555555555555,0.4975,0.8611111111111112,0.46416666666666667,0.39222222222222225,0.4925,0.3566666666666667,0.4975,0.39444444444444443,0.5625,0.38999999999999996,0.7108333333333333,0.4277777777777778,0.4825,0.45444444444444443,0.5625,0.4988888888888889,0.7108333333333333
