head_top_x,head_top_y,upper_neck_x,upper_neck_y,right_shoulder_x,right_shoulder_y,right_elbow_x,right_elbow_y,right_wrist_x,right_wrist_y,thorax_x,thorax_y,left_shoulder_x,left_shoulder_y,left_elbow_x,left_elbow_y,left_wrist_x,left_wrist_y,pelvis_x,pelvis_y,right_hip_x,right_hip_y,right_knee_x,right_knee_y,right_ankle_x,right_ankle_y,left_hip_x,left_hip_y,left_knee_x,left_knee_y,left_ankle_x,left_ankle_y
0.6875,0.19666666666666668,0.6991666666666667,0.3833333333333333,0.6375,0.4033333333333333,0.6308333333333334,0.4788888888888889,0.6191666666666666,0.5033333333333333,0.6975,0.3988888888888889,0.7525,0.3877777777777778,0.7875,0.5188888888888888,0.7508333333333334,0.6077777777777778,0.7191666666666666,0.5411111111111112,0.6941666666666667,0.5433333333333333,0.6825,0.7522222222222222,0.6925,0.898888888888889,0.7425,0.5433333333333333,0.7375,0.7233333333333333,0.7408333333333333,0.8922222222222222
