head_top_x,head_top_y,upper_neck_x,upper_neck_y,right_shoulder_x,right_shoulder_y,right_elbow_x,right_elbow_y,right_wrist_x,right_wrist_y,thorax_x,thorax_y,left_shoulder_x,left_shoulder_y,left_elbow_x,left_elbow_y,left_wrist_x,left_wrist_y,pelvis_x,pelvis_y,right_hip_x,right_hip_y,right_knee_x,right_knee_y,right_ankle_x,right_ankle_y,left_hip_x,left_hip_y,left_knee_x,left_knee_y,left_ankle_x,left_ankle_y
0.31888888888888894,0.26416666666666666,0.31888888888888894,0.4125,0.20777777777777776,0.4175,0.16555555555555557,0.5141666666666667,0.20777777777777776,0.5108333333333334,0.31888888888888894,0.4141666666666667,0.42111111111111116,0.4058333333333333,0.5144444444444445,0.45416666666666666,0.5877777777777777,0.42916666666666664,0.36333333333333334,0.5608333333333333,0.28777777777777774,0.5675,0.2722222222222222,0.5858333333333333,0.31222222222222223,0.7758333333333334,0.4344444444444444,0.5558333333333333,0.49444444444444446,0.6041666666666666,0.4677777777777778,0.7541666666666667
