head_top_x,head_top_y,upper_neck_x,upper_neck_y,right_shoulder_x,right_shoulder_y,right_elbow_x,right_elbow_y,right_wrist_x,right_wrist_y,thorax_x,thorax_y,left_shoulder_x,left_shoulder_y,left_elbow_x,left_elbow_y,left_wrist_x,left_wrist_y,pelvis_x,pelvis_y,right_hip_x,right_hip_y,right_knee_x,right_knee_y,right_ankle_x,right_ankle_y,left_hip_x,left_hip_y,left_knee_x,left_knee_y,left_ankle_x,left_ankle_y
0.5862068965517241,0.0825,0.48275862068965514,0.20083333333333334,0.4252873563218391,0.18416666666666667,0.46436781609195404,0.2708333333333333,0.5494252873563219,0.32416666666666666,0.4850574712643679,0.19916666666666666,0.542528735632184,0.2175,0.5540229885057472,0.2708333333333333,0.5724137931034483,0.30416666666666664,0.393103448275862,0.3675,0.36091954022988504,0.36583333333333334,0.4298850574712644,0.5058333333333334,0.42758620689655175,0.6608333333333334,0.42758620689655175,0.3675,0.4022988505747126,0.5091666666666667,0.27816091954022987,0.6008333333333333
