head_top_x,head_top_y,upper_neck_x,upper_neck_y,right_shoulder_x,right_shoulder_y,right_elbow_x,right_elbow_y,right_wrist_x,right_wrist_y,thorax_x,thorax_y,left_shoulder_x,left_shoulder_y,left_elbow_x,left_elbow_y,left_wrist_x,left_wrist_y,pelvis_x,pelvis_y,right_hip_x,right_hip_y,right_knee_x,right_knee_y,right_ankle_x,right_ankle_y,left_hip_x,left_hip_y,left_knee_x,left_knee_y,left_ankle_x,left_ankle_y
0.39416666666666667,0.17,0.37083333333333335,0.3544444444444444,0.31416666666666665,0.3522222222222222,0.29583333333333334,0.43222222222222223,0.35083333333333333,0.4344444444444444,0.36916666666666664,0.3544444444444444,0.4225,0.3611111111111111,0.43583333333333335,0.4566666666666667,0.4141666666666667,0.43222222222222223,0.36916666666666664,0.5188888888888888,0.33916666666666667,0.5166666666666666,0.32416666666666666,0.6544444444444445,0.35583333333333333,0.7544444444444444,0.4008333333333333,0.5188888888888888,0.3858333333333333,0.6566666666666667,0.6025,0.8166666666666668
