head_top_x,head_top_y,upper_neck_x,upper_neck_y,right_shoulder_x,right_shoulder_y,right_elbow_x,right_elbow_y,right_wrist_x,right_wrist_y,thorax_x,thorax_y,left_shoulder_x,left_shoulder_y,left_elbow_x,left_elbow_y,left_wrist_x,left_wrist_y,pelvis_x,pelvis_y,right_hip_x,right_hip_y,right_knee_x,right_knee_y,right_ankle_x,right_ankle_y,left_hip_x,left_hip_y,left_knee_x,left_knee_y,left_ankle_x,left_ankle_y
0.6425,0.18111111111111108,0.6441666666666667,0.37222222222222223,0.5375,0.33888888888888885,0.4841666666666667,0.4055555555555555,0.4091666666666667,0.5033333333333333,0.6408333333333334,0.3433333333333333,0.7241666666666666,0.38999999999999996,0.6641666666666667,0.5388888888888889,0.5325,0.5499999999999999,0.6108333333333333,0.4277777777777778,0.5575,0.41888888888888887,0.4325,0.5055555555555555,0.9175,0.1922222222222222,0.6391666666666667,0.43222222222222223,0.6575,0.29000000000000004,0.9341666666666667,0.1922222222222222
