head_top_x,head_top_y,upper_neck_x,upper_neck_y,right_shoulder_x,right_shoulder_y,right_elbow_x,right_elbow_y,right_wrist_x,right_wrist_y,thorax_x,thorax_y,left_shoulder_x,left_shoulder_y,left_elbow_x,left_elbow_y,left_wrist_x,left_wrist_y,pelvis_x,pelvis_y,right_hip_x,right_hip_y,right_knee_x,right_knee_y,right_ankle_x,right_ankle_y,left_hip_x,left_hip_y,left_knee_x,left_knee_y,left_ankle_x,left_ankle_y
0.39358372456964,0.10083333333333333,0.44616588419405323,0.2475,0.33098591549295775,0.2658333333333333,0.315962441314554,0.35083333333333333,0.4887323943661972,0.3525,0.4536776212832551,0.27416666666666667,0.5788732394366197,0.2791666666666667,0.6564945226917057,0.3925,0.6990610328638497,0.5008333333333334,0.47120500782472613,0.5108333333333334,0.39859154929577467,0.5058333333333334,0.43865414710485134,0.5975,0.5538341158059469,0.7925,0.5463223787167449,0.5158333333333334,0.5688575899843504,0.6791666666666667,0.3560250391236307,0.7108333333333333
