head_top_x,head_top_y,upper_neck_x,upper_neck_y,right_shoulder_x,right_shoulder_y,right_elbow_x,right_elbow_y,right_wrist_x,right_wrist_y,thorax_x,thorax_y,left_shoulder_x,left_shoulder_y,left_elbow_x,left_elbow_y,left_wrist_x,left_wrist_y,pelvis_x,pelvis_y,right_hip_x,right_hip_y,right_knee_x,right_knee_y,right_ankle_x,right_ankle_y,left_hip_x,left_hip_y,left_knee_x,left_knee_y,left_ankle_x,left_ankle_y
0.5225,0.19149102263856363,0.6441666666666667,0.19648711943793906,0.5825,0.25394223263075716,0.6058333333333333,0.4288056206088993,0.6325,0.3838407494145199,0.6408333333333334,0.20148321623731458,0.6458333333333334,0.1814988290398126,0.7025,0.2039812646370023,0.6391666666666667,0.2789227166276346,0.6075,0.4637782982045277,0.5775,0.4787665886026542,0.5375,0.6161592505854802,0.5708333333333333,0.7985167837626854,0.6458333333333334,0.43629976580796254,0.5308333333333334,0.6036690085870414,0.5941666666666666,0.783528493364559
