head_top_x,head_top_y,upper_neck_x,upper_neck_y,right_shoulder_x,right_shoulder_y,right_elbow_x,right_elbow_y,right_wrist_x,right_wrist_y,thorax_x,thorax_y,left_shoulder_x,left_shoulder_y,left_elbow_x,left_elbow_y,left_wrist_x,left_wrist_y,pelvis_x,pelvis_y,right_hip_x,right_hip_y,right_knee_x,right_knee_y,right_ankle_x,right_ankle_y,left_hip_x,left_hip_y,left_knee_x,left_knee_y,left_ankle_x,left_ankle_y
0.5711297071129707,0.146875,0.5488145048814506,0.31979166666666664,0.40655509065550915,0.37395833333333334,0.32287308228730827,0.4739583333333333,0.4205020920502093,0.484375,0.5404463040446303,0.3697916666666667,0.6687587168758717,0.359375,0.7691771269177127,0.4864583333333333,0.6185495118549511,0.459375,0.5125523012552301,0.628125,0.4316596931659693,0.6177083333333333,0.24198047419804747,0.640625,0.22524407252440728,0.8197916666666667,0.601813110181311,0.621875,0.7552301255230126,0.684375,0.46513249651324967,0.7822916666666667
