head_top_x,head_top_y,upper_neck_x,upper_neck_y,right_shoulder_x,right_shoulder_y,right_elbow_x,right_elbow_y,right_wrist_x,right_wrist_y,thorax_x,thorax_y,left_shoulder_x,left_shoulder_y,left_elbow_x,left_elbow_y,left_wrist_x,left_wrist_y,pelvis_x,pelvis_y,right_hip_x,right_hip_y,right_knee_x,right_knee_y,right_ankle_x,right_ankle_y,left_hip_x,left_hip_y,left_knee_x,left_knee_y,left_ankle_x,left_ankle_y
0.3614540466392318,0.09270833333333334,0.4108367626886146,0.24479166666666666,0.3010973936899863,0.2552083333333333,0.28189300411522633,0.396875,0.21330589849108367,0.34270833333333334,0.41358024691358025,0.23645833333333333,0.5260631001371742,0.22395833333333334,0.5617283950617284,0.359375,0.5919067215363512,0.4739583333333333,0.4465020576131687,0.446875,0.3916323731138546,0.4510416666666667,0.36968449931412894,0.6864583333333333,0.3312757201646091,0.8885416666666667,0.5041152263374487,0.4427083333333333,0.45198902606310015,0.6739583333333333,0.3943758573388203,0.8760416666666667
