head_top_x,head_top_y,upper_neck_x,upper_neck_y,right_shoulder_x,right_shoulder_y,right_elbow_x,right_elbow_y,right_wrist_x,right_wrist_y,thorax_x,thorax_y,left_shoulder_x,left_shoulder_y,left_elbow_x,left_elbow_y,left_wrist_x,left_wrist_y,pelvis_x,pelvis_y,right_hip_x,right_hip_y,right_knee_x,right_knee_y,right_ankle_x,right_ankle_y,left_hip_x,left_hip_y,left_knee_x,left_knee_y,left_ankle_x,left_ankle_y
0.26382632632632635,0.08854166666666667,0.3607982982982983,0.22604166666666667,0.2669544544544545,0.29270833333333335,0.16372622622622626,0.4010416666666667,0.1918793793793794,0.265625,0.3920795795795795,0.26979166666666665,0.5297172172172172,0.25104166666666666,0.5328453453453453,0.40520833333333334,0.4702827827827828,0.521875,0.4702827827827828,0.46979166666666666,0.3701826826826827,0.478125,0.2763388388388388,0.5302083333333333,0.7580705705705706,0.6802083333333333,0.5484859859859861,0.4552083333333333,0.5828953953953954,0.5510416666666667,0.3920795795795795,0.765625
