head_top_x,head_top_y,upper_neck_x,upper_neck_y,right_shoulder_x,right_shoulder_y,right_elbow_x,right_elbow_y,right_wrist_x,right_wrist_y,thorax_x,thorax_y,left_shoulder_x,left_shoulder_y,left_elbow_x,left_elbow_y,left_wrist_x,left_wrist_y,pelvis_x,pelvis_y,right_hip_x,right_hip_y,right_knee_x,right_knee_y,right_ankle_x,right_ankle_y,left_hip_x,left_hip_y,left_knee_x,left_knee_y,left_ankle_x,left_ankle_y
0.453125,0.3079625292740047,0.36770833333333336,0.47033567525370806,0.3697916666666667,0.48907103825136605,0.4197916666666667,0.6514441842310695,0.353125,0.7544886807181889,0.365625,0.47970335675253706,0.3572916666666667,0.501561280249805,0.415625,0.6483216237314599,0.33645833333333336,0.7451209992193599,0.359375,0.5109289617486339,0.34479166666666666,0.5171740827478533,0.48854166666666665,0.4172521467603434,0.44479166666666664,0.3423106947697111,0.359375,0.4984387197501951,0.49270833333333336,0.4047619047619047,0.4552083333333333,0.3454332552693208
