head_top_x,head_top_y,upper_neck_x,upper_neck_y,right_shoulder_x,right_shoulder_y,right_elbow_x,right_elbow_y,right_wrist_x,right_wrist_y,thorax_x,thorax_y,left_shoulder_x,left_shoulder_y,left_elbow_x,left_elbow_y,left_wrist_x,left_wrist_y,pelvis_x,pelvis_y,right_hip_x,right_hip_y,right_knee_x,right_knee_y,right_ankle_x,right_ankle_y,left_hip_x,left_hip_y,left_knee_x,left_knee_y,left_ankle_x,left_ankle_y
0.6885416666666667,0.11795159680638721,0.621875,0.3300274451097805,0.565625,0.3206711576846307,0.5510416666666667,0.3799276447105788,0.596875,0.33626497005988026,0.6177083333333333,0.34250249500998003,0.6760416666666667,0.3518587824351298,0.6822916666666666,0.4142340319361278,0.6364583333333333,0.3955214570858285,0.5864583333333333,0.65749750499002,0.5552083333333333,0.6512599800399202,0.5760416666666667,0.9007609780439122,0.15104166666666666,0.4329466067864271,0.6197916666666666,0.6606162674650699,0.6052083333333333,0.906998502994012,0.13854166666666667,0.43918413173652693
