head_top_x,head_top_y,upper_neck_x,upper_neck_y,right_shoulder_x,right_shoulder_y,right_elbow_x,right_elbow_y,right_wrist_x,right_wrist_y,thorax_x,thorax_y,left_shoulder_x,left_shoulder_y,left_elbow_x,left_elbow_y,left_wrist_x,left_wrist_y,pelvis_x,pelvis_y,right_hip_x,right_hip_y,right_knee_x,right_knee_y,right_ankle_x,right_ankle_y,left_hip_x,left_hip_y,left_knee_x,left_knee_y,left_ankle_x,left_ankle_y
0.42000000000000004,0.109375,0.4764705882352941,0.259375,0.41686274509803917,0.2760416666666667,0.4450980392156863,0.3802083333333333,0.45450980392156864,0.16354166666666667,0.4764705882352941,0.28020833333333334,0.5266666666666666,0.290625,0.4670588235294118,0.409375,0.5047058823529412,0.478125,0.44196078431372554,0.4947916666666667,0.4450980392156863,0.490625,0.46392156862745093,0.6072916666666667,0.5141176470588236,0.7239583333333334,0.43882352941176467,0.4947916666666667,0.4356862745098039,0.5947916666666667,0.5423529411764705,0.7510416666666667
