head_top_x,head_top_y,upper_neck_x,upper_neck_y,right_shoulder_x,right_shoulder_y,right_elbow_x,right_elbow_y,right_wrist_x,right_wrist_y,thorax_x,thorax_y,left_shoulder_x,left_shoulder_y,left_elbow_x,left_elbow_y,left_wrist_x,left_wrist_y,pelvis_x,pelvis_y,right_hip_x,right_hip_y,right_knee_x,right_knee_y,right_ankle_x,right_ankle_y,left_hip_x,left_hip_y,left_knee_x,left_knee_y,left_ankle_x,left_ankle_y
0.48282591725214674,0.396875,0.5827478532396565,0.5114583333333333,0.4859484777517564,0.528125,0.43286494925839186,0.6010416666666667,0.3579234972677595,0.6427083333333333,0.5733801717408274,0.5010416666666667,0.6670569867291178,0.478125,0.7638563622170179,0.5052083333333334,0.6982825917252147,0.5072916666666667,0.6670569867291178,0.6302083333333334,0.6233411397345823,0.6427083333333333,0.6014832162373146,0.7197916666666667,0.7295081967213114,0.8197916666666667,0.7107728337236534,0.615625,0.7513661202185793,0.715625,0.8138173302107727,0.7885416666666667
