head_top_x,head_top_y,upper_neck_x,upper_neck_y,right_shoulder_x,right_shoulder_y,right_elbow_x,right_elbow_y,right_wrist_x,right_wrist_y,thorax_x,thorax_y,left_shoulder_x,left_shoulder_y,left_elbow_x,left_elbow_y,left_wrist_x,left_wrist_y,pelvis_x,pelvis_y,right_hip_x,right_hip_y,right_knee_x,right_knee_y,right_ankle_x,right_ankle_y,left_hip_x,left_hip_y,left_knee_x,left_knee_y,left_ankle_x,left_ankle_y
0.346875,0.3208333333333333,0.38645833333333335,0.5152777777777778,0.315625,0.5097222222222223,0.3072916666666667,0.6458333333333334,0.2677083333333333,0.6013888888888889,0.3885416666666667,0.5152777777777778,0.4635416666666667,0.5319444444444444,0.446875,0.6708333333333334,0.36770833333333336,0.6736111111111112,0.39895833333333336,0.7125,0.36354166666666665,0.6986111111111111,0.2760416666666667,0.7347222222222222,0.28229166666666666,0.9236111111111112,0.440625,0.7263888888888889,0.35520833333333335,0.7319444444444444,0.359375,0.9402777777777778
