head_top_x,head_top_y,upper_neck_x,upper_neck_y,right_shoulder_x,right_shoulder_y,right_elbow_x,right_elbow_y,right_wrist_x,right_wrist_y,thorax_x,thorax_y,left_shoulder_x,left_shoulder_y,left_elbow_x,left_elbow_y,left_wrist_x,left_wrist_y,pelvis_x,pelvis_y,right_hip_x,right_hip_y,right_knee_x,right_knee_y,right_ankle_x,right_ankle_y,left_hip_x,left_hip_y,left_knee_x,left_knee_y,left_ankle_x,left_ankle_y
0.5018570102135562,0.109375,0.520427112349118,0.27395833333333336,0.3904363974001857,0.28854166666666664,0.30129990714948934,0.378125,0.14531104921077062,0.365625,0.520427112349118,0.2677083333333333,0.6504178272980501,0.24895833333333334,0.7358402971216342,0.35104166666666664,0.6429897864438254,0.27395833333333336,0.4832869080779944,0.465625,0.4127205199628598,0.459375,0.43500464252553395,0.6822916666666666,0.48700092850510684,0.8677083333333333,0.5501392757660166,0.465625,0.5575673166202415,0.671875,0.6504178272980501,0.884375
