head_top_x,head_top_y,upper_neck_x,upper_neck_y,right_shoulder_x,right_shoulder_y,right_elbow_x,right_elbow_y,right_wrist_x,right_wrist_y,thorax_x,thorax_y,left_shoulder_x,left_shoulder_y,left_elbow_x,left_elbow_y,left_wrist_x,left_wrist_y,pelvis_x,pelvis_y,right_hip_x,right_hip_y,right_knee_x,right_knee_y,right_ankle_x,right_ankle_y,left_hip_x,left_hip_y,left_knee_x,left_knee_y,left_ankle_x,left_ankle_y
0.47604166666666664,0.38914910226385635,0.434375,0.5608899297423888,0.4739583333333333,0.48907103825136605,0.4947916666666667,0.4297423887587822,0.5614583333333333,0.40163934426229503,0.4427083333333333,0.5171740827478533,0.428125,0.5390320062451209,0.49270833333333336,0.43911007025761123,0.38645833333333335,0.37665886026541767,0.21354166666666666,0.42661982825917255,0.40520833333333334,0.4484777517564402,0.9072916666666667,0.43911007025761123,0.878125,0.39539422326307566,0.23229166666666667,0.42661982825917255,0.28020833333333334,0.13934426229508198,0.9239583333333333,0.3454332552693208
