head_top_x,head_top_y,upper_neck_x,upper_neck_y,right_shoulder_x,right_shoulder_y,right_elbow_x,right_elbow_y,right_wrist_x,right_wrist_y,thorax_x,thorax_y,left_shoulder_x,left_shoulder_y,left_elbow_x,left_elbow_y,left_wrist_x,left_wrist_y,pelvis_x,pelvis_y,right_hip_x,right_hip_y,right_knee_x,right_knee_y,right_ankle_x,right_ankle_y,left_hip_x,left_hip_y,left_knee_x,left_knee_y,left_ankle_x,left_ankle_y
0.8197916666666667,0.20972222222222223,0.790625,0.3958333333333333,0.7635416666666667,0.3902777777777778,0.334375,0.31805555555555554,0.21145833333333333,0.3875,0.7947916666666667,0.39305555555555555,0.790625,0.3847222222222222,0.31354166666666666,0.32916666666666666,0.20520833333333333,0.3902777777777778,0.5072916666666667,0.4152777777777778,0.5239583333333333,0.41250000000000003,0.37395833333333334,0.2625,0.21145833333333333,0.3875,0.48020833333333335,0.4236111111111111,0.3697916666666667,0.25416666666666665,0.21145833333333333,0.3458333333333334
