head_top_x,head_top_y,upper_neck_x,upper_neck_y,right_shoulder_x,right_shoulder_y,right_elbow_x,right_elbow_y,right_wrist_x,right_wrist_y,thorax_x,thorax_y,left_shoulder_x,left_shoulder_y,left_elbow_x,left_elbow_y,left_wrist_x,left_wrist_y,pelvis_x,pelvis_y,right_hip_x,right_hip_y,right_knee_x,right_knee_y,right_ankle_x,right_ankle_y,left_hip_x,left_hip_y,left_knee_x,left_knee_y,left_ankle_x,left_ankle_y
0.7072916666666667,0.5125000000000001,0.6947916666666667,0.3736111111111111,0.6385416666666667,0.4041666666666666,0.6239583333333333,0.4986111111111111,0.615625,0.4930555555555556,0.696875,0.3958333333333333,0.746875,0.3763888888888889,0.7697916666666667,0.5097222222222223,0.7489583333333333,0.5958333333333333,0.7114583333333333,0.5541666666666667,0.6864583333333333,0.5625,0.6697916666666667,0.6819444444444445,0.6822916666666666,0.8375,0.7364583333333333,0.5541666666666667,0.7364583333333333,0.6736111111111112,0.7385416666666667,0.8708333333333332
