head_top_x,head_top_y,upper_neck_x,upper_neck_y,right_shoulder_x,right_shoulder_y,right_elbow_x,right_elbow_y,right_wrist_x,right_wrist_y,thorax_x,thorax_y,left_shoulder_x,left_shoulder_y,left_elbow_x,left_elbow_y,left_wrist_x,left_wrist_y,pelvis_x,pelvis_y,right_hip_x,right_hip_y,right_knee_x,right_knee_y,right_ankle_x,right_ankle_y,left_hip_x,left_hip_y,left_knee_x,left_knee_y,left_ankle_x,left_ankle_y
0.6114583333333333,0.2652777777777778,0.6010416666666667,0.4513888888888889,0.5614583333333333,0.4263888888888889,0.528125,0.4902777777777778,0.5322916666666667,0.4930555555555556,0.6052083333333333,0.4263888888888889,0.6510416666666666,0.42083333333333334,0.684375,0.4986111111111111,0.6864583333333333,0.5569444444444445,0.6052083333333333,0.5486111111111112,0.5760416666666667,0.5541666666666667,0.5760416666666667,0.6958333333333333,0.5802083333333333,0.8263888888888888,0.6322916666666667,0.5458333333333334,0.6385416666666667,0.7125,0.6427083333333333,0.8597222222222222
