head_top_x,head_top_y,upper_neck_x,upper_neck_y,right_shoulder_x,right_shoulder_y,right_elbow_x,right_elbow_y,right_wrist_x,right_wrist_y,thorax_x,thorax_y,left_shoulder_x,left_shoulder_y,left_elbow_x,left_elbow_y,left_wrist_x,left_wrist_y,pelvis_x,pelvis_y,right_hip_x,right_hip_y,right_knee_x,right_knee_y,right_ankle_x,right_ankle_y,left_hip_x,left_hip_y,left_knee_x,left_knee_y,left_ankle_x,left_ankle_y
0.5302083333333333,0.17638888888888885,0.578125,0.29305555555555557,0.5947916666666667,0.28472222222222227,0.5635416666666667,0.3819444444444444,0.46145833333333336,0.4708333333333334,0.5635416666666667,0.2819444444444445,0.5802083333333333,0.2791666666666666,0.5635416666666667,0.34861111111111115,0.46145833333333336,0.4680555555555555,0.5489583333333333,0.3013888888888889,0.465625,0.5263888888888889,0.43854166666666666,0.5375,0.4239583333333333,0.5402777777777777,0.553125,0.2736111111111111,0.440625,0.5402777777777777,0.421875,0.5375
