head_top_x,head_top_y,upper_neck_x,upper_neck_y,right_shoulder_x,right_shoulder_y,right_elbow_x,right_elbow_y,right_wrist_x,right_wrist_y,thorax_x,thorax_y,left_shoulder_x,left_shoulder_y,left_elbow_x,left_elbow_y,left_wrist_x,left_wrist_y,pelvis_x,pelvis_y,right_hip_x,right_hip_y,right_knee_x,right_knee_y,right_ankle_x,right_ankle_y,left_hip_x,left_hip_y,left_knee_x,left_knee_y,left_ankle_x,left_ankle_y
0.4298278443113772,0.721875,0.4547779441117765,0.5947916666666667,0.5545783433133733,0.5572916666666666,0.5545783433133733,0.5239583333333333,0.5452220558882235,0.42604166666666665,0.4610154690618763,0.5947916666666667,0.40175898203592825,0.6052083333333333,0.3300274451097805,0.49895833333333334,0.46725299401197606,0.37604166666666666,0.36745259481037923,0.4552083333333333,0.3580963073852296,0.46145833333333336,0.3955214570858285,0.40520833333333334,0.4641342315369262,0.40520833333333334,0.3799276447105788,0.4427083333333333,0.3736901197604791,0.38229166666666664,0.2863647704590819,0.3572916666666667
