head_top_x,head_top_y,upper_neck_x,upper_neck_y,right_shoulder_x,right_shoulder_y,right_elbow_x,right_elbow_y,right_wrist_x,right_wrist_y,thorax_x,thorax_y,left_shoulder_x,left_shoulder_y,left_elbow_x,left_elbow_y,left_wrist_x,left_wrist_y,pelvis_x,pelvis_y,right_hip_x,right_hip_y,right_knee_x,right_knee_y,right_ankle_x,right_ankle_y,left_hip_x,left_hip_y,left_knee_x,left_knee_y,left_ankle_x,left_ankle_y
0.31206726013847674,0.41354166666666664,0.3397626112759644,0.5052083333333334,0.31602373887240354,0.49270833333333336,0.41493570722057366,0.41354166666666664,0.47032640949554894,0.3302083333333333,0.3397626112759644,0.5072916666666667,0.387240356083086,0.5072916666666667,0.5257171117705243,0.5177083333333333,0.6444114737883284,0.4947916666666667,0.3595450049455983,0.6989583333333333,0.3278931750741839,0.696875,0.3595450049455983,0.790625,0.367457962413452,0.884375,0.3832838773491592,0.6989583333333333,0.45450049455984165,0.765625,0.5257171117705243,0.859375
