head_top_x,head_top_y,upper_neck_x,upper_neck_y,right_shoulder_x,right_shoulder_y,right_elbow_x,right_elbow_y,right_wrist_x,right_wrist_y,thorax_x,thorax_y,left_shoulder_x,left_shoulder_y,left_elbow_x,left_elbow_y,left_wrist_x,left_wrist_y,pelvis_x,pelvis_y,right_hip_x,right_hip_y,right_knee_x,right_knee_y,right_ankle_x,right_ankle_y,left_hip_x,left_hip_y,left_knee_x,left_knee_y,left_ankle_x,left_ankle_y
0.284375,0.23281250000000003,0.421875,0.3046875,0.48020833333333335,0.27343749999999994,0.6010416666666667,0.20781250000000004,0.5114583333333333,0.10468749999999999,0.44479166666666664,0.32031249999999994,0.403125,0.2828125,0.2760416666666667,0.2578125,0.48020833333333335,0.2421875,0.6114583333333333,0.5140625,0.640625,0.4828125,0.7947916666666667,0.5640625,0.8572916666666667,0.7328124999999999,0.5802083333333333,0.5359375,0.7947916666666667,0.5703125,0.5760416666666667,0.7359375
