head_top_x,head_top_y,upper_neck_x,upper_neck_y,right_shoulder_x,right_shoulder_y,right_elbow_x,right_elbow_y,right_wrist_x,right_wrist_y,thorax_x,thorax_y,left_shoulder_x,left_shoulder_y,left_elbow_x,left_elbow_y,left_wrist_x,left_wrist_y,pelvis_x,pelvis_y,right_hip_x,right_hip_y,right_knee_x,right_knee_y,right_ankle_x,right_ankle_y,left_hip_x,left_hip_y,left_knee_x,left_knee_y,left_ankle_x,left_ankle_y
0.4859813084112149,0.051041666666666666,0.5763239875389408,0.19895833333333332,0.4672897196261683,0.21979166666666666,0.37694704049844235,0.34270833333333334,0.205607476635514,0.3572916666666667,0.5856697819314641,0.21770833333333334,0.6978193146417446,0.215625,0.8411214953271029,0.3177083333333333,0.8380062305295951,0.43645833333333334,0.7289719626168224,0.4552083333333333,0.707165109034268,0.4635416666666667,0.8348909657320873,0.6635416666666667,0.9657320872274143,0.840625,0.7601246105919003,0.44895833333333335,0.6386292834890965,0.6364583333333333,0.64797507788162,0.8739583333333333
