head_top_x,head_top_y,upper_neck_x,upper_neck_y,right_shoulder_x,right_shoulder_y,right_elbow_x,right_elbow_y,right_wrist_x,right_wrist_y,thorax_x,thorax_y,left_shoulder_x,left_shoulder_y,left_elbow_x,left_elbow_y,left_wrist_x,left_wrist_y,pelvis_x,pelvis_y,right_hip_x,right_hip_y,right_knee_x,right_knee_y,right_ankle_x,right_ankle_y,left_hip_x,left_hip_y,left_knee_x,left_knee_y,left_ankle_x,left_ankle_y
0.7177083333333333,0.607981220657277,0.6364583333333333,0.5735524256651017,0.6552083333333333,0.5892018779342723,0.6447916666666667,0.5860719874804381,0.6552083333333333,0.554773082942097,0.6302083333333334,0.6017214397496088,0.6114583333333333,0.6424100156494523,0.621875,0.6737089201877934,0.6385416666666667,0.5923317683881063,0.428125,0.24491392801251957,0.434375,0.282472613458529,0.396875,0.5422535211267605,0.359375,0.6205007824726134,0.011458333333333333,1.0,0.421875,0.4139280125195618,0.3572916666666667,0.6205007824726134
