head_top_x,head_top_y,upper_neck_x,upper_neck_y,right_shoulder_x,right_shoulder_y,right_elbow_x,right_elbow_y,right_wrist_x,right_wrist_y,thorax_x,thorax_y,left_shoulder_x,left_shoulder_y,left_elbow_x,left_elbow_y,left_wrist_x,left_wrist_y,pelvis_x,pelvis_y,right_hip_x,right_hip_y,right_knee_x,right_knee_y,right_ankle_x,right_ankle_y,left_hip_x,left_hip_y,left_knee_x,left_knee_y,left_ankle_x,left_ankle_y
0.5552083333333333,0.09854677565849224,0.5947916666666667,0.34196185286103536,0.5114583333333333,0.3165304268846503,0.490625,0.4545867393278836,0.4510416666666667,0.5199818346957312,0.5885416666666666,0.3092643051771117,0.665625,0.2947320617620344,0.7114583333333333,0.4146230699364214,0.7552083333333334,0.5018165304268848,0.603125,0.4400544959128065,0.565625,0.45095367847411433,0.546875,0.57811080835604,0.5572916666666666,0.7343324250681199,0.6322916666666667,0.45095367847411433,0.6135416666666667,0.639872842870118,0.6947916666666667,0.7452316076294278
