head_top_x,head_top_y,upper_neck_x,upper_neck_y,right_shoulder_x,right_shoulder_y,right_elbow_x,right_elbow_y,right_wrist_x,right_wrist_y,thorax_x,thorax_y,left_shoulder_x,left_shoulder_y,left_elbow_x,left_elbow_y,left_wrist_x,left_wrist_y,pelvis_x,pelvis_y,right_hip_x,right_hip_y,right_knee_x,right_knee_y,right_ankle_x,right_ankle_y,left_hip_x,left_hip_y,left_knee_x,left_knee_y,left_ankle_x,left_ankle_y
0.5135416666666667,0.2402777777777778,0.4739583333333333,0.42083333333333334,0.421875,0.3736111111111111,0.3614583333333333,0.3347222222222222,0.315625,0.28472222222222227,0.4739583333333333,0.42083333333333334,0.5260416666666666,0.4708333333333334,0.534375,0.5430555555555556,0.49895833333333334,0.4041666666666666,0.440625,0.5652777777777778,0.409375,0.5625,0.3885416666666667,0.7125,0.39895833333333336,0.7347222222222222,0.46770833333333334,0.5736111111111111,0.465625,0.6819444444444445,0.46145833333333336,0.8291666666666666
