head_top_x,head_top_y,upper_neck_x,upper_neck_y,right_shoulder_x,right_shoulder_y,right_elbow_x,right_elbow_y,right_wrist_x,right_wrist_y,thorax_x,thorax_y,left_shoulder_x,left_shoulder_y,left_elbow_x,left_elbow_y,left_wrist_x,left_wrist_y,pelvis_x,pelvis_y,right_hip_x,right_hip_y,right_knee_x,right_knee_y,right_ankle_x,right_ankle_y,left_hip_x,left_hip_y,left_knee_x,left_knee_y,left_ankle_x,left_ankle_y
0.6864583333333333,0.020061728395061738,0.628125,0.07253086419753085,0.434375,0.5262345679012346,0.434375,0.47685185185185186,0.403125,0.40895061728395055,0.6072916666666667,0.12191358024691355,0.6197916666666666,0.125,0.41354166666666664,0.4922839506172839,0.41770833333333335,0.4737654320987654,0.6177083333333333,0.4675925925925926,0.621875,0.449074074074074,0.7677083333333333,0.17746913580246912,0.7864583333333334,0.5169753086419754,0.603125,0.47685185185185186,0.7447916666666666,0.15895061728395057,0.8114583333333333,0.5231481481481481
