head_top_x,head_top_y,upper_neck_x,upper_neck_y,right_shoulder_x,right_shoulder_y,right_elbow_x,right_elbow_y,right_wrist_x,right_wrist_y,thorax_x,thorax_y,left_shoulder_x,left_shoulder_y,left_elbow_x,left_elbow_y,left_wrist_x,left_wrist_y,pelvis_x,pelvis_y,right_hip_x,right_hip_y,right_knee_x,right_knee_y,right_ankle_x,right_ankle_y,left_hip_x,left_hip_y,left_knee_x,left_knee_y,left_ankle_x,left_ankle_y
0.390625,0.2625,0.5822916666666667,0.32916666666666666,0.565625,0.37083333333333335,0.696875,0.46527777777777773,0.6635416666666667,0.3458333333333334,0.553125,0.3680555555555556,0.5989583333333334,0.3902777777777778,0.703125,0.45694444444444443,0.7197916666666667,0.3652777777777778,0.484375,0.5763888888888888,0.453125,0.5902777777777778,0.39479166666666665,0.6319444444444445,0.440625,0.8847222222222223,0.49270833333333336,0.5597222222222222,0.38229166666666664,0.6402777777777778,0.4010416666666667,0.7791666666666667
