head_top_x,head_top_y,upper_neck_x,upper_neck_y,right_shoulder_x,right_shoulder_y,right_elbow_x,right_elbow_y,right_wrist_x,right_wrist_y,thorax_x,thorax_y,left_shoulder_x,left_shoulder_y,left_elbow_x,left_elbow_y,left_wrist_x,left_wrist_y,pelvis_x,pelvis_y,right_hip_x,right_hip_y,right_knee_x,right_knee_y,right_ankle_x,right_ankle_y,left_hip_x,left_hip_y,left_knee_x,left_knee_y,left_ankle_x,left_ankle_y
0.49033816425120785,0.16145833333333334,0.5538302277432713,0.31145833333333334,0.46549344375431334,0.3072916666666667,0.46549344375431334,0.403125,0.44616977225672877,0.4864583333333333,0.5510697032436164,0.30104166666666665,0.6338854382332644,0.296875,0.6642512077294686,0.403125,0.6725327812284334,0.484375,0.5703933747412008,0.48854166666666665,0.5317460317460317,0.490625,0.5289855072463768,0.6135416666666667,0.5289855072463768,0.7697916666666667,0.6090407177363699,0.484375,0.6145617667356797,0.6072916666666667,0.6394064872325742,0.759375
