head_top_x,head_top_y,upper_neck_x,upper_neck_y,right_shoulder_x,right_shoulder_y,right_elbow_x,right_elbow_y,right_wrist_x,right_wrist_y,thorax_x,thorax_y,left_shoulder_x,left_shoulder_y,left_elbow_x,left_elbow_y,left_wrist_x,left_wrist_y,pelvis_x,pelvis_y,right_hip_x,right_hip_y,right_knee_x,right_knee_y,right_ankle_x,right_ankle_y,left_hip_x,left_hip_y,left_knee_x,left_knee_y,left_ankle_x,left_ankle_y
0.43020833333333336,0.7003205128205128,0.4114583333333333,0.45645206243032327,0.33645833333333336,0.5121934225195095,0.24479166666666666,0.5296125975473801,0.13229166666666667,0.5783862876254181,0.4114583333333333,0.4808389074693422,0.484375,0.47038740245261984,0.5697916666666667,0.49477424749163884,0.671875,0.5365802675585284,0.403125,0.2927118171683389,0.3697916666666667,0.2927118171683389,0.403125,0.2613573021181717,0.484375,0.17774526198439244,0.428125,0.2892279821627648,0.4552083333333333,0.2892279821627648,0.321875,0.1742614269788183
