head_top_x,head_top_y,upper_neck_x,upper_neck_y,right_shoulder_x,right_shoulder_y,right_elbow_x,right_elbow_y,right_wrist_x,right_wrist_y,thorax_x,thorax_y,left_shoulder_x,left_shoulder_y,left_elbow_x,left_elbow_y,left_wrist_x,left_wrist_y,pelvis_x,pelvis_y,right_hip_x,right_hip_y,right_knee_x,right_knee_y,right_ankle_x,right_ankle_y,left_hip_x,left_hip_y,left_knee_x,left_knee_y,left_ankle_x,left_ankle_y
0.5302083333333333,0.21527777777777776,0.4635416666666667,0.41250000000000003,0.4010416666666667,0.43472222222222223,0.39895833333333336,0.4375,0.459375,0.3458333333333334,0.465625,0.4152777777777778,0.528125,0.4041666666666666,0.571875,0.46527777777777773,0.578125,0.39305555555555555,0.46979166666666666,0.5597222222222222,0.43854166666666666,0.5541666666666667,0.38645833333333335,0.6680555555555556,0.36354166666666665,0.8097222222222222,0.49895833333333334,0.5652777777777778,0.4739583333333333,0.6819444444444445,0.4552083333333333,0.7847222222222222
