head_top_x,head_top_y,upper_neck_x,upper_neck_y,right_shoulder_x,right_shoulder_y,right_elbow_x,right_elbow_y,right_wrist_x,right_wrist_y,thorax_x,thorax_y,left_shoulder_x,left_shoulder_y,left_elbow_x,left_elbow_y,left_wrist_x,left_wrist_y,pelvis_x,pelvis_y,right_hip_x,right_hip_y,right_knee_x,right_knee_y,right_ankle_x,right_ankle_y,left_hip_x,left_hip_y,left_knee_x,left_knee_y,left_ankle_x,left_ankle_y
0.765625,0.5458333333333334,0.228125,0.3958333333333333,0.23020833333333332,0.3680555555555556,0.31145833333333334,0.43194444444444446,0.7052083333333333,0.6708333333333334,0.22395833333333334,0.3819444444444444,0.23020833333333332,0.37916666666666665,0.221875,0.44027777777777777,0.5197916666666667,0.49583333333333335,0.478125,0.4791666666666667,0.5260416666666666,0.46527777777777773,0.14270833333333333,0.5347222222222222,0.04479166666666667,0.5208333333333334,0.43854166666666666,0.4847222222222222,0.06770833333333333,0.5597222222222222,0.07395833333333333,0.4791666666666667
