head_top_x,head_top_y,upper_neck_x,upper_neck_y,right_shoulder_x,right_shoulder_y,right_elbow_x,right_elbow_y,right_wrist_x,right_wrist_y,thorax_x,thorax_y,left_shoulder_x,left_shoulder_y,left_elbow_x,left_elbow_y,left_wrist_x,left_wrist_y,pelvis_x,pelvis_y,right_hip_x,right_hip_y,right_knee_x,right_knee_y,right_ankle_x,right_ankle_y,left_hip_x,left_hip_y,left_knee_x,left_knee_y,left_ankle_x,left_ankle_y
0.4635416666666667,0.34087102177554446,0.43645833333333334,0.5787269681742043,0.40520833333333334,0.602177554438861,0.421875,0.756281407035176,0.42604166666666665,0.8936348408710217,0.440625,0.568676716917923,0.47604166666666664,0.5720268006700168,0.490625,0.7294807370184254,0.428125,0.8768844221105528,0.434375,0.61892797319933,0.4239583333333333,0.6088777219430487,0.45729166666666665,0.7328308207705193,0.46145833333333336,0.6892797319932998,0.4322916666666667,0.6055276381909549,0.4822916666666667,0.7194304857621441,0.428125,0.7931323283082077
