head_top_x,head_top_y,upper_neck_x,upper_neck_y,right_shoulder_x,right_shoulder_y,right_elbow_x,right_elbow_y,right_wrist_x,right_wrist_y,thorax_x,thorax_y,left_shoulder_x,left_shoulder_y,left_elbow_x,left_elbow_y,left_wrist_x,left_wrist_y,pelvis_x,pelvis_y,right_hip_x,right_hip_y,right_knee_x,right_knee_y,right_ankle_x,right_ankle_y,left_hip_x,left_hip_y,left_knee_x,left_knee_y,left_ankle_x,left_ankle_y
0.5078064012490242,0.23854166666666668,0.4578454332552692,0.37604166666666666,0.39539422326307566,0.3489583333333333,0.382903981264637,0.396875,0.39539422326307566,0.4635416666666667,0.4640905542544886,0.35520833333333335,0.5327868852459016,0.35520833333333335,0.5452771272443403,0.3927083333333333,0.5327868852459016,0.4635416666666667,0.4578454332552692,0.490625,0.42349726775956287,0.5010416666666667,0.39851678376268534,0.5510416666666667,0.43911007025761123,0.640625,0.48907103825136605,0.471875,0.4953161592505854,0.5364583333333334,0.48907103825136605,0.6427083333333333
