head_top_x,head_top_y,upper_neck_x,upper_neck_y,right_shoulder_x,right_shoulder_y,right_elbow_x,right_elbow_y,right_wrist_x,right_wrist_y,thorax_x,thorax_y,left_shoulder_x,left_shoulder_y,left_elbow_x,left_elbow_y,left_wrist_x,left_wrist_y,pelvis_x,pelvis_y,right_hip_x,right_hip_y,right_knee_x,right_knee_y,right_ankle_x,right_ankle_y,left_hip_x,left_hip_y,left_knee_x,left_knee_y,left_ankle_x,left_ankle_y
0.721875,0.4485981308411216,0.7197916666666667,0.41433021806853587,0.7072916666666667,0.4236760124610592,0.603125,0.41433021806853587,0.7572916666666667,0.36448598130841126,0.721875,0.4080996884735203,0.7239583333333334,0.41744548286604366,0.7135416666666666,0.43613707165109034,0.7447916666666666,0.4112149532710281,0.49270833333333336,0.442367601246106,0.496875,0.43613707165109034,0.7302083333333333,0.49532710280373843,0.759375,0.41433021806853587,0.48854166666666665,0.43925233644859807,0.7364583333333333,0.48286604361370716,0.7572916666666667,0.41744548286604366
