head_top_x,head_top_y,upper_neck_x,upper_neck_y,right_shoulder_x,right_shoulder_y,right_elbow_x,right_elbow_y,right_wrist_x,right_wrist_y,thorax_x,thorax_y,left_shoulder_x,left_shoulder_y,left_elbow_x,left_elbow_y,left_wrist_x,left_wrist_y,pelvis_x,pelvis_y,right_hip_x,right_hip_y,right_knee_x,right_knee_y,right_ankle_x,right_ankle_y,left_hip_x,left_hip_y,left_knee_x,left_knee_y,left_ankle_x,left_ankle_y
0.5635416666666667,0.22755806654111743,0.521875,0.2953546767106089,0.546875,0.3279974890144382,0.6510416666666666,0.43345888261142496,0.6885416666666667,0.5062774639045826,0.496875,0.3330194601381042,0.546875,0.3003766478342749,0.6385416666666667,0.35812931575643436,0.665625,0.47865662272441933,0.6364583333333333,0.5087884494664155,0.6322916666666667,0.5012554927809165,0.5927083333333333,0.3279974890144382,0.46145833333333336,0.689579409918393,0.646875,0.5037664783427496,0.696875,0.5288763339610797,0.4739583333333333,0.6870684243565598
