head_top_x,head_top_y,upper_neck_x,upper_neck_y,right_shoulder_x,right_shoulder_y,right_elbow_x,right_elbow_y,right_wrist_x,right_wrist_y,thorax_x,thorax_y,left_shoulder_x,left_shoulder_y,left_elbow_x,left_elbow_y,left_wrist_x,left_wrist_y,pelvis_x,pelvis_y,right_hip_x,right_hip_y,right_knee_x,right_knee_y,right_ankle_x,right_ankle_y,left_hip_x,left_hip_y,left_knee_x,left_knee_y,left_ankle_x,left_ankle_y
0.5328638497652581,0.20520833333333333,0.5109546165884195,0.346875,0.45461658841940533,0.334375,0.4107981220657277,0.41770833333333335,0.36071987480438183,0.4822916666666667,0.5109546165884195,0.33645833333333336,0.5704225352112676,0.3385416666666667,0.5328638497652581,0.384375,0.4765258215962441,0.46145833333333336,0.5266040688575899,0.5322916666666667,0.48904538341158066,0.5302083333333333,0.4765258215962441,0.6697916666666667,0.5391236306729263,0.7677083333333333,0.5641627543035994,0.5322916666666667,0.5641627543035994,0.6635416666666667,0.5735524256651017,0.7822916666666667
