head_top_x,head_top_y,upper_neck_x,upper_neck_y,right_shoulder_x,right_shoulder_y,right_elbow_x,right_elbow_y,right_wrist_x,right_wrist_y,thorax_x,thorax_y,left_shoulder_x,left_shoulder_y,left_elbow_x,left_elbow_y,left_wrist_x,left_wrist_y,pelvis_x,pelvis_y,right_hip_x,right_hip_y,right_knee_x,right_knee_y,right_ankle_x,right_ankle_y,left_hip_x,left_hip_y,left_knee_x,left_knee_y,left_ankle_x,left_ankle_y
0.7263856362217017,0.228125,0.6701795472287275,0.3802083333333333,0.6139734582357533,0.3885416666666667,0.6233411397345823,0.49270833333333336,0.6920374707259954,0.43645833333333334,0.6701795472287275,0.38229166666666664,0.7263856362217017,0.37395833333333334,0.7138953942232631,0.4552083333333333,0.7513661202185793,0.48020833333333335,0.6639344262295082,0.565625,0.6420765027322405,0.5677083333333334,0.7326307572209211,0.7427083333333333,0.773224043715847,0.9135416666666667,0.6826697892271661,0.565625,0.6327088212334113,0.740625,0.5296643247462919,0.8885416666666667
