head_top_x,head_top_y,upper_neck_x,upper_neck_y,right_shoulder_x,right_shoulder_y,right_elbow_x,right_elbow_y,right_wrist_x,right_wrist_y,thorax_x,thorax_y,left_shoulder_x,left_shoulder_y,left_elbow_x,left_elbow_y,left_wrist_x,left_wrist_y,pelvis_x,pelvis_y,right_hip_x,right_hip_y,right_knee_x,right_knee_y,right_ankle_x,right_ankle_y,left_hip_x,left_hip_y,left_knee_x,left_knee_y,left_ankle_x,left_ankle_y
0.5322916666666667,0.15694444444444444,0.671875,0.18472222222222223,0.640625,0.17638888888888885,0.671875,0.3041666666666667,0.678125,0.4041666666666666,0.671875,0.1875,0.7052083333333333,0.19305555555555554,0.7614583333333333,0.29305555555555557,0.7239583333333334,0.3875,0.7197916666666667,0.40138888888888885,0.690625,0.40972222222222227,0.6010416666666667,0.5180555555555556,0.328125,0.4458333333333333,0.7427083333333333,0.4152777777777778,0.478125,0.4986111111111111,0.32395833333333335,0.44027777777777777
