head_top_x,head_top_y,upper_neck_x,upper_neck_y,right_shoulder_x,right_shoulder_y,right_elbow_x,right_elbow_y,right_wrist_x,right_wrist_y,thorax_x,thorax_y,left_shoulder_x,left_shoulder_y,left_elbow_x,left_elbow_y,left_wrist_x,left_wrist_y,pelvis_x,pelvis_y,right_hip_x,right_hip_y,right_knee_x,right_knee_y,right_ankle_x,right_ankle_y,left_hip_x,left_hip_y,left_knee_x,left_knee_y,left_ankle_x,left_ankle_y
0.5989583333333334,0.1013888888888889,0.5760416666666667,0.32916666666666666,0.4552083333333333,0.2902777777777778,0.33229166666666665,0.4263888888888889,0.30104166666666665,0.4458333333333333,0.578125,0.34027777777777773,0.6760416666666667,0.5763888888888888,0.5802083333333333,0.7291666666666666,0.446875,0.7652777777777778,0.5135416666666667,0.6208333333333332,0.4510416666666667,0.5652777777777778,0.359375,0.5902777777777778,0.2635416666666667,0.6736111111111112,0.553125,0.7013888888888888,0.384375,0.7708333333333334,0.384375,0.7847222222222222
