head_top_x,head_top_y,upper_neck_x,upper_neck_y,right_shoulder_x,right_shoulder_y,right_elbow_x,right_elbow_y,right_wrist_x,right_wrist_y,thorax_x,thorax_y,left_shoulder_x,left_shoulder_y,left_elbow_x,left_elbow_y,left_wrist_x,left_wrist_y,pelvis_x,pelvis_y,right_hip_x,right_hip_y,right_knee_x,right_knee_y,right_ankle_x,right_ankle_y,left_hip_x,left_hip_y,left_knee_x,left_knee_y,left_ankle_x,left_ankle_y
0.26145833333333335,0.13749999999999998,0.471875,0.30694444444444446,0.40520833333333334,0.3347222222222222,0.44895833333333335,0.3625,0.328125,0.41805555555555557,0.459375,0.30972222222222223,0.396875,0.31805555555555554,0.43854166666666666,0.43194444444444446,0.31354166666666666,0.4236111111111111,0.5489583333333333,0.3625,0.5385416666666667,0.3652777777777778,0.45729166666666665,0.48194444444444445,0.5177083333333333,0.5375,0.5572916666666666,0.3625,0.46979166666666666,0.4875,0.534375,0.5680555555555555
