head_top_x,head_top_y,upper_neck_x,upper_neck_y,right_shoulder_x,right_shoulder_y,right_elbow_x,right_elbow_y,right_wrist_x,right_wrist_y,thorax_x,thorax_y,left_shoulder_x,left_shoulder_y,left_elbow_x,left_elbow_y,left_wrist_x,left_wrist_y,pelvis_x,pelvis_y,right_hip_x,right_hip_y,right_knee_x,right_knee_y,right_ankle_x,right_ankle_y,left_hip_x,left_hip_y,left_knee_x,left_knee_y,left_ankle_x,left_ankle_y
0.31979166666666664,0.5078064012490242,0.44479166666666664,0.47345823575331775,0.38229166666666664,0.40788446526151434,0.45729166666666665,0.5796252927400468,0.421875,0.49219359875097574,0.434375,0.4672131147540984,0.3885416666666667,0.38602654176424667,0.471875,0.5952380952380953,0.44479166666666664,0.5327868852459016,0.546875,0.47970335675253706,0.5489583333333333,0.4609679937548789,0.465625,0.3173302107728337,0.4114583333333333,0.48282591725214674,0.534375,0.49219359875097574,0.440625,0.4484777517564402,0.41354166666666664,0.47970335675253706
