head_top_x,head_top_y,upper_neck_x,upper_neck_y,right_shoulder_x,right_shoulder_y,right_elbow_x,right_elbow_y,right_wrist_x,right_wrist_y,thorax_x,thorax_y,left_shoulder_x,left_shoulder_y,left_elbow_x,left_elbow_y,left_wrist_x,left_wrist_y,pelvis_x,pelvis_y,right_hip_x,right_hip_y,right_knee_x,right_knee_y,right_ankle_x,right_ankle_y,left_hip_x,left_hip_y,left_knee_x,left_knee_y,left_ankle_x,left_ankle_y
0.41710460460460463,0.08020833333333334,0.5046921921921923,0.22604166666666667,0.673611111111111,0.24479166666666666,0.7205330330330331,0.471875,0.254441941941942,0.246875,0.523460960960961,0.26145833333333335,0.37331081081081086,0.2760416666666667,0.7361736736736738,0.4947916666666667,0.2106481481481482,0.228125,0.5172047047047047,0.5677083333333334,0.573511011011011,0.5739583333333333,0.3295170170170171,0.665625,0.670482982982983,0.8947916666666667,0.45777027027027034,0.559375,0.31074824824824826,0.6697916666666667,0.38895145145145144,0.9177083333333333
