head_top_x,head_top_y,upper_neck_x,upper_neck_y,right_shoulder_x,right_shoulder_y,right_elbow_x,right_elbow_y,right_wrist_x,right_wrist_y,thorax_x,thorax_y,left_shoulder_x,left_shoulder_y,left_elbow_x,left_elbow_y,left_wrist_x,left_wrist_y,pelvis_x,pelvis_y,right_hip_x,right_hip_y,right_knee_x,right_knee_y,right_ankle_x,right_ankle_y,left_hip_x,left_hip_y,left_knee_x,left_knee_y,left_ankle_x,left_ankle_y
0.434375,0.2041666666666667,0.4197916666666667,0.3680555555555556,0.403125,0.3041666666666667,0.37395833333333334,0.3013888888888889,0.334375,0.32916666666666666,0.428125,0.31527777777777777,0.459375,0.3125,0.540625,0.30694444444444446,0.6072916666666667,0.30694444444444446,0.396875,0.4680555555555555,0.3802083333333333,0.46249999999999997,0.3489583333333333,0.5569444444444445,0.346875,0.626388888888889,0.415625,0.47361111111111115,0.44479166666666664,0.5708333333333333,0.4635416666666667,0.6569444444444444
