head_top_x,head_top_y,upper_neck_x,upper_neck_y,right_shoulder_x,right_shoulder_y,right_elbow_x,right_elbow_y,right_wrist_x,right_wrist_y,thorax_x,thorax_y,left_shoulder_x,left_shoulder_y,left_elbow_x,left_elbow_y,left_wrist_x,left_wrist_y,pelvis_x,pelvis_y,right_hip_x,right_hip_y,right_knee_x,right_knee_y,right_ankle_x,right_ankle_y,left_hip_x,left_hip_y,left_knee_x,left_knee_y,left_ankle_x,left_ankle_y
0.4791666666666667,0.096875,0.4847222222222222,0.246875,0.42083333333333334,0.19895833333333332,0.33749999999999997,0.20520833333333333,0.2263888888888889,0.20729166666666668,0.4902777777777778,0.22604166666666667,0.5513888888888889,0.253125,0.5458333333333334,0.3489583333333333,0.4597222222222222,0.3697916666666667,0.5430555555555556,0.37604166666666666,0.4791666666666667,0.371875,0.4263888888888889,0.534375,0.40972222222222227,0.6989583333333333,0.6041666666666666,0.38229166666666664,0.5597222222222222,0.5677083333333334,0.5291666666666667,0.646875
