head_top_x,head_top_y,upper_neck_x,upper_neck_y,right_shoulder_x,right_shoulder_y,right_elbow_x,right_elbow_y,right_wrist_x,right_wrist_y,thorax_x,thorax_y,left_shoulder_x,left_shoulder_y,left_elbow_x,left_elbow_y,left_wrist_x,left_wrist_y,pelvis_x,pelvis_y,right_hip_x,right_hip_y,right_knee_x,right_knee_y,right_ankle_x,right_ankle_y,left_hip_x,left_hip_y,left_knee_x,left_knee_y,left_ankle_x,left_ankle_y
0.3819444444444444,0.6635416666666667,0.4847222222222222,0.5052083333333334,0.46527777777777773,0.5822916666666667,0.3680555555555556,0.696875,0.37916666666666665,0.728125,0.46527777777777773,0.5614583333333333,0.4486111111111111,0.5802083333333333,0.3736111111111111,0.6697916666666667,0.3875,0.6885416666666667,0.47361111111111115,0.340625,0.4902777777777778,0.34270833333333334,0.8569444444444444,0.43854166666666666,0.3541666666666667,0.09479166666666666,0.4375,0.33229166666666665,0.7652777777777778,0.434375,0.29305555555555557,0.090625
