head_top_x,head_top_y,upper_neck_x,upper_neck_y,right_shoulder_x,right_shoulder_y,right_elbow_x,right_elbow_y,right_wrist_x,right_wrist_y,thorax_x,thorax_y,left_shoulder_x,left_shoulder_y,left_elbow_x,left_elbow_y,left_wrist_x,left_wrist_y,pelvis_x,pelvis_y,right_hip_x,right_hip_y,right_knee_x,right_knee_y,right_ankle_x,right_ankle_y,left_hip_x,left_hip_y,left_knee_x,left_knee_y,left_ankle_x,left_ankle_y
0.553125,0.08854166666666667,0.496875,0.228125,0.42604166666666665,0.20104166666666667,0.353125,0.29270833333333335,0.384375,0.328125,0.496875,0.22604166666666667,0.565625,0.2552083333333333,0.5864583333333333,0.365625,0.6614583333333334,0.384375,0.471875,0.434375,0.42604166666666665,0.43854166666666666,0.3385416666666667,0.5927083333333333,0.2947916666666667,0.7427083333333333,0.5197916666666667,0.4322916666666667,0.6302083333333334,0.590625,0.6989583333333333,0.7697916666666667
