head_top_x,head_top_y,upper_neck_x,upper_neck_y,right_shoulder_x,right_shoulder_y,right_elbow_x,right_elbow_y,right_wrist_x,right_wrist_y,thorax_x,thorax_y,left_shoulder_x,left_shoulder_y,left_elbow_x,left_elbow_y,left_wrist_x,left_wrist_y,pelvis_x,pelvis_y,right_hip_x,right_hip_y,right_knee_x,right_knee_y,right_ankle_x,right_ankle_y,left_hip_x,left_hip_y,left_knee_x,left_knee_y,left_ankle_x,left_ankle_y
0.634375,0.1133879781420765,0.571875,0.3101092896174864,0.490625,0.3128415300546448,0.34270833333333334,0.35382513661202186,0.19479166666666667,0.3674863387978143,0.5635416666666667,0.3319672131147542,0.6364583333333333,0.35928961748633875,0.6822916666666666,0.4467213114754098,0.6697916666666667,0.5915300546448088,0.5635416666666667,0.6133879781420765,0.5197916666666667,0.6325136612021859,0.6072916666666667,0.4521857923497269,0.659375,0.6625683060109289,0.6010416666666667,0.5942622950819673,0.7447916666666666,0.4084699453551914,0.7052083333333333,0.6489071038251366
