head_top_x,head_top_y,upper_neck_x,upper_neck_y,right_shoulder_x,right_shoulder_y,right_elbow_x,right_elbow_y,right_wrist_x,right_wrist_y,thorax_x,thorax_y,left_shoulder_x,left_shoulder_y,left_elbow_x,left_elbow_y,left_wrist_x,left_wrist_y,pelvis_x,pelvis_y,right_hip_x,right_hip_y,right_knee_x,right_knee_y,right_ankle_x,right_ankle_y,left_hip_x,left_hip_y,left_knee_x,left_knee_y,left_ankle_x,left_ankle_y
0.5114583333333333,0.32425562817719683,0.490625,0.527596223674655,0.459375,0.5421205519244734,0.421875,0.6844589687726943,0.48854166666666665,0.6263616557734204,0.496875,0.5305010893246187,0.5385416666666667,0.5246913580246914,0.565625,0.632171387073348,0.5510416666666667,0.6815541031227307,0.4864583333333333,0.6437908496732027,0.46979166666666666,0.6263616557734204,0.4947916666666667,0.6292665214233841,0.5135416666666667,0.6554103122730573,0.49270833333333336,0.6437908496732027,0.5552083333333333,0.6902687000726216,0.515625,0.5798838053740014
