head_top_x,head_top_y,upper_neck_x,upper_neck_y,right_shoulder_x,right_shoulder_y,right_elbow_x,right_elbow_y,right_wrist_x,right_wrist_y,thorax_x,thorax_y,left_shoulder_x,left_shoulder_y,left_elbow_x,left_elbow_y,left_wrist_x,left_wrist_y,pelvis_x,pelvis_y,right_hip_x,right_hip_y,right_knee_x,right_knee_y,right_ankle_x,right_ankle_y,left_hip_x,left_hip_y,left_knee_x,left_knee_y,left_ankle_x,left_ankle_y
0.5135501355013551,0.013541666666666667,0.5189701897018971,0.153125,0.2479674796747968,0.20520833333333333,0.18834688346883466,0.365625,0.1504065040650406,0.5072916666666667,0.5135501355013551,0.20729166666666668,0.7791327913279132,0.20520833333333333,0.8170731707317072,0.3572916666666667,0.8604336043360433,0.490625,0.5135501355013551,0.478125,0.38346883468834686,0.4822916666666667,0.38888888888888884,0.684375,0.4322493224932249,0.871875,0.6382113821138211,0.47604166666666664,0.7140921409214092,0.6947916666666667,0.7953929539295392,0.859375
