head_top_x,head_top_y,upper_neck_x,upper_neck_y,right_shoulder_x,right_shoulder_y,right_elbow_x,right_elbow_y,right_wrist_x,right_wrist_y,thorax_x,thorax_y,left_shoulder_x,left_shoulder_y,left_elbow_x,left_elbow_y,left_wrist_x,left_wrist_y,pelvis_x,pelvis_y,right_hip_x,right_hip_y,right_knee_x,right_knee_y,right_ankle_x,right_ankle_y,left_hip_x,left_hip_y,left_knee_x,left_knee_y,left_ankle_x,left_ankle_y
0.37604166666666666,0.20458135860979465,0.3385416666666667,0.4320695102685624,0.3072916666666667,0.36571879936808843,0.31354166666666666,0.3436018957345971,0.3614583333333333,0.25829383886255924,0.34479166666666666,0.38783570300157977,0.359375,0.3909952606635071,0.39479166666666665,0.31200631911532384,0.37395833333333334,0.26145339652448657,0.35520833333333335,0.5584518167456557,0.346875,0.5647709320695102,0.340625,0.6595576619273302,0.35520833333333335,0.8364928909952607,0.36354166666666665,0.5552922590837284,0.3489583333333333,0.6595576619273302,0.36354166666666665,0.8554502369668247
