head_top_x,head_top_y,upper_neck_x,upper_neck_y,right_shoulder_x,right_shoulder_y,right_elbow_x,right_elbow_y,right_wrist_x,right_wrist_y,thorax_x,thorax_y,left_shoulder_x,left_shoulder_y,left_elbow_x,left_elbow_y,left_wrist_x,left_wrist_y,pelvis_x,pelvis_y,right_hip_x,right_hip_y,right_knee_x,right_knee_y,right_ankle_x,right_ankle_y,left_hip_x,left_hip_y,left_knee_x,left_knee_y,left_ankle_x,left_ankle_y
0.4683972911963883,0.178125,0.3961625282167042,0.328125,0.2697516930022574,0.3260416666666667,0.2516930022573364,0.4822916666666667,0.3961625282167042,0.415625,0.39917231000752457,0.3302083333333333,0.5255831452219714,0.3302083333333333,0.5346124905944318,0.478125,0.5045146726862303,0.4427083333333333,0.35402558314522203,0.5364583333333334,0.28480060195635815,0.5427083333333333,0.1794582392776524,0.559375,0.6128668171557562,0.7677083333333333,0.4232505643340858,0.5260416666666666,0.5586907449209932,0.571875,0.6339352896914973,0.8114583333333333
