head_top_x,head_top_y,upper_neck_x,upper_neck_y,right_shoulder_x,right_shoulder_y,right_elbow_x,right_elbow_y,right_wrist_x,right_wrist_y,thorax_x,thorax_y,left_shoulder_x,left_shoulder_y,left_elbow_x,left_elbow_y,left_wrist_x,left_wrist_y,pelvis_x,pelvis_y,right_hip_x,right_hip_y,right_knee_x,right_knee_y,right_ankle_x,right_ankle_y,left_hip_x,left_hip_y,left_knee_x,left_knee_y,left_ankle_x,left_ankle_y
0.3857589984350548,0.090625,0.4420970266040689,0.24895833333333334,0.3200312989045383,0.259375,0.3075117370892019,0.34270833333333334,0.48904538341158066,0.35520833333333335,0.4514866979655712,0.265625,0.5798122065727699,0.2760416666666667,0.6517996870109547,0.38645833333333335,0.6893583724569641,0.4947916666666667,0.46087636932707354,0.4947916666666667,0.3888888888888889,0.4947916666666667,0.42644757433489827,0.584375,0.5422535211267605,0.7760416666666666,0.5297339593114241,0.5010416666666667,0.5704225352112676,0.7135416666666666,0.3482003129890454,0.703125
