head_top_x,head_top_y,upper_neck_x,upper_neck_y,right_shoulder_x,right_shoulder_y,right_elbow_x,right_elbow_y,right_wrist_x,right_wrist_y,thorax_x,thorax_y,left_shoulder_x,left_shoulder_y,left_elbow_x,left_elbow_y,left_wrist_x,left_wrist_y,pelvis_x,pelvis_y,right_hip_x,right_hip_y,right_knee_x,right_knee_y,right_ankle_x,right_ankle_y,left_hip_x,left_hip_y,left_knee_x,left_knee_y,left_ankle_x,left_ankle_y
0.5010416666666667,0.22300469483568075,0.5197916666666667,0.42331768388106417,0.45729166666666665,0.3888888888888889,0.44479166666666664,0.5203442879499217,0.4552083333333333,0.6142410015649452,0.5177083333333333,0.36697965571205005,0.5760416666666667,0.34507042253521125,0.615625,0.4358372456964006,0.6364583333333333,0.49530516431924887,0.5364583333333334,0.604851330203443,0.5052083333333334,0.6111111111111112,0.5052083333333334,0.7707355242566509,0.48020833333333335,0.9491392801251957,0.5697916666666667,0.6017214397496088,0.578125,0.7644757433489827,0.5802083333333333,0.9241001564945228
