head_top_x,head_top_y,upper_neck_x,upper_neck_y,right_shoulder_x,right_shoulder_y,right_elbow_x,right_elbow_y,right_wrist_x,right_wrist_y,thorax_x,thorax_y,left_shoulder_x,left_shoulder_y,left_elbow_x,left_elbow_y,left_wrist_x,left_wrist_y,pelvis_x,pelvis_y,right_hip_x,right_hip_y,right_knee_x,right_knee_y,right_ankle_x,right_ankle_y,left_hip_x,left_hip_y,left_knee_x,left_knee_y,left_ankle_x,left_ankle_y
0.5302083333333333,0.07064793130366898,0.5864583333333333,0.2798594847775176,0.546875,0.2923497267759562,0.5552083333333333,0.382903981264637,0.5510416666666667,0.4640905542544886,0.590625,0.2985948477751756,0.634375,0.2985948477751756,0.6677083333333333,0.3704137392661982,0.6489583333333333,0.4640905542544886,0.6114583333333333,0.48282591725214674,0.584375,0.4765807962529274,0.5447916666666667,0.5952380952380953,0.534375,0.7388758782201406,0.6364583333333333,0.48282591725214674,0.640625,0.6108508977361436,0.678125,0.7669789227166276
