head_top_x,head_top_y,upper_neck_x,upper_neck_y,right_shoulder_x,right_shoulder_y,right_elbow_x,right_elbow_y,right_wrist_x,right_wrist_y,thorax_x,thorax_y,left_shoulder_x,left_shoulder_y,left_elbow_x,left_elbow_y,left_wrist_x,left_wrist_y,pelvis_x,pelvis_y,right_hip_x,right_hip_y,right_knee_x,right_knee_y,right_ankle_x,right_ankle_y,left_hip_x,left_hip_y,left_knee_x,left_knee_y,left_ankle_x,left_ankle_y
0.471875,0.2954722872755659,0.3572916666666667,0.3579234972677595,0.35104166666666664,0.382903981264637,0.496875,0.18930523028883683,0.415625,0.2985948477751756,0.384375,0.3704137392661982,0.446875,0.323575331772053,0.49270833333333336,0.19242779078844652,0.40520833333333334,0.3017174082747853,0.4864583333333333,0.5202966432474629,0.503125,0.5452771272443403,0.6739583333333333,0.5390320062451209,0.778125,0.5483996877439501,0.46979166666666666,0.5078064012490242,0.6989583333333333,0.5265417642466823,0.784375,0.5546448087431695
