head_top_x,head_top_y,upper_neck_x,upper_neck_y,right_shoulder_x,right_shoulder_y,right_elbow_x,right_elbow_y,right_wrist_x,right_wrist_y,thorax_x,thorax_y,left_shoulder_x,left_shoulder_y,left_elbow_x,left_elbow_y,left_wrist_x,left_wrist_y,pelvis_x,pelvis_y,right_hip_x,right_hip_y,right_knee_x,right_knee_y,right_ankle_x,right_ankle_y,left_hip_x,left_hip_y,left_knee_x,left_knee_y,left_ankle_x,left_ankle_y
0.5822916666666667,0.15495706479313032,0.6010416666666667,0.40788446526151434,0.5802083333333333,0.44223263075722086,0.5552083333333333,0.4516003122560499,0.5177083333333333,0.4765807962529274,0.6052083333333333,0.42661982825917255,0.6364583333333333,0.4172521467603434,0.659375,0.43598750975800155,0.6989583333333333,0.4765807962529274,0.6052083333333333,0.4984387197501951,0.5885416666666666,0.4859484777517564,0.6010416666666667,0.5671350507416081,0.6197916666666666,0.7295081967213114,0.6135416666666667,0.4765807962529274,0.6239583333333333,0.5515222482435598,0.6614583333333334,0.6889149102263857
