head_top_x,head_top_y,upper_neck_x,upper_neck_y,right_shoulder_x,right_shoulder_y,right_elbow_x,right_elbow_y,right_wrist_x,right_wrist_y,thorax_x,thorax_y,left_shoulder_x,left_shoulder_y,left_elbow_x,left_elbow_y,left_wrist_x,left_wrist_y,pelvis_x,pelvis_y,right_hip_x,right_hip_y,right_knee_x,right_knee_y,right_ankle_x,right_ankle_y,left_hip_x,left_hip_y,left_knee_x,left_knee_y,left_ankle_x,left_ankle_y
0.5471092077087795,0.042708333333333334,0.49571734475374724,0.19270833333333334,0.3986438258386866,0.203125,0.3215560314061385,0.303125,0.2987152034261242,0.4114583333333333,0.49571734475374724,0.19895833333333332,0.5956459671663098,0.20104166666666667,0.5642398286937902,0.29270833333333335,0.5927908636688081,0.3177083333333333,0.47287651677373305,0.41354166666666664,0.4329050678087081,0.4114583333333333,0.498572448251249,0.5822916666666667,0.4043540328336902,0.7489583333333333,0.5157030692362599,0.4114583333333333,0.43861527480371165,0.5864583333333333,0.4186295503211991,0.7489583333333333
