head_top_x,head_top_y,upper_neck_x,upper_neck_y,right_shoulder_x,right_shoulder_y,right_elbow_x,right_elbow_y,right_wrist_x,right_wrist_y,thorax_x,thorax_y,left_shoulder_x,left_shoulder_y,left_elbow_x,left_elbow_y,left_wrist_x,left_wrist_y,pelvis_x,pelvis_y,right_hip_x,right_hip_y,right_knee_x,right_knee_y,right_ankle_x,right_ankle_y,left_hip_x,left_hip_y,left_knee_x,left_knee_y,left_ankle_x,left_ankle_y
0.5802083333333333,0.2245508982035928,0.5802083333333333,0.42681304058549563,0.5364583333333334,0.4108449767132402,0.5177083333333333,0.5199600798403193,0.534375,0.4614105123087159,0.5822916666666667,0.4081836327345309,0.6302083333333334,0.4055222887558217,0.6677083333333333,0.4693945442448436,0.6385416666666667,0.48802395209580834,0.5885416666666666,0.570525615435795,0.5635416666666667,0.570525615435795,0.565625,0.6583499667332001,0.5947916666666667,0.7461743180306054,0.6135416666666667,0.5731869594145043,0.6114583333333333,0.6610113107119095,0.6114583333333333,0.775449101796407
