head_top_x,head_top_y,upper_neck_x,upper_neck_y,right_shoulder_x,right_shoulder_y,right_elbow_x,right_elbow_y,right_wrist_x,right_wrist_y,thorax_x,thorax_y,left_shoulder_x,left_shoulder_y,left_elbow_x,left_elbow_y,left_wrist_x,left_wrist_y,pelvis_x,pelvis_y,right_hip_x,right_hip_y,right_knee_x,right_knee_y,right_ankle_x,right_ankle_y,left_hip_x,left_hip_y,left_knee_x,left_knee_y,left_ankle_x,left_ankle_y
0.31979166666666664,0.10406885758998435,0.428125,0.25117370892018775,0.3572916666666667,0.20422535211267603,0.28854166666666664,0.24178403755868547,0.21770833333333334,0.2981220657276995,0.41770833333333335,0.23239436619718315,0.4739583333333333,0.24804381846635368,0.5739583333333333,0.2668231611893584,0.6260416666666667,0.36071987480438183,0.515625,0.37010954616588415,0.48020833333333335,0.3857589984350548,0.409375,0.5422535211267605,0.4427083333333333,0.7363067292644758,0.5489583333333333,0.35758998435054773,0.5197916666666667,0.5015649452269171,0.5489583333333333,0.7050078247261345
