head_top_x,head_top_y,upper_neck_x,upper_neck_y,right_shoulder_x,right_shoulder_y,right_elbow_x,right_elbow_y,right_wrist_x,right_wrist_y,thorax_x,thorax_y,left_shoulder_x,left_shoulder_y,left_elbow_x,left_elbow_y,left_wrist_x,left_wrist_y,pelvis_x,pelvis_y,right_hip_x,right_hip_y,right_knee_x,right_knee_y,right_ankle_x,right_ankle_y,left_hip_x,left_hip_y,left_knee_x,left_knee_y,left_ankle_x,left_ankle_y
0.490625,0.2990196078431373,0.353125,0.37091503267973863,0.321875,0.4264705882352941,0.45729166666666665,0.400326797385621,0.515625,0.24673202614379092,0.35520833333333335,0.3839869281045752,0.3260416666666667,0.42973856209150324,0.46145833333333336,0.39705882352941185,0.5135416666666667,0.26633986928104575,0.5302083333333333,0.4787581699346405,0.5239583333333333,0.4820261437908496,0.4635416666666667,0.35784313725490197,0.2760416666666667,0.3316993464052288,0.5385416666666667,0.49183006535947726,0.440625,0.3611111111111111,0.27395833333333336,0.3251633986928105
