head_top_x,head_top_y,upper_neck_x,upper_neck_y,right_shoulder_x,right_shoulder_y,right_elbow_x,right_elbow_y,right_wrist_x,right_wrist_y,thorax_x,thorax_y,left_shoulder_x,left_shoulder_y,left_elbow_x,left_elbow_y,left_wrist_x,left_wrist_y,pelvis_x,pelvis_y,right_hip_x,right_hip_y,right_knee_x,right_knee_y,right_ankle_x,right_ankle_y,left_hip_x,left_hip_y,left_knee_x,left_knee_y,left_ankle_x,left_ankle_y
0.8169398907103824,0.3072916666666667,0.5546448087431695,0.6572916666666667,0.6889149102263857,0.6489583333333333,0.617096018735363,0.5927083333333333,0.5765027322404371,0.5177083333333333,0.5702576112412178,0.6739583333333333,0.6608118657298985,0.659375,0.7357533177205309,0.6260416666666667,0.5858704137392662,0.534375,0.4516003122560499,0.44479166666666664,0.43286494925839186,0.4552083333333333,0.5515222482435598,0.3697916666666667,0.2236533957845433,0.440625,0.43598750975800155,0.4427083333333333,0.5390320062451209,0.3260416666666667,0.22677595628415295,0.43854166666666666
