head_top_x,head_top_y,upper_neck_x,upper_neck_y,right_shoulder_x,right_shoulder_y,right_elbow_x,right_elbow_y,right_wrist_x,right_wrist_y,thorax_x,thorax_y,left_shoulder_x,left_shoulder_y,left_elbow_x,left_elbow_y,left_wrist_x,left_wrist_y,pelvis_x,pelvis_y,right_hip_x,right_hip_y,right_knee_x,right_knee_y,right_ankle_x,right_ankle_y,left_hip_x,left_hip_y,left_knee_x,left_knee_y,left_ankle_x,left_ankle_y
0.5885416666666666,0.15807962529274,0.5927083333333333,0.3641686182669789,0.5364583333333334,0.2985948477751756,0.5072916666666667,0.38914910226385635,0.490625,0.4672131147540984,0.5864583333333333,0.3298204527712724,0.634375,0.3704137392661982,0.6385416666666667,0.4578454332552692,0.396875,0.3485558157689305,0.5489583333333333,0.5390320062451209,0.546875,0.5296643247462919,0.540625,0.6420765027322405,0.6072916666666667,0.6826697892271661,0.5489583333333333,0.5421545667447306,0.5322916666666667,0.7388758782201406,0.546875,0.7076502732240437
