head_top_x,head_top_y,upper_neck_x,upper_neck_y,right_shoulder_x,right_shoulder_y,right_elbow_x,right_elbow_y,right_wrist_x,right_wrist_y,thorax_x,thorax_y,left_shoulder_x,left_shoulder_y,left_elbow_x,left_elbow_y,left_wrist_x,left_wrist_y,pelvis_x,pelvis_y,right_hip_x,right_hip_y,right_knee_x,right_knee_y,right_ankle_x,right_ankle_y,left_hip_x,left_hip_y,left_knee_x,left_knee_y,left_ankle_x,left_ankle_y
0.5208333333333334,0.03854166666666667,0.501388888888889,0.19895833333333332,0.3986111111111111,0.171875,0.3680555555555556,0.3572916666666667,0.3513888888888889,0.271875,0.5041666666666668,0.20729166666666668,0.5986111111111111,0.24895833333333334,0.6097222222222222,0.3885416666666667,0.4763888888888889,0.34270833333333334,0.48194444444444445,0.44895833333333335,0.4263888888888889,0.43854166666666666,0.43472222222222223,0.6447916666666667,0.5236111111111111,0.8322916666666667,0.5347222222222222,0.4552083333333333,0.4902777777777778,0.671875,0.5236111111111111,0.8677083333333333
