head_top_x,head_top_y,upper_neck_x,upper_neck_y,right_shoulder_x,right_shoulder_y,right_elbow_x,right_elbow_y,right_wrist_x,right_wrist_y,thorax_x,thorax_y,left_shoulder_x,left_shoulder_y,left_elbow_x,left_elbow_y,left_wrist_x,left_wrist_y,pelvis_x,pelvis_y,right_hip_x,right_hip_y,right_knee_x,right_knee_y,right_ankle_x,right_ankle_y,left_hip_x,left_hip_y,left_knee_x,left_knee_y,left_ankle_x,left_ankle_y
0.484375,0.0162534435261708,0.40520833333333334,0.17052341597796142,0.321875,0.10661157024793387,0.18229166666666666,0.16611570247933885,0.10520833333333333,0.2278236914600551,0.40520833333333334,0.17052341597796142,0.49270833333333336,0.2190082644628099,0.5677083333333334,0.3909090909090909,0.6447916666666667,0.5429752066115703,0.271875,0.4658402203856749,0.203125,0.4790633608815427,0.3572916666666667,0.2586776859504132,0.453125,0.5539944903581268,0.340625,0.45482093663911843,0.5572916666666666,0.4658402203856749,0.5052083333333334,0.5672176308539946
