head_top_x,head_top_y,upper_neck_x,upper_neck_y,right_shoulder_x,right_shoulder_y,right_elbow_x,right_elbow_y,right_wrist_x,right_wrist_y,thorax_x,thorax_y,left_shoulder_x,left_shoulder_y,left_elbow_x,left_elbow_y,left_wrist_x,left_wrist_y,pelvis_x,pelvis_y,right_hip_x,right_hip_y,right_knee_x,right_knee_y,right_ankle_x,right_ankle_y,left_hip_x,left_hip_y,left_knee_x,left_knee_y,left_ankle_x,left_ankle_y
0.5458333333333334,0.06145833333333333,0.5069444444444445,0.22604166666666667,0.3680555555555556,0.265625,0.32916666666666666,0.38229166666666664,0.5625,0.3927083333333333,0.4930555555555556,0.25729166666666664,0.6124999999999999,0.25104166666666666,0.7819444444444444,0.30520833333333336,0.6875,0.18854166666666666,0.48194444444444445,0.5052083333333334,0.41805555555555557,0.515625,0.3763888888888889,0.6947916666666667,0.3458333333333334,0.846875,0.5430555555555556,0.49895833333333334,0.6319444444444445,0.671875,0.6708333333333334,0.853125
