head_top_x,head_top_y,upper_neck_x,upper_neck_y,right_shoulder_x,right_shoulder_y,right_elbow_x,right_elbow_y,right_wrist_x,right_wrist_y,thorax_x,thorax_y,left_shoulder_x,left_shoulder_y,left_elbow_x,left_elbow_y,left_wrist_x,left_wrist_y,pelvis_x,pelvis_y,right_hip_x,right_hip_y,right_knee_x,right_knee_y,right_ankle_x,right_ankle_y,left_hip_x,left_hip_y,left_knee_x,left_knee_y,left_ankle_x,left_ankle_y
0.5046838407494146,0.04479166666666667,0.4859484777517564,0.18854166666666666,0.4141295862607337,0.17604166666666668,0.39539422326307566,0.24895833333333334,0.39227166276346603,0.33645833333333336,0.48907103825136605,0.18229166666666666,0.5702576112412178,0.16979166666666667,0.5608899297423888,0.23854166666666668,0.47033567525370806,0.17395833333333333,0.48907103825136605,0.334375,0.43598750975800155,0.3385416666666667,0.4141295862607337,0.46979166666666666,0.42661982825917255,0.603125,0.5390320062451209,0.33229166666666665,0.5608899297423888,0.4739583333333333,0.5515222482435598,0.5947916666666667
