head_top_x,head_top_y,upper_neck_x,upper_neck_y,right_shoulder_x,right_shoulder_y,right_elbow_x,right_elbow_y,right_wrist_x,right_wrist_y,thorax_x,thorax_y,left_shoulder_x,left_shoulder_y,left_elbow_x,left_elbow_y,left_wrist_x,left_wrist_y,pelvis_x,pelvis_y,right_hip_x,right_hip_y,right_knee_x,right_knee_y,right_ankle_x,right_ankle_y,left_hip_x,left_hip_y,left_knee_x,left_knee_y,left_ankle_x,left_ankle_y
0.515625,0.20872274143302186,0.4864583333333333,0.43302180685358255,0.496875,0.3956386292834892,0.48854166666666665,0.32087227414330216,0.440625,0.28971962616822433,0.49270833333333336,0.42679127725856697,0.5072916666666667,0.42990654205607476,0.503125,0.34890965732087237,0.453125,0.30841121495327106,0.403125,0.48909657320872285,0.409375,0.4641744548286605,0.3572916666666667,0.4236760124610592,0.284375,0.43613707165109034,0.384375,0.4984423676012462,0.33229166666666665,0.4672897196261683,0.3177083333333333,0.4610591900311527
