head_top_x,head_top_y,upper_neck_x,upper_neck_y,right_shoulder_x,right_shoulder_y,right_elbow_x,right_elbow_y,right_wrist_x,right_wrist_y,thorax_x,thorax_y,left_shoulder_x,left_shoulder_y,left_elbow_x,left_elbow_y,left_wrist_x,left_wrist_y,pelvis_x,pelvis_y,right_hip_x,right_hip_y,right_knee_x,right_knee_y,right_ankle_x,right_ankle_y,left_hip_x,left_hip_y,left_knee_x,left_knee_y,left_ankle_x,left_ankle_y
0.390625,0.021806853582554523,0.3385416666666667,0.1806853582554517,0.31354166666666666,0.1838006230529595,0.3072916666666667,0.30218068535825554,0.35104166666666664,0.4080996884735203,0.33645833333333336,0.18691588785046734,0.36354166666666665,0.19003115264797513,0.38229166666666664,0.3052959501557633,0.40729166666666666,0.4112149532710281,0.34270833333333334,0.42990654205607476,0.31979166666666664,0.42679127725856697,0.315625,0.5669781931464175,0.27395833333333336,0.7445482866043615,0.365625,0.42990654205607476,0.4010416666666667,0.5794392523364486,0.365625,0.7383177570093459
