head_top_x,head_top_y,upper_neck_x,upper_neck_y,right_shoulder_x,right_shoulder_y,right_elbow_x,right_elbow_y,right_wrist_x,right_wrist_y,thorax_x,thorax_y,left_shoulder_x,left_shoulder_y,left_elbow_x,left_elbow_y,left_wrist_x,left_wrist_y,pelvis_x,pelvis_y,right_hip_x,right_hip_y,right_knee_x,right_knee_y,right_ankle_x,right_ankle_y,left_hip_x,left_hip_y,left_knee_x,left_knee_y,left_ankle_x,left_ankle_y
0.759375,0.05114112227805695,0.7447916666666666,0.23173157453936347,0.696875,0.18723827470686769,0.6239583333333333,0.2186453098827471,0.546875,0.17938651591289778,0.740625,0.2291143216080402,0.790625,0.273607621440536,0.6614583333333334,0.23958333333333337,0.5072916666666667,0.2291143216080402,0.6947916666666667,0.44896356783919594,0.684375,0.4463463149078727,0.6385416666666667,0.6400230318257957,0.6760416666666667,0.7996754606365158,0.6885416666666667,0.4463463149078727,0.43645833333333334,0.38091499162479064,0.7197916666666667,0.8179962311557789
