head_top_x,head_top_y,upper_neck_x,upper_neck_y,right_shoulder_x,right_shoulder_y,right_elbow_x,right_elbow_y,right_wrist_x,right_wrist_y,thorax_x,thorax_y,left_shoulder_x,left_shoulder_y,left_elbow_x,left_elbow_y,left_wrist_x,left_wrist_y,pelvis_x,pelvis_y,right_hip_x,right_hip_y,right_knee_x,right_knee_y,right_ankle_x,right_ankle_y,left_hip_x,left_hip_y,left_knee_x,left_knee_y,left_ankle_x,left_ankle_y
0.46770833333333334,0.3736383442265795,0.4114583333333333,0.5566448801742919,0.41770833333333335,0.6002178649237473,0.47604166666666664,0.5159767610748003,0.43854166666666666,0.434640522875817,0.41354166666666664,0.49854756717501814,0.43645833333333334,0.47530864197530864,0.48854166666666665,0.527596223674655,0.5197916666666667,0.48402323892519966,0.43020833333333336,0.6292665214233841,0.43645833333333334,0.6379811183732753,0.43854166666666666,0.7367465504720406,0.421875,0.8180827886710239,0.42604166666666665,0.620551924473493,0.43645833333333334,0.7483660130718953,0.43020833333333336,0.8122730573710966
