head_top_x,head_top_y,upper_neck_x,upper_neck_y,right_shoulder_x,right_shoulder_y,right_elbow_x,right_elbow_y,right_wrist_x,right_wrist_y,thorax_x,thorax_y,left_shoulder_x,left_shoulder_y,left_elbow_x,left_elbow_y,left_wrist_x,left_wrist_y,pelvis_x,pelvis_y,right_hip_x,right_hip_y,right_knee_x,right_knee_y,right_ankle_x,right_ankle_y,left_hip_x,left_hip_y,left_knee_x,left_knee_y,left_ankle_x,left_ankle_y
0.5513888888888889,0.5864583333333333,0.4069444444444445,0.6010416666666667,0.41805555555555557,0.6385416666666667,0.4375,0.721875,0.39305555555555555,0.8010416666666667,0.42083333333333334,0.596875,0.43194444444444446,0.6427083333333333,0.4375,0.734375,0.4041666666666666,0.803125,0.3458333333333334,0.45729166666666665,0.28750000000000003,0.5177083333333333,0.2263888888888889,0.434375,0.22361111111111112,0.421875,0.32916666666666666,0.459375,0.2347222222222222,0.43645833333333334,0.22361111111111112,0.421875
