head_top_x,head_top_y,upper_neck_x,upper_neck_y,right_shoulder_x,right_shoulder_y,right_elbow_x,right_elbow_y,right_wrist_x,right_wrist_y,thorax_x,thorax_y,left_shoulder_x,left_shoulder_y,left_elbow_x,left_elbow_y,left_wrist_x,left_wrist_y,pelvis_x,pelvis_y,right_hip_x,right_hip_y,right_knee_x,right_knee_y,right_ankle_x,right_ankle_y,left_hip_x,left_hip_y,left_knee_x,left_knee_y,left_ankle_x,left_ankle_y
0.822429906542056,0.396875,0.6666666666666666,0.4739583333333333,0.6417445482866044,0.44479166666666664,0.5700934579439252,0.5052083333333334,0.6105919003115265,0.296875,0.6791277258566978,0.46979166666666666,0.6884735202492213,0.434375,0.6355140186915887,0.37604166666666666,0.6105919003115265,0.30104166666666665,0.5887850467289719,0.6010416666666667,0.5669781931464175,0.590625,0.41744548286604366,0.653125,0.49221183800623064,0.7572916666666667,0.6012461059190032,0.6114583333333333,0.5763239875389408,0.7302083333333333,0.5607476635514019,0.8552083333333333
