head_top_x,head_top_y,upper_neck_x,upper_neck_y,right_shoulder_x,right_shoulder_y,right_elbow_x,right_elbow_y,right_wrist_x,right_wrist_y,thorax_x,thorax_y,left_shoulder_x,left_shoulder_y,left_elbow_x,left_elbow_y,left_wrist_x,left_wrist_y,pelvis_x,pelvis_y,right_hip_x,right_hip_y,right_knee_x,right_knee_y,right_ankle_x,right_ankle_y,left_hip_x,left_hip_y,left_knee_x,left_knee_y,left_ankle_x,left_ankle_y
0.35520833333333335,0.4922839506172839,0.440625,0.40895061728395055,0.44895833333333335,0.4459876543209876,0.465625,0.5324074074074073,0.459375,0.5787037037037037,0.4552083333333333,0.3904320987654321,0.428125,0.42438271604938277,0.45729166666666665,0.5354938271604938,0.46145833333333336,0.5848765432098765,0.5427083333333333,0.4922839506172839,0.5447916666666667,0.5169753086419754,0.7864583333333334,0.5725308641975309,0.9635416666666666,0.5385802469135802,0.5614583333333333,0.4891975308641975,0.7822916666666667,0.5725308641975309,0.9572916666666667,0.5416666666666666
