head_top_x,head_top_y,upper_neck_x,upper_neck_y,right_shoulder_x,right_shoulder_y,right_elbow_x,right_elbow_y,right_wrist_x,right_wrist_y,thorax_x,thorax_y,left_shoulder_x,left_shoulder_y,left_elbow_x,left_elbow_y,left_wrist_x,left_wrist_y,pelvis_x,pelvis_y,right_hip_x,right_hip_y,right_knee_x,right_knee_y,right_ankle_x,right_ankle_y,left_hip_x,left_hip_y,left_knee_x,left_knee_y,left_ankle_x,left_ankle_y
0.665625,0.3173302107728337,0.609375,0.17369242779078842,0.6489583333333333,0.2236533957845433,0.6177083333333333,0.37978142076502736,0.628125,0.382903981264637,0.634375,0.20804059328649493,0.6510416666666666,0.21428571428571427,0.6322916666666667,0.2767369242779078,0.6260416666666667,0.3454332552693208,0.44895833333333335,0.4953161592505854,0.4552083333333333,0.48282591725214674,0.5072916666666667,0.5702576112412178,0.46979166666666666,0.7107728337236534,0.446875,0.5078064012490242,0.6239583333333333,0.40163934426229503,0.46770833333333334,0.7076502732240437
