head_top_x,head_top_y,upper_neck_x,upper_neck_y,right_shoulder_x,right_shoulder_y,right_elbow_x,right_elbow_y,right_wrist_x,right_wrist_y,thorax_x,thorax_y,left_shoulder_x,left_shoulder_y,left_elbow_x,left_elbow_y,left_wrist_x,left_wrist_y,pelvis_x,pelvis_y,right_hip_x,right_hip_y,right_knee_x,right_knee_y,right_ankle_x,right_ankle_y,left_hip_x,left_hip_y,left_knee_x,left_knee_y,left_ankle_x,left_ankle_y
0.7677083333333333,0.5895741556534508,0.6552083333333333,0.5778267254038179,0.6635416666666667,0.5102790014684289,0.6510416666666666,0.36637298091042586,0.571875,0.27826725403817915,0.6760416666666667,0.5807635829662261,0.671875,0.551395007342144,0.6552083333333333,0.3722466960352423,0.571875,0.290014684287812,0.453125,0.4691629955947137,0.478125,0.45741556534508077,0.6572916666666667,0.5308370044052864,0.6822916666666666,0.5631424375917768,0.4239583333333333,0.4720998531571219,0.6510416666666666,0.49265785609397944,0.6739583333333333,0.5455212922173275
