head_top_x,head_top_y,upper_neck_x,upper_neck_y,right_shoulder_x,right_shoulder_y,right_elbow_x,right_elbow_y,right_wrist_x,right_wrist_y,thorax_x,thorax_y,left_shoulder_x,left_shoulder_y,left_elbow_x,left_elbow_y,left_wrist_x,left_wrist_y,pelvis_x,pelvis_y,right_hip_x,right_hip_y,right_knee_x,right_knee_y,right_ankle_x,right_ankle_y,left_hip_x,left_hip_y,left_knee_x,left_knee_y,left_ankle_x,left_ankle_y
0.49088541666666663,0.04479166666666667,0.4830729166666667,0.20520833333333333,0.3763020833333333,0.240625,0.34505208333333326,0.378125,0.32161458333333337,0.496875,0.48046875,0.22395833333333334,0.5794270833333334,0.209375,0.6028645833333333,0.34479166666666666,0.6393229166666666,0.44895833333333335,0.51171875,0.459375,0.45703124999999994,0.4635416666666667,0.5377604166666666,0.6677083333333333,0.6158854166666666,0.8760416666666667,0.5638020833333333,0.4510416666666667,0.54296875,0.6697916666666667,0.5221354166666666,0.8447916666666667
