head_top_x,head_top_y,upper_neck_x,upper_neck_y,right_shoulder_x,right_shoulder_y,right_elbow_x,right_elbow_y,right_wrist_x,right_wrist_y,thorax_x,thorax_y,left_shoulder_x,left_shoulder_y,left_elbow_x,left_elbow_y,left_wrist_x,left_wrist_y,pelvis_x,pelvis_y,right_hip_x,right_hip_y,right_knee_x,right_knee_y,right_ankle_x,right_ankle_y,left_hip_x,left_hip_y,left_knee_x,left_knee_y,left_ankle_x,left_ankle_y
0.37395833333333334,0.40788446526151434,0.353125,0.6139734582357533,0.31145833333333334,0.5952380952380953,0.30104166666666665,0.7170179547228727,0.353125,0.773224043715847,0.35520833333333335,0.5921155347384854,0.4010416666666667,0.5889929742388758,0.384375,0.7482435597189696,0.34270833333333334,0.7982045277127244,0.3572916666666667,0.7357533177205309,0.353125,0.7014051522248244,0.34270833333333334,0.7138953942232631,0.34479166666666666,0.8013270882123341,0.35520833333333335,0.7357533177205309,0.3802083333333333,0.7638563622170179,0.33645833333333336,0.7950819672131147
