head_top_x,head_top_y,upper_neck_x,upper_neck_y,right_shoulder_x,right_shoulder_y,right_elbow_x,right_elbow_y,right_wrist_x,right_wrist_y,thorax_x,thorax_y,left_shoulder_x,left_shoulder_y,left_elbow_x,left_elbow_y,left_wrist_x,left_wrist_y,pelvis_x,pelvis_y,right_hip_x,right_hip_y,right_knee_x,right_knee_y,right_ankle_x,right_ankle_y,left_hip_x,left_hip_y,left_knee_x,left_knee_y,left_ankle_x,left_ankle_y
0.653125,0.2236533957845433,0.6052083333333333,0.44535519125683054,0.5322916666666667,0.45472287275565954,0.490625,0.5733801717408274,0.5572916666666666,0.6233411397345823,0.603125,0.4609679937548789,0.6635416666666667,0.4640905542544886,0.6822916666666666,0.6108508977361436,0.6760416666666667,0.5452771272443403,0.5822916666666667,0.607728337236534,0.496875,0.5921155347384854,0.6197916666666666,0.6764246682279469,0.46979166666666666,0.635831381733021,0.640625,0.635831381733021,0.6760416666666667,0.6576893052302889,0.7697916666666667,0.7825917252146761
