head_top_x,head_top_y,upper_neck_x,upper_neck_y,right_shoulder_x,right_shoulder_y,right_elbow_x,right_elbow_y,right_wrist_x,right_wrist_y,thorax_x,thorax_y,left_shoulder_x,left_shoulder_y,left_elbow_x,left_elbow_y,left_wrist_x,left_wrist_y,pelvis_x,pelvis_y,right_hip_x,right_hip_y,right_knee_x,right_knee_y,right_ankle_x,right_ankle_y,left_hip_x,left_hip_y,left_knee_x,left_knee_y,left_ankle_x,left_ankle_y
0.4144144144144144,0.153125,0.35435435435435436,0.315625,0.2882882882882883,0.303125,0.2702702702702703,0.3885416666666667,0.3153153153153153,0.39479166666666665,0.3633633633633634,0.2989583333333333,0.43543543543543545,0.30104166666666665,0.4774774774774775,0.353125,0.5075075075075076,0.365625,0.37537537537537535,0.421875,0.33633633633633636,0.421875,0.3153153153153153,0.509375,0.2732732732732733,0.6239583333333333,0.4144144144144144,0.4197916666666667,0.39339339339339335,0.5114583333333333,0.3273273273273273,0.609375
