head_top_x,head_top_y,upper_neck_x,upper_neck_y,right_shoulder_x,right_shoulder_y,right_elbow_x,right_elbow_y,right_wrist_x,right_wrist_y,thorax_x,thorax_y,left_shoulder_x,left_shoulder_y,left_elbow_x,left_elbow_y,left_wrist_x,left_wrist_y,pelvis_x,pelvis_y,right_hip_x,right_hip_y,right_knee_x,right_knee_y,right_ankle_x,right_ankle_y,left_hip_x,left_hip_y,left_knee_x,left_knee_y,left_ankle_x,left_ankle_y
0.3697916666666667,0.5827478532396565,0.3302083333333333,0.7295081967213114,0.3489583333333333,0.6701795472287275,0.34270833333333334,0.6514441842310695,0.334375,0.5858704137392662,0.3260416666666667,0.723263075722092,0.3177083333333333,0.7107728337236534,0.31145833333333334,0.723263075722092,0.315625,0.6982825917252147,0.5385416666666667,0.15495706479313032,0.5552083333333333,0.15495706479313032,0.5072916666666667,0.3079625292740047,0.596875,0.4640905542544886,0.528125,0.12060889929742388,0.5052083333333334,0.2985948477751756,0.5447916666666667,0.373536299765808
