head_top_x,head_top_y,upper_neck_x,upper_neck_y,right_shoulder_x,right_shoulder_y,right_elbow_x,right_elbow_y,right_wrist_x,right_wrist_y,thorax_x,thorax_y,left_shoulder_x,left_shoulder_y,left_elbow_x,left_elbow_y,left_wrist_x,left_wrist_y,pelvis_x,pelvis_y,right_hip_x,right_hip_y,right_knee_x,right_knee_y,right_ankle_x,right_ankle_y,left_hip_x,left_hip_y,left_knee_x,left_knee_y,left_ankle_x,left_ankle_y
0.7018779342723005,0.18020833333333333,0.6111111111111112,0.31354166666666666,0.5954616588419406,0.25104166666666666,0.45461658841940533,0.25104166666666666,0.445226917057903,0.2760416666666667,0.6424100156494523,0.28229166666666666,0.6893583724569641,0.2989583333333333,0.6549295774647887,0.371875,0.6205007824726134,0.41770833333333335,0.5422535211267605,0.3885416666666667,0.5109546165884195,0.37604166666666666,0.4327073552425665,0.44479166666666664,0.42644757433489827,0.478125,0.5641627543035994,0.3927083333333333,0.6893583724569641,0.415625,0.6267605633802816,0.521875
