head_top_x,head_top_y,upper_neck_x,upper_neck_y,right_shoulder_x,right_shoulder_y,right_elbow_x,right_elbow_y,right_wrist_x,right_wrist_y,thorax_x,thorax_y,left_shoulder_x,left_shoulder_y,left_elbow_x,left_elbow_y,left_wrist_x,left_wrist_y,pelvis_x,pelvis_y,right_hip_x,right_hip_y,right_knee_x,right_knee_y,right_ankle_x,right_ankle_y,left_hip_x,left_hip_y,left_knee_x,left_knee_y,left_ankle_x,left_ankle_y
0.5651420651420651,0.059375,0.5568260568260568,0.228125,0.420997920997921,0.2677083333333333,0.3128898128898129,0.40520833333333334,0.4265419265419265,0.5739583333333333,0.5540540540540541,0.278125,0.687110187110187,0.284375,0.6926541926541926,0.4197916666666667,0.6094941094941094,0.31145833333333334,0.5207900207900208,0.6197916666666666,0.44871794871794873,0.628125,0.29902979902979904,0.403125,0.2907137907137907,0.8260416666666667,0.5956340956340956,0.6072916666666667,0.5928620928620929,0.8677083333333333,0.6122661122661123,0.9447916666666667
