head_top_x,head_top_y,upper_neck_x,upper_neck_y,right_shoulder_x,right_shoulder_y,right_elbow_x,right_elbow_y,right_wrist_x,right_wrist_y,thorax_x,thorax_y,left_shoulder_x,left_shoulder_y,left_elbow_x,left_elbow_y,left_wrist_x,left_wrist_y,pelvis_x,pelvis_y,right_hip_x,right_hip_y,right_knee_x,right_knee_y,right_ankle_x,right_ankle_y,left_hip_x,left_hip_y,left_knee_x,left_knee_y,left_ankle_x,left_ankle_y
0.378125,0.1625,0.490625,0.33749999999999997,0.42604166666666665,0.35694444444444445,0.309375,0.4041666666666666,0.34270833333333334,0.4236111111111111,0.496875,0.34861111111111115,0.5635416666666667,0.3430555555555555,0.496875,0.19861111111111115,0.515625,0.23749999999999996,0.5177083333333333,0.49583333333333335,0.48854166666666665,0.5041666666666668,0.496875,0.6652777777777777,0.49895833333333334,0.8486111111111111,0.546875,0.4875,0.5802083333333333,0.626388888888889,0.6010416666666667,0.8041666666666667
