head_top_x,head_top_y,upper_neck_x,upper_neck_y,right_shoulder_x,right_shoulder_y,right_elbow_x,right_elbow_y,right_wrist_x,right_wrist_y,thorax_x,thorax_y,left_shoulder_x,left_shoulder_y,left_elbow_x,left_elbow_y,left_wrist_x,left_wrist_y,pelvis_x,pelvis_y,right_hip_x,right_hip_y,right_knee_x,right_knee_y,right_ankle_x,right_ankle_y,left_hip_x,left_hip_y,left_knee_x,left_knee_y,left_ankle_x,left_ankle_y
0.478125,0.17395833333333333,0.4822916666666667,0.3302083333333333,0.40729166666666666,0.35104166666666664,0.390625,0.46770833333333334,0.39479166666666665,0.590625,0.484375,0.35104166666666664,0.559375,0.35104166666666664,0.5864583333333333,0.4739583333333333,0.5864583333333333,0.5947916666666667,0.490625,0.5885416666666666,0.453125,0.590625,0.459375,0.7447916666666666,0.4635416666666667,0.903125,0.528125,0.5885416666666666,0.5197916666666667,0.7489583333333333,0.521875,0.9114583333333334
