head_top_x,head_top_y,upper_neck_x,upper_neck_y,right_shoulder_x,right_shoulder_y,right_elbow_x,right_elbow_y,right_wrist_x,right_wrist_y,thorax_x,thorax_y,left_shoulder_x,left_shoulder_y,left_elbow_x,left_elbow_y,left_wrist_x,left_wrist_y,pelvis_x,pelvis_y,right_hip_x,right_hip_y,right_knee_x,right_knee_y,right_ankle_x,right_ankle_y,left_hip_x,left_hip_y,left_knee_x,left_knee_y,left_ankle_x,left_ankle_y
0.4322916666666667,0.2741717376605815,0.446875,0.4418526031102096,0.45729166666666665,0.4553752535496958,0.5114583333333333,0.4066937119675456,0.5135416666666667,0.3363759296822178,0.44895833333333335,0.4283299526707235,0.4427083333333333,0.40939824205544295,0.4864583333333333,0.3823529411764706,0.5052083333333334,0.3336713995943206,0.46979166666666666,0.552738336713996,0.46979166666666666,0.5581473968897904,0.5864583333333333,0.5283975659229209,0.659375,0.6203515889114266,0.465625,0.5419202163624071,0.5614583333333333,0.5067613252197432,0.646875,0.6068289384719405
