head_top_x,head_top_y,upper_neck_x,upper_neck_y,right_shoulder_x,right_shoulder_y,right_elbow_x,right_elbow_y,right_wrist_x,right_wrist_y,thorax_x,thorax_y,left_shoulder_x,left_shoulder_y,left_elbow_x,left_elbow_y,left_wrist_x,left_wrist_y,pelvis_x,pelvis_y,right_hip_x,right_hip_y,right_knee_x,right_knee_y,right_ankle_x,right_ankle_y,left_hip_x,left_hip_y,left_knee_x,left_knee_y,left_ankle_x,left_ankle_y
0.4902777777777778,0.24895833333333334,0.5125000000000001,0.4010416666666667,0.4291666666666667,0.40520833333333334,0.3819444444444444,0.46979166666666666,0.40972222222222227,0.5239583333333333,0.5125000000000001,0.403125,0.5958333333333333,0.4010416666666667,0.626388888888889,0.4739583333333333,0.6124999999999999,0.5552083333333333,0.5263888888888889,0.5552083333333333,0.4847222222222222,0.5572916666666666,0.4791666666666667,0.6947916666666667,0.47361111111111115,0.8135416666666667,0.5625,0.5510416666666667,0.5763888888888888,0.6885416666666667,0.5847222222222223,0.8052083333333333
