head_top_x,head_top_y,upper_neck_x,upper_neck_y,right_shoulder_x,right_shoulder_y,right_elbow_x,right_elbow_y,right_wrist_x,right_wrist_y,thorax_x,thorax_y,left_shoulder_x,left_shoulder_y,left_elbow_x,left_elbow_y,left_wrist_x,left_wrist_y,pelvis_x,pelvis_y,right_hip_x,right_hip_y,right_knee_x,right_knee_y,right_ankle_x,right_ankle_y,left_hip_x,left_hip_y,left_knee_x,left_knee_y,left_ankle_x,left_ankle_y
0.11145833333333334,0.23749999999999996,0.18645833333333334,0.42083333333333334,0.21354166666666666,0.46249999999999997,0.20729166666666668,0.33194444444444443,0.22395833333333334,0.3013888888888889,0.18645833333333334,0.41805555555555557,0.17395833333333333,0.41250000000000003,0.23854166666666668,0.6069444444444444,0.065625,0.1791666666666667,0.24479166666666666,0.5375,0.2552083333333333,0.5319444444444444,0.6447916666666667,0.07916666666666668,0.28854166666666664,0.6791666666666667,0.22395833333333334,0.5263888888888889,0.6489583333333333,0.07638888888888888,0.2760416666666667,0.6791666666666667
