head_top_x,head_top_y,upper_neck_x,upper_neck_y,right_shoulder_x,right_shoulder_y,right_elbow_x,right_elbow_y,right_wrist_x,right_wrist_y,thorax_x,thorax_y,left_shoulder_x,left_shoulder_y,left_elbow_x,left_elbow_y,left_wrist_x,left_wrist_y,pelvis_x,pelvis_y,right_hip_x,right_hip_y,right_knee_x,right_knee_y,right_ankle_x,right_ankle_y,left_hip_x,left_hip_y,left_knee_x,left_knee_y,left_ankle_x,left_ankle_y
0.6639344262295082,0.353125,0.4859484777517564,0.38229166666666664,0.4578454332552692,0.33229166666666665,0.373536299765808,0.25104166666666666,0.2767369242779078,0.18229166666666666,0.5296643247462919,0.371875,0.6014832162373146,0.403125,0.5952380952380953,0.4552083333333333,0.5483996877439501,0.48020833333333335,0.3329430132708821,0.5010416666666667,0.2923497267759562,0.490625,0.4765807962529274,0.5572916666666666,0.3610460577673692,0.653125,0.373536299765808,0.5072916666666667,0.5109289617486339,0.6302083333333334,0.3485558157689305,0.7385416666666667
