head_top_x,head_top_y,upper_neck_x,upper_neck_y,right_shoulder_x,right_shoulder_y,right_elbow_x,right_elbow_y,right_wrist_x,right_wrist_y,thorax_x,thorax_y,left_shoulder_x,left_shoulder_y,left_elbow_x,left_elbow_y,left_wrist_x,left_wrist_y,pelvis_x,pelvis_y,right_hip_x,right_hip_y,right_knee_x,right_knee_y,right_ankle_x,right_ankle_y,left_hip_x,left_hip_y,left_knee_x,left_knee_y,left_ankle_x,left_ankle_y
0.8383857285429143,0.3572916666666667,0.6824476047904191,0.409375,0.716753992015968,0.396875,0.6075973053892216,0.40520833333333334,0.5109156686626747,0.415625,0.6980414171656687,0.409375,0.7073977045908184,0.43854166666666666,0.5140344311377246,0.4239583333333333,0.49220309381237537,0.41354166666666664,0.6543787425149701,0.403125,0.6419036926147705,0.409375,0.4298278443113772,0.48020833333333335,0.36745259481037923,0.5114583333333333,0.46725299401197606,0.5010416666666667,0.40487774451097813,0.47604166666666664,0.3799276447105788,0.5239583333333333
