head_top_x,head_top_y,upper_neck_x,upper_neck_y,right_shoulder_x,right_shoulder_y,right_elbow_x,right_elbow_y,right_wrist_x,right_wrist_y,thorax_x,thorax_y,left_shoulder_x,left_shoulder_y,left_elbow_x,left_elbow_y,left_wrist_x,left_wrist_y,pelvis_x,pelvis_y,right_hip_x,right_hip_y,right_knee_x,right_knee_y,right_ankle_x,right_ankle_y,left_hip_x,left_hip_y,left_knee_x,left_knee_y,left_ankle_x,left_ankle_y
0.5584239130434783,0.03864734299516911,0.5665760869565217,0.29951690821256044,0.5067934782608695,0.25120772946859904,0.49320652173913043,0.45893719806763283,0.5149456521739131,0.6280193236714976,0.5720108695652174,0.27536231884057977,0.6345108695652174,0.28502415458937197,0.6019021739130435,0.4734299516908213,0.5475543478260869,0.6135265700483092,0.561141304347826,0.5120772946859903,0.5258152173913043,0.5120772946859903,0.46603260869565216,0.6763285024154589,0.5258152173913043,0.5942028985507246,0.59375,0.5169082125603865,0.6209239130434783,0.7439613526570048,0.6046195652173914,0.5845410628019323
