head_top_x,head_top_y,upper_neck_x,upper_neck_y,right_shoulder_x,right_shoulder_y,right_elbow_x,right_elbow_y,right_wrist_x,right_wrist_y,thorax_x,thorax_y,left_shoulder_x,left_shoulder_y,left_elbow_x,left_elbow_y,left_wrist_x,left_wrist_y,pelvis_x,pelvis_y,right_hip_x,right_hip_y,right_knee_x,right_knee_y,right_ankle_x,right_ankle_y,left_hip_x,left_hip_y,left_knee_x,left_knee_y,left_ankle_x,left_ankle_y
0.9470108695652174,0.6328502415458936,0.813858695652174,0.5555555555555556,0.7839673913043478,0.5265700483091789,0.7160326086956522,0.7149758454106281,0.7377717391304348,0.9082125603864735,0.7975543478260869,0.5458937198067633,0.7839673913043478,0.5265700483091789,0.7133152173913043,0.7246376811594204,0.7404891304347826,0.9082125603864735,0.5747282608695652,0.4057971014492754,0.5720108695652174,0.41062801932367154,0.5176630434782609,0.24154589371980675,0.5176630434782609,0.3333333333333333,0.5665760869565217,0.4057971014492754,0.5285326086956522,0.24154589371980675,0.7595108695652174,0.6376811594202899
