head_top_x,head_top_y,upper_neck_x,upper_neck_y,right_shoulder_x,right_shoulder_y,right_elbow_x,right_elbow_y,right_wrist_x,right_wrist_y,thorax_x,thorax_y,left_shoulder_x,left_shoulder_y,left_elbow_x,left_elbow_y,left_wrist_x,left_wrist_y,pelvis_x,pelvis_y,right_hip_x,right_hip_y,right_knee_x,right_knee_y,right_ankle_x,right_ankle_y,left_hip_x,left_hip_y,left_knee_x,left_knee_y,left_ankle_x,left_ankle_y
0.30842391304347827,0.2801932367149758,0.43070652173913043,0.45893719806763283,0.3546195652173913,0.45410628019323673,0.24864130434782608,0.5797101449275363,0.12907608695652173,0.6280193236714976,0.42527173913043476,0.43961352657004826,0.49320652173913043,0.41062801932367154,0.44429347826086957,0.6376811594202899,0.34375,0.6666666666666666,0.49592391304347827,0.6618357487922706,0.46059782608695654,0.6618357487922706,0.31929347826086957,0.6859903381642513,0.16168478260869565,0.7826086956521738,0.5339673913043478,0.6521739130434783,0.688858695652174,0.7246376811594204,0.8953804347826086,0.7874396135265701
