head_top_x,head_top_y,upper_neck_x,upper_neck_y,right_shoulder_x,right_shoulder_y,right_elbow_x,right_elbow_y,right_wrist_x,right_wrist_y,thorax_x,thorax_y,left_shoulder_x,left_shoulder_y,left_elbow_x,left_elbow_y,left_wrist_x,left_wrist_y,pelvis_x,pelvis_y,right_hip_x,right_hip_y,right_knee_x,right_knee_y,right_ankle_x,right_ankle_y,left_hip_x,left_hip_y,left_knee_x,left_knee_y,left_ankle_x,left_ankle_y
0.49320652173913043,0.36714975845410625,0.44972826086956524,0.3623188405797102,0.48233695652173914,0.33816425120772947,0.53125,0.3719806763285024,0.6019021739130435,0.48792270531400966,0.452445652173913,0.3526570048309179,0.4388586956521739,0.36714975845410625,0.48233695652173914,0.3816425120772947,0.5964673913043478,0.47826086956521735,0.43342391304347827,0.3719806763285024,0.422554347826087,0.36714975845410625,0.37907608695652173,-0.001358695652173913,0.36277173913043476,-0.001358695652173913,0.38722826086956524,0.3961352657004831,0.37092391304347827,0.053140096618357474,0.41983695652173914,-0.001358695652173913
