head_top_x,head_top_y,upper_neck_x,upper_neck_y,right_shoulder_x,right_shoulder_y,right_elbow_x,right_elbow_y,right_wrist_x,right_wrist_y,thorax_x,thorax_y,left_shoulder_x,left_shoulder_y,left_elbow_x,left_elbow_y,left_wrist_x,left_wrist_y,pelvis_x,pelvis_y,right_hip_x,right_hip_y,right_knee_x,right_knee_y,right_ankle_x,right_ankle_y,left_hip_x,left_hip_y,left_knee_x,left_knee_y,left_ankle_x,left_ankle_y
0.5285326086956522,0.30917874396135264,0.5258152173913043,0.5507246376811595,0.46059782608695654,0.4927536231884058,0.3845108695652174,0.5652173913043479,0.360054347826087,0.6714975845410627,0.5285326086956522,0.48792270531400966,0.5964673913043478,0.497584541062802,0.6399456521739131,0.5990338164251209,0.6616847826086957,0.7149758454106281,0.5230978260869565,0.4347826086956521,0.4986413043478261,0.33816425120772947,0.5448369565217391,0.33816425120772947,0.48233695652173914,0.33816425120772947,0.5502717391304348,0.4347826086956521,0.5529891304347826,0.4492753623188406,0.5339673913043478,0.45410628019323673
