head_top_x,head_top_y,upper_neck_x,upper_neck_y,right_shoulder_x,right_shoulder_y,right_elbow_x,right_elbow_y,right_wrist_x,right_wrist_y,thorax_x,thorax_y,left_shoulder_x,left_shoulder_y,left_elbow_x,left_elbow_y,left_wrist_x,left_wrist_y,pelvis_x,pelvis_y,right_hip_x,right_hip_y,right_knee_x,right_knee_y,right_ankle_x,right_ankle_y,left_hip_x,left_hip_y,left_knee_x,left_knee_y,left_ankle_x,left_ankle_y
0.7269021739130435,0.47826086956521735,0.6589673913043478,0.6521739130434783,0.6807065217391305,0.6521739130434783,0.4741847826086957,0.2946859903381643,0.46059782608695654,0.2028985507246377,0.6589673913043478,0.6521739130434783,0.49592391304347827,0.3961352657004831,0.47146739130434784,0.28502415458937197,0.452445652173913,0.13043478260869565,0.5149456521739131,0.6231884057971013,0.5230978260869565,0.6135265700483092,0.4741847826086957,0.6280193236714976,0.422554347826087,0.6618357487922706,0.5095108695652174,0.5942028985507246,0.4633152173913043,0.642512077294686,0.41983695652173914,0.6521739130434783
