head_top_x,head_top_y,upper_neck_x,upper_neck_y,right_shoulder_x,right_shoulder_y,right_elbow_x,right_elbow_y,right_wrist_x,right_wrist_y,thorax_x,thorax_y,left_shoulder_x,left_shoulder_y,left_elbow_x,left_elbow_y,left_wrist_x,left_wrist_y,pelvis_x,pelvis_y,right_hip_x,right_hip_y,right_knee_x,right_knee_y,right_ankle_x,right_ankle_y,left_hip_x,left_hip_y,left_knee_x,left_knee_y,left_ankle_x,left_ankle_y
0.501358695652174,0.07033514492753623,0.5067934782608695,0.31997282608695654,0.422554347826087,0.36798007246376807,0.33559782608695654,0.5552083333333333,0.21603260869565216,0.6464221014492753,0.5067934782608695,0.3487771739130434,0.5910326086956522,0.3295742753623188,0.6046195652173914,0.5504076086956523,0.7051630434782609,0.7040307971014492,0.5421195652173914,0.7520380434782609,0.501358695652174,0.7664402173913043,0.49320652173913043,1.0,0.5339673913043478,1.0,0.5828804347826086,0.7472373188405798,0.5855978260869565,1.0,0.5883152173913043,1.0
