head_top_x,head_top_y,upper_neck_x,upper_neck_y,right_shoulder_x,right_shoulder_y,right_elbow_x,right_elbow_y,right_wrist_x,right_wrist_y,thorax_x,thorax_y,left_shoulder_x,left_shoulder_y,left_elbow_x,left_elbow_y,left_wrist_x,left_wrist_y,pelvis_x,pelvis_y,right_hip_x,right_hip_y,right_knee_x,right_knee_y,right_ankle_x,right_ankle_y,left_hip_x,left_hip_y,left_knee_x,left_knee_y,left_ankle_x,left_ankle_y
0.6290760869565217,0.0706521739130435,0.6100543478260869,0.2916666666666667,0.48777173913043476,0.43297101449275366,0.40896739130434784,0.6503623188405797,0.43070652173913043,0.875,0.5991847826086957,0.4076086956521739,0.7214673913043478,0.3786231884057971,0.6834239130434783,0.5344202898550724,0.6508152173913043,0.5851449275362319,0.5095108695652174,0.7119565217391304,0.485054347826087,0.7663043478260869,0.5339673913043478,0.4547101449275362,0.5067934782608695,0.8206521739130435,0.561141304347826,0.7083333333333334,0.8845108695652174,0.625,0.47146739130434784,0.8278985507246377
