head_top_x,head_top_y,upper_neck_x,upper_neck_y,right_shoulder_x,right_shoulder_y,right_elbow_x,right_elbow_y,right_wrist_x,right_wrist_y,thorax_x,thorax_y,left_shoulder_x,left_shoulder_y,left_elbow_x,left_elbow_y,left_wrist_x,left_wrist_y,pelvis_x,pelvis_y,right_hip_x,right_hip_y,right_knee_x,right_knee_y,right_ankle_x,right_ankle_y,left_hip_x,left_hip_y,left_knee_x,left_knee_y,left_ankle_x,left_ankle_y
0.09375,0.45001698369565213,0.26222826086956524,0.40558763586956514,0.22418478260869565,0.3204313858695652,0.3029891304347826,0.583305027173913,0.39809782608695654,0.2463824728260869,0.26766304347826086,0.40558763586956514,0.2269021739130435,0.31672894021739123,0.38179347826086957,0.287109375,0.45516304347826086,0.22046535326086955,0.4904891304347826,0.4648267663043479,0.47690217391304346,0.457421875,0.4986413043478261,0.2760020380434783,0.4361413043478261,0.6647588315217391,0.49320652173913043,0.457421875,0.5067934782608695,0.26489470108695645,0.5285326086956522,0.5944123641304347
