head_top_x,head_top_y,upper_neck_x,upper_neck_y,right_shoulder_x,right_shoulder_y,right_elbow_x,right_elbow_y,right_wrist_x,right_wrist_y,thorax_x,thorax_y,left_shoulder_x,left_shoulder_y,left_elbow_x,left_elbow_y,left_wrist_x,left_wrist_y,pelvis_x,pelvis_y,right_hip_x,right_hip_y,right_knee_x,right_knee_y,right_ankle_x,right_ankle_y,left_hip_x,left_hip_y,left_knee_x,left_knee_y,left_ankle_x,left_ankle_y
0.5557065217391305,0.19084578804347826,0.44972826086956524,0.35005095108695644,0.40896739130434784,0.4240998641304347,0.4986413043478261,0.6610563858695653,0.6182065217391305,0.7017832880434782,0.422554347826087,0.3870754076086956,0.43342391304347827,0.35005095108695644,0.48777173913043476,0.4648267663043479,0.5747282608695652,0.5388756793478261,0.3111413043478261,0.6536514945652174,0.2921195652173913,0.6832710597826087,0.5095108695652174,0.6869735054347825,0.563858695652174,0.6721637228260869,0.3383152173913043,0.6314368206521739,0.501358695652174,0.6129245923913043,0.5040760869565217,0.6647588315217391
