head_top_x,head_top_y,upper_neck_x,upper_neck_y,right_shoulder_x,right_shoulder_y,right_elbow_x,right_elbow_y,right_wrist_x,right_wrist_y,thorax_x,thorax_y,left_shoulder_x,left_shoulder_y,left_elbow_x,left_elbow_y,left_wrist_x,left_wrist_y,pelvis_x,pelvis_y,right_hip_x,right_hip_y,right_knee_x,right_knee_y,right_ankle_x,right_ankle_y,left_hip_x,left_hip_y,left_knee_x,left_knee_y,left_ankle_x,left_ankle_y
0.30027173913043476,0.05253623188405798,0.28940217391304346,0.27355072463768115,0.20244565217391305,0.23731884057971012,0.2758152173913043,0.39311594202898553,0.2703804347826087,0.48007246376811596,0.2921195652173913,0.27717391304347827,0.3546195652173913,0.26992753623188404,0.48777173913043476,0.4184782608695652,0.36277173913043476,0.4148550724637681,0.360054347826087,0.5126811594202899,0.3220108695652174,0.5271739130434782,0.751358695652174,0.5960144927536232,0.7703804347826086,0.7952898550724637,0.3953804347826087,0.5090579710144927,0.7595108695652174,0.5851449275362319,0.7785326086956522,0.7880434782608696
