head_top_x,head_top_y,upper_neck_x,upper_neck_y,right_shoulder_x,right_shoulder_y,right_elbow_x,right_elbow_y,right_wrist_x,right_wrist_y,thorax_x,thorax_y,left_shoulder_x,left_shoulder_y,left_elbow_x,left_elbow_y,left_wrist_x,left_wrist_y,pelvis_x,pelvis_y,right_hip_x,right_hip_y,right_knee_x,right_knee_y,right_ankle_x,right_ankle_y,left_hip_x,left_hip_y,left_knee_x,left_knee_y,left_ankle_x,left_ankle_y
0.7133152173913043,0.1865942028985507,0.40353260869565216,0.11413043478260869,0.46603260869565216,0.11413043478260869,0.5122282608695652,0.22644927536231885,0.5584239130434783,0.3460144927536232,0.40625,0.1032608695652174,0.34375,0.0778985507246377,0.29483695652173914,0.19384057971014493,0.3111413043478261,0.3242753623188406,0.40625,0.27717391304347827,0.44157608695652173,0.2916666666666667,0.4171195652173913,0.552536231884058,0.38722826086956524,0.7771739130434782,0.36277173913043476,0.2807971014492754,0.327445652173913,0.5235507246376812,0.2758152173913043,0.7264492753623188
