head_top_x,head_top_y,upper_neck_x,upper_neck_y,right_shoulder_x,right_shoulder_y,right_elbow_x,right_elbow_y,right_wrist_x,right_wrist_y,thorax_x,thorax_y,left_shoulder_x,left_shoulder_y,left_elbow_x,left_elbow_y,left_wrist_x,left_wrist_y,pelvis_x,pelvis_y,right_hip_x,right_hip_y,right_knee_x,right_knee_y,right_ankle_x,right_ankle_y,left_hip_x,left_hip_y,left_knee_x,left_knee_y,left_ankle_x,left_ankle_y
0.40625,0.07033514492753623,0.39266304347826086,0.31997282608695654,0.30842391304347827,0.36798007246376807,0.26766304347826086,0.5936141304347826,0.2866847826086957,0.5120018115942028,0.389945652173913,0.35357789855072463,0.46875,0.334375,0.5040760869565217,0.5216032608695652,0.5855978260869565,0.6176177536231884,0.422554347826087,0.7280344202898551,0.38179347826086957,0.7376358695652174,0.40896739130434784,1.0,0.4633152173913043,1.0,0.4633152173913043,0.7136322463768117,0.4904891304347826,1.0,0.485054347826087,1.0
