head_top_x,head_top_y,upper_neck_x,upper_neck_y,right_shoulder_x,right_shoulder_y,right_elbow_x,right_elbow_y,right_wrist_x,right_wrist_y,thorax_x,thorax_y,left_shoulder_x,left_shoulder_y,left_elbow_x,left_elbow_y,left_wrist_x,left_wrist_y,pelvis_x,pelvis_y,right_hip_x,right_hip_y,right_knee_x,right_knee_y,right_ankle_x,right_ankle_y,left_hip_x,left_hip_y,left_knee_x,left_knee_y,left_ankle_x,left_ankle_y
0.6644021739130435,0.01894814311594203,0.53125,0.12531136775362317,0.5665760869565217,0.14465013586956518,0.5122282608695652,0.313864356884058,0.7078804347826086,0.32353374094202897,0.53125,0.0963032155797102,0.5203804347826086,0.09146852355072467,0.49320652173913043,0.313864356884058,0.7024456521739131,0.294525588768116,0.5040760869565217,0.5652683423913044,0.5203804347826086,0.5652683423913044,0.7051630434782609,0.6571274909420289,0.9008152173913043,0.7586560235507246,0.501358695652174,0.5652683423913044,0.7241847826086957,0.6667968750000001,0.8980978260869565,0.7586560235507246
