head_top_x,head_top_y,upper_neck_x,upper_neck_y,right_shoulder_x,right_shoulder_y,right_elbow_x,right_elbow_y,right_wrist_x,right_wrist_y,thorax_x,thorax_y,left_shoulder_x,left_shoulder_y,left_elbow_x,left_elbow_y,left_wrist_x,left_wrist_y,pelvis_x,pelvis_y,right_hip_x,right_hip_y,right_knee_x,right_knee_y,right_ankle_x,right_ankle_y,left_hip_x,left_hip_y,left_knee_x,left_knee_y,left_ankle_x,left_ankle_y
0.5692934782608695,0.01932367149758453,0.5665760869565217,0.27536231884057977,0.47146739130434784,0.36714975845410625,0.47690217391304346,0.647342995169082,0.5095108695652174,0.7777777777777778,0.5665760869565217,0.35748792270531404,0.6589673913043478,0.34299516908212563,0.6644021739130435,0.647342995169082,0.6970108695652174,0.4830917874396135,0.5747282608695652,0.7439613526570048,0.5285326086956522,0.7342995169082125,0.3546195652173913,0.8357487922705314,0.5448369565217391,0.8888888888888888,0.6209239130434783,0.7487922705314011,0.71875,0.8260869565217391,0.5665760869565217,0.927536231884058
