head_top_x,head_top_y,upper_neck_x,upper_neck_y,right_shoulder_x,right_shoulder_y,right_elbow_x,right_elbow_y,right_wrist_x,right_wrist_y,thorax_x,thorax_y,left_shoulder_x,left_shoulder_y,left_elbow_x,left_elbow_y,left_wrist_x,left_wrist_y,pelvis_x,pelvis_y,right_hip_x,right_hip_y,right_knee_x,right_knee_y,right_ankle_x,right_ankle_y,left_hip_x,left_hip_y,left_knee_x,left_knee_y,left_ankle_x,left_ankle_y
0.6589673913043478,0.041666666666666664,0.6752717391304348,0.2952898550724638,0.5502717391304348,0.2989130434782609,0.41440217391304346,0.4547101449275362,0.36277173913043476,0.5344202898550724,0.6807065217391305,0.30615942028985504,0.8328804347826086,0.3134057971014493,0.686141304347826,0.6612318840579711,0.5122282608695652,0.6612318840579711,0.7105978260869565,0.7989130434782609,0.5665760869565217,0.6431159420289855,0.43342391304347827,0.6648550724637681,0.4116847826086957,0.9510869565217391,0.7595108695652174,0.7989130434782609,0.48233695652173914,0.657608695652174,0.40625,0.9438405797101449
