head_top_x,head_top_y,upper_neck_x,upper_neck_y,right_shoulder_x,right_shoulder_y,right_elbow_x,right_elbow_y,right_wrist_x,right_wrist_y,thorax_x,thorax_y,left_shoulder_x,left_shoulder_y,left_elbow_x,left_elbow_y,left_wrist_x,left_wrist_y,pelvis_x,pelvis_y,right_hip_x,right_hip_y,right_knee_x,right_knee_y,right_ankle_x,right_ankle_y,left_hip_x,left_hip_y,left_knee_x,left_knee_y,left_ankle_x,left_ankle_y
0.6915760869565217,0.2222222222222222,0.6182065217391305,0.42028985507246375,0.6073369565217391,0.3526570048309179,0.5366847826086957,0.35748792270531404,0.4361413043478261,0.4347826086956521,0.6317934782608695,0.41062801932367154,0.6073369565217391,0.42028985507246375,0.5122282608695652,0.5603864734299516,0.41440217391304346,0.5555555555555556,0.623641304347826,0.6183574879227053,0.6154891304347826,0.5797101449275363,0.5095108695652174,0.3961352657004831,0.452445652173913,0.536231884057971,0.6046195652173914,0.647342995169082,0.5747282608695652,0.6859903381642513,0.5774456521739131,0.7294685990338164
