head_top_x,head_top_y,upper_neck_x,upper_neck_y,right_shoulder_x,right_shoulder_y,right_elbow_x,right_elbow_y,right_wrist_x,right_wrist_y,thorax_x,thorax_y,left_shoulder_x,left_shoulder_y,left_elbow_x,left_elbow_y,left_wrist_x,left_wrist_y,pelvis_x,pelvis_y,right_hip_x,right_hip_y,right_knee_x,right_knee_y,right_ankle_x,right_ankle_y,left_hip_x,left_hip_y,left_knee_x,left_knee_y,left_ankle_x,left_ankle_y
0.5040760869565217,0.07246376811594206,0.4986413043478261,0.3623188405797102,0.42527173913043476,0.40096618357487923,0.40896739130434784,0.608695652173913,0.44157608695652173,0.7922705314009661,0.4986413043478261,0.3961352657004831,0.5720108695652174,0.3913043478260869,0.5801630434782609,0.6280193236714976,0.5285326086956522,0.7922705314009661,0.49320652173913043,0.7826086956521738,0.45516304347826086,0.7777777777777778,0.5584239130434783,0.7246376811594204,0.5502717391304348,0.7632850241545894,0.53125,0.7874396135265701,0.9823369565217391,1.0,0.33559782608695654,0.3719806763285024
