head_top_x,head_top_y,upper_neck_x,upper_neck_y,right_shoulder_x,right_shoulder_y,right_elbow_x,right_elbow_y,right_wrist_x,right_wrist_y,thorax_x,thorax_y,left_shoulder_x,left_shoulder_y,left_elbow_x,left_elbow_y,left_wrist_x,left_wrist_y,pelvis_x,pelvis_y,right_hip_x,right_hip_y,right_knee_x,right_knee_y,right_ankle_x,right_ankle_y,left_hip_x,left_hip_y,left_knee_x,left_knee_y,left_ankle_x,left_ankle_y
0.452445652173913,-0.001358695652173913,0.452445652173913,0.24154589371980675,0.39266304347826086,0.26570048309178745,0.3736413043478261,0.4347826086956521,0.3328804347826087,0.4347826086956521,0.452445652173913,0.25603864734299514,0.5122282608695652,0.25120772946859904,0.5067934782608695,0.4347826086956521,0.4116847826086957,0.40096618357487923,0.44429347826086957,0.5845410628019323,0.40625,0.5748792270531402,0.4279891304347826,0.8502415458937198,0.4633152173913043,0.9227053140096619,0.48233695652173914,0.5893719806763286,0.48233695652173914,0.8792270531400965,0.5095108695652174,0.7294685990338164
