head_top_x,head_top_y,upper_neck_x,upper_neck_y,right_shoulder_x,right_shoulder_y,right_elbow_x,right_elbow_y,right_wrist_x,right_wrist_y,thorax_x,thorax_y,left_shoulder_x,left_shoulder_y,left_elbow_x,left_elbow_y,left_wrist_x,left_wrist_y,pelvis_x,pelvis_y,right_hip_x,right_hip_y,right_knee_x,right_knee_y,right_ankle_x,right_ankle_y,left_hip_x,left_hip_y,left_knee_x,left_knee_y,left_ankle_x,left_ankle_y
0.53125,0.10628019323671495,0.6453804347826086,0.27536231884057977,0.6127717391304348,0.25603864734299514,0.6046195652173914,0.3623188405797102,0.5692934782608695,0.4734299516908213,0.6426630434782609,0.26570048309178745,0.6752717391304348,0.25603864734299514,0.7567934782608695,0.3333333333333333,0.688858695652174,0.41062801932367154,0.7404891304347826,0.3816425120772947,0.7214673913043478,0.37681159420289856,0.6399456521739131,0.45893719806763283,0.7160326086956522,0.5942028985507246,0.7622282608695652,0.3913043478260869,0.65625,0.4734299516908213,0.7269021739130435,0.6231884057971013
