head_top_x,head_top_y,upper_neck_x,upper_neck_y,right_shoulder_x,right_shoulder_y,right_elbow_x,right_elbow_y,right_wrist_x,right_wrist_y,thorax_x,thorax_y,left_shoulder_x,left_shoulder_y,left_elbow_x,left_elbow_y,left_wrist_x,left_wrist_y,pelvis_x,pelvis_y,right_hip_x,right_hip_y,right_knee_x,right_knee_y,right_ankle_x,right_ankle_y,left_hip_x,left_hip_y,left_knee_x,left_knee_y,left_ankle_x,left_ankle_y
0.40353260869565216,-0.001358695652173913,0.3138586956521739,0.1596467391304348,0.3138586956521739,0.2574728260869565,0.360054347826087,0.5754076086956522,0.44157608695652173,0.7873641304347826,0.29483695652173914,0.2330163043478261,0.2758152173913043,0.19633152173913046,0.32472826086956524,0.514266304347826,0.4008152173913043,0.6528532608695652,0.297554347826087,0.718070652173913,0.3138586956521739,0.7384510869565216,0.34646739130434784,0.6610054347826086,0.34103260869565216,0.15557065217391305,0.28396739130434784,0.701766304347826,0.9850543478260869,1.0,0.9850543478260869,0.6120923913043478
