head_top_x,head_top_y,upper_neck_x,upper_neck_y,right_shoulder_x,right_shoulder_y,right_elbow_x,right_elbow_y,right_wrist_x,right_wrist_y,thorax_x,thorax_y,left_shoulder_x,left_shoulder_y,left_elbow_x,left_elbow_y,left_wrist_x,left_wrist_y,pelvis_x,pelvis_y,right_hip_x,right_hip_y,right_knee_x,right_knee_y,right_ankle_x,right_ankle_y,left_hip_x,left_hip_y,left_knee_x,left_knee_y,left_ankle_x,left_ankle_y
0.49320652173913043,0.7922705314009661,0.5285326086956522,0.5603864734299516,0.48233695652173914,0.45893719806763283,0.33016304347826086,0.6908212560386473,0.27853260869565216,0.47826086956521735,0.5339673913043478,0.5652173913043479,0.6127717391304348,0.6763285024154589,0.6616847826086957,0.5990338164251209,0.6399456521739131,0.681159420289855,0.4578804347826087,0.497584541062802,0.43342391304347827,0.48792270531400966,0.3845108695652174,0.323671497584541,0.31929347826086957,0.8502415458937198,0.5855978260869565,0.497584541062802,0.4171195652173913,0.642512077294686,0.40625,0.7971014492753624
