head_top_x,head_top_y,upper_neck_x,upper_neck_y,right_shoulder_x,right_shoulder_y,right_elbow_x,right_elbow_y,right_wrist_x,right_wrist_y,thorax_x,thorax_y,left_shoulder_x,left_shoulder_y,left_elbow_x,left_elbow_y,left_wrist_x,left_wrist_y,pelvis_x,pelvis_y,right_hip_x,right_hip_y,right_knee_x,right_knee_y,right_ankle_x,right_ankle_y,left_hip_x,left_hip_y,left_knee_x,left_knee_y,left_ankle_x,left_ankle_y
0.44972826086956524,0.15398550724637683,0.48777173913043476,0.3460144927536232,0.4116847826086957,0.3713768115942029,0.37092391304347827,0.5380434782608696,0.3736413043478261,0.47644927536231885,0.4904891304347826,0.35326086956521735,0.5665760869565217,0.3423913043478261,0.6182065217391305,0.48731884057971014,0.5665760869565217,0.47282608695652173,0.4904891304347826,0.6431159420289855,0.44429347826086957,0.6358695652173912,0.4578804347826087,0.8822463768115942,0.48777173913043476,1.0,0.5339673913043478,0.6431159420289855,0.5475543478260869,0.8568840579710145,0.5475543478260869,1.0
