head_top_x,head_top_y,upper_neck_x,upper_neck_y,right_shoulder_x,right_shoulder_y,right_elbow_x,right_elbow_y,right_wrist_x,right_wrist_y,thorax_x,thorax_y,left_shoulder_x,left_shoulder_y,left_elbow_x,left_elbow_y,left_wrist_x,left_wrist_y,pelvis_x,pelvis_y,right_hip_x,right_hip_y,right_knee_x,right_knee_y,right_ankle_x,right_ankle_y,left_hip_x,left_hip_y,left_knee_x,left_knee_y,left_ankle_x,left_ankle_y
0.5095108695652174,0.3423913043478261,0.4578804347826087,0.5489130434782609,0.44157608695652173,0.5090579710144927,0.46875,0.3858695652173913,0.48233695652173914,0.7264492753623188,0.4633152173913043,0.5307971014492754,0.49592391304347827,0.5489130434782609,0.5366847826086957,0.657608695652174,0.5421195652173914,0.8315217391304347,0.46875,0.5960144927536232,0.452445652173913,0.5344202898550724,0.485054347826087,0.3713768115942029,0.5176630434782609,0.31702898550724634,0.48777173913043476,0.625,0.4741847826086957,0.39311594202898553,0.5339673913043478,0.31702898550724634
