head_top_x,head_top_y,upper_neck_x,upper_neck_y,right_shoulder_x,right_shoulder_y,right_elbow_x,right_elbow_y,right_wrist_x,right_wrist_y,thorax_x,thorax_y,left_shoulder_x,left_shoulder_y,left_elbow_x,left_elbow_y,left_wrist_x,left_wrist_y,pelvis_x,pelvis_y,right_hip_x,right_hip_y,right_knee_x,right_knee_y,right_ankle_x,right_ankle_y,left_hip_x,left_hip_y,left_knee_x,left_knee_y,left_ankle_x,left_ankle_y
0.44429347826086957,0.08695652173913043,0.39809782608695654,0.3526570048309179,0.33016304347826086,0.34782608695652173,0.28940217391304346,0.5024154589371981,0.34646739130434784,0.5990338164251209,0.39809782608695654,0.35748792270531404,0.46059782608695654,0.35748792270531404,0.4796195652173913,0.5169082125603865,0.5067934782608695,0.5990338164251209,0.3763586956521739,0.6714975845410627,0.34646739130434784,0.6763285024154589,0.3736413043478261,0.9516908212560387,0.3654891304347826,1.0,0.40625,0.6714975845410627,0.4116847826086957,0.9130434782608696,0.35733695652173914,0.8840579710144928
