head_top_x,head_top_y,upper_neck_x,upper_neck_y,right_shoulder_x,right_shoulder_y,right_elbow_x,right_elbow_y,right_wrist_x,right_wrist_y,thorax_x,thorax_y,left_shoulder_x,left_shoulder_y,left_elbow_x,left_elbow_y,left_wrist_x,left_wrist_y,pelvis_x,pelvis_y,right_hip_x,right_hip_y,right_knee_x,right_knee_y,right_ankle_x,right_ankle_y,left_hip_x,left_hip_y,left_knee_x,left_knee_y,left_ankle_x,left_ankle_y
0.5285326086956522,0.057744565217391304,0.6616847826086957,0.14334239130434787,0.6399456521739131,0.21671195652173916,0.6535326086956522,0.4001358695652174,0.7758152173913043,0.4653532608695652,0.6698369565217391,0.1514945652173913,0.7160326086956522,0.0985054347826087,0.8084239130434783,0.2737771739130435,0.8165760869565217,0.48165760869565205,0.5149456521739131,0.5020380434782609,0.5095108695652174,0.48980978260869557,0.44972826086956524,0.5713315217391304,0.49320652173913043,0.966711956521739,0.5285326086956522,0.514266304347826,0.6589673913043478,0.7466032608695652,0.43342391304347827,0.7588315217391304
