head_top_x,head_top_y,upper_neck_x,upper_neck_y,right_shoulder_x,right_shoulder_y,right_elbow_x,right_elbow_y,right_wrist_x,right_wrist_y,thorax_x,thorax_y,left_shoulder_x,left_shoulder_y,left_elbow_x,left_elbow_y,left_wrist_x,left_wrist_y,pelvis_x,pelvis_y,right_hip_x,right_hip_y,right_knee_x,right_knee_y,right_ankle_x,right_ankle_y,left_hip_x,left_hip_y,left_knee_x,left_knee_y,left_ankle_x,left_ankle_y
0.4008152173913043,0.0018115942028985588,0.44429347826086957,0.1684782608695652,0.4904891304347826,0.15760869565217392,0.43342391304347827,0.3025362318840579,0.5203804347826086,0.4474637681159421,0.44157608695652173,0.17572463768115942,0.39266304347826086,0.17572463768115942,0.4116847826086957,0.3242753623188406,0.43342391304347827,0.4257246376811594,0.5230978260869565,0.2989130434782609,0.5584239130434783,0.2989130434782609,0.5203804347826086,0.5634057971014492,0.5067934782608695,0.7481884057971014,0.49592391304347827,0.3134057971014493,0.45516304347826086,0.5452898550724637,0.45516304347826086,0.7336956521739131
