head_top_x,head_top_y,upper_neck_x,upper_neck_y,right_shoulder_x,right_shoulder_y,right_elbow_x,right_elbow_y,right_wrist_x,right_wrist_y,thorax_x,thorax_y,left_shoulder_x,left_shoulder_y,left_elbow_x,left_elbow_y,left_wrist_x,left_wrist_y,pelvis_x,pelvis_y,right_hip_x,right_hip_y,right_knee_x,right_knee_y,right_ankle_x,right_ankle_y,left_hip_x,left_hip_y,left_knee_x,left_knee_y,left_ankle_x,left_ankle_y
0.22418478260869565,0.2778532608695652,0.34103260869565216,0.359375,0.30027173913043476,0.2941576086956521,0.41440217391304346,0.6039402173913042,0.5448369565217391,0.6161684782608696,0.3328804347826087,0.36345108695652173,0.3845108695652174,0.3797554347826087,0.47690217391304346,0.4979619565217391,0.5584239130434783,0.608016304347826,0.5366847826086957,0.39605978260869557,0.49592391304347827,0.4042119565217391,0.6046195652173914,0.685461956521739,0.5557065217391305,0.16372282608695649,0.5502717391304348,0.4123641304347826,0.6019021739130435,0.6528532608695652,0.6317934782608695,0.16372282608695649
