head_top_x,head_top_y,upper_neck_x,upper_neck_y,right_shoulder_x,right_shoulder_y,right_elbow_x,right_elbow_y,right_wrist_x,right_wrist_y,thorax_x,thorax_y,left_shoulder_x,left_shoulder_y,left_elbow_x,left_elbow_y,left_wrist_x,left_wrist_y,pelvis_x,pelvis_y,right_hip_x,right_hip_y,right_knee_x,right_knee_y,right_ankle_x,right_ankle_y,left_hip_x,left_hip_y,left_knee_x,left_knee_y,left_ankle_x,left_ankle_y
0.6834239130434783,0.4653532608695652,0.561141304347826,0.359375,0.49592391304347827,0.3838315217391304,0.4171195652173913,0.530570652173913,0.5067934782608695,0.701766304347826,0.5720108695652174,0.36345108695652173,0.6725543478260869,0.3389945652173913,0.6372282608695652,0.5794836956521738,0.686141304347826,0.7221467391304348,0.48777173913043476,0.48980978260869557,0.47690217391304346,0.3471467391304348,0.4361413043478261,0.5550271739130435,0.44157608695652173,0.8811141304347826,0.5122282608695652,0.530570652173913,0.5448369565217391,0.701766304347826,0.5339673913043478,0.811820652173913
