head_top_x,head_top_y,upper_neck_x,upper_neck_y,right_shoulder_x,right_shoulder_y,right_elbow_x,right_elbow_y,right_wrist_x,right_wrist_y,thorax_x,thorax_y,left_shoulder_x,left_shoulder_y,left_elbow_x,left_elbow_y,left_wrist_x,left_wrist_y,pelvis_x,pelvis_y,right_hip_x,right_hip_y,right_knee_x,right_knee_y,right_ankle_x,right_ankle_y,left_hip_x,left_hip_y,left_knee_x,left_knee_y,left_ankle_x,left_ankle_y
0.3111413043478261,0.3333333333333333,0.5095108695652174,0.34782608695652173,0.4904891304347826,0.35748792270531404,0.5095108695652174,0.5410628019323672,0.5040760869565217,0.6956521739130435,0.4904891304347826,0.2946859903381643,0.49320652173913043,0.3140096618357488,0.5040760869565217,0.5120772946859903,0.5067934782608695,0.6859903381642513,0.5529891304347826,0.2367149758454106,0.5801630434782609,0.25120772946859904,0.5801630434782609,0.2946859903381643,0.7105978260869565,0.20772946859903385,0.5665760869565217,0.2367149758454106,0.5910326086956522,0.27536231884057977,0.7024456521739131,0.18840579710144933
