head_top_x,head_top_y,upper_neck_x,upper_neck_y,right_shoulder_x,right_shoulder_y,right_elbow_x,right_elbow_y,right_wrist_x,right_wrist_y,thorax_x,thorax_y,left_shoulder_x,left_shoulder_y,left_elbow_x,left_elbow_y,left_wrist_x,left_wrist_y,pelvis_x,pelvis_y,right_hip_x,right_hip_y,right_knee_x,right_knee_y,right_ankle_x,right_ankle_y,left_hip_x,left_hip_y,left_knee_x,left_knee_y,left_ankle_x,left_ankle_y
0.17255434782608695,0.06182065217391306,0.31929347826086957,0.1311141304347826,0.29483695652173914,0.1841032608695652,0.36820652173913043,0.3552989130434782,0.43342391304347827,0.46942934782608686,0.3383152173913043,0.13519021739130435,0.37907608695652173,0.078125,0.4578804347826087,0.2778532608695652,0.4578804347826087,0.4572010869565217,0.48233695652173914,0.43682065217391297,0.44972826086956524,0.4572010869565217,0.49592391304347827,0.8036684782608696,0.48777173913043476,0.9748641304347826,0.5122282608695652,0.4205163043478261,0.5692934782608695,0.811820652173913,0.6100543478260869,0.8851902173913042
