head_top_x,head_top_y,upper_neck_x,upper_neck_y,right_shoulder_x,right_shoulder_y,right_elbow_x,right_elbow_y,right_wrist_x,right_wrist_y,thorax_x,thorax_y,left_shoulder_x,left_shoulder_y,left_elbow_x,left_elbow_y,left_wrist_x,left_wrist_y,pelvis_x,pelvis_y,right_hip_x,right_hip_y,right_knee_x,right_knee_y,right_ankle_x,right_ankle_y,left_hip_x,left_hip_y,left_knee_x,left_knee_y,left_ankle_x,left_ankle_y
0.7323369565217391,0.09661835748792275,0.751358695652174,0.3719806763285024,0.813858695652174,0.41062801932367154,0.8192934782608695,0.6183574879227053,0.7404891304347826,0.6376811594202899,0.7595108695652174,0.3913043478260869,0.7078804347826086,0.3623188405797102,0.6290760869565217,0.5652173913043479,0.5692934782608695,0.7053140096618358,0.7323369565217391,0.7342995169082125,0.7649456521739131,0.7584541062801932,0.48233695652173914,0.4154589371980676,0.6345108695652174,0.9178743961352657,0.7024456521739131,0.7149758454106281,0.563858695652174,0.9082125603864735,0.6046195652173914,0.9420289855072463
