head_top_x,head_top_y,upper_neck_x,upper_neck_y,right_shoulder_x,right_shoulder_y,right_elbow_x,right_elbow_y,right_wrist_x,right_wrist_y,thorax_x,thorax_y,left_shoulder_x,left_shoulder_y,left_elbow_x,left_elbow_y,left_wrist_x,left_wrist_y,pelvis_x,pelvis_y,right_hip_x,right_hip_y,right_knee_x,right_knee_y,right_ankle_x,right_ankle_y,left_hip_x,left_hip_y,left_knee_x,left_knee_y,left_ankle_x,left_ankle_y
0.9524456521739131,0.8840579710144928,0.5366847826086957,0.014492753623188422,0.5502717391304348,-0.001358695652173913,0.49592391304347827,0.07729468599033822,0.30842391304347827,0.2898550724637681,0.5394021739130435,0.0,0.5095108695652174,0.043478260869565216,0.5149456521739131,0.053140096618357474,0.43342391304347827,0.5942028985507246,0.4116847826086957,0.5990338164251209,0.41440217391304346,0.5990338164251209,0.623641304347826,0.4444444444444444,0.4578804347826087,0.9806763285024154,0.40896739130434784,0.5990338164251209,0.6589673913043478,0.43961352657004826,0.46603260869565216,0.9806763285024154
