head_top_x,head_top_y,upper_neck_x,upper_neck_y,right_shoulder_x,right_shoulder_y,right_elbow_x,right_elbow_y,right_wrist_x,right_wrist_y,thorax_x,thorax_y,left_shoulder_x,left_shoulder_y,left_elbow_x,left_elbow_y,left_wrist_x,left_wrist_y,pelvis_x,pelvis_y,right_hip_x,right_hip_y,right_knee_x,right_knee_y,right_ankle_x,right_ankle_y,left_hip_x,left_hip_y,left_knee_x,left_knee_y,left_ankle_x,left_ankle_y
0.5122282608695652,0.08179913949275361,0.4986413043478261,0.3912194293478261,0.41983695652173914,0.47340919384057983,0.27309782608695654,0.599111186594203,0.3029891304347826,0.5701030344202899,0.49320652173913043,0.45407042572463774,0.5557065217391305,0.5072520380434783,0.6480978260869565,0.5652683423913044,0.3111413043478261,0.5701030344202899,0.5067934782608695,0.49274796195652176,0.4470108695652174,0.4782438858695653,0.28125,0.599111186594203,0.6046195652173914,0.5749377264492754,0.561141304347826,0.5072520380434783,0.8355978260869565,0.5846071105072463,0.5991847826086957,0.5652683423913044
