head_top_x,head_top_y,upper_neck_x,upper_neck_y,right_shoulder_x,right_shoulder_y,right_elbow_x,right_elbow_y,right_wrist_x,right_wrist_y,thorax_x,thorax_y,left_shoulder_x,left_shoulder_y,left_elbow_x,left_elbow_y,left_wrist_x,left_wrist_y,pelvis_x,pelvis_y,right_hip_x,right_hip_y,right_knee_x,right_knee_y,right_ankle_x,right_ankle_y,left_hip_x,left_hip_y,left_knee_x,left_knee_y,left_ankle_x,left_ankle_y
0.47146739130434784,0.1690821256038647,0.49320652173913043,0.42995169082125606,0.44429347826086957,0.4251207729468599,0.4116847826086957,0.5507246376811595,0.40896739130434784,0.6714975845410627,0.49320652173913043,0.42995169082125606,0.5421195652173914,0.3913043478260869,0.5855978260869565,0.47826086956521735,0.5502717391304348,0.43961352657004826,0.4904891304347826,0.647342995169082,0.4578804347826087,0.6618357487922706,0.4741847826086957,0.5797101449275363,0.5203804347826086,0.3526570048309179,0.5203804347826086,0.6376811594202899,0.5855978260869565,0.40096618357487923,0.49592391304347827,0.7198067632850241
