head_top_x,head_top_y,upper_neck_x,upper_neck_y,right_shoulder_x,right_shoulder_y,right_elbow_x,right_elbow_y,right_wrist_x,right_wrist_y,thorax_x,thorax_y,left_shoulder_x,left_shoulder_y,left_elbow_x,left_elbow_y,left_wrist_x,left_wrist_y,pelvis_x,pelvis_y,right_hip_x,right_hip_y,right_knee_x,right_knee_y,right_ankle_x,right_ankle_y,left_hip_x,left_hip_y,left_knee_x,left_knee_y,left_ankle_x,left_ankle_y
0.6453804347826086,0.009661835748792265,0.686141304347826,0.25120772946859904,0.623641304347826,0.18357487922705318,0.5964673913043478,0.29951690821256044,0.5964673913043478,0.3719806763285024,0.6807065217391305,0.2125603864734299,0.7432065217391305,0.2367149758454106,0.7214673913043478,0.16425120772946863,0.5964673913043478,0.37681159420289856,0.7024456521739131,0.3333333333333333,0.6834239130434783,0.35748792270531404,0.44429347826086957,0.2946859903381643,0.327445652173913,0.3961352657004831,0.7105978260869565,0.323671497584541,0.47146739130434784,0.26570048309178745,0.7024456521739131,0.45410628019323673
