head_top_x,head_top_y,upper_neck_x,upper_neck_y,right_shoulder_x,right_shoulder_y,right_elbow_x,right_elbow_y,right_wrist_x,right_wrist_y,thorax_x,thorax_y,left_shoulder_x,left_shoulder_y,left_elbow_x,left_elbow_y,left_wrist_x,left_wrist_y,pelvis_x,pelvis_y,right_hip_x,right_hip_y,right_knee_x,right_knee_y,right_ankle_x,right_ankle_y,left_hip_x,left_hip_y,left_knee_x,left_knee_y,left_ankle_x,left_ankle_y
0.811141304347826,0.19323671497584538,0.7323369565217391,0.4154589371980676,0.6317934782608695,0.3913043478260869,0.53125,0.5120772946859903,0.48233695652173914,0.5507246376811595,0.7296195652173914,0.4347826086956521,0.8328804347826086,0.46859903381642515,0.7078804347826086,0.5893719806763286,0.5475543478260869,0.642512077294686,0.6073369565217391,0.7391304347826088,0.5584239130434783,0.7294685990338164,0.5067934782608695,0.9420289855072463,0.5557065217391305,0.7439613526570048,0.623641304347826,0.7439613526570048,0.6644021739130435,0.7777777777777778,0.5176630434782609,0.08212560386473428
