head_top_x,head_top_y,upper_neck_x,upper_neck_y,right_shoulder_x,right_shoulder_y,right_elbow_x,right_elbow_y,right_wrist_x,right_wrist_y,thorax_x,thorax_y,left_shoulder_x,left_shoulder_y,left_elbow_x,left_elbow_y,left_wrist_x,left_wrist_y,pelvis_x,pelvis_y,right_hip_x,right_hip_y,right_knee_x,right_knee_y,right_ankle_x,right_ankle_y,left_hip_x,left_hip_y,left_knee_x,left_knee_y,left_ankle_x,left_ankle_y
0.5883152173913043,0.20750113224637687,0.5529891304347826,0.43473165760869564,0.5394021739130435,0.37188066123188407,0.5230978260869565,0.38155004528985514,0.5747282608695652,0.1639889039855073,0.561141304347826,0.41539288949275366,0.5883152173913043,0.4492357336956523,0.563858695652174,0.618449954710145,0.5394021739130435,0.8021682518115942,0.5149456521739131,0.47340919384057983,0.501358695652174,0.4444010416666667,0.5421195652173914,0.6039458786231884,0.561141304347826,0.7876641757246378,0.5258152173913043,0.5169214221014493,0.5285326086956522,0.637788722826087,0.5475543478260869,0.8215070199275364
