head_top_x,head_top_y,upper_neck_x,upper_neck_y,right_shoulder_x,right_shoulder_y,right_elbow_x,right_elbow_y,right_wrist_x,right_wrist_y,thorax_x,thorax_y,left_shoulder_x,left_shoulder_y,left_elbow_x,left_elbow_y,left_wrist_x,left_wrist_y,pelvis_x,pelvis_y,right_hip_x,right_hip_y,right_knee_x,right_knee_y,right_ankle_x,right_ankle_y,left_hip_x,left_hip_y,left_knee_x,left_knee_y,left_ankle_x,left_ankle_y
0.3736413043478261,0.10628019323671495,0.38179347826086957,0.323671497584541,0.35733695652173914,0.32850241545893716,0.3220108695652174,0.24154589371980675,0.31929347826086957,0.2705314009661836,0.3763586956521739,0.2608695652173913,0.3953804347826087,0.18840579710144933,0.4578804347826087,0.2463768115942029,0.49320652173913043,0.323671497584541,0.3845108695652174,0.3333333333333333,0.36820652173913043,0.34782608695652173,0.3953804347826087,0.43961352657004826,0.389945652173913,0.5652173913043479,0.40353260869565216,0.32850241545893716,0.4388586956521739,0.45893719806763283,0.4470108695652174,0.5990338164251209
