head_top_x,head_top_y,upper_neck_x,upper_neck_y,right_shoulder_x,right_shoulder_y,right_elbow_x,right_elbow_y,right_wrist_x,right_wrist_y,thorax_x,thorax_y,left_shoulder_x,left_shoulder_y,left_elbow_x,left_elbow_y,left_wrist_x,left_wrist_y,pelvis_x,pelvis_y,right_hip_x,right_hip_y,right_knee_x,right_knee_y,right_ankle_x,right_ankle_y,left_hip_x,left_hip_y,left_knee_x,left_knee_y,left_ankle_x,left_ankle_y
0.5176630434782609,0.11080729166666668,0.4741847826086957,0.3960541213768116,0.39809782608695654,0.42989696557971024,0.6154891304347826,0.5265908061594203,0.6453804347826086,0.3960541213768116,0.46875,0.41539288949275366,0.5366847826086957,0.4105581974637682,0.6073369565217391,0.5217561141304348,0.4633152173913043,0.5024173460144928,0.46059782608695654,0.7779947916666667,0.44429347826086957,0.715143795289855,0.5529891304347826,0.38155004528985514,0.5149456521739131,0.07212975543478266,0.46875,0.7828294836956521,0.4633152173913043,0.7586560235507246,0.5176630434782609,0.0963032155797102
