head_top_x,head_top_y,upper_neck_x,upper_neck_y,right_shoulder_x,right_shoulder_y,right_elbow_x,right_elbow_y,right_wrist_x,right_wrist_y,thorax_x,thorax_y,left_shoulder_x,left_shoulder_y,left_elbow_x,left_elbow_y,left_wrist_x,left_wrist_y,pelvis_x,pelvis_y,right_hip_x,right_hip_y,right_knee_x,right_knee_y,right_ankle_x,right_ankle_y,left_hip_x,left_hip_y,left_knee_x,left_knee_y,left_ankle_x,left_ankle_y
0.6127717391304348,0.0676328502415459,0.6209239130434783,0.33816425120772947,0.5584239130434783,0.3961352657004831,0.501358695652174,0.5555555555555556,0.4361413043478261,0.6859903381642513,0.626358695652174,0.3913043478260869,0.6942934782608695,0.38647342995169087,0.7595108695652174,0.6328502415458936,0.7676630434782609,0.8212560386473431,0.6779891304347826,0.6908212560386473,0.6399456521739131,0.6666666666666666,0.6290760869565217,0.7487922705314011,0.623641304347826,0.8260869565217391,0.7133152173913043,0.7053140096618358,0.6182065217391305,0.7342995169082125,0.6807065217391305,0.9178743961352657
