head_top_x,head_top_y,upper_neck_x,upper_neck_y,right_shoulder_x,right_shoulder_y,right_elbow_x,right_elbow_y,right_wrist_x,right_wrist_y,thorax_x,thorax_y,left_shoulder_x,left_shoulder_y,left_elbow_x,left_elbow_y,left_wrist_x,left_wrist_y,pelvis_x,pelvis_y,right_hip_x,right_hip_y,right_knee_x,right_knee_y,right_ankle_x,right_ankle_y,left_hip_x,left_hip_y,left_knee_x,left_knee_y,left_ankle_x,left_ankle_y
0.5067934782608695,0.40088881340579713,0.44972826086956524,0.6136152626811595,0.5149456521739131,0.5797724184782609,0.31657608695652173,0.7441519474637681,0.31929347826086957,0.5894418025362319,0.4633152173913043,0.5894418025362319,0.48233695652173914,0.5652683423913044,0.5095108695652174,0.7199784873188405,0.31929347826086957,0.5942764945652174,0.49592391304347827,0.43473165760869564,0.49592391304347827,0.4250622735507247,0.36277173913043476,0.628119338768116,0.33559782608695654,0.6764662590579711,0.485054347826087,0.4492357336956523,0.47690217391304346,0.4395663496376812,0.33016304347826086,0.695805027173913
