head_top_x,head_top_y,upper_neck_x,upper_neck_y,right_shoulder_x,right_shoulder_y,right_elbow_x,right_elbow_y,right_wrist_x,right_wrist_y,thorax_x,thorax_y,left_shoulder_x,left_shoulder_y,left_elbow_x,left_elbow_y,left_wrist_x,left_wrist_y,pelvis_x,pelvis_y,right_hip_x,right_hip_y,right_knee_x,right_knee_y,right_ankle_x,right_ankle_y,left_hip_x,left_hip_y,left_knee_x,left_knee_y,left_ankle_x,left_ankle_y
0.6182065217391305,0.05797101449275358,0.6372282608695652,0.29951690821256044,0.7785326086956522,0.2705314009661836,0.938858695652174,0.34299516908212563,0.9660326086956522,0.18840579710144933,0.6399456521739131,0.3140096618357488,0.5230978260869565,0.3623188405797102,0.4008152173913043,0.5410628019323672,0.422554347826087,0.5120772946859903,0.748641304347826,0.7487922705314011,0.8220108695652174,0.6859903381642513,0.5747282608695652,0.40096618357487923,0.9850543478260869,0.1352657004830918,0.686141304347826,0.7826086956521738,0.6290760869565217,0.2898550724637681,0.688858695652174,0.8840579710144928
