head_top_x,head_top_y,upper_neck_x,upper_neck_y,right_shoulder_x,right_shoulder_y,right_elbow_x,right_elbow_y,right_wrist_x,right_wrist_y,thorax_x,thorax_y,left_shoulder_x,left_shoulder_y,left_elbow_x,left_elbow_y,left_wrist_x,left_wrist_y,pelvis_x,pelvis_y,right_hip_x,right_hip_y,right_knee_x,right_knee_y,right_ankle_x,right_ankle_y,left_hip_x,left_hip_y,left_knee_x,left_knee_y,left_ankle_x,left_ankle_y
0.6019021739130435,0.07729468599033822,0.5394021739130435,0.31884057971014496,0.48777173913043476,0.28502415458937197,0.44157608695652173,0.32850241545893716,0.7051630434782609,0.3140096618357488,0.5421195652173914,0.32850241545893716,0.5855978260869565,0.3140096618357488,0.6942934782608695,0.37681159420289856,0.7214673913043478,0.27536231884057977,0.452445652173913,0.4444444444444444,0.44972826086956524,0.45893719806763283,0.3845108695652174,0.41062801932367154,0.7758152173913043,0.5555555555555556,0.4388586956521739,0.4444444444444444,0.7404891304347826,0.5265700483091789,0.7758152173913043,0.5652173913043479
