head_top_x,head_top_y,upper_neck_x,upper_neck_y,right_shoulder_x,right_shoulder_y,right_elbow_x,right_elbow_y,right_wrist_x,right_wrist_y,thorax_x,thorax_y,left_shoulder_x,left_shoulder_y,left_elbow_x,left_elbow_y,left_wrist_x,left_wrist_y,pelvis_x,pelvis_y,right_hip_x,right_hip_y,right_knee_x,right_knee_y,right_ankle_x,right_ankle_y,left_hip_x,left_hip_y,left_knee_x,left_knee_y,left_ankle_x,left_ankle_y
0.6019021739130435,0.024154589371980686,0.623641304347826,0.2705314009661836,0.5747282608695652,0.27536231884057977,0.501358695652174,0.28502415458937197,0.40625,0.2801932367149758,0.626358695652174,0.2898550724637681,0.6834239130434783,0.2898550724637681,0.7459239130434783,0.3623188405797102,0.7703804347826086,0.37681159420289856,0.6154891304347826,0.6376811594202899,0.5774456521739131,0.6183574879227053,0.46603260869565216,0.7246376811594204,0.46059782608695654,0.9806763285024154,0.6453804347826086,0.6666666666666666,0.53125,0.7826086956521738,0.4633152173913043,0.995169082125604
