head_top_x,head_top_y,upper_neck_x,upper_neck_y,right_shoulder_x,right_shoulder_y,right_elbow_x,right_elbow_y,right_wrist_x,right_wrist_y,thorax_x,thorax_y,left_shoulder_x,left_shoulder_y,left_elbow_x,left_elbow_y,left_wrist_x,left_wrist_y,pelvis_x,pelvis_y,right_hip_x,right_hip_y,right_knee_x,right_knee_y,right_ankle_x,right_ankle_y,left_hip_x,left_hip_y,left_knee_x,left_knee_y,left_ankle_x,left_ankle_y
0.561141304347826,-0.001358695652173913,0.5774456521739131,0.1721014492753623,0.4741847826086957,0.17934782608695654,0.41440217391304346,0.3786231884057971,0.3383152173913043,0.21557971014492758,0.5801630434782609,0.1902173913043478,0.6942934782608695,0.20833333333333334,0.6834239130434783,0.6105072463768115,0.43342391304347827,0.5416666666666666,0.5529891304347826,0.7771739130434782,0.48777173913043476,0.7518115942028986,0.34375,0.9728260869565218,0.44157608695652173,0.2192028985507246,0.6209239130434783,0.7952898550724637,0.5203804347826086,0.16123188405797104,0.6209239130434783,1.0
