head_top_x,head_top_y,upper_neck_x,upper_neck_y,right_shoulder_x,right_shoulder_y,right_elbow_x,right_elbow_y,right_wrist_x,right_wrist_y,thorax_x,thorax_y,left_shoulder_x,left_shoulder_y,left_elbow_x,left_elbow_y,left_wrist_x,left_wrist_y,pelvis_x,pelvis_y,right_hip_x,right_hip_y,right_knee_x,right_knee_y,right_ankle_x,right_ankle_y,left_hip_x,left_hip_y,left_knee_x,left_knee_y,left_ankle_x,left_ankle_y
0.3383152173913043,0.21739130434782605,0.44429347826086957,0.12077294685990342,0.48233695652173914,0.08695652173913043,0.5149456521739131,0.3961352657004831,0.6725543478260869,0.5265700483091789,0.4470108695652174,0.14009661835748796,0.47146739130434784,0.11594202898550726,0.5339673913043478,0.37681159420289856,0.6698369565217391,0.5217391304347826,0.452445652173913,0.5990338164251209,0.4171195652173913,0.4830917874396135,0.46603260869565216,0.9178743961352657,0.6535326086956522,0.7777777777777778,0.45516304347826086,0.5990338164251209,0.4633152173913043,0.9033816425120773,0.6589673913043478,0.7584541062801932
