head_top_x,head_top_y,upper_neck_x,upper_neck_y,right_shoulder_x,right_shoulder_y,right_elbow_x,right_elbow_y,right_wrist_x,right_wrist_y,thorax_x,thorax_y,left_shoulder_x,left_shoulder_y,left_elbow_x,left_elbow_y,left_wrist_x,left_wrist_y,pelvis_x,pelvis_y,right_hip_x,right_hip_y,right_knee_x,right_knee_y,right_ankle_x,right_ankle_y,left_hip_x,left_hip_y,left_knee_x,left_knee_y,left_ankle_x,left_ankle_y
0.40625,0.14975845410628016,0.3111413043478261,0.3719806763285024,0.24592391304347827,0.37681159420289856,0.24864130434782608,0.5990338164251209,0.34103260869565216,0.7922705314009661,0.297554347826087,0.3816425120772947,0.34103260869565216,0.4057971014492754,0.4008152173913043,0.5603864734299516,0.4470108695652174,0.6183574879227053,0.5747282608695652,0.17874396135265702,0.5584239130434783,0.21739130434782605,0.563858695652174,0.28502415458937197,0.5665760869565217,0.3719806763285024,0.5964673913043478,0.09178743961352659,0.6073369565217391,0.30917874396135264,0.6317934782608695,0.4347826086956521
