head_top_x,head_top_y,upper_neck_x,upper_neck_y,right_shoulder_x,right_shoulder_y,right_elbow_x,right_elbow_y,right_wrist_x,right_wrist_y,thorax_x,thorax_y,left_shoulder_x,left_shoulder_y,left_elbow_x,left_elbow_y,left_wrist_x,left_wrist_y,pelvis_x,pelvis_y,right_hip_x,right_hip_y,right_knee_x,right_knee_y,right_ankle_x,right_ankle_y,left_hip_x,left_hip_y,left_knee_x,left_knee_y,left_ankle_x,left_ankle_y
0.5261435909980431,0.05580357142857143,0.4738564090019569,0.20758928571428573,0.2647076810176126,0.24330357142857142,0.2228779354207436,0.390625,0.21242049902152643,0.5245535714285714,0.4633989726027397,0.234375,0.6725477005870841,0.22991071428571427,0.7248348825831703,0.3549107142857143,0.7875795009784734,0.47098214285714285,0.5366010273972602,0.5022321428571429,0.42156922700587085,0.5111607142857143,0.4947712818003914,0.7165178571428571,0.34836717221135033,0.8638392857142857,0.6411753913894324,0.484375,0.7562071917808219,0.7120535714285714,0.7771220645792563,0.9129464285714286
