head_top_x,head_top_y,upper_neck_x,upper_neck_y,right_shoulder_x,right_shoulder_y,right_elbow_x,right_elbow_y,right_wrist_x,right_wrist_y,thorax_x,thorax_y,left_shoulder_x,left_shoulder_y,left_elbow_x,left_elbow_y,left_wrist_x,left_wrist_y,pelvis_x,pelvis_y,right_hip_x,right_hip_y,right_knee_x,right_knee_y,right_ankle_x,right_ankle_y,left_hip_x,left_hip_y,left_knee_x,left_knee_y,left_ankle_x,left_ankle_y
0.38984976475620187,0.6674107142857143,0.4758206800684346,0.5558035714285714,0.3844765825491874,0.6004464285714286,0.29850566723695465,0.7165178571428571,0.212534751924722,0.8370535714285714,0.4650743156544055,0.5736607142857143,0.5241793199315654,0.5736607142857143,0.5241793199315654,0.7209821428571429,0.49194022668947823,0.8370535714285714,0.5080597733105219,0.41294642857142855,0.5026865911035073,0.4174107142857143,0.6208965996578273,0.328125,0.48656704448246363,0.22098214285714285,0.5080597733105219,0.41294642857142855,0.6370161462788707,0.3325892857142857,0.7498529726261761,0.22544642857142858
