head_top_x,head_top_y,upper_neck_x,upper_neck_y,right_shoulder_x,right_shoulder_y,right_elbow_x,right_elbow_y,right_wrist_x,right_wrist_y,thorax_x,thorax_y,left_shoulder_x,left_shoulder_y,left_elbow_x,left_elbow_y,left_wrist_x,left_wrist_y,pelvis_x,pelvis_y,right_hip_x,right_hip_y,right_knee_x,right_knee_y,right_ankle_x,right_ankle_y,left_hip_x,left_hip_y,left_knee_x,left_knee_y,left_ankle_x,left_ankle_y
0.5289522058823529,0.06473214285714286,0.5124080882352942,0.21205357142857142,0.6364889705882353,0.22544642857142858,0.7605698529411764,0.31473214285714285,0.6861213235294118,0.3950892857142857,0.5041360294117648,0.22991071428571427,0.36351102941176466,0.234375,0.2063419117647059,0.328125,0.3552389705882353,0.41294642857142855,0.5289522058823529,0.44419642857142855,0.5951286764705882,0.43973214285714285,0.6778492647058824,0.6540178571428571,0.5868566176470588,0.8549107142857143,0.46277573529411764,0.44419642857142855,0.47931985294117646,0.6584821428571429,0.5041360294117648,0.8504464285714286
