head_top_x,head_top_y,upper_neck_x,upper_neck_y,right_shoulder_x,right_shoulder_y,right_elbow_x,right_elbow_y,right_wrist_x,right_wrist_y,thorax_x,thorax_y,left_shoulder_x,left_shoulder_y,left_elbow_x,left_elbow_y,left_wrist_x,left_wrist_y,pelvis_x,pelvis_y,right_hip_x,right_hip_y,right_knee_x,right_knee_y,right_ankle_x,right_ankle_y,left_hip_x,left_hip_y,left_knee_x,left_knee_y,left_ankle_x,left_ankle_y
0.8105793189368771,0.029017857142857144,0.7304298172757474,0.11383928571428571,0.6436011904761906,0.13616071428571427,0.5100186877076412,0.24330357142857142,0.5233769379844961,0.39955357142857145,0.7170715669988926,0.15401785714285715,0.650280315614618,0.13616071428571427,0.5233769379844961,0.23883928571428573,0.5233769379844961,0.41294642857142855,0.2361745570321152,0.5558035714285714,0.24285368217054265,0.5558035714285714,0.4098318106312293,0.6227678571428571,0.2361745570321152,0.7879464285714286,0.2161371816168328,0.5558035714285714,0.363077934662237,0.6272321428571429,0.24285368217054265,0.7790178571428571
