head_top_x,head_top_y,upper_neck_x,upper_neck_y,right_shoulder_x,right_shoulder_y,right_elbow_x,right_elbow_y,right_wrist_x,right_wrist_y,thorax_x,thorax_y,left_shoulder_x,left_shoulder_y,left_elbow_x,left_elbow_y,left_wrist_x,left_wrist_y,pelvis_x,pelvis_y,right_hip_x,right_hip_y,right_knee_x,right_knee_y,right_ankle_x,right_ankle_y,left_hip_x,left_hip_y,left_knee_x,left_knee_y,left_ankle_x,left_ankle_y
0.6495535714285715,0.15848214285714285,0.5603461779448622,0.27455357142857145,0.47638627819548873,0.234375,0.3399514411027569,0.18973214285714285,0.23500156641604014,0.19419642857142858,0.5603461779448622,0.27455357142857145,0.6443060776942355,0.31026785714285715,0.5760886591478698,0.40848214285714285,0.47113878446115287,0.359375,0.5026237468671679,0.453125,0.4553963032581454,0.44419642857142855,0.29797149122807015,0.515625,0.23500156641604014,0.6897321428571429,0.5550986842105263,0.46651785714285715,0.6180686090225564,0.6629464285714286,0.7649984335839599,0.8102678571428571
