head_top_x,head_top_y,upper_neck_x,upper_neck_y,right_shoulder_x,right_shoulder_y,right_elbow_x,right_elbow_y,right_wrist_x,right_wrist_y,thorax_x,thorax_y,left_shoulder_x,left_shoulder_y,left_elbow_x,left_elbow_y,left_wrist_x,left_wrist_y,pelvis_x,pelvis_y,right_hip_x,right_hip_y,right_knee_x,right_knee_y,right_ankle_x,right_ankle_y,left_hip_x,left_hip_y,left_knee_x,left_knee_y,left_ankle_x,left_ankle_y
0.5941220238095238,0.09598214285714286,0.5204613095238095,0.24330357142857142,0.3404017857142857,0.27455357142857145,0.2094494047619048,0.3950892857142857,0.30766369047619047,0.5290178571428571,0.504092261904762,0.27455357142857145,0.6595982142857142,0.2700892857142857,0.7168898809523809,0.3861607142857143,0.7659970238095238,0.4888392857142857,0.4468005952380953,0.5111607142857143,0.3404017857142857,0.5111607142857143,0.3322172619047619,0.6986607142857143,0.3322172619047619,0.8727678571428571,0.5368303571428571,0.5066964285714286,0.6350446428571429,0.6584821428571429,0.675967261904762,0.8058035714285714
