head_top_x,head_top_y,upper_neck_x,upper_neck_y,right_shoulder_x,right_shoulder_y,right_elbow_x,right_elbow_y,right_wrist_x,right_wrist_y,thorax_x,thorax_y,left_shoulder_x,left_shoulder_y,left_elbow_x,left_elbow_y,left_wrist_x,left_wrist_y,pelvis_x,pelvis_y,right_hip_x,right_hip_y,right_knee_x,right_knee_y,right_ankle_x,right_ankle_y,left_hip_x,left_hip_y,left_knee_x,left_knee_y,left_ankle_x,left_ankle_y
0.21423192771084337,0.11383928571428571,0.2958799483648881,0.24330357142857142,0.36268287435456115,0.24776785714285715,0.570514199655766,0.3013392857142857,0.7263876936316696,0.33705357142857145,0.30330249569707396,0.265625,0.2439221170395869,0.27455357142857145,0.3404152323580035,0.37276785714285715,0.45917598967297757,0.3950892857142857,0.39237306368330466,0.5915178571428571,0.4072181583476764,0.5870535714285714,0.756077882960413,0.6941964285714286,0.4740210843373494,0.8504464285714286,0.3552603270223752,0.5915178571428571,0.6521622203098106,0.6852678571428571,0.48144363166953524,0.8459821428571429
