head_top_x,head_top_y,upper_neck_x,upper_neck_y,right_shoulder_x,right_shoulder_y,right_elbow_x,right_elbow_y,right_wrist_x,right_wrist_y,thorax_x,thorax_y,left_shoulder_x,left_shoulder_y,left_elbow_x,left_elbow_y,left_wrist_x,left_wrist_y,pelvis_x,pelvis_y,right_hip_x,right_hip_y,right_knee_x,right_knee_y,right_ankle_x,right_ankle_y,left_hip_x,left_hip_y,left_knee_x,left_knee_y,left_ankle_x,left_ankle_y
0.4772002551020408,0.08258928571428571,0.4680803571428571,0.234375,0.2765625,0.28794642857142855,0.2400829081632653,0.453125,0.31304209183673465,0.49776785714285715,0.4680803571428571,0.27455357142857145,0.6778380102040816,0.265625,0.8967155612244899,0.35044642857142855,0.7963966836734694,0.296875,0.4133609693877551,0.5334821428571429,0.30392219387755104,0.5424107142857143,0.5957589285714285,0.5915178571428571,0.4772002551020408,0.8816964285714286,0.5136798469387756,0.5290178571428571,0.6595982142857143,0.609375,0.7599170918367348,0.8504464285714286
