head_top_x,head_top_y,upper_neck_x,upper_neck_y,right_shoulder_x,right_shoulder_y,right_elbow_x,right_elbow_y,right_wrist_x,right_wrist_y,thorax_x,thorax_y,left_shoulder_x,left_shoulder_y,left_elbow_x,left_elbow_y,left_wrist_x,left_wrist_y,pelvis_x,pelvis_y,right_hip_x,right_hip_y,right_knee_x,right_knee_y,right_ankle_x,right_ankle_y,left_hip_x,left_hip_y,left_knee_x,left_knee_y,left_ankle_x,left_ankle_y
0.4888176144244107,0.09151785714285714,0.47390776699029125,0.24330357142857142,0.33226421636615816,0.2700892857142857,0.25026005547850205,0.39955357142857145,0.23535020804438284,0.4888392857142857,0.47390776699029125,0.27455357142857145,0.6453710124826629,0.2700892857142857,0.6975554785020804,0.40848214285714285,0.7571948682385575,0.5111607142857143,0.46645284327323167,0.5111607142857143,0.376993758668516,0.5111607142857143,0.3919036061026353,0.6852678571428571,0.354628987517337,0.8638392857142857,0.5335471567267683,0.515625,0.5484570041608876,0.6763392857142857,0.5484570041608876,0.8147321428571429
