head_top_x,head_top_y,upper_neck_x,upper_neck_y,right_shoulder_x,right_shoulder_y,right_elbow_x,right_elbow_y,right_wrist_x,right_wrist_y,thorax_x,thorax_y,left_shoulder_x,left_shoulder_y,left_elbow_x,left_elbow_y,left_wrist_x,left_wrist_y,pelvis_x,pelvis_y,right_hip_x,right_hip_y,right_knee_x,right_knee_y,right_ankle_x,right_ankle_y,left_hip_x,left_hip_y,left_knee_x,left_knee_y,left_ankle_x,left_ankle_y
0.5796221689895472,0.060267857142857144,0.48407556620209063,0.203125,0.5902384581881533,0.19866071428571427,0.7070176393728222,0.3013392857142857,0.7388665069686412,0.37723214285714285,0.4734592770034843,0.22544642857142858,0.3672963850174215,0.22991071428571427,0.3779126742160279,0.34151785714285715,0.4734592770034843,0.3950892857142857,0.39914525261324035,0.4486607142857143,0.46284298780487804,0.4486607142857143,0.5053081445993033,0.6629464285714286,0.5159244337979095,0.8727678571428571,0.3248312282229965,0.4486607142857143,0.3885289634146341,0.6540178571428571,0.20805204703832747,0.8727678571428571
