head_top_x,head_top_y,upper_neck_x,upper_neck_y,right_shoulder_x,right_shoulder_y,right_elbow_x,right_elbow_y,right_wrist_x,right_wrist_y,thorax_x,thorax_y,left_shoulder_x,left_shoulder_y,left_elbow_x,left_elbow_y,left_wrist_x,left_wrist_y,pelvis_x,pelvis_y,right_hip_x,right_hip_y,right_knee_x,right_knee_y,right_ankle_x,right_ankle_y,left_hip_x,left_hip_y,left_knee_x,left_knee_y,left_ankle_x,left_ankle_y
0.5414870689655172,0.08705357142857142,0.5339439655172413,0.24330357142857142,0.44342672413793105,0.2611607142857143,0.4358836206896552,0.38169642857142855,0.3453663793103448,0.4888392857142857,0.5414870689655172,0.2700892857142857,0.6470905172413792,0.28348214285714285,0.7677801724137931,0.41294642857142855,0.7677801724137931,0.546875,0.503771551724138,0.5066964285714286,0.4509698275862069,0.484375,0.22467672413793108,0.5022321428571429,0.2774784482758621,0.6852678571428571,0.549030172413793,0.5200892857142857,0.5264008620689655,0.6986607142857143,0.5565732758620691,0.8727678571428571
