head_top_x,head_top_y,upper_neck_x,upper_neck_y,right_shoulder_x,right_shoulder_y,right_elbow_x,right_elbow_y,right_wrist_x,right_wrist_y,thorax_x,thorax_y,left_shoulder_x,left_shoulder_y,left_elbow_x,left_elbow_y,left_wrist_x,left_wrist_y,pelvis_x,pelvis_y,right_hip_x,right_hip_y,right_knee_x,right_knee_y,right_ankle_x,right_ankle_y,left_hip_x,left_hip_y,left_knee_x,left_knee_y,left_ankle_x,left_ankle_y
0.5249255952380952,0.11383928571428571,0.48931760204081626,0.25223214285714285,0.5391687925170068,0.25669642857142855,0.6602359693877552,0.33705357142857145,0.7670599489795918,0.328125,0.48931760204081626,0.265625,0.4394664115646258,0.265625,0.5391687925170068,0.34598214285714285,0.6887223639455782,0.3325892857142857,0.39673681972789115,0.4799107142857143,0.4038584183673468,0.484375,0.46083120748299305,0.6540178571428571,0.4109800170068026,0.828125,0.3753720238095238,0.47098214285714285,0.38249362244897955,0.6361607142857143,0.24006164965986396,0.7924107142857143
