head_top_x,head_top_y,upper_neck_x,upper_neck_y,right_shoulder_x,right_shoulder_y,right_elbow_x,right_elbow_y,right_wrist_x,right_wrist_y,thorax_x,thorax_y,left_shoulder_x,left_shoulder_y,left_elbow_x,left_elbow_y,left_wrist_x,left_wrist_y,pelvis_x,pelvis_y,right_hip_x,right_hip_y,right_knee_x,right_knee_y,right_ankle_x,right_ankle_y,left_hip_x,left_hip_y,left_knee_x,left_knee_y,left_ankle_x,left_ankle_y
0.5339176829268293,0.05133928571428571,0.514536149825784,0.20758928571428573,0.31103005226480834,0.22098214285714285,0.23350391986062716,0.35044642857142855,0.23350391986062716,0.484375,0.5048453832752614,0.22098214285714285,0.6792791811846689,0.22544642857142858,0.6986607142857142,0.35044642857142855,0.7664960801393728,0.4799107142857143,0.514536149825784,0.484375,0.4079377177700348,0.484375,0.42731925087108014,0.671875,0.3885561846689896,0.8415178571428571,0.6017530487804879,0.4799107142857143,0.6308253484320556,0.6808035714285714,0.6308253484320556,0.8861607142857143
