head_top_x,head_top_y,upper_neck_x,upper_neck_y,right_shoulder_x,right_shoulder_y,right_elbow_x,right_elbow_y,right_wrist_x,right_wrist_y,thorax_x,thorax_y,left_shoulder_x,left_shoulder_y,left_elbow_x,left_elbow_y,left_wrist_x,left_wrist_y,pelvis_x,pelvis_y,right_hip_x,right_hip_y,right_knee_x,right_knee_y,right_ankle_x,right_ankle_y,left_hip_x,left_hip_y,left_knee_x,left_knee_y,left_ankle_x,left_ankle_y
0.4721867913832199,0.060267857142857144,0.46106150793650796,0.21651785714285715,0.6946924603174603,0.2611607142857143,0.8059452947845803,0.3950892857142857,0.6835671768707483,0.421875,0.46106150793650796,0.25669642857142855,0.24968112244897966,0.25223214285714285,0.18292942176870752,0.3861607142857143,0.34980867346938777,0.41294642857142855,0.46106150793650796,0.47098214285714285,0.5945649092970522,0.47544642857142855,0.6279407596371882,0.703125,0.7058177437641723,0.9263392857142857,0.34980867346938777,0.46651785714285715,0.22743055555555558,0.7120535714285714,0.27193168934240364,0.9441964285714286
