head_top_x,head_top_y,upper_neck_x,upper_neck_y,right_shoulder_x,right_shoulder_y,right_elbow_x,right_elbow_y,right_wrist_x,right_wrist_y,thorax_x,thorax_y,left_shoulder_x,left_shoulder_y,left_elbow_x,left_elbow_y,left_wrist_x,left_wrist_y,pelvis_x,pelvis_y,right_hip_x,right_hip_y,right_knee_x,right_knee_y,right_ankle_x,right_ankle_y,left_hip_x,left_hip_y,left_knee_x,left_knee_y,left_ankle_x,left_ankle_y
0.5596301020408162,0.05133928571428571,0.37531887755102045,0.19866071428571427,0.4295280612244898,0.23883928571428573,0.3861607142857143,0.37723214285714285,0.7330994897959185,0.4174107142857143,0.32110969387755095,0.234375,0.20184948979591832,0.234375,0.234375,0.37276785714285715,0.44036989795918363,0.41294642857142855,0.2994260204081633,0.5111607142857143,0.3970025510204081,0.5066964285714286,0.7005739795918368,0.6941964285714286,0.765625,0.890625,0.20184948979591832,0.515625,0.46205357142857145,0.703125,0.21269132653061218,0.8191964285714286
