head_top_x,head_top_y,upper_neck_x,upper_neck_y,right_shoulder_x,right_shoulder_y,right_elbow_x,right_elbow_y,right_wrist_x,right_wrist_y,thorax_x,thorax_y,left_shoulder_x,left_shoulder_y,left_elbow_x,left_elbow_y,left_wrist_x,left_wrist_y,pelvis_x,pelvis_y,right_hip_x,right_hip_y,right_knee_x,right_knee_y,right_ankle_x,right_ankle_y,left_hip_x,left_hip_y,left_knee_x,left_knee_y,left_ankle_x,left_ankle_y
0.4941123188405797,0.05133928571428571,0.541213768115942,0.19866071428571427,0.3057065217391304,0.20758928571428573,0.17617753623188404,0.35044642857142855,0.4823369565217392,0.35044642857142855,0.541213768115942,0.22544642857142858,0.7531702898550726,0.22991071428571427,0.7178442028985507,0.3549107142857143,0.4116847826086957,0.34151785714285715,0.5294384057971014,0.46205357142857145,0.3763586956521739,0.47098214285714285,0.28215579710144933,0.6674107142857143,0.3292572463768116,0.8683035714285714,0.6471920289855072,0.4575892857142857,0.7178442028985507,0.6584821428571429,0.7413949275362318,0.8504464285714286
