head_top_x,head_top_y,upper_neck_x,upper_neck_y,right_shoulder_x,right_shoulder_y,right_elbow_x,right_elbow_y,right_wrist_x,right_wrist_y,thorax_x,thorax_y,left_shoulder_x,left_shoulder_y,left_elbow_x,left_elbow_y,left_wrist_x,left_wrist_y,pelvis_x,pelvis_y,right_hip_x,right_hip_y,right_knee_x,right_knee_y,right_ankle_x,right_ankle_y,left_hip_x,left_hip_y,left_knee_x,left_knee_y,left_ankle_x,left_ankle_y
0.5519557823129251,0.08705357142857142,0.4800170068027211,0.22991071428571427,0.37610544217687075,0.22098214285714285,0.27219387755102037,0.23883928571428573,0.28018707482993194,0.2611607142857143,0.4800170068027211,0.234375,0.5999149659863945,0.265625,0.5679421768707483,0.36830357142857145,0.39209183673469383,0.33705357142857145,0.464030612244898,0.453125,0.39209183673469383,0.453125,0.40807823129251697,0.6897321428571429,0.464030612244898,0.8816964285714286,0.5279761904761905,0.4486607142857143,0.5519557823129251,0.6584821428571429,0.8237244897959183,0.8415178571428571
