head_top_x,head_top_y,upper_neck_x,upper_neck_y,right_shoulder_x,right_shoulder_y,right_elbow_x,right_elbow_y,right_wrist_x,right_wrist_y,thorax_x,thorax_y,left_shoulder_x,left_shoulder_y,left_elbow_x,left_elbow_y,left_wrist_x,left_wrist_y,pelvis_x,pelvis_y,right_hip_x,right_hip_y,right_knee_x,right_knee_y,right_ankle_x,right_ankle_y,left_hip_x,left_hip_y,left_knee_x,left_knee_y,left_ankle_x,left_ankle_y
0.3590130308880309,0.109375,0.47592905405405406,0.22991071428571427,0.47592905405405406,0.2611607142857143,0.38652268339768336,0.36830357142857145,0.2214647683397683,0.40848214285714285,0.5034387065637066,0.2611607142857143,0.5103161196911198,0.25223214285714285,0.48280646718146714,0.5066964285714286,0.3521356177606178,0.5915178571428571,0.5790902509652509,0.49330357142857145,0.5790902509652509,0.4888392857142857,0.5447031853281853,0.6808035714285714,0.4896838803088803,0.796875,0.5928450772200772,0.49776785714285715,0.530948359073359,0.6852678571428571,0.7510255791505792,0.8147321428571429
