head_top_x,head_top_y,upper_neck_x,upper_neck_y,right_shoulder_x,right_shoulder_y,right_elbow_x,right_elbow_y,right_wrist_x,right_wrist_y,thorax_x,thorax_y,left_shoulder_x,left_shoulder_y,left_elbow_x,left_elbow_y,left_wrist_x,left_wrist_y,pelvis_x,pelvis_y,right_hip_x,right_hip_y,right_knee_x,right_knee_y,right_ankle_x,right_ankle_y,left_hip_x,left_hip_y,left_knee_x,left_knee_y,left_ankle_x,left_ankle_y
0.5100108225108225,0.05580357142857143,0.5033369408369409,0.20758928571428573,0.35651154401154406,0.24330357142857142,0.22303391053391053,0.31026785714285715,0.24972943722943722,0.43973214285714285,0.5033369408369409,0.25669642857142855,0.6568362193362194,0.265625,0.7502705627705628,0.3861607142857143,0.8036616161616162,0.5200892857142857,0.4632936507936508,0.5200892857142857,0.37653318903318905,0.515625,0.4566197691197692,0.7075892857142857,0.44994588744588754,0.9263392857142857,0.5367063492063492,0.5245535714285714,0.5233585858585859,0.7075892857142857,0.44994588744588754,0.9263392857142857
