head_top_x,head_top_y,upper_neck_x,upper_neck_y,right_shoulder_x,right_shoulder_y,right_elbow_x,right_elbow_y,right_wrist_x,right_wrist_y,thorax_x,thorax_y,left_shoulder_x,left_shoulder_y,left_elbow_x,left_elbow_y,left_wrist_x,left_wrist_y,pelvis_x,pelvis_y,right_hip_x,right_hip_y,right_knee_x,right_knee_y,right_ankle_x,right_ankle_y,left_hip_x,left_hip_y,left_knee_x,left_knee_y,left_ankle_x,left_ankle_y
0.8380240683229813,0.12276785714285714,0.5792895962732919,0.18080357142857142,0.5292119565217391,0.19866071428571427,0.46244177018633537,0.3638392857142857,0.46244177018633537,0.49330357142857145,0.5208656832298136,0.19419642857142858,0.48748059006211175,0.18526785714285715,0.4457492236024844,0.31473214285714285,0.420710403726708,0.46205357142857145,0.3205551242236025,0.41294642857142855,0.3289013975155279,0.421875,0.3539402173913043,0.6316964285714286,0.2370923913043478,0.8370535714285714,0.3038625776397515,0.40848214285714285,0.3455939440993789,0.6272321428571429,0.2537849378881988,0.8236607142857143
