head_top_x,head_top_y,upper_neck_x,upper_neck_y,right_shoulder_x,right_shoulder_y,right_elbow_x,right_elbow_y,right_wrist_x,right_wrist_y,thorax_x,thorax_y,left_shoulder_x,left_shoulder_y,left_elbow_x,left_elbow_y,left_wrist_x,left_wrist_y,pelvis_x,pelvis_y,right_hip_x,right_hip_y,right_knee_x,right_knee_y,right_ankle_x,right_ankle_y,left_hip_x,left_hip_y,left_knee_x,left_knee_y,left_ankle_x,left_ankle_y
0.8159208579881656,0.171875,0.7044193786982248,0.27455357142857145,0.7415865384615384,0.296875,0.7415865384615384,0.3950892857142857,0.7309673499577346,0.46205357142857145,0.693800190194421,0.2924107142857143,0.6513234361792054,0.27455357142857145,0.6035370879120878,0.35044642857142855,0.6141562764158919,0.41294642857142855,0.5557507396449705,0.44419642857142855,0.5769891166525782,0.453125,0.6088466821639897,0.609375,0.6407042476754015,0.7924107142857143,0.5292027683854607,0.43526785714285715,0.40708210059171596,0.5647321428571429,0.210627113271344,0.546875
