head_top_x,head_top_y,upper_neck_x,upper_neck_y,right_shoulder_x,right_shoulder_y,right_elbow_x,right_elbow_y,right_wrist_x,right_wrist_y,thorax_x,thorax_y,left_shoulder_x,left_shoulder_y,left_elbow_x,left_elbow_y,left_wrist_x,left_wrist_y,pelvis_x,pelvis_y,right_hip_x,right_hip_y,right_knee_x,right_knee_y,right_ankle_x,right_ankle_y,left_hip_x,left_hip_y,left_knee_x,left_knee_y,left_ankle_x,left_ankle_y
0.46942204301075274,0.05580357142857143,0.44321236559139787,0.21205357142857142,0.582997311827957,0.23883928571428573,0.6790994623655913,0.37723214285714285,0.7752016129032259,0.4799107142857143,0.42573924731182805,0.25669642857142855,0.27721774193548393,0.265625,0.25100806451612906,0.41294642857142855,0.23353494623655915,0.5379464285714286,0.4519489247311828,0.47544642857142855,0.5218413978494624,0.47098214285714285,0.6179435483870966,0.6629464285714286,0.434475806451613,0.8459821428571429,0.38205645161290325,0.4799107142857143,0.4519489247311828,0.6629464285714286,0.42573924731182805,0.8370535714285714
