head_top_x,head_top_y,upper_neck_x,upper_neck_y,right_shoulder_x,right_shoulder_y,right_elbow_x,right_elbow_y,right_wrist_x,right_wrist_y,thorax_x,thorax_y,left_shoulder_x,left_shoulder_y,left_elbow_x,left_elbow_y,left_wrist_x,left_wrist_y,pelvis_x,pelvis_y,right_hip_x,right_hip_y,right_knee_x,right_knee_y,right_ankle_x,right_ankle_y,left_hip_x,left_hip_y,left_knee_x,left_knee_y,left_ankle_x,left_ankle_y
0.5402869278779473,0.10491071428571429,0.5329620319001387,0.25669642857142855,0.3498396324549237,0.2611607142857143,0.2765906726768377,0.3950892857142857,0.21066660887656036,0.484375,0.5329620319001387,0.2611607142857143,0.7087595353675451,0.2700892857142857,0.7307342233009708,0.40848214285714285,0.7673587031900139,0.5200892857142857,0.4743628640776699,0.515625,0.38646411234396677,0.515625,0.33518984049930656,0.6852678571428571,0.2985653606102635,0.8683035714285714,0.5769114077669902,0.515625,0.5915611997226075,0.6316964285714286,0.5402869278779473,0.8370535714285714
