head_top_x,head_top_y,upper_neck_x,upper_neck_y,right_shoulder_x,right_shoulder_y,right_elbow_x,right_elbow_y,right_wrist_x,right_wrist_y,thorax_x,thorax_y,left_shoulder_x,left_shoulder_y,left_elbow_x,left_elbow_y,left_wrist_x,left_wrist_y,pelvis_x,pelvis_y,right_hip_x,right_hip_y,right_knee_x,right_knee_y,right_ankle_x,right_ankle_y,left_hip_x,left_hip_y,left_knee_x,left_knee_y,left_ankle_x,left_ankle_y
0.4288974719101124,0.046875,0.47629915730337075,0.19866071428571427,0.30565308988764045,0.203125,0.2487710674157303,0.34151785714285715,0.22033005617977536,0.47544642857142855,0.47629915730337075,0.203125,0.6848665730337078,0.19419642857142858,0.7701896067415731,0.31026785714285715,0.7227879213483146,0.40401785714285715,0.4857794943820225,0.46651785714285715,0.39097612359550565,0.4575892857142857,0.4004564606741573,0.6674107142857143,0.4288974719101124,0.8325892857142857,0.5711025280898877,0.4575892857142857,0.5995435393258427,0.6763392857142857,0.5805828651685394,0.8772321428571429
