head_top_x,head_top_y,upper_neck_x,upper_neck_y,right_shoulder_x,right_shoulder_y,right_elbow_x,right_elbow_y,right_wrist_x,right_wrist_y,thorax_x,thorax_y,left_shoulder_x,left_shoulder_y,left_elbow_x,left_elbow_y,left_wrist_x,left_wrist_y,pelvis_x,pelvis_y,right_hip_x,right_hip_y,right_knee_x,right_knee_y,right_ankle_x,right_ankle_y,left_hip_x,left_hip_y,left_knee_x,left_knee_y,left_ankle_x,left_ankle_y
0.16294642857142858,0.42310652709359603,0.296875,0.33766933497536944,0.3325892857142857,0.3433651477832512,0.34151785714285715,0.5484144088669951,0.31026785714285715,0.7420720443349754,0.31026785714285715,0.32058189655172414,0.33705357142857145,0.3604525862068966,0.34598214285714285,0.5484144088669951,0.30580357142857145,0.753463669950739,0.6584821428571429,0.21236145320197047,0.6584821428571429,0.20666564039408863,0.6138392857142857,0.5541102216748769,0.8638392857142857,0.5768934729064039,0.6584821428571429,0.21236145320197047,0.6674107142857143,0.5541102216748769,0.8727678571428571,0.5939809113300493
