head_top_x,head_top_y,upper_neck_x,upper_neck_y,right_shoulder_x,right_shoulder_y,right_elbow_x,right_elbow_y,right_wrist_x,right_wrist_y,thorax_x,thorax_y,left_shoulder_x,left_shoulder_y,left_elbow_x,left_elbow_y,left_wrist_x,left_wrist_y,pelvis_x,pelvis_y,right_hip_x,right_hip_y,right_knee_x,right_knee_y,right_ankle_x,right_ankle_y,left_hip_x,left_hip_y,left_knee_x,left_knee_y,left_ankle_x,left_ankle_y
0.44580248257839716,0.06473214285714286,0.45565657665505227,0.22098214285714285,0.229012412891986,0.25669642857142855,0.19945013066202083,0.3950892857142857,0.229012412891986,0.5066964285714286,0.45565657665505227,0.24776785714285715,0.6527384581881533,0.234375,0.7611334930313588,0.36830357142857145,0.6823007404181185,0.359375,0.45565657665505227,0.46205357142857145,0.3472615418118467,0.46651785714285715,0.2979910714285714,0.671875,0.23886650696864103,0.8816964285714286,0.5541975174216027,0.4575892857142857,0.613322081881533,0.6674107142857143,0.6330302700348431,0.8861607142857143
