head_top_x,head_top_y,upper_neck_x,upper_neck_y,right_shoulder_x,right_shoulder_y,right_elbow_x,right_elbow_y,right_wrist_x,right_wrist_y,thorax_x,thorax_y,left_shoulder_x,left_shoulder_y,left_elbow_x,left_elbow_y,left_wrist_x,left_wrist_y,pelvis_x,pelvis_y,right_hip_x,right_hip_y,right_knee_x,right_knee_y,right_ankle_x,right_ankle_y,left_hip_x,left_hip_y,left_knee_x,left_knee_y,left_ankle_x,left_ankle_y
0.5915178571428571,0.09279163431677018,0.6183035714285714,0.24397078804347824,0.5513392857142857,0.23909404114906832,0.5245535714285714,0.336628979037267,0.46651785714285715,0.40490343555900615,0.6183035714285714,0.24884753493788817,0.6808035714285714,0.25372428183229817,0.765625,0.336628979037267,0.7254464285714286,0.42441042313664595,0.578125,0.49268487965838503,0.5290178571428571,0.4780546389751553,0.38169642857142855,0.6487407802795031,0.18526785714285715,0.7560292119565217,0.6227678571428571,0.5121918672360248,0.5870535714285714,0.6633710209627329,0.5513392857142857,0.8681943905279502
