head_top_x,head_top_y,upper_neck_x,upper_neck_y,right_shoulder_x,right_shoulder_y,right_elbow_x,right_elbow_y,right_wrist_x,right_wrist_y,thorax_x,thorax_y,left_shoulder_x,left_shoulder_y,left_elbow_x,left_elbow_y,left_wrist_x,left_wrist_y,pelvis_x,pelvis_y,right_hip_x,right_hip_y,right_knee_x,right_knee_y,right_ankle_x,right_ankle_y,left_hip_x,left_hip_y,left_knee_x,left_knee_y,left_ankle_x,left_ankle_y
0.3207642431972789,0.18526785714285715,0.4267910289115646,0.28348214285714285,0.48737776360544216,0.27901785714285715,0.49747555272108845,0.3638392857142857,0.39649766156462585,0.40848214285714285,0.43183992346938777,0.296875,0.36115539965986393,0.3013392857142857,0.2753241921768707,0.421875,0.23998193027210882,0.41294642857142855,0.6035023384353742,0.4174107142857143,0.6539912840136055,0.40848214285714285,0.674186862244898,0.5915178571428571,0.7650669642857143,0.7522321428571429,0.5530133928571429,0.43526785714285715,0.366204294217687,0.5959821428571429,0.35610650510204084,0.7924107142857143
