head_top_x,head_top_y,upper_neck_x,upper_neck_y,right_shoulder_x,right_shoulder_y,right_elbow_x,right_elbow_y,right_wrist_x,right_wrist_y,thorax_x,thorax_y,left_shoulder_x,left_shoulder_y,left_elbow_x,left_elbow_y,left_wrist_x,left_wrist_y,pelvis_x,pelvis_y,right_hip_x,right_hip_y,right_knee_x,right_knee_y,right_ankle_x,right_ankle_y,left_hip_x,left_hip_y,left_knee_x,left_knee_y,left_ankle_x,left_ankle_y
0.5228132566585956,0.22991071428571427,0.4873259685230024,0.36830357142857145,0.40621216707021796,0.36830357142857145,0.3048199152542373,0.35044642857142855,0.24905417675544794,0.359375,0.4873259685230024,0.36830357142857145,0.5583005447941889,0.359375,0.6089966707021793,0.25223214285714285,0.725597760290557,0.21205357142857142,0.5177436440677966,0.5647321428571429,0.4822563559322034,0.5647321428571429,0.43156023002421307,0.7165178571428571,0.26426301452784506,0.8013392857142857,0.5583005447941889,0.5558035714285714,0.7205281476997579,0.6316964285714286,0.7712242736077483,0.7790178571428571
