head_top_x,head_top_y,upper_neck_x,upper_neck_y,right_shoulder_x,right_shoulder_y,right_elbow_x,right_elbow_y,right_wrist_x,right_wrist_y,thorax_x,thorax_y,left_shoulder_x,left_shoulder_y,left_elbow_x,left_elbow_y,left_wrist_x,left_wrist_y,pelvis_x,pelvis_y,right_hip_x,right_hip_y,right_knee_x,right_knee_y,right_ankle_x,right_ankle_y,left_hip_x,left_hip_y,left_knee_x,left_knee_y,left_ankle_x,left_ankle_y
0.4765037593984962,0.05133928571428571,0.5140977443609023,0.21205357142857142,0.46710526315789475,0.23883928571428573,0.4013157894736842,0.30580357142857145,0.2227443609022557,0.2611607142857143,0.5328947368421053,0.23883928571428573,0.5704887218045114,0.234375,0.7020676691729324,0.27455357142857145,0.5892857142857143,0.15848214285714285,0.5798872180451129,0.5111607142857143,0.5422932330827067,0.5111607142857143,0.4859022556390978,0.734375,0.7584586466165413,0.8861607142857143,0.6080827067669172,0.5111607142857143,0.4765037593984962,0.7433035714285714,0.7772556390977444,0.890625
