head_top_x,head_top_y,upper_neck_x,upper_neck_y,right_shoulder_x,right_shoulder_y,right_elbow_x,right_elbow_y,right_wrist_x,right_wrist_y,thorax_x,thorax_y,left_shoulder_x,left_shoulder_y,left_elbow_x,left_elbow_y,left_wrist_x,left_wrist_y,pelvis_x,pelvis_y,right_hip_x,right_hip_y,right_knee_x,right_knee_y,right_ankle_x,right_ankle_y,left_hip_x,left_hip_y,left_knee_x,left_knee_y,left_ankle_x,left_ankle_y
0.5388824884792627,0.08705357142857142,0.530241935483871,0.23883928571428573,0.3401497695852535,0.265625,0.21054147465437786,0.359375,0.26238479262672815,0.38169642857142855,0.5216013824884793,0.2700892857142857,0.6857718894009218,0.27901785714285715,0.7376152073732718,0.421875,0.5993663594470046,0.47544642857142855,0.504320276497696,0.5111607142857143,0.4265552995391706,0.5111607142857143,0.45247695852534564,0.6808035714285714,0.530241935483871,0.8370535714285714,0.5820852534562212,0.515625,0.5129608294930876,0.6852678571428571,0.530241935483871,0.8459821428571429
