head_top_x,head_top_y,upper_neck_x,upper_neck_y,right_shoulder_x,right_shoulder_y,right_elbow_x,right_elbow_y,right_wrist_x,right_wrist_y,thorax_x,thorax_y,left_shoulder_x,left_shoulder_y,left_elbow_x,left_elbow_y,left_wrist_x,left_wrist_y,pelvis_x,pelvis_y,right_hip_x,right_hip_y,right_knee_x,right_knee_y,right_ankle_x,right_ankle_y,left_hip_x,left_hip_y,left_knee_x,left_knee_y,left_ankle_x,left_ankle_y
0.21281887755102044,0.060267857142857144,0.34381377551020414,0.203125,0.2228954081632653,0.2611607142857143,0.3740433673469387,0.36830357142857145,0.4848852040816327,0.3013392857142857,0.3740433673469387,0.23883928571428573,0.5050382653061225,0.22544642857142858,0.6461096938775511,0.296875,0.7670280612244897,0.21205357142857142,0.4848852040816327,0.46651785714285715,0.3841198979591837,0.47098214285714285,0.4143494897959184,0.7120535714285714,0.20274234693877558,0.8191964285714286,0.5957270408163265,0.46205357142857145,0.6964923469387754,0.6629464285714286,0.6964923469387754,0.8816964285714286
