head_top_x,head_top_y,upper_neck_x,upper_neck_y,right_shoulder_x,right_shoulder_y,right_elbow_x,right_elbow_y,right_wrist_x,right_wrist_y,thorax_x,thorax_y,left_shoulder_x,left_shoulder_y,left_elbow_x,left_elbow_y,left_wrist_x,left_wrist_y,pelvis_x,pelvis_y,right_hip_x,right_hip_y,right_knee_x,right_knee_y,right_ankle_x,right_ankle_y,left_hip_x,left_hip_y,left_knee_x,left_knee_y,left_ankle_x,left_ankle_y
0.5048945783132531,0.06473214285714286,0.5538403614457831,0.22098214285714285,0.45594879518072295,0.23883928571428573,0.21121987951807236,0.34151785714285715,0.2993222891566265,0.27901785714285715,0.5734186746987953,0.23883928571428573,0.6908885542168673,0.234375,0.6517319277108434,0.34598214285714285,0.46573795180722893,0.27455357142857145,0.6321536144578312,0.44419642857142855,0.5538403614457831,0.453125,0.41679216867469887,0.6629464285714286,0.46573795180722893,0.8727678571428571,0.7202560240963856,0.43973214285714285,0.5244728915662651,0.4888392857142857,0.6321536144578312,0.703125
