head_top_x,head_top_y,upper_neck_x,upper_neck_y,right_shoulder_x,right_shoulder_y,right_elbow_x,right_elbow_y,right_wrist_x,right_wrist_y,thorax_x,thorax_y,left_shoulder_x,left_shoulder_y,left_elbow_x,left_elbow_y,left_wrist_x,left_wrist_y,pelvis_x,pelvis_y,right_hip_x,right_hip_y,right_knee_x,right_knee_y,right_ankle_x,right_ankle_y,left_hip_x,left_hip_y,left_knee_x,left_knee_y,left_ankle_x,left_ankle_y
0.5441010748959777,0.09151785714285714,0.4879724341192788,0.234375,0.46391730235783635,0.25223214285714285,0.5521194521497919,0.3013392857142857,0.7525788834951457,0.24330357142857142,0.4799540568654646,0.24776785714285715,0.4879724341192788,0.24330357142857142,0.66437673370319,0.25669642857142855,0.7926707697642165,0.24330357142857142,0.45589892510402213,0.4799107142857143,0.40778866158113736,0.4799107142857143,0.42382541608876556,0.671875,0.20732923023578367,0.8236607142857143,0.4879724341192788,0.4799107142857143,0.5280643203883495,0.6763392857142857,0.5200459431345354,0.8459821428571429
