head_top_x,head_top_y,upper_neck_x,upper_neck_y,right_shoulder_x,right_shoulder_y,right_elbow_x,right_elbow_y,right_wrist_x,right_wrist_y,thorax_x,thorax_y,left_shoulder_x,left_shoulder_y,left_elbow_x,left_elbow_y,left_wrist_x,left_wrist_y,pelvis_x,pelvis_y,right_hip_x,right_hip_y,right_knee_x,right_knee_y,right_ankle_x,right_ankle_y,left_hip_x,left_hip_y,left_knee_x,left_knee_y,left_ankle_x,left_ankle_y
0.48193027210884354,0.11383928571428571,0.4168792517006803,0.265625,0.48193027210884354,0.265625,0.5975765306122448,0.34151785714285715,0.7638180272108844,0.33705357142857145,0.40965136054421764,0.28794642857142855,0.33014455782312924,0.30580357142857145,0.3662840136054422,0.4263392857142857,0.47470238095238093,0.43526785714285715,0.4963860544217687,0.4888392857142857,0.5325255102040816,0.4888392857142857,0.5903486394557823,0.6763392857142857,0.2361819727891157,0.8504464285714286,0.4674744897959184,0.49330357142857145,0.5397534013605442,0.6674107142857143,0.6192602040816326,0.8325892857142857
