head_top_x,head_top_y,upper_neck_x,upper_neck_y,right_shoulder_x,right_shoulder_y,right_elbow_x,right_elbow_y,right_wrist_x,right_wrist_y,thorax_x,thorax_y,left_shoulder_x,left_shoulder_y,left_elbow_x,left_elbow_y,left_wrist_x,left_wrist_y,pelvis_x,pelvis_y,right_hip_x,right_hip_y,right_knee_x,right_knee_y,right_ankle_x,right_ankle_y,left_hip_x,left_hip_y,left_knee_x,left_knee_y,left_ankle_x,left_ankle_y
0.49330357142857145,0.06898716517857142,0.515625,0.20877511160714285,0.6049107142857143,0.22275390625,0.7209821428571429,0.25537109375,0.765625,0.28798828125,0.5200892857142857,0.21809430803571428,0.43973214285714285,0.19945591517857142,0.31473214285714285,0.22275390625,0.22991071428571427,0.25537109375,0.4799107142857143,0.46039341517857146,0.5200892857142857,0.46971261160714284,0.49776785714285715,0.5955217633928571,0.640625,0.71201171875,0.43973214285714285,0.4464146205357143,0.2700892857142857,0.6001813616071429,0.22544642857142858,0.7725864955357143
