head_top_x,head_top_y,upper_neck_x,upper_neck_y,right_shoulder_x,right_shoulder_y,right_elbow_x,right_elbow_y,right_wrist_x,right_wrist_y,thorax_x,thorax_y,left_shoulder_x,left_shoulder_y,left_elbow_x,left_elbow_y,left_wrist_x,left_wrist_y,pelvis_x,pelvis_y,right_hip_x,right_hip_y,right_knee_x,right_knee_y,right_ankle_x,right_ankle_y,left_hip_x,left_hip_y,left_knee_x,left_knee_y,left_ankle_x,left_ankle_y
0.4361607142857143,0.060267857142857144,0.5933035714285715,0.19866071428571427,0.7700892857142856,0.171875,0.5638392857142857,0.33705357142857145,0.3477678571428572,0.31473214285714285,0.6325892857142856,0.22991071428571427,0.5245535714285715,0.2700892857142857,0.36741071428571426,0.37723214285714285,0.26919642857142856,0.328125,0.760267857142857,0.5066964285714286,0.8191964285714285,0.5022321428571429,0.4558035714285715,0.671875,0.760267857142857,0.8861607142857143,0.7013392857142856,0.515625,0.40669642857142857,0.6986607142857143,0.21026785714285723,0.8816964285714286
