head_top_x,head_top_y,upper_neck_x,upper_neck_y,right_shoulder_x,right_shoulder_y,right_elbow_x,right_elbow_y,right_wrist_x,right_wrist_y,thorax_x,thorax_y,left_shoulder_x,left_shoulder_y,left_elbow_x,left_elbow_y,left_wrist_x,left_wrist_y,pelvis_x,pelvis_y,right_hip_x,right_hip_y,right_knee_x,right_knee_y,right_ankle_x,right_ankle_y,left_hip_x,left_hip_y,left_knee_x,left_knee_y,left_ankle_x,left_ankle_y
0.6864676339285714,0.078125,0.6046037946428571,0.22991071428571427,0.3863002232142857,0.22991071428571427,0.1952845982142857,0.34151785714285715,0.3953962053571429,0.41294642857142855,0.5955078125,0.23883928571428573,0.7592354910714286,0.23883928571428573,0.7592354910714286,0.38169642857142855,0.9138671875,0.484375,0.5409319196428571,0.49776785714285715,0.43178013392857145,0.5022321428571429,0.3953962053571429,0.6897321428571429,0.3863002232142857,0.859375,0.6409877232142858,0.4888392857142857,0.6864676339285714,0.6941964285714286,0.6046037946428571,0.8772321428571429
