head_top_x,head_top_y,upper_neck_x,upper_neck_y,right_shoulder_x,right_shoulder_y,right_elbow_x,right_elbow_y,right_wrist_x,right_wrist_y,thorax_x,thorax_y,left_shoulder_x,left_shoulder_y,left_elbow_x,left_elbow_y,left_wrist_x,left_wrist_y,pelvis_x,pelvis_y,right_hip_x,right_hip_y,right_knee_x,right_knee_y,right_ankle_x,right_ankle_y,left_hip_x,left_hip_y,left_knee_x,left_knee_y,left_ankle_x,left_ankle_y
0.7027622767857143,0.060267857142857144,0.5895926339285714,0.203125,0.43869977678571426,0.23883928571428573,0.43869977678571426,0.390625,0.6744698660714286,0.4575892857142857,0.5424386160714285,0.23883928571428573,0.6839006696428571,0.23883928571428573,0.6367466517857144,0.3638392857142857,0.7027622767857143,0.4486607142857143,0.4481305803571428,0.47544642857142855,0.3443917410714285,0.4799107142857143,0.3538225446428572,0.6852678571428571,0.22179129464285718,0.859375,0.5235770089285715,0.47544642857142855,0.6178850446428571,0.6674107142857143,0.6933314732142857,0.8549107142857143
