head_top_x,head_top_y,upper_neck_x,upper_neck_y,right_shoulder_x,right_shoulder_y,right_elbow_x,right_elbow_y,right_wrist_x,right_wrist_y,thorax_x,thorax_y,left_shoulder_x,left_shoulder_y,left_elbow_x,left_elbow_y,left_wrist_x,left_wrist_y,pelvis_x,pelvis_y,right_hip_x,right_hip_y,right_knee_x,right_knee_y,right_ankle_x,right_ankle_y,left_hip_x,left_hip_y,left_knee_x,left_knee_y,left_ankle_x,left_ankle_y
0.7554135878489325,0.05580357142857143,0.7182625205254516,0.20758928571428573,0.801852422003284,0.24330357142857142,0.7368380541871921,0.37723214285714285,0.764701354679803,0.5111607142857143,0.7182625205254516,0.23883928571428573,0.6439603858784894,0.23883928571428573,0.6625359195402298,0.3638392857142857,0.6903992200328406,0.484375,0.6532481527093597,0.47544642857142855,0.6811114532019704,0.4799107142857143,0.6068093185550082,0.6763392857142857,0.5232194170771758,0.8772321428571429,0.6068093185550082,0.47098214285714285,0.46749281609195403,0.6540178571428571,0.21672311165845645,0.8370535714285714
