head_top_x,head_top_y,upper_neck_x,upper_neck_y,right_shoulder_x,right_shoulder_y,right_elbow_x,right_elbow_y,right_wrist_x,right_wrist_y,thorax_x,thorax_y,left_shoulder_x,left_shoulder_y,left_elbow_x,left_elbow_y,left_wrist_x,left_wrist_y,pelvis_x,pelvis_y,right_hip_x,right_hip_y,right_knee_x,right_knee_y,right_ankle_x,right_ankle_y,left_hip_x,left_hip_y,left_knee_x,left_knee_y,left_ankle_x,left_ankle_y
0.45549450549450554,0.024553571428571428,0.5148351648351649,0.16741071428571427,0.6928571428571428,0.22098214285714285,0.682967032967033,0.33705357142857145,0.5741758241758242,0.40401785714285715,0.5247252747252747,0.20758928571428573,0.3565934065934066,0.19866071428571427,0.34670329670329675,0.37723214285714285,0.43571428571428567,0.43973214285714285,0.6532967032967034,0.4575892857142857,0.762087912087912,0.47098214285714285,0.5840659340659341,0.6808035714285714,0.6236263736263735,0.8727678571428571,0.5543956043956043,0.453125,0.20824175824175825,0.6049107142857143,0.36648351648351646,0.7566964285714286
