head_top_x,head_top_y,upper_neck_x,upper_neck_y,right_shoulder_x,right_shoulder_y,right_elbow_x,right_elbow_y,right_wrist_x,right_wrist_y,thorax_x,thorax_y,left_shoulder_x,left_shoulder_y,left_elbow_x,left_elbow_y,left_wrist_x,left_wrist_y,pelvis_x,pelvis_y,right_hip_x,right_hip_y,right_knee_x,right_knee_y,right_ankle_x,right_ankle_y,left_hip_x,left_hip_y,left_knee_x,left_knee_y,left_ankle_x,left_ankle_y
0.6518197928026173,0.12276785714285714,0.5775967829880043,0.2611607142857143,0.4628884950926936,0.24330357142857142,0.36842284623773175,0.3325892857142857,0.47638358778625955,0.37723214285714285,0.5506065976008725,0.27455357142857145,0.6518197928026173,0.30580357142857145,0.6720624318429662,0.4263392857142857,0.7395378953107962,0.41294642857142855,0.4089081243184297,0.4575892857142857,0.32793756815703384,0.44419642857142855,0.24021946564885496,0.6049107142857143,0.1862390948745911,0.7611607142857143,0.47638358778625955,0.47544642857142855,0.5168688658669575,0.6495535714285714,0.5168688658669575,0.8683035714285714
