head_top_x,head_top_y,upper_neck_x,upper_neck_y,right_shoulder_x,right_shoulder_y,right_elbow_x,right_elbow_y,right_wrist_x,right_wrist_y,thorax_x,thorax_y,left_shoulder_x,left_shoulder_y,left_elbow_x,left_elbow_y,left_wrist_x,left_wrist_y,pelvis_x,pelvis_y,right_hip_x,right_hip_y,right_knee_x,right_knee_y,right_ankle_x,right_ankle_y,left_hip_x,left_hip_y,left_knee_x,left_knee_y,left_ankle_x,left_ankle_y
0.3098254504504504,0.06919642857142858,0.38744771557271557,0.22098214285714285,0.5349300193050193,0.23883928571428573,0.6668878700128701,0.34151785714285715,0.5737411518661519,0.3861607142857143,0.39520994208494203,0.24776785714285715,0.24772763835263836,0.24330357142857142,0.20891650579150575,0.38169642857142855,0.2632520913770913,0.4486607142857143,0.5194055662805663,0.4486607142857143,0.5970278314028313,0.44419642857142855,0.6436011904761905,0.640625,0.7600345881595881,0.8191964285714286,0.4184966216216216,0.453125,0.2865387709137709,0.6316964285714286,0.24772763835263836,0.8415178571428571
