head_top_x,head_top_y,upper_neck_x,upper_neck_y,right_shoulder_x,right_shoulder_y,right_elbow_x,right_elbow_y,right_wrist_x,right_wrist_y,thorax_x,thorax_y,left_shoulder_x,left_shoulder_y,left_elbow_x,left_elbow_y,left_wrist_x,left_wrist_y,pelvis_x,pelvis_y,right_hip_x,right_hip_y,right_knee_x,right_knee_y,right_ankle_x,right_ankle_y,left_hip_x,left_hip_y,left_knee_x,left_knee_y,left_ankle_x,left_ankle_y
0.5042729591836735,0.18526785714285715,0.47008928571428577,0.31919642857142855,0.3846301020408164,0.296875,0.27353316326530613,0.22098214285714285,0.27353316326530613,0.10044642857142858,0.47008928571428577,0.31473214285714285,0.5897321428571428,0.34598214285714285,0.6922831632653061,0.40848214285714285,0.7435586734693879,0.3549107142857143,0.40172193877551027,0.5066964285714286,0.36753826530612255,0.5022321428571429,0.3419005102040817,0.6897321428571429,0.39317602040816324,0.8683035714285714,0.4444515306122449,0.5066964285714286,0.3419005102040817,0.6808035714285714,0.21371173469387753,0.765625
