head_top_x,head_top_y,upper_neck_x,upper_neck_y,right_shoulder_x,right_shoulder_y,right_elbow_x,right_elbow_y,right_wrist_x,right_wrist_y,thorax_x,thorax_y,left_shoulder_x,left_shoulder_y,left_elbow_x,left_elbow_y,left_wrist_x,left_wrist_y,pelvis_x,pelvis_y,right_hip_x,right_hip_y,right_knee_x,right_knee_y,right_ankle_x,right_ankle_y,left_hip_x,left_hip_y,left_knee_x,left_knee_y,left_ankle_x,left_ankle_y
0.6349999999999999,0.06919642857142858,0.535,0.21651785714285715,0.6249999999999999,0.23883928571428573,0.565,0.36830357142857145,0.6349999999999999,0.47544642857142855,0.5050000000000001,0.234375,0.365,0.234375,0.275,0.37276785714285715,0.365,0.43973214285714285,0.465,0.46651785714285715,0.565,0.46205357142857145,0.7250000000000001,0.6495535714285714,0.7649999999999999,0.8415178571428571,0.385,0.46651785714285715,0.30499999999999994,0.6674107142857143,0.215,0.859375
