head_top_x,head_top_y,upper_neck_x,upper_neck_y,right_shoulder_x,right_shoulder_y,right_elbow_x,right_elbow_y,right_wrist_x,right_wrist_y,thorax_x,thorax_y,left_shoulder_x,left_shoulder_y,left_elbow_x,left_elbow_y,left_wrist_x,left_wrist_y,pelvis_x,pelvis_y,right_hip_x,right_hip_y,right_knee_x,right_knee_y,right_ankle_x,right_ankle_y,left_hip_x,left_hip_y,left_knee_x,left_knee_y,left_ankle_x,left_ankle_y
0.6856337822014053,0.19419642857142858,0.5358240632318501,0.296875,0.47068940281030447,0.2700892857142857,0.3534470140515223,0.18973214285714285,0.21015076112412176,0.13616071428571427,0.5293105971896955,0.3013392857142857,0.5749048594847775,0.31919642857142855,0.6986607142857143,0.3950892857142857,0.7312280444964872,0.36830357142857145,0.4250951405152225,0.5424107142857143,0.37950087822014056,0.546875,0.43160860655737704,0.765625,0.4576624707259953,0.796875,0.47068940281030447,0.5424107142857143,0.5749048594847775,0.6763392857142857,0.5358240632318501,0.703125
