head_top_x,head_top_y,upper_neck_x,upper_neck_y,right_shoulder_x,right_shoulder_y,right_elbow_x,right_elbow_y,right_wrist_x,right_wrist_y,thorax_x,thorax_y,left_shoulder_x,left_shoulder_y,left_elbow_x,left_elbow_y,left_wrist_x,left_wrist_y,pelvis_x,pelvis_y,right_hip_x,right_hip_y,right_knee_x,right_knee_y,right_ankle_x,right_ankle_y,left_hip_x,left_hip_y,left_knee_x,left_knee_y,left_ankle_x,left_ankle_y
0.5703125,0.11830357142857142,0.5837053571428571,0.2700892857142857,0.46316964285714274,0.31026785714285715,0.32924107142857145,0.40401785714285715,0.3359375,0.2700892857142857,0.5904017857142856,0.31473214285714285,0.7377232142857143,0.31026785714285715,0.7310267857142856,0.49330357142857145,0.5502232142857143,0.5424107142857143,0.5636160714285714,0.5513392857142857,0.4765625,0.5424107142857143,0.2421875,0.640625,0.32924107142857145,0.8370535714285714,0.6439732142857143,0.5647321428571429,0.46316964285714274,0.6808035714285714,0.5301339285714285,0.8772321428571429
