head_top_x,head_top_y,upper_neck_x,upper_neck_y,right_shoulder_x,right_shoulder_y,right_elbow_x,right_elbow_y,right_wrist_x,right_wrist_y,thorax_x,thorax_y,left_shoulder_x,left_shoulder_y,left_elbow_x,left_elbow_y,left_wrist_x,left_wrist_y,pelvis_x,pelvis_y,right_hip_x,right_hip_y,right_knee_x,right_knee_y,right_ankle_x,right_ankle_y,left_hip_x,left_hip_y,left_knee_x,left_knee_y,left_ankle_x,left_ankle_y
0.466426749271137,0.12276785714285714,0.5091563411078718,0.265625,0.5457817055393587,0.2611607142857143,0.6556577988338192,0.3013392857142857,0.7411169825072885,0.2611607142857143,0.5091563411078718,0.265625,0.466426749271137,0.265625,0.564094387755102,0.31473214285714285,0.6739704810495627,0.265625,0.49694788629737613,0.47544642857142855,0.533573250728863,0.47544642857142855,0.7167000728862973,0.6183035714285714,0.7533254373177841,0.8102678571428571,0.45421829446064144,0.4799107142857143,0.3870717930029155,0.6629464285714286,0.2222576530612245,0.8013392857142857
