head_top_x,head_top_y,upper_neck_x,upper_neck_y,right_shoulder_x,right_shoulder_y,right_elbow_x,right_elbow_y,right_wrist_x,right_wrist_y,thorax_x,thorax_y,left_shoulder_x,left_shoulder_y,left_elbow_x,left_elbow_y,left_wrist_x,left_wrist_y,pelvis_x,pelvis_y,right_hip_x,right_hip_y,right_knee_x,right_knee_y,right_ankle_x,right_ankle_y,left_hip_x,left_hip_y,left_knee_x,left_knee_y,left_ankle_x,left_ankle_y
0.4847068050193051,0.05133928571428571,0.4745113416988417,0.19866071428571427,0.6274432915057915,0.234375,0.7497888513513513,0.3638392857142857,0.6172478281853282,0.39955357142857145,0.4643158783783784,0.234375,0.3113839285714286,0.22991071428571427,0.28079753861003864,0.3549107142857143,0.1992338320463321,0.4799107142857143,0.4745113416988417,0.46205357142857145,0.5866614382239383,0.46205357142857145,0.6070523648648649,0.6808035714285714,0.6376387548262548,0.8772321428571429,0.38275217181467186,0.46651785714285715,0.3623612451737452,0.6763392857142857,0.39294763513513514,0.8772321428571429
