head_top_x,head_top_y,upper_neck_x,upper_neck_y,right_shoulder_x,right_shoulder_y,right_elbow_x,right_elbow_y,right_wrist_x,right_wrist_y,thorax_x,thorax_y,left_shoulder_x,left_shoulder_y,left_elbow_x,left_elbow_y,left_wrist_x,left_wrist_y,pelvis_x,pelvis_y,right_hip_x,right_hip_y,right_knee_x,right_knee_y,right_ankle_x,right_ankle_y,left_hip_x,left_hip_y,left_knee_x,left_knee_y,left_ankle_x,left_ankle_y
0.6008234797297297,0.15401785714285715,0.5316873793436293,0.28348214285714285,0.47983530405405406,0.3013392857142857,0.5547327461389961,0.3950892857142857,0.6641982384169884,0.4486607142857143,0.5316873793436293,0.2924107142857143,0.5893007963320464,0.28348214285714285,0.6296301882239382,0.37276785714285715,0.6987662886100384,0.4174107142857143,0.4510285955598456,0.47098214285714285,0.38765383687258687,0.46651785714285715,0.347324444980695,0.6584821428571429,0.2263362693050193,0.8325892857142857,0.5086420125482626,0.47544642857142855,0.6353915299227799,0.6584821428571429,0.7679023889961389,0.8147321428571429
