head_top_x,head_top_y,upper_neck_x,upper_neck_y,right_shoulder_x,right_shoulder_y,right_elbow_x,right_elbow_y,right_wrist_x,right_wrist_y,thorax_x,thorax_y,left_shoulder_x,left_shoulder_y,left_elbow_x,left_elbow_y,left_wrist_x,left_wrist_y,pelvis_x,pelvis_y,right_hip_x,right_hip_y,right_knee_x,right_knee_y,right_ankle_x,right_ankle_y,left_hip_x,left_hip_y,left_knee_x,left_knee_y,left_ankle_x,left_ankle_y
0.4911448543233083,0.060267857142857144,0.4439174107142857,0.21205357142857142,0.5442757283834587,0.22991071428571427,0.7036683505639096,0.265625,0.7804129464285715,0.234375,0.4439174107142857,0.22991071428571427,0.34355909304511273,0.234375,0.20778019266917294,0.22544642857142858,0.15464931860902256,0.12723214285714285,0.42030368890977443,0.44419642857142855,0.4439174107142857,0.43973214285714285,0.3671728148496241,0.6495535714285714,0.27862135808270677,0.8191964285714286,0.3848831062030075,0.43973214285714285,0.34946252349624063,0.6450892857142857,0.2550076362781955,0.8102678571428571
