head_top_x,head_top_y,upper_neck_x,upper_neck_y,right_shoulder_x,right_shoulder_y,right_elbow_x,right_elbow_y,right_wrist_x,right_wrist_y,thorax_x,thorax_y,left_shoulder_x,left_shoulder_y,left_elbow_x,left_elbow_y,left_wrist_x,left_wrist_y,pelvis_x,pelvis_y,right_hip_x,right_hip_y,right_knee_x,right_knee_y,right_ankle_x,right_ankle_y,left_hip_x,left_hip_y,left_knee_x,left_knee_y,left_ankle_x,left_ankle_y
0.715998754152824,0.12723214285714285,0.5947362956810631,0.265625,0.5416839700996677,0.28348214285714285,0.3522113787375415,0.37723214285714285,0.22337001661129574,0.49330357142857145,0.5568417774086379,0.2924107142857143,0.571999584717608,0.2924107142857143,0.3597902823920266,0.3861607142857143,0.22337001661129574,0.49776785714285715,0.45073712624584716,0.546875,0.4355793189368771,0.546875,0.7614721760797342,0.734375,0.26884343853820597,0.9352678571428571,0.4734738372093023,0.546875,0.7614721760797342,0.7209821428571429,0.25368563122923593,0.9397321428571429
