head_top_x,head_top_y,upper_neck_x,upper_neck_y,right_shoulder_x,right_shoulder_y,right_elbow_x,right_elbow_y,right_wrist_x,right_wrist_y,thorax_x,thorax_y,left_shoulder_x,left_shoulder_y,left_elbow_x,left_elbow_y,left_wrist_x,left_wrist_y,pelvis_x,pelvis_y,right_hip_x,right_hip_y,right_knee_x,right_knee_y,right_ankle_x,right_ankle_y,left_hip_x,left_hip_y,left_knee_x,left_knee_y,left_ankle_x,left_ankle_y
0.41294642857142855,0.1790400552486188,0.47544642857142855,0.3137085635359116,0.40401785714285715,0.3361533149171271,0.30580357142857145,0.37206491712707185,0.21205357142857142,0.3226864640883978,0.4799107142857143,0.33166436464088395,0.5691964285714286,0.3092196132596685,0.6763392857142857,0.4034875690607735,0.6227678571428571,0.4034875690607735,0.5424107142857143,0.5516229281767956,0.4888392857142857,0.5606008287292817,0.5558035714285714,0.7087361878453039,0.6540178571428571,0.8703383977900552,0.5870535714285714,0.5381560773480664,0.6584821428571429,0.6907803867403315,0.7700892857142857,0.856871546961326
