head_top_x,head_top_y,upper_neck_x,upper_neck_y,right_shoulder_x,right_shoulder_y,right_elbow_x,right_elbow_y,right_wrist_x,right_wrist_y,thorax_x,thorax_y,left_shoulder_x,left_shoulder_y,left_elbow_x,left_elbow_y,left_wrist_x,left_wrist_y,pelvis_x,pelvis_y,right_hip_x,right_hip_y,right_knee_x,right_knee_y,right_ankle_x,right_ankle_y,left_hip_x,left_hip_y,left_knee_x,left_knee_y,left_ankle_x,left_ankle_y
0.5057243663594472,0.05580357142857143,0.631660426267281,0.21205357142857142,0.551519297235023,0.234375,0.47137816820276496,0.34151785714285715,0.25385224654377886,0.28794642857142855,0.643109158986175,0.23883928571428573,0.7461477534562213,0.24330357142857142,0.540070564516129,0.3325892857142857,0.3339933755760369,0.30580357142857145,0.5744167626728109,0.5022321428571429,0.494275633640553,0.5022321428571429,0.48282690092165903,0.6852678571428571,0.5629680299539169,0.8727678571428571,0.643109158986175,0.5066964285714286,0.5744167626728109,0.6941964285714286,0.5744167626728109,0.8861607142857143
