head_top_x,head_top_y,upper_neck_x,upper_neck_y,right_shoulder_x,right_shoulder_y,right_elbow_x,right_elbow_y,right_wrist_x,right_wrist_y,thorax_x,thorax_y,left_shoulder_x,left_shoulder_y,left_elbow_x,left_elbow_y,left_wrist_x,left_wrist_y,pelvis_x,pelvis_y,right_hip_x,right_hip_y,right_knee_x,right_knee_y,right_ankle_x,right_ankle_y,left_hip_x,left_hip_y,left_knee_x,left_knee_y,left_ankle_x,left_ankle_y
0.45585317460317454,0.11383928571428571,0.40769300144300147,0.25223214285714285,0.5361201298701298,0.25223214285714285,0.6404671717171717,0.34598214285714285,0.7688943001443,0.44419642857142855,0.40769300144300147,0.25223214285714285,0.2872925685425685,0.24776785714285715,0.21505230880230883,0.34598214285714285,0.279265873015873,0.390625,0.3434794372294372,0.46651785714285715,0.41571969696969696,0.47098214285714285,0.46387987012987014,0.671875,0.4959866522366522,0.8459821428571429,0.27123917748917753,0.4575892857142857,0.279265873015873,0.6674107142857143,0.279265873015873,0.8370535714285714
