head_top_x,head_top_y,upper_neck_x,upper_neck_y,right_shoulder_x,right_shoulder_y,right_elbow_x,right_elbow_y,right_wrist_x,right_wrist_y,thorax_x,thorax_y,left_shoulder_x,left_shoulder_y,left_elbow_x,left_elbow_y,left_wrist_x,left_wrist_y,pelvis_x,pelvis_y,right_hip_x,right_hip_y,right_knee_x,right_knee_y,right_ankle_x,right_ankle_y,left_hip_x,left_hip_y,left_knee_x,left_knee_y,left_ankle_x,left_ankle_y
0.5639880952380951,0.060267857142857144,0.6221590909090909,0.22098214285714285,0.47091450216450215,0.22544642857142858,0.3313041125541126,0.3013392857142857,0.23823051948051954,0.31026785714285715,0.63379329004329,0.234375,0.808306277056277,0.23883928571428573,0.5756222943722943,0.31026785714285715,0.3429383116883117,0.31473214285714285,0.63379329004329,0.46651785714285715,0.540719696969697,0.46205357142857145,0.3545725108225108,0.6540178571428571,0.3545725108225108,0.8459821428571429,0.7268668831168831,0.46205357142857145,0.44764610389610393,0.6584821428571429,0.3778409090909091,0.8861607142857143
