head_top_x,head_top_y,upper_neck_x,upper_neck_y,right_shoulder_x,right_shoulder_y,right_elbow_x,right_elbow_y,right_wrist_x,right_wrist_y,thorax_x,thorax_y,left_shoulder_x,left_shoulder_y,left_elbow_x,left_elbow_y,left_wrist_x,left_wrist_y,pelvis_x,pelvis_y,right_hip_x,right_hip_y,right_knee_x,right_knee_y,right_ankle_x,right_ankle_y,left_hip_x,left_hip_y,left_knee_x,left_knee_y,left_ankle_x,left_ankle_y
0.4567110655737705,0.033482142857142856,0.5556572014051522,0.171875,0.5803937353629975,0.22098214285714285,0.5680254683840749,0.34598214285714285,0.3330283957845433,0.44419642857142855,0.5803937353629975,0.22098214285714285,0.6051302693208432,0.21651785714285715,0.6546033372365339,0.34598214285714285,0.5680254683840749,0.4888392857142857,0.5432889344262295,0.46651785714285715,0.5061841334894615,0.46651785714285715,0.4690793325526932,0.6584821428571429,0.6298668032786885,0.8861607142857143,0.5556572014051522,0.47098214285714285,0.5061841334894615,0.6629464285714286,0.6298668032786885,0.890625
