head_top_x,head_top_y,upper_neck_x,upper_neck_y,right_shoulder_x,right_shoulder_y,right_elbow_x,right_elbow_y,right_wrist_x,right_wrist_y,thorax_x,thorax_y,left_shoulder_x,left_shoulder_y,left_elbow_x,left_elbow_y,left_wrist_x,left_wrist_y,pelvis_x,pelvis_y,right_hip_x,right_hip_y,right_knee_x,right_knee_y,right_ankle_x,right_ankle_y,left_hip_x,left_hip_y,left_knee_x,left_knee_y,left_ankle_x,left_ankle_y
0.5183939873417721,0.16294642857142858,0.5236494122965641,0.30580357142857145,0.4395626130198915,0.31473214285714285,0.3922637884267631,0.3236607142857143,0.30292156419529837,0.25669642857142855,0.5289048372513562,0.31919642857142855,0.6182470614828209,0.30580357142857145,0.749632685352622,0.328125,0.7128447106690776,0.40401785714285715,0.5289048372513562,0.5334821428571429,0.4763505877034358,0.5334821428571429,0.376497513562387,0.7165178571428571,0.22409018987341772,0.8147321428571429,0.5867145117540687,0.5290178571428571,0.7181001356238697,0.6808035714285714,0.754888110307414,0.8727678571428571
