head_top_x,head_top_y,upper_neck_x,upper_neck_y,right_shoulder_x,right_shoulder_y,right_elbow_x,right_elbow_y,right_wrist_x,right_wrist_y,thorax_x,thorax_y,left_shoulder_x,left_shoulder_y,left_elbow_x,left_elbow_y,left_wrist_x,left_wrist_y,pelvis_x,pelvis_y,right_hip_x,right_hip_y,right_knee_x,right_knee_y,right_ankle_x,right_ankle_y,left_hip_x,left_hip_y,left_knee_x,left_knee_y,left_ankle_x,left_ankle_y
0.8035395408163266,0.060267857142857144,0.6118303571428572,0.19419642857142858,0.5372767857142857,0.22991071428571427,0.4094706632653062,0.37723214285714285,0.37751913265306125,0.49776785714285715,0.5479272959183673,0.22991071428571427,0.5479272959183673,0.22544642857142858,0.5372767857142857,0.3638392857142857,0.6970344387755102,0.46205357142857145,0.4520727040816327,0.47098214285714285,0.43077168367346935,0.47098214285714285,0.7609375,0.6584821428571429,0.7289859693877553,0.8683035714285714,0.4840242346938776,0.46651785714285715,0.7502869897959185,0.640625,0.19646045918367347,0.859375
