head_top_x,head_top_y,upper_neck_x,upper_neck_y,right_shoulder_x,right_shoulder_y,right_elbow_x,right_elbow_y,right_wrist_x,right_wrist_y,thorax_x,thorax_y,left_shoulder_x,left_shoulder_y,left_elbow_x,left_elbow_y,left_wrist_x,left_wrist_y,pelvis_x,pelvis_y,right_hip_x,right_hip_y,right_knee_x,right_knee_y,right_ankle_x,right_ankle_y,left_hip_x,left_hip_y,left_knee_x,left_knee_y,left_ankle_x,left_ankle_y
0.3081385103383459,0.7120535714285714,0.33765566259398494,0.6049107142857143,0.3553659539473684,0.6049107142857143,0.3789796757518797,0.6941964285714286,0.33765566259398494,0.7879464285714286,0.33765566259398494,0.6049107142857143,0.33765566259398494,0.6138392857142857,0.3730762453007519,0.6897321428571429,0.33175223214285715,0.7924107142857143,0.4262071193609022,0.40848214285714285,0.4321105498120301,0.40848214285714285,0.33765566259398494,0.2700892857142857,0.2313939144736842,0.140625,0.4262071193609022,0.40401785714285715,0.33175223214285715,0.265625,0.22549048402255642,0.15401785714285715
