head_top_x,head_top_y,upper_neck_x,upper_neck_y,right_shoulder_x,right_shoulder_y,right_elbow_x,right_elbow_y,right_wrist_x,right_wrist_y,thorax_x,thorax_y,left_shoulder_x,left_shoulder_y,left_elbow_x,left_elbow_y,left_wrist_x,left_wrist_y,pelvis_x,pelvis_y,right_hip_x,right_hip_y,right_knee_x,right_knee_y,right_ankle_x,right_ankle_y,left_hip_x,left_hip_y,left_knee_x,left_knee_y,left_ankle_x,left_ankle_y
0.43526785714285715,0.19520833333333332,0.3236607142857143,0.2639583333333333,0.37723214285714285,0.2502083333333333,0.484375,0.41062499999999996,0.5424107142857143,0.451875,0.34151785714285715,0.2639583333333333,0.3013392857142857,0.2547916666666667,0.5200892857142857,0.451875,0.5870535714285714,0.4564583333333333,0.6763392857142857,0.5435416666666667,0.6986607142857143,0.5435416666666667,0.31473214285714285,0.5160416666666666,0.22544642857142858,0.7314583333333333,0.671875,0.534375,0.31473214285714285,0.5160416666666666,0.22098214285714285,0.7360416666666667
