head_top_x,head_top_y,upper_neck_x,upper_neck_y,right_shoulder_x,right_shoulder_y,right_elbow_x,right_elbow_y,right_wrist_x,right_wrist_y,thorax_x,thorax_y,left_shoulder_x,left_shoulder_y,left_elbow_x,left_elbow_y,left_wrist_x,left_wrist_y,pelvis_x,pelvis_y,right_hip_x,right_hip_y,right_knee_x,right_knee_y,right_ankle_x,right_ankle_y,left_hip_x,left_hip_y,left_knee_x,left_knee_y,left_ankle_x,left_ankle_y
0.4895028957528957,0.12723214285714285,0.4125241312741312,0.2700892857142857,0.3215492277992278,0.28348214285714285,0.20258204633204632,0.38169642857142855,0.37753378378378377,0.44419642857142855,0.4055260617760617,0.296875,0.46151061776061764,0.296875,0.49650096525096515,0.390625,0.6084700772200773,0.40401785714285715,0.4685086872586873,0.5111607142857143,0.4265202702702703,0.5200892857142857,0.6014720077220078,0.6629464285714286,0.7554295366795367,0.8415178571428571,0.5174951737451737,0.49330357142857145,0.6014720077220078,0.6674107142857143,0.39852799227799224,0.8013392857142857
