head_top_x,head_top_y,upper_neck_x,upper_neck_y,right_shoulder_x,right_shoulder_y,right_elbow_x,right_elbow_y,right_wrist_x,right_wrist_y,thorax_x,thorax_y,left_shoulder_x,left_shoulder_y,left_elbow_x,left_elbow_y,left_wrist_x,left_wrist_y,pelvis_x,pelvis_y,right_hip_x,right_hip_y,right_knee_x,right_knee_y,right_ankle_x,right_ankle_y,left_hip_x,left_hip_y,left_knee_x,left_knee_y,left_ankle_x,left_ankle_y
0.44500288018433176,0.14955357142857142,0.49131624423963144,0.28348214285714285,0.42184619815668206,0.3013392857142857,0.3176411290322581,0.35044642857142855,0.20185771889400922,0.37723214285714285,0.48552707373271886,0.28348214285714285,0.5665754608294931,0.265625,0.5434187788018434,0.265625,0.42763536866359453,0.265625,0.5723646313364055,0.484375,0.526051267281106,0.4888392857142857,0.526051267281106,0.6584821428571429,0.5318404377880184,0.8102678571428571,0.6244671658986176,0.47098214285714285,0.6881480414746544,0.6316964285714286,0.7576180875576037,0.7700892857142857
