head_top_x,head_top_y,upper_neck_x,upper_neck_y,right_shoulder_x,right_shoulder_y,right_elbow_x,right_elbow_y,right_wrist_x,right_wrist_y,thorax_x,thorax_y,left_shoulder_x,left_shoulder_y,left_elbow_x,left_elbow_y,left_wrist_x,left_wrist_y,pelvis_x,pelvis_y,right_hip_x,right_hip_y,right_knee_x,right_knee_y,right_ankle_x,right_ankle_y,left_hip_x,left_hip_y,left_knee_x,left_knee_y,left_ankle_x,left_ankle_y
0.3592779503105589,0.060267857142857144,0.4380822981366459,0.20758928571428573,0.6632375776397517,0.234375,0.7420419254658386,0.37276785714285715,0.7307841614906831,0.49330357142857145,0.46059782608695654,0.24776785714285715,0.2467003105590063,0.2611607142857143,0.1904114906832298,0.40401785714285715,0.20166925465838503,0.5290178571428571,0.5394021739130435,0.49330357142857145,0.6407220496894409,0.484375,0.6294642857142857,0.6674107142857143,0.6970108695652174,0.8459821428571429,0.4380822981366459,0.49776785714285715,0.4493400621118013,0.6808035714285714,0.516886645962733,0.8861607142857143
