head_top_x,head_top_y,upper_neck_x,upper_neck_y,right_shoulder_x,right_shoulder_y,right_elbow_x,right_elbow_y,right_wrist_x,right_wrist_y,thorax_x,thorax_y,left_shoulder_x,left_shoulder_y,left_elbow_x,left_elbow_y,left_wrist_x,left_wrist_y,pelvis_x,pelvis_y,right_hip_x,right_hip_y,right_knee_x,right_knee_y,right_ankle_x,right_ankle_y,left_hip_x,left_hip_y,left_knee_x,left_knee_y,left_ankle_x,left_ankle_y
0.5673815086782377,0.17633928571428573,0.4042473297730307,0.28794642857142855,0.4397112817089453,0.31473214285714285,0.5815670894526035,0.4486607142857143,0.7447012683578104,0.5334821428571429,0.3687833778371162,0.3013392857142857,0.30494826435246997,0.28348214285714285,0.29785547396528705,0.3861607142857143,0.3687833778371162,0.46651785714285715,0.17727803738317757,0.5111607142857143,0.19146361815754342,0.5111607142857143,0.46808244325767695,0.6584821428571429,0.3545977970627503,0.8683035714285714,0.13472129506008007,0.5066964285714286,0.3191338451268358,0.6763392857142857,0.1276285046728972,0.7879464285714286
