head_top_x,head_top_y,upper_neck_x,upper_neck_y,right_shoulder_x,right_shoulder_y,right_elbow_x,right_elbow_y,right_wrist_x,right_wrist_y,thorax_x,thorax_y,left_shoulder_x,left_shoulder_y,left_elbow_x,left_elbow_y,left_wrist_x,left_wrist_y,pelvis_x,pelvis_y,right_hip_x,right_hip_y,right_knee_x,right_knee_y,right_ankle_x,right_ankle_y,left_hip_x,left_hip_y,left_knee_x,left_knee_y,left_ankle_x,left_ankle_y
0.2510480182926829,0.16741071428571427,0.3276486280487805,0.3013392857142857,0.23463360191637628,0.30580357142857145,0.18539035278745644,0.3950892857142857,0.1963332970383275,0.44419642857142855,0.322177155923345,0.30580357142857145,0.38783482142857134,0.28794642857142855,0.49179279181184665,0.359375,0.4644354311846689,0.453125,0.3987777656794425,0.4888392857142857,0.3495345165505226,0.4888392857142857,0.13614710365853658,0.5870535714285714,0.33859157229965153,0.8013392857142857,0.44802101480836237,0.484375,0.3002912674216028,0.6138392857142857,0.3276486280487805,0.7924107142857143
