head_top_x,head_top_y,upper_neck_x,upper_neck_y,right_shoulder_x,right_shoulder_y,right_elbow_x,right_elbow_y,right_wrist_x,right_wrist_y,thorax_x,thorax_y,left_shoulder_x,left_shoulder_y,left_elbow_x,left_elbow_y,left_wrist_x,left_wrist_y,pelvis_x,pelvis_y,right_hip_x,right_hip_y,right_knee_x,right_knee_y,right_ankle_x,right_ankle_y,left_hip_x,left_hip_y,left_knee_x,left_knee_y,left_ankle_x,left_ankle_y
0.5420081967213115,0.024553571428571428,0.6020199063231851,0.18080357142857142,0.5180035128805621,0.22544642857142858,0.42198477751756436,0.33705357142857145,0.21794496487119433,0.34151785714285715,0.6260245901639344,0.22991071428571427,0.7220433255269321,0.22991071428571427,0.5540105386416861,0.37723214285714285,0.20594262295081966,0.35044642857142855,0.5300058548009368,0.4799107142857143,0.4699941451990632,0.4799107142857143,0.4699941451990632,0.6852678571428571,0.5540105386416861,0.8861607142857143,0.5540105386416861,0.4799107142857143,0.638026932084309,0.6852678571428571,0.686036299765808,0.921875
