head_top_x,head_top_y,upper_neck_x,upper_neck_y,right_shoulder_x,right_shoulder_y,right_elbow_x,right_elbow_y,right_wrist_x,right_wrist_y,thorax_x,thorax_y,left_shoulder_x,left_shoulder_y,left_elbow_x,left_elbow_y,left_wrist_x,left_wrist_y,pelvis_x,pelvis_y,right_hip_x,right_hip_y,right_knee_x,right_knee_y,right_ankle_x,right_ankle_y,left_hip_x,left_hip_y,left_knee_x,left_knee_y,left_ankle_x,left_ankle_y
0.45858134920634924,0.078125,0.4677854938271605,0.22991071428571427,0.3113150352733686,0.2700892857142857,0.2468860229276896,0.390625,0.21006944444444448,0.4888392857142857,0.47698963844797176,0.2700892857142857,0.6518683862433863,0.2700892857142857,0.7623181216931217,0.39955357142857145,0.6058476631393298,0.41294642857142855,0.48619378306878314,0.5066964285714286,0.3849481922398589,0.5022321428571429,0.3481316137566137,0.6986607142857143,0.4033564814814815,0.8772321428571429,0.5966435185185185,0.5066964285714286,0.6242559523809522,0.703125,0.67948082010582,0.8816964285714286
