head_top_x,head_top_y,upper_neck_x,upper_neck_y,right_shoulder_x,right_shoulder_y,right_elbow_x,right_elbow_y,right_wrist_x,right_wrist_y,thorax_x,thorax_y,left_shoulder_x,left_shoulder_y,left_elbow_x,left_elbow_y,left_wrist_x,left_wrist_y,pelvis_x,pelvis_y,right_hip_x,right_hip_y,right_knee_x,right_knee_y,right_ankle_x,right_ankle_y,left_hip_x,left_hip_y,left_knee_x,left_knee_y,left_ankle_x,left_ankle_y
0.4047755570117955,0.109375,0.5038089777195283,0.23883928571428573,0.4657192005242464,0.265625,0.4047755570117955,0.37723214285714285,0.2371805373525557,0.34151785714285715,0.519044888597641,0.2611607142857143,0.5495167103538663,0.25223214285714285,0.6409321756225426,0.359375,0.4428653342070774,0.38169642857142855,0.5952244429882044,0.5111607142857143,0.5723705766710354,0.5111607142857143,0.5495167103538663,0.6629464285714286,0.7475835517693316,0.7834821428571429,0.6104603538663173,0.5111607142857143,0.5114269331585846,0.6629464285714286,0.5114269331585846,0.859375
