head_top_x,head_top_y,upper_neck_x,upper_neck_y,right_shoulder_x,right_shoulder_y,right_elbow_x,right_elbow_y,right_wrist_x,right_wrist_y,thorax_x,thorax_y,left_shoulder_x,left_shoulder_y,left_elbow_x,left_elbow_y,left_wrist_x,left_wrist_y,pelvis_x,pelvis_y,right_hip_x,right_hip_y,right_knee_x,right_knee_y,right_ankle_x,right_ankle_y,left_hip_x,left_hip_y,left_knee_x,left_knee_y,left_ankle_x,left_ankle_y
0.5787627551020409,0.12276785714285714,0.5538903061224489,0.2700892857142857,0.4626913265306123,0.25223214285714285,0.338329081632653,0.19419642857142858,0.20567602040816327,0.109375,0.5621811224489797,0.27901785714285715,0.6782525510204083,0.3013392857142857,0.7528698979591837,0.40848214285714285,0.6533801020408163,0.39955357142857145,0.5704719387755103,0.5066964285714286,0.5041454081632654,0.5111607142857143,0.5621811224489797,0.6852678571428571,0.6533801020408163,0.8504464285714286,0.6367984693877551,0.5066964285714286,0.6699617346938774,0.671875,0.7197066326530612,0.8504464285714286
