head_top_x,head_top_y,upper_neck_x,upper_neck_y,right_shoulder_x,right_shoulder_y,right_elbow_x,right_elbow_y,right_wrist_x,right_wrist_y,thorax_x,thorax_y,left_shoulder_x,left_shoulder_y,left_elbow_x,left_elbow_y,left_wrist_x,left_wrist_y,pelvis_x,pelvis_y,right_hip_x,right_hip_y,right_knee_x,right_knee_y,right_ankle_x,right_ankle_y,left_hip_x,left_hip_y,left_knee_x,left_knee_y,left_ankle_x,left_ankle_y
0.29414682539682535,0.060267857142857144,0.4139159451659452,0.19866071428571427,0.3091179653679654,0.234375,0.29414682539682535,0.34598214285714285,0.2342622655122655,0.43526785714285715,0.4288870851370851,0.22098214285714285,0.5486562049062048,0.19866071428571427,0.5935696248196247,0.34598214285714285,0.3914592352092352,0.3861607142857143,0.5785984848484849,0.4799107142857143,0.481286075036075,0.4799107142857143,0.31660353535353536,0.6629464285714286,0.473800505050505,0.7745535714285714,0.6759108946608947,0.47544642857142855,0.7432810245310245,0.703125,0.8405934343434343,0.8683035714285714
