head_top_x,head_top_y,upper_neck_x,upper_neck_y,right_shoulder_x,right_shoulder_y,right_elbow_x,right_elbow_y,right_wrist_x,right_wrist_y,thorax_x,thorax_y,left_shoulder_x,left_shoulder_y,left_elbow_x,left_elbow_y,left_wrist_x,left_wrist_y,pelvis_x,pelvis_y,right_hip_x,right_hip_y,right_knee_x,right_knee_y,right_ankle_x,right_ankle_y,left_hip_x,left_hip_y,left_knee_x,left_knee_y,left_ankle_x,left_ankle_y
0.44325396825396823,0.060267857142857144,0.46071428571428574,0.21651785714285715,0.2948412698412698,0.24776785714285715,0.2686507936507936,0.3549107142857143,0.1988095238095238,0.37723214285714285,0.46071428571428574,0.24776785714285715,0.6091269841269841,0.24330357142857142,0.7662698412698413,0.34151785714285715,0.6265873015873017,0.4174107142857143,0.46071428571428574,0.4799107142857143,0.3734126984126984,0.47544642857142855,0.3472222222222222,0.6674107142857143,0.3908730158730158,0.8727678571428571,0.5392857142857143,0.484375,0.5218253968253969,0.6495535714285714,0.47817460317460314,0.7879464285714286
