head_top_x,head_top_y,upper_neck_x,upper_neck_y,right_shoulder_x,right_shoulder_y,right_elbow_x,right_elbow_y,right_wrist_x,right_wrist_y,thorax_x,thorax_y,left_shoulder_x,left_shoulder_y,left_elbow_x,left_elbow_y,left_wrist_x,left_wrist_y,pelvis_x,pelvis_y,right_hip_x,right_hip_y,right_knee_x,right_knee_y,right_ankle_x,right_ankle_y,left_hip_x,left_hip_y,left_knee_x,left_knee_y,left_ankle_x,left_ankle_y
0.49163986246672586,0.14955357142857142,0.5083601375332742,0.28794642857142855,0.43033218722271516,0.30580357142857145,0.4581993123336291,0.40848214285714285,0.5752412377994676,0.37276785714285715,0.513933562555457,0.296875,0.5975349378881988,0.27901785714285715,0.6644160381543922,0.3638392857142857,0.6867097382431233,0.36830357142857145,0.5195069875776398,0.484375,0.46377273735581187,0.4888392857142857,0.3801713620230701,0.6763392857142857,0.19067491126885536,0.765625,0.5696678127772847,0.484375,0.669989463176575,0.6450892857142857,0.770311113575865,0.8013392857142857
