head_top_x,head_top_y,upper_neck_x,upper_neck_y,right_shoulder_x,right_shoulder_y,right_elbow_x,right_elbow_y,right_wrist_x,right_wrist_y,thorax_x,thorax_y,left_shoulder_x,left_shoulder_y,left_elbow_x,left_elbow_y,left_wrist_x,left_wrist_y,pelvis_x,pelvis_y,right_hip_x,right_hip_y,right_knee_x,right_knee_y,right_ankle_x,right_ankle_y,left_hip_x,left_hip_y,left_knee_x,left_knee_y,left_ankle_x,left_ankle_y
0.4487210424710425,0.12723214285714285,0.5102557915057916,0.2700892857142857,0.6264880952380952,0.265625,0.7495575933075933,0.3549107142857143,0.6401624839124839,0.39955357142857145,0.5102557915057916,0.27455357142857145,0.39402348777348783,0.28348214285714285,0.34616312741312744,0.41294642857142855,0.25044240669240675,0.4486607142857143,0.6333252895752896,0.484375,0.6948600386100386,0.47544642857142855,0.6538368725868726,0.6584821428571429,0.7563947876447876,0.8370535714285714,0.5581161518661519,0.4888392857142857,0.3803490990990991,0.6450892857142857,0.4418838481338482,0.8415178571428571
