head_top_x,head_top_y,upper_neck_x,upper_neck_y,right_shoulder_x,right_shoulder_y,right_elbow_x,right_elbow_y,right_wrist_x,right_wrist_y,thorax_x,thorax_y,left_shoulder_x,left_shoulder_y,left_elbow_x,left_elbow_y,left_wrist_x,left_wrist_y,pelvis_x,pelvis_y,right_hip_x,right_hip_y,right_knee_x,right_knee_y,right_ankle_x,right_ankle_y,left_hip_x,left_hip_y,left_knee_x,left_knee_y,left_ankle_x,left_ankle_y
0.5559865339578454,0.046875,0.5186621779859486,0.19866071428571427,0.33204039812646363,0.22544642857142858,0.2449502341920374,0.36830357142857145,0.25739168618266967,0.5022321428571429,0.5186621779859486,0.22098214285714285,0.692842505854801,0.21651785714285715,0.7426083138173302,0.3325892857142857,0.6306352459016393,0.37723214285714285,0.5186621779859486,0.47098214285714285,0.39424765807962536,0.47098214285714285,0.3195989461358314,0.6897321428571429,0.2449502341920374,0.9040178571428571,0.6430766978922716,0.46651785714285715,0.692842505854801,0.6808035714285714,0.7550497658079625,0.8772321428571429
