head_top_x,head_top_y,upper_neck_x,upper_neck_y,right_shoulder_x,right_shoulder_y,right_elbow_x,right_elbow_y,right_wrist_x,right_wrist_y,thorax_x,thorax_y,left_shoulder_x,left_shoulder_y,left_elbow_x,left_elbow_y,left_wrist_x,left_wrist_y,pelvis_x,pelvis_y,right_hip_x,right_hip_y,right_knee_x,right_knee_y,right_ankle_x,right_ankle_y,left_hip_x,left_hip_y,left_knee_x,left_knee_y,left_ankle_x,left_ankle_y
0.810819169535284,0.515625,0.6486526462994836,0.49776785714285715,0.6162193416523236,0.5066964285714286,0.6162193416523236,0.34151785714285715,0.643247095524957,0.21651785714285715,0.6270304432013769,0.49330357142857145,0.643247095524957,0.49330357142857145,0.6000026893287436,0.6004464285714286,0.6486526462994836,0.20758928571428573,0.3783751075731498,0.5290178571428571,0.37296955679862304,0.5200892857142857,0.17836972891566266,0.484375,0.1837752796901893,0.6852678571428571,0.3891862091222031,0.5424107142857143,0.22701968588640278,0.6852678571428571,0.0918809165232358,0.7834821428571429
