head_top_x,head_top_y,upper_neck_x,upper_neck_y,right_shoulder_x,right_shoulder_y,right_elbow_x,right_elbow_y,right_wrist_x,right_wrist_y,thorax_x,thorax_y,left_shoulder_x,left_shoulder_y,left_elbow_x,left_elbow_y,left_wrist_x,left_wrist_y,pelvis_x,pelvis_y,right_hip_x,right_hip_y,right_knee_x,right_knee_y,right_ankle_x,right_ankle_y,left_hip_x,left_hip_y,left_knee_x,left_knee_y,left_ankle_x,left_ankle_y
0.5613956766917292,0.21651785714285715,0.43860432330827065,0.31026785714285715,0.41026785714285713,0.31473214285714285,0.3063674812030075,0.21205357142857142,0.3063674812030075,0.09598214285714286,0.4291588345864662,0.31919642857142855,0.43860432330827065,0.31026785714285715,0.3441494360902255,0.20758928571428573,0.32525845864661657,0.109375,0.25914003759398496,0.5513392857142857,0.2308035714285714,0.5513392857142857,0.3441494360902255,0.7075892857142857,0.4669407894736842,0.8816964285714286,0.296921992481203,0.5513392857142857,0.3063674812030075,0.7299107142857143,0.4574953007518797,0.8772321428571429
