head_top_x,head_top_y,upper_neck_x,upper_neck_y,right_shoulder_x,right_shoulder_y,right_elbow_x,right_elbow_y,right_wrist_x,right_wrist_y,thorax_x,thorax_y,left_shoulder_x,left_shoulder_y,left_elbow_x,left_elbow_y,left_wrist_x,left_wrist_y,pelvis_x,pelvis_y,right_hip_x,right_hip_y,right_knee_x,right_knee_y,right_ankle_x,right_ankle_y,left_hip_x,left_hip_y,left_knee_x,left_knee_y,left_ankle_x,left_ankle_y
0.5942826704545454,0.04241071428571429,0.5404068587662337,0.19866071428571427,0.3877587256493506,0.19866071428571427,0.18123478084415584,0.2700892857142857,0.31592431006493504,0.18526785714285715,0.5404068587662337,0.22544642857142858,0.7110135957792209,0.234375,0.7559101055194807,0.37276785714285715,0.7648894074675325,0.4888392857142857,0.5224482548701299,0.484375,0.42367593344155846,0.484375,0.3877587256493506,0.6763392857142857,0.3518415178571428,0.8727678571428571,0.6122412743506493,0.4799107142857143,0.6301998782467534,0.6763392857142857,0.666117086038961,0.8772321428571429
