head_top_x,head_top_y,upper_neck_x,upper_neck_y,right_shoulder_x,right_shoulder_y,right_elbow_x,right_elbow_y,right_wrist_x,right_wrist_y,thorax_x,thorax_y,left_shoulder_x,left_shoulder_y,left_elbow_x,left_elbow_y,left_wrist_x,left_wrist_y,pelvis_x,pelvis_y,right_hip_x,right_hip_y,right_knee_x,right_knee_y,right_ankle_x,right_ankle_y,left_hip_x,left_hip_y,left_knee_x,left_knee_y,left_ankle_x,left_ankle_y
0.5284437859195402,0.083984375,0.5609509698275862,0.236328125,0.7316136853448276,0.263671875,0.7885012571839081,0.396484375,0.8291352370689655,0.501953125,0.5609509698275862,0.255859375,0.3902882543103448,0.248046875,0.2846399066091954,0.380859375,0.20337194683908047,0.462890625,0.5446973778735632,0.482421875,0.6178385416666666,0.482421875,0.5203169899425287,0.669921875,0.4634294181034483,0.853515625,0.4715562140804598,0.478515625,0.48780980603448276,0.681640625,0.7153600933908046,0.857421875
