head_top_x,head_top_y,upper_neck_x,upper_neck_y,right_shoulder_x,right_shoulder_y,right_elbow_x,right_elbow_y,right_wrist_x,right_wrist_y,thorax_x,thorax_y,left_shoulder_x,left_shoulder_y,left_elbow_x,left_elbow_y,left_wrist_x,left_wrist_y,pelvis_x,pelvis_y,right_hip_x,right_hip_y,right_knee_x,right_knee_y,right_ankle_x,right_ankle_y,left_hip_x,left_hip_y,left_knee_x,left_knee_y,left_ankle_x,left_ankle_y
0.7524646577380952,0.080078125,0.6117466517857143,0.208984375,0.7359095982142857,0.228515625,0.7276320684523809,0.310546875,0.5951915922619048,0.369140625,0.6034691220238095,0.228515625,0.4710286458333333,0.224609375,0.23098028273809526,0.279296875,0.3551432291666667,0.380859375,0.5538039434523809,0.435546875,0.5951915922619048,0.439453125,0.5206938244047619,0.658203125,0.4710286458333333,0.869140625,0.5041387648809523,0.431640625,0.48758370535714285,0.654296875,0.4710286458333333,0.857421875
