head_top_x,head_top_y,upper_neck_x,upper_neck_y,right_shoulder_x,right_shoulder_y,right_elbow_x,right_elbow_y,right_wrist_x,right_wrist_y,thorax_x,thorax_y,left_shoulder_x,left_shoulder_y,left_elbow_x,left_elbow_y,left_wrist_x,left_wrist_y,pelvis_x,pelvis_y,right_hip_x,right_hip_y,right_knee_x,right_knee_y,right_ankle_x,right_ankle_y,left_hip_x,left_hip_y,left_knee_x,left_knee_y,left_ankle_x,left_ankle_y
0.5569661458333334,0.111328125,0.4765433517156863,0.244140625,0.4899471507352941,0.259765625,0.6776003370098039,0.322265625,0.7647250306372549,0.236328125,0.46984145220588236,0.255859375,0.44973575367647056,0.248046875,0.6172832414215687,0.275390625,0.7245136335784313,0.232421875,0.27548636642156865,0.474609375,0.3022939644607843,0.478515625,0.5100528492647058,0.658203125,0.41622625612745096,0.853515625,0.24867876838235295,0.466796875,0.3626110600490196,0.642578125,0.20176547181372548,0.794921875
