head_top_x,head_top_y,upper_neck_x,upper_neck_y,right_shoulder_x,right_shoulder_y,right_elbow_x,right_elbow_y,right_wrist_x,right_wrist_y,thorax_x,thorax_y,left_shoulder_x,left_shoulder_y,left_elbow_x,left_elbow_y,left_wrist_x,left_wrist_y,pelvis_x,pelvis_y,right_hip_x,right_hip_y,right_knee_x,right_knee_y,right_ankle_x,right_ankle_y,left_hip_x,left_hip_y,left_knee_x,left_knee_y,left_ankle_x,left_ankle_y
0.5664434523809524,0.103515625,0.5174851190476191,0.240234375,0.3845982142857142,0.224609375,0.26569940476190473,0.228515625,0.25870535714285714,0.244140625,0.5174851190476191,0.263671875,0.8182291666666667,0.345703125,0.9371279761904762,0.451171875,0.7762648809523809,0.447265625,0.5174851190476191,0.490234375,0.43355654761904755,0.478515625,0.42656249999999996,0.712890625,0.48251488095238093,0.880859375,0.5874255952380952,0.494140625,0.7832589285714285,0.728515625,0.8462053571428572,0.884765625
