head_top_x,head_top_y,upper_neck_x,upper_neck_y,right_shoulder_x,right_shoulder_y,right_elbow_x,right_elbow_y,right_wrist_x,right_wrist_y,thorax_x,thorax_y,left_shoulder_x,left_shoulder_y,left_elbow_x,left_elbow_y,left_wrist_x,left_wrist_y,pelvis_x,pelvis_y,right_hip_x,right_hip_y,right_knee_x,right_knee_y,right_ankle_x,right_ankle_y,left_hip_x,left_hip_y,left_knee_x,left_knee_y,left_ankle_x,left_ankle_y
0.283203125,0.2739013671875,0.443359375,0.3097900390625,0.439453125,0.20930175781250002,0.302734375,0.6830322265625001,0.166015625,0.6614990234375,0.462890625,0.3241455078125,0.517578125,0.36721191406250003,0.306640625,0.7332763671875,0.150390625,0.6830322265625001,0.732421875,0.5681884765625,0.666015625,0.5466552734375,0.505859375,0.6327880859375,0.916015625,0.6614990234375,0.779296875,0.5610107421875,0.490234375,0.6040771484375,0.908203125,0.6686767578125
