head_top_x,head_top_y,upper_neck_x,upper_neck_y,right_shoulder_x,right_shoulder_y,right_elbow_x,right_elbow_y,right_wrist_x,right_wrist_y,thorax_x,thorax_y,left_shoulder_x,left_shoulder_y,left_elbow_x,left_elbow_y,left_wrist_x,left_wrist_y,pelvis_x,pelvis_y,right_hip_x,right_hip_y,right_knee_x,right_knee_y,right_ankle_x,right_ankle_y,left_hip_x,left_hip_y,left_knee_x,left_knee_y,left_ankle_x,left_ankle_y
0.49588815789473684,0.044921875,0.5287828947368421,0.205078125,0.47944078947368424,0.240234375,0.3807565789473684,0.302734375,0.2162828947368421,0.255859375,0.5287828947368421,0.240234375,0.578125,0.228515625,0.709703947368421,0.275390625,0.578125,0.166015625,0.5863486842105263,0.513671875,0.5699013157894737,0.509765625,0.5287828947368421,0.720703125,0.759046052631579,0.880859375,0.602796052631579,0.513671875,0.4712171052631579,0.728515625,0.7672697368421053,0.880859375
