head_top_x,head_top_y,upper_neck_x,upper_neck_y,right_shoulder_x,right_shoulder_y,right_elbow_x,right_elbow_y,right_wrist_x,right_wrist_y,thorax_x,thorax_y,left_shoulder_x,left_shoulder_y,left_elbow_x,left_elbow_y,left_wrist_x,left_wrist_y,pelvis_x,pelvis_y,right_hip_x,right_hip_y,right_knee_x,right_knee_y,right_ankle_x,right_ankle_y,left_hip_x,left_hip_y,left_knee_x,left_knee_y,left_ankle_x,left_ankle_y
0.7232142857142857,0.083984375,0.674512987012987,0.240234375,0.8043831168831169,0.291015625,0.6663961038961039,0.400390625,0.6258116883116883,0.513671875,0.6582792207792207,0.283203125,0.5121753246753247,0.271484375,0.3904220779220779,0.404296875,0.4472402597402597,0.482421875,0.5040584415584416,0.521484375,0.5933441558441559,0.525390625,0.7232142857142857,0.736328125,0.739448051948052,0.951171875,0.41477272727272724,0.513671875,0.34983766233766234,0.740234375,0.2037337662337662,0.943359375
