head_top_x,head_top_y,upper_neck_x,upper_neck_y,right_shoulder_x,right_shoulder_y,right_elbow_x,right_elbow_y,right_wrist_x,right_wrist_y,thorax_x,thorax_y,left_shoulder_x,left_shoulder_y,left_elbow_x,left_elbow_y,left_wrist_x,left_wrist_y,pelvis_x,pelvis_y,right_hip_x,right_hip_y,right_knee_x,right_knee_y,right_ankle_x,right_ankle_y,left_hip_x,left_hip_y,left_knee_x,left_knee_y,left_ankle_x,left_ankle_y
0.3946340460526316,0.166015625,0.4408922697368421,0.306640625,0.3997738486842105,0.349609375,0.32781661184210525,0.451171875,0.24043996710526316,0.466796875,0.4614514802631579,0.333984375,0.5231291118421053,0.326171875,0.6824629934210527,0.404296875,0.7749794407894737,0.521484375,0.5231291118421053,0.572265625,0.48715049342105265,0.564453125,0.2969777960526316,0.642578125,0.37921463815789475,0.787109375,0.5642475328947368,0.572265625,0.2764185855263158,0.642578125,0.3997738486842105,0.798828125
