head_top_x,head_top_y,upper_neck_x,upper_neck_y,right_shoulder_x,right_shoulder_y,right_elbow_x,right_elbow_y,right_wrist_x,right_wrist_y,thorax_x,thorax_y,left_shoulder_x,left_shoulder_y,left_elbow_x,left_elbow_y,left_wrist_x,left_wrist_y,pelvis_x,pelvis_y,right_hip_x,right_hip_y,right_knee_x,right_knee_y,right_ankle_x,right_ankle_y,left_hip_x,left_hip_y,left_knee_x,left_knee_y,left_ankle_x,left_ankle_y
0.4633056640625,0.080078125,0.5122314453125,0.236328125,0.3572998046875,0.255859375,0.2676025390625,0.369140625,0.2105224609375,0.478515625,0.5285400390625,0.263671875,0.7079345703125,0.267578125,0.7813232421875,0.388671875,0.7405517578125,0.505859375,0.5040771484375,0.498046875,0.4062255859375,0.498046875,0.3572998046875,0.673828125,0.2757568359375,0.865234375,0.6019287109375,0.501953125,0.5937744140625,0.677734375,0.5774658203125,0.869140625
