head_top_x,head_top_y,upper_neck_x,upper_neck_y,right_shoulder_x,right_shoulder_y,right_elbow_x,right_elbow_y,right_wrist_x,right_wrist_y,thorax_x,thorax_y,left_shoulder_x,left_shoulder_y,left_elbow_x,left_elbow_y,left_wrist_x,left_wrist_y,pelvis_x,pelvis_y,right_hip_x,right_hip_y,right_knee_x,right_knee_y,right_ankle_x,right_ankle_y,left_hip_x,left_hip_y,left_knee_x,left_knee_y,left_ankle_x,left_ankle_y
0.5577320772058824,0.146484375,0.48383501838235293,0.271484375,0.4099379595588235,0.232421875,0.28523667279411763,0.220703125,0.1928653492647059,0.193359375,0.4976907169117647,0.251953125,0.5808249080882353,0.267578125,0.6639590992647058,0.349609375,0.7470932904411764,0.455078125,0.44226792279411764,0.451171875,0.3914636948529412,0.439453125,0.32218520220588237,0.607421875,0.2990923713235294,0.787109375,0.48845358455882354,0.455078125,0.5023092830882353,0.646484375,0.4284122242647059,0.822265625
