head_top_x,head_top_y,upper_neck_x,upper_neck_y,right_shoulder_x,right_shoulder_y,right_elbow_x,right_elbow_y,right_wrist_x,right_wrist_y,thorax_x,thorax_y,left_shoulder_x,left_shoulder_y,left_elbow_x,left_elbow_y,left_wrist_x,left_wrist_y,pelvis_x,pelvis_y,right_hip_x,right_hip_y,right_knee_x,right_knee_y,right_ankle_x,right_ankle_y,left_hip_x,left_hip_y,left_knee_x,left_knee_y,left_ankle_x,left_ankle_y
0.5616629464285714,0.056640625,0.3814174107142857,0.201171875,0.4478236607142857,0.259765625,0.42885044642857145,0.380859375,0.7608816964285714,0.419921875,0.3150111607142857,0.244140625,0.1821986607142857,0.240234375,0.16322544642857142,0.376953125,0.3150111607142857,0.439453125,0.3150111607142857,0.509765625,0.45731026785714285,0.494140625,0.6944754464285714,0.681640625,0.7608816964285714,0.892578125,0.19168526785714285,0.513671875,0.45731026785714285,0.712890625,0.23911830357142855,0.806640625
