head_top_x,head_top_y,upper_neck_x,upper_neck_y,right_shoulder_x,right_shoulder_y,right_elbow_x,right_elbow_y,right_wrist_x,right_wrist_y,thorax_x,thorax_y,left_shoulder_x,left_shoulder_y,left_elbow_x,left_elbow_y,left_wrist_x,left_wrist_y,pelvis_x,pelvis_y,right_hip_x,right_hip_y,right_knee_x,right_knee_y,right_ankle_x,right_ankle_y,left_hip_x,left_hip_y,left_knee_x,left_knee_y,left_ankle_x,left_ankle_y
0.5029198232323232,0.052734375,0.5087594696969697,0.208984375,0.3627683080808081,0.244140625,0.21093750000000003,0.310546875,0.23429608585858588,0.443359375,0.5087594696969697,0.255859375,0.6605902777777778,0.263671875,0.7657039141414141,0.392578125,0.8124210858585859,0.517578125,0.4562026515151515,0.521484375,0.38028724747474746,0.509765625,0.4562026515151515,0.712890625,0.44452335858585856,0.927734375,0.5321180555555556,0.533203125,0.5029198232323232,0.724609375,0.4562026515151515,0.919921875
