head_top_x,head_top_y,upper_neck_x,upper_neck_y,right_shoulder_x,right_shoulder_y,right_elbow_x,right_elbow_y,right_wrist_x,right_wrist_y,thorax_x,thorax_y,left_shoulder_x,left_shoulder_y,left_elbow_x,left_elbow_y,left_wrist_x,left_wrist_y,pelvis_x,pelvis_y,right_hip_x,right_hip_y,right_knee_x,right_knee_y,right_ankle_x,right_ankle_y,left_hip_x,left_hip_y,left_knee_x,left_knee_y,left_ankle_x,left_ankle_y
0.5551162347560975,0.056640625,0.512719131097561,0.208984375,0.326171875,0.224609375,0.24985708841463417,0.361328125,0.24137766768292684,0.482421875,0.5042397103658537,0.228515625,0.6823075457317073,0.228515625,0.7077458079268293,0.369140625,0.7586223323170732,0.486328125,0.5296779725609756,0.482421875,0.4194455030487805,0.482421875,0.4364043445121951,0.666015625,0.3940072408536585,0.837890625,0.6144721798780488,0.478515625,0.6483898628048781,0.705078125,0.6483898628048781,0.880859375
