head_top_x,head_top_y,upper_neck_x,upper_neck_y,right_shoulder_x,right_shoulder_y,right_elbow_x,right_elbow_y,right_wrist_x,right_wrist_y,thorax_x,thorax_y,left_shoulder_x,left_shoulder_y,left_elbow_x,left_elbow_y,left_wrist_x,left_wrist_y,pelvis_x,pelvis_y,right_hip_x,right_hip_y,right_knee_x,right_knee_y,right_ankle_x,right_ankle_y,left_hip_x,left_hip_y,left_knee_x,left_knee_y,left_ankle_x,left_ankle_y
0.5422830784574468,0.072265625,0.4807804188829788,0.216796875,0.3116481050531915,0.255859375,0.21939411569148937,0.388671875,0.273208942819149,0.513671875,0.47309258643617025,0.244140625,0.634537067819149,0.236328125,0.7344788896276596,0.349609375,0.7267910571808511,0.326171875,0.47309258643617025,0.474609375,0.38852642952127664,0.474609375,0.3577750997340426,0.685546875,0.34239943484042556,0.873046875,0.5576587433510638,0.474609375,0.5730344082446809,0.669921875,0.6037857380319149,0.861328125
