head_top_x,head_top_y,upper_neck_x,upper_neck_y,right_shoulder_x,right_shoulder_y,right_elbow_x,right_elbow_y,right_wrist_x,right_wrist_y,thorax_x,thorax_y,left_shoulder_x,left_shoulder_y,left_elbow_x,left_elbow_y,left_wrist_x,left_wrist_y,pelvis_x,pelvis_y,right_hip_x,right_hip_y,right_knee_x,right_knee_y,right_ankle_x,right_ankle_y,left_hip_x,left_hip_y,left_knee_x,left_knee_y,left_ankle_x,left_ankle_y
0.5544789138349514,0.099609375,0.5416603458737864,0.259765625,0.3750189623786408,0.259765625,0.2788797026699029,0.388671875,0.22119614684466019,0.486328125,0.5416603458737864,0.263671875,0.7275295813106796,0.271484375,0.7403481492718447,0.416015625,0.7723945691747572,0.517578125,0.4839767900485437,0.501953125,0.3814282463592233,0.498046875,0.3365632584951456,0.669921875,0.304516838592233,0.861328125,0.5865253337378641,0.505859375,0.6121624696601942,0.623046875,0.5672974817961165,0.822265625
