head_top_x,head_top_y,upper_neck_x,upper_neck_y,right_shoulder_x,right_shoulder_y,right_elbow_x,right_elbow_y,right_wrist_x,right_wrist_y,thorax_x,thorax_y,left_shoulder_x,left_shoulder_y,left_elbow_x,left_elbow_y,left_wrist_x,left_wrist_y,pelvis_x,pelvis_y,right_hip_x,right_hip_y,right_knee_x,right_knee_y,right_ankle_x,right_ankle_y,left_hip_x,left_hip_y,left_knee_x,left_knee_y,left_ankle_x,left_ankle_y
0.5913751775568181,0.072265625,0.5119185014204546,0.220703125,0.34505948153409094,0.259765625,0.22587446732954547,0.384765625,0.33711381392045453,0.505859375,0.4801358309659091,0.248046875,0.6231578480113636,0.236328125,0.6390491832386364,0.357421875,0.7661798650568181,0.427734375,0.4721901633522727,0.470703125,0.4165704900568182,0.470703125,0.5278098366477273,0.669921875,0.5198641690340909,0.857421875,0.543701171875,0.470703125,0.5278098366477273,0.654296875,0.456298828125,0.814453125
