head_top_x,head_top_y,upper_neck_x,upper_neck_y,right_shoulder_x,right_shoulder_y,right_elbow_x,right_elbow_y,right_wrist_x,right_wrist_y,thorax_x,thorax_y,left_shoulder_x,left_shoulder_y,left_elbow_x,left_elbow_y,left_wrist_x,left_wrist_y,pelvis_x,pelvis_y,right_hip_x,right_hip_y,right_knee_x,right_knee_y,right_ankle_x,right_ankle_y,left_hip_x,left_hip_y,left_knee_x,left_knee_y,left_ankle_x,left_ankle_y
0.6492256030701754,0.158203125,0.5665775767543859,0.279296875,0.4839295504385965,0.244140625,0.3599575109649123,0.201171875,0.24976014254385964,0.193359375,0.5665775767543859,0.283203125,0.6400424890350878,0.322265625,0.5665775767543859,0.419921875,0.4839295504385965,0.353515625,0.5068873355263158,0.462890625,0.4563802083333333,0.451171875,0.2864925986842105,0.521484375,0.24057702850877194,0.677734375,0.5573944627192983,0.478515625,0.6400424890350878,0.669921875,0.7731976425438597,0.798828125
