head_top_x,head_top_y,upper_neck_x,upper_neck_y,right_shoulder_x,right_shoulder_y,right_elbow_x,right_elbow_y,right_wrist_x,right_wrist_y,thorax_x,thorax_y,left_shoulder_x,left_shoulder_y,left_elbow_x,left_elbow_y,left_wrist_x,left_wrist_y,pelvis_x,pelvis_y,right_hip_x,right_hip_y,right_knee_x,right_knee_y,right_ankle_x,right_ankle_y,left_hip_x,left_hip_y,left_knee_x,left_knee_y,left_ankle_x,left_ankle_y
0.5255318147590361,0.107421875,0.5036474021084337,0.244140625,0.6860175075301205,0.291015625,0.7662603539156627,0.416015625,0.7516707454819277,0.498046875,0.49635259789156627,0.287109375,0.3285721009036145,0.271484375,0.2483292545180723,0.408203125,0.22644484186746988,0.521484375,0.4817629894578313,0.533203125,0.569300640060241,0.537109375,0.5182370105421686,0.693359375,0.3431617093373494,0.853515625,0.40152014307228917,0.525390625,0.4234045557228916,0.685546875,0.4234045557228916,0.830078125
