head_top_x,head_top_y,upper_neck_x,upper_neck_y,right_shoulder_x,right_shoulder_y,right_elbow_x,right_elbow_y,right_wrist_x,right_wrist_y,thorax_x,thorax_y,left_shoulder_x,left_shoulder_y,left_elbow_x,left_elbow_y,left_wrist_x,left_wrist_y,pelvis_x,pelvis_y,right_hip_x,right_hip_y,right_knee_x,right_knee_y,right_ankle_x,right_ankle_y,left_hip_x,left_hip_y,left_knee_x,left_knee_y,left_ankle_x,left_ankle_y
0.57751953125,0.103515625,0.47416015625,0.240234375,0.58490234375,0.267578125,0.65873046875,0.380859375,0.75470703125,0.466796875,0.45939453125000007,0.259765625,0.33388671875000003,0.251953125,0.19361328125000005,0.349609375,0.17146484375000004,0.466796875,0.40771484375000006,0.462890625,0.47416015625,0.458984375,0.63658203125,0.595703125,0.58490234375,0.775390625,0.34126953125000004,0.462890625,0.37818359375000005,0.650390625,0.32650390625000003,0.857421875
