head_top_x,head_top_y,upper_neck_x,upper_neck_y,right_shoulder_x,right_shoulder_y,right_elbow_x,right_elbow_y,right_wrist_x,right_wrist_y,thorax_x,thorax_y,left_shoulder_x,left_shoulder_y,left_elbow_x,left_elbow_y,left_wrist_x,left_wrist_y,pelvis_x,pelvis_y,right_hip_x,right_hip_y,right_knee_x,right_knee_y,right_ankle_x,right_ankle_y,left_hip_x,left_hip_y,left_knee_x,left_knee_y,left_ankle_x,left_ankle_y
0.7765151515151515,0.076171875,0.625,0.208984375,0.7083333333333334,0.259765625,0.7007575757575758,0.408203125,0.8143939393939394,0.505859375,0.5871212121212122,0.236328125,0.4659090909090909,0.208984375,0.2689393939393939,0.310546875,0.3068181818181818,0.388671875,0.375,0.416015625,0.45075757575757575,0.419921875,0.6856060606060606,0.626953125,0.6477272727272727,0.853515625,0.2916666666666667,0.412109375,0.48863636363636365,0.615234375,0.23106060606060605,0.771484375
