head_top_x,head_top_y,upper_neck_x,upper_neck_y,right_shoulder_x,right_shoulder_y,right_elbow_x,right_elbow_y,right_wrist_x,right_wrist_y,thorax_x,thorax_y,left_shoulder_x,left_shoulder_y,left_elbow_x,left_elbow_y,left_wrist_x,left_wrist_y,pelvis_x,pelvis_y,right_hip_x,right_hip_y,right_knee_x,right_knee_y,right_ankle_x,right_ankle_y,left_hip_x,left_hip_y,left_knee_x,left_knee_y,left_ankle_x,left_ankle_y
0.4809016047297297,0.166015625,0.45968116554054056,0.318359375,0.5488070101351351,0.318359375,0.654909206081081,0.392578125,0.7525232263513513,0.458984375,0.45968116554054056,0.318359375,0.37055532094594595,0.326171875,0.28142947635135135,0.419921875,0.7567673141891891,0.451171875,0.42572846283783783,0.490234375,0.45968116554054056,0.482421875,0.5827597128378378,0.572265625,0.6082242398648648,0.708984375,0.3875316722972973,0.498046875,0.34509079391891895,0.708984375,0.20503589527027027,0.787109375
