head_top_x,head_top_y,upper_neck_x,upper_neck_y,right_shoulder_x,right_shoulder_y,right_elbow_x,right_elbow_y,right_wrist_x,right_wrist_y,thorax_x,thorax_y,left_shoulder_x,left_shoulder_y,left_elbow_x,left_elbow_y,left_wrist_x,left_wrist_y,pelvis_x,pelvis_y,right_hip_x,right_hip_y,right_knee_x,right_knee_y,right_ankle_x,right_ankle_y,left_hip_x,left_hip_y,left_knee_x,left_knee_y,left_ankle_x,left_ankle_y
0.2310825892857143,0.068359375,0.345703125,0.208984375,0.2398995535714286,0.263671875,0.345703125,0.365234375,0.43387276785714285,0.322265625,0.37215401785714286,0.236328125,0.4779575892857143,0.205078125,0.592578125,0.259765625,0.7601004464285714,0.205078125,0.48677455357142857,0.451171875,0.38978794642857145,0.458984375,0.3986049107142857,0.708984375,0.18699776785714287,0.826171875,0.6013950892857143,0.443359375,0.6983816964285714,0.654296875,0.6895647321428572,0.888671875
