head_top_x,head_top_y,upper_neck_x,upper_neck_y,right_shoulder_x,right_shoulder_y,right_elbow_x,right_elbow_y,right_wrist_x,right_wrist_y,thorax_x,thorax_y,left_shoulder_x,left_shoulder_y,left_elbow_x,left_elbow_y,left_wrist_x,left_wrist_y,pelvis_x,pelvis_y,right_hip_x,right_hip_y,right_knee_x,right_knee_y,right_ankle_x,right_ankle_y,left_hip_x,left_hip_y,left_knee_x,left_knee_y,left_ankle_x,left_ankle_y
0.8283420138888888,0.080078125,0.5965711805555556,0.173828125,0.5115885416666667,0.197265625,0.395703125,0.318359375,0.47296006944444446,0.447265625,0.5502170138888889,0.197265625,0.5965711805555556,0.197265625,0.5502170138888889,0.314453125,0.5270399305555555,0.416015625,0.465234375,0.419921875,0.4497829861111111,0.419921875,0.5811197916666667,0.642578125,0.24118923611111112,0.767578125,0.4806857638888889,0.419921875,0.5579427083333334,0.611328125,0.465234375,0.826171875
