head_top_x,head_top_y,upper_neck_x,upper_neck_y,right_shoulder_x,right_shoulder_y,right_elbow_x,right_elbow_y,right_wrist_x,right_wrist_y,thorax_x,thorax_y,left_shoulder_x,left_shoulder_y,left_elbow_x,left_elbow_y,left_wrist_x,left_wrist_y,pelvis_x,pelvis_y,right_hip_x,right_hip_y,right_knee_x,right_knee_y,right_ankle_x,right_ankle_y,left_hip_x,left_hip_y,left_knee_x,left_knee_y,left_ankle_x,left_ankle_y
0.5214137801204819,0.064453125,0.5728068524096386,0.212890625,0.4700207078313253,0.232421875,0.20448983433734944,0.341796875,0.2815794427710844,0.294921875,0.5899378765060241,0.232421875,0.6927240210843373,0.232421875,0.6755929969879518,0.361328125,0.45288968373493976,0.287109375,0.6070689006024096,0.447265625,0.5385448042168675,0.451171875,0.5471103162650602,0.623046875,0.6584619728915663,0.712890625,0.6841585090361446,0.439453125,0.5299792921686747,0.494140625,0.46145519578313254,0.880859375
