head_top_x,head_top_y,upper_neck_x,upper_neck_y,right_shoulder_x,right_shoulder_y,right_elbow_x,right_elbow_y,right_wrist_x,right_wrist_y,thorax_x,thorax_y,left_shoulder_x,left_shoulder_y,left_elbow_x,left_elbow_y,left_wrist_x,left_wrist_y,pelvis_x,pelvis_y,right_hip_x,right_hip_y,right_knee_x,right_knee_y,right_ankle_x,right_ankle_y,left_hip_x,left_hip_y,left_knee_x,left_knee_y,left_ankle_x,left_ankle_y
0.5371283373786407,0.107421875,0.5236271237864077,0.259765625,0.6518886529126213,0.291015625,0.7058935072815534,0.404296875,0.7598983616504854,0.509765625,0.5168765169902912,0.271484375,0.3751137742718447,0.259765625,0.2266004247572816,0.353515625,0.29410649271844663,0.349609375,0.49662469660194175,0.501953125,0.5776319781553398,0.501953125,0.6518886529126213,0.646484375,0.7598983616504854,0.798828125,0.4156174150485437,0.501953125,0.5033753033980582,0.673828125,0.5911331917475728,0.841796875
