head_top_x,head_top_y,upper_neck_x,upper_neck_y,right_shoulder_x,right_shoulder_y,right_elbow_x,right_elbow_y,right_wrist_x,right_wrist_y,thorax_x,thorax_y,left_shoulder_x,left_shoulder_y,left_elbow_x,left_elbow_y,left_wrist_x,left_wrist_y,pelvis_x,pelvis_y,right_hip_x,right_hip_y,right_knee_x,right_knee_y,right_ankle_x,right_ankle_y,left_hip_x,left_hip_y,left_knee_x,left_knee_y,left_ankle_x,left_ankle_y
0.3899739583333333,0.048828125,0.4633246527777778,0.201171875,0.3690166170634921,0.240234375,0.4633246527777778,0.365234375,0.40045262896825395,0.470703125,0.4947606646825397,0.240234375,0.6309833829365079,0.240234375,0.7357700892857143,0.373046875,0.7462487599206349,0.513671875,0.45284598214285715,0.486328125,0.35853794642857145,0.478515625,0.2642299107142857,0.689453125,0.5681113591269841,0.822265625,0.5366753472222222,0.490234375,0.4109312996031746,0.705078125,0.3480592757936508,0.904296875
