head_top_x,head_top_y,upper_neck_x,upper_neck_y,right_shoulder_x,right_shoulder_y,right_elbow_x,right_elbow_y,right_wrist_x,right_wrist_y,thorax_x,thorax_y,left_shoulder_x,left_shoulder_y,left_elbow_x,left_elbow_y,left_wrist_x,left_wrist_y,pelvis_x,pelvis_y,right_hip_x,right_hip_y,right_knee_x,right_knee_y,right_ankle_x,right_ankle_y,left_hip_x,left_hip_y,left_knee_x,left_knee_y,left_ankle_x,left_ankle_y
0.5470473345588235,0.060546875,0.5253331801470588,0.208984375,0.6483800551470588,0.228515625,0.7714269301470588,0.314453125,0.6918083639705882,0.388671875,0.5180951286764706,0.232421875,0.36609604779411764,0.232421875,0.22857306985294115,0.330078125,0.36609604779411764,0.416015625,0.5253331801470588,0.451171875,0.5977136948529411,0.451171875,0.6990464154411764,0.669921875,0.5904756433823529,0.861328125,0.4457146139705882,0.451171875,0.4963809742647059,0.666015625,0.48190487132352944,0.841796875
