head_top_x,head_top_y,upper_neck_x,upper_neck_y,right_shoulder_x,right_shoulder_y,right_elbow_x,right_elbow_y,right_wrist_x,right_wrist_y,thorax_x,thorax_y,left_shoulder_x,left_shoulder_y,left_elbow_x,left_elbow_y,left_wrist_x,left_wrist_y,pelvis_x,pelvis_y,right_hip_x,right_hip_y,right_knee_x,right_knee_y,right_ankle_x,right_ankle_y,left_hip_x,left_hip_y,left_knee_x,left_knee_y,left_ankle_x,left_ankle_y
0.532451923076923,0.076171875,0.41706730769230765,0.212890625,0.22956730769230768,0.275390625,0.2079326923076923,0.466796875,0.546875,0.423828125,0.38100961538461536,0.267578125,0.532451923076923,0.263671875,0.5901442307692307,0.388671875,0.734375,0.408203125,0.5180288461538461,0.568359375,0.41706730769230765,0.580078125,0.4675480769230769,0.787109375,0.47475961538461536,0.962890625,0.6117788461538461,0.556640625,0.6766826923076923,0.728515625,0.7632211538461539,0.908203125
