head_top_x,head_top_y,upper_neck_x,upper_neck_y,right_shoulder_x,right_shoulder_y,right_elbow_x,right_elbow_y,right_wrist_x,right_wrist_y,thorax_x,thorax_y,left_shoulder_x,left_shoulder_y,left_elbow_x,left_elbow_y,left_wrist_x,left_wrist_y,pelvis_x,pelvis_y,right_hip_x,right_hip_y,right_knee_x,right_knee_y,right_ankle_x,right_ankle_y,left_hip_x,left_hip_y,left_knee_x,left_knee_y,left_ankle_x,left_ankle_y
0.5280412946428571,0.111328125,0.4906529017857143,0.255859375,0.5529668898809523,0.259765625,0.6589006696428571,0.333984375,0.7710658482142857,0.322265625,0.4906529017857143,0.263671875,0.4283389136904762,0.263671875,0.45326450892857145,0.345703125,0.6464378720238095,0.330078125,0.40341331845238093,0.470703125,0.4283389136904762,0.478515625,0.46572730654761907,0.658203125,0.4158761160714286,0.830078125,0.3660249255952381,0.458984375,0.3847191220238095,0.642578125,0.22893415178571425,0.798828125
