head_top_x,head_top_y,upper_neck_x,upper_neck_y,right_shoulder_x,right_shoulder_y,right_elbow_x,right_elbow_y,right_wrist_x,right_wrist_y,thorax_x,thorax_y,left_shoulder_x,left_shoulder_y,left_elbow_x,left_elbow_y,left_wrist_x,left_wrist_y,pelvis_x,pelvis_y,right_hip_x,right_hip_y,right_knee_x,right_knee_y,right_ankle_x,right_ankle_y,left_hip_x,left_hip_y,left_knee_x,left_knee_y,left_ankle_x,left_ankle_y
0.3795086156542056,0.146484375,0.3736309871495327,0.298828125,0.24432316004672894,0.326171875,0.1385258469626168,0.431640625,0.1796692464953271,0.548828125,0.3736309871495327,0.326171875,0.5029388142523364,0.326171875,0.5558374707943925,0.435546875,0.6204913843457944,0.513671875,0.4206520151869159,0.541015625,0.3501204731308411,0.552734375,0.4500401577102804,0.724609375,0.3853862441588785,0.791015625,0.47942830023364486,0.525390625,0.6381242698598131,0.669921875,0.7674320969626168,0.845703125
