head_top_x,head_top_y,upper_neck_x,upper_neck_y,right_shoulder_x,right_shoulder_y,right_elbow_x,right_elbow_y,right_wrist_x,right_wrist_y,thorax_x,thorax_y,left_shoulder_x,left_shoulder_y,left_elbow_x,left_elbow_y,left_wrist_x,left_wrist_y,pelvis_x,pelvis_y,right_hip_x,right_hip_y,right_knee_x,right_knee_y,right_ankle_x,right_ankle_y,left_hip_x,left_hip_y,left_knee_x,left_knee_y,left_ankle_x,left_ankle_y
0.4323918269230769,0.068359375,0.3783052884615385,0.216796875,0.45943509615384615,0.228515625,0.7659254807692307,0.197265625,0.5856370192307693,0.115234375,0.36929086538461536,0.232421875,0.2611177884615385,0.232421875,0.36929086538461536,0.244140625,0.5045072115384616,0.166015625,0.4053485576923077,0.470703125,0.4774639423076923,0.470703125,0.4684495192307692,0.666015625,0.48647836538461536,0.869140625,0.3152043269230769,0.466796875,0.2881610576923077,0.650390625,0.24308894230769232,0.857421875
