head_top_x,head_top_y,upper_neck_x,upper_neck_y,right_shoulder_x,right_shoulder_y,right_elbow_x,right_elbow_y,right_wrist_x,right_wrist_y,thorax_x,thorax_y,left_shoulder_x,left_shoulder_y,left_elbow_x,left_elbow_y,left_wrist_x,left_wrist_y,pelvis_x,pelvis_y,right_hip_x,right_hip_y,right_knee_x,right_knee_y,right_ankle_x,right_ankle_y,left_hip_x,left_hip_y,left_knee_x,left_knee_y,left_ankle_x,left_ankle_y
0.5228756421232876,0.056640625,0.4679741010273973,0.205078125,0.24836793664383564,0.244140625,0.22091716609589043,0.392578125,0.23921767979452058,0.525390625,0.4588238441780822,0.236328125,0.6784300085616438,0.228515625,0.7333315496575342,0.357421875,0.7607823202054794,0.458984375,0.5411761558219178,0.494140625,0.4222228167808219,0.501953125,0.4862746147260274,0.712890625,0.33072024828767127,0.876953125,0.6601294948630136,0.486328125,0.7516320633561644,0.708984375,0.7607823202054794,0.923828125
