head_top_x,head_top_y,upper_neck_x,upper_neck_y,right_shoulder_x,right_shoulder_y,right_elbow_x,right_elbow_y,right_wrist_x,right_wrist_y,thorax_x,thorax_y,left_shoulder_x,left_shoulder_y,left_elbow_x,left_elbow_y,left_wrist_x,left_wrist_y,pelvis_x,pelvis_y,right_hip_x,right_hip_y,right_knee_x,right_knee_y,right_ankle_x,right_ankle_y,left_hip_x,left_hip_y,left_knee_x,left_knee_y,left_ankle_x,left_ankle_y
0.5415826612903226,0.083984375,0.5340221774193549,0.240234375,0.3601310483870968,0.255859375,0.23160282258064518,0.345703125,0.2845262096774194,0.384765625,0.5340221774193549,0.267578125,0.7079133064516129,0.275390625,0.7457157258064516,0.439453125,0.5945060483870968,0.478515625,0.5189012096774194,0.498046875,0.4281754032258065,0.498046875,0.4281754032258065,0.669921875,0.5113407258064516,0.830078125,0.6020665322580645,0.509765625,0.5189012096774194,0.669921875,0.5415826612903226,0.826171875
