head_top_x,head_top_y,upper_neck_x,upper_neck_y,right_shoulder_x,right_shoulder_y,right_elbow_x,right_elbow_y,right_wrist_x,right_wrist_y,thorax_x,thorax_y,left_shoulder_x,left_shoulder_y,left_elbow_x,left_elbow_y,left_wrist_x,left_wrist_y,pelvis_x,pelvis_y,right_hip_x,right_hip_y,right_knee_x,right_knee_y,right_ankle_x,right_ankle_y,left_hip_x,left_hip_y,left_knee_x,left_knee_y,left_ankle_x,left_ankle_y
0.4852074795081967,0.044921875,0.4753457991803279,0.205078125,0.22880379098360654,0.267578125,0.17949538934426226,0.400390625,0.05129354508196717,0.560546875,0.465484118852459,0.259765625,0.7120261270491803,0.267578125,0.7514728483606558,0.400390625,0.6331326844262295,0.439453125,0.45562243852459017,0.509765625,0.3175589139344262,0.501953125,0.2781121926229508,0.716796875,0.2583888319672131,0.892578125,0.5936859631147541,0.513671875,0.6725794057377049,0.724609375,0.6824410860655737,0.912109375
