head_top_x,head_top_y,upper_neck_x,upper_neck_y,right_shoulder_x,right_shoulder_y,right_elbow_x,right_elbow_y,right_wrist_x,right_wrist_y,thorax_x,thorax_y,left_shoulder_x,left_shoulder_y,left_elbow_x,left_elbow_y,left_wrist_x,left_wrist_y,pelvis_x,pelvis_y,right_hip_x,right_hip_y,right_knee_x,right_knee_y,right_ankle_x,right_ankle_y,left_hip_x,left_hip_y,left_knee_x,left_knee_y,left_ankle_x,left_ankle_y
0.5908203125,0.146484375,0.5146484375,0.287109375,0.6083984375,0.298828125,0.5673828125,0.267578125,0.6201171875,0.177734375,0.5146484375,0.291015625,0.4208984375,0.279296875,0.2685546875,0.205078125,0.2744140625,0.142578125,0.3857421875,0.490234375,0.4267578125,0.498046875,0.4150390625,0.708984375,0.7021484375,0.806640625,0.3388671875,0.478515625,0.1865234375,0.638671875,0.05175781250000001,0.783203125
