head_top_x,head_top_y,upper_neck_x,upper_neck_y,right_shoulder_x,right_shoulder_y,right_elbow_x,right_elbow_y,right_wrist_x,right_wrist_y,thorax_x,thorax_y,left_shoulder_x,left_shoulder_y,left_elbow_x,left_elbow_y,left_wrist_x,left_wrist_y,pelvis_x,pelvis_y,right_hip_x,right_hip_y,right_knee_x,right_knee_y,right_ankle_x,right_ankle_y,left_hip_x,left_hip_y,left_knee_x,left_knee_y,left_ankle_x,left_ankle_y
0.44608058286516855,0.044921875,0.48755705758426965,0.197265625,0.30506056882022475,0.208984375,0.2635840941011236,0.357421875,0.24699350421348315,0.474609375,0.4958523525280899,0.205078125,0.6783488412921348,0.201171875,0.7613017907303371,0.322265625,0.7198253160112359,0.408203125,0.48755705758426965,0.447265625,0.3963088132022472,0.447265625,0.4046041081460674,0.662109375,0.42119469803370785,0.833984375,0.5871005969101124,0.447265625,0.5953958918539326,0.681640625,0.5788053019662921,0.876953125
