head_top_x,head_top_y,upper_neck_x,upper_neck_y,right_shoulder_x,right_shoulder_y,right_elbow_x,right_elbow_y,right_wrist_x,right_wrist_y,thorax_x,thorax_y,left_shoulder_x,left_shoulder_y,left_elbow_x,left_elbow_y,left_wrist_x,left_wrist_y,pelvis_x,pelvis_y,right_hip_x,right_hip_y,right_knee_x,right_knee_y,right_ankle_x,right_ankle_y,left_hip_x,left_hip_y,left_knee_x,left_knee_y,left_ankle_x,left_ankle_y
0.5848214285714286,0.068359375,0.5401785714285714,0.220703125,0.33482142857142855,0.263671875,0.21875,0.384765625,0.27232142857142855,0.353515625,0.53125,0.263671875,0.71875,0.259765625,0.7633928571428571,0.357421875,0.7633928571428571,0.353515625,0.5223214285714286,0.505859375,0.40625,0.505859375,0.4419642857142857,0.716796875,0.4330357142857143,0.892578125,0.6205357142857143,0.505859375,0.6116071428571429,0.677734375,0.6473214285714286,0.818359375
