head_top_x,head_top_y,upper_neck_x,upper_neck_y,right_shoulder_x,right_shoulder_y,right_elbow_x,right_elbow_y,right_wrist_x,right_wrist_y,thorax_x,thorax_y,left_shoulder_x,left_shoulder_y,left_elbow_x,left_elbow_y,left_wrist_x,left_wrist_y,pelvis_x,pelvis_y,right_hip_x,right_hip_y,right_knee_x,right_knee_y,right_ankle_x,right_ankle_y,left_hip_x,left_hip_y,left_knee_x,left_knee_y,left_ankle_x,left_ankle_y
0.4901592548076923,0.208984375,0.5137770432692308,0.357421875,0.5492037259615385,0.361328125,0.4862229567307692,0.388671875,0.43505108173076923,0.423828125,0.5137770432692308,0.373046875,0.4704777644230769,0.376953125,0.31696213942307694,0.357421875,0.24217247596153846,0.287109375,0.7302734375000001,0.626953125,0.7657001201923077,0.619140625,0.4704777644230769,0.556640625,0.5570763221153847,0.732421875,0.7184645432692308,0.642578125,0.4744140625,0.580078125,0.5688852163461539,0.759765625
