head_top_x,head_top_y,upper_neck_x,upper_neck_y,right_shoulder_x,right_shoulder_y,right_elbow_x,right_elbow_y,right_wrist_x,right_wrist_y,thorax_x,thorax_y,left_shoulder_x,left_shoulder_y,left_elbow_x,left_elbow_y,left_wrist_x,left_wrist_y,pelvis_x,pelvis_y,right_hip_x,right_hip_y,right_knee_x,right_knee_y,right_ankle_x,right_ankle_y,left_hip_x,left_hip_y,left_knee_x,left_knee_y,left_ankle_x,left_ankle_y
0.48099949048913043,0.087890625,0.4429984714673913,0.236328125,0.5646017323369565,0.267578125,0.6482039741847826,0.404296875,0.7774074388586957,0.501953125,0.4277980638586957,0.263671875,0.2985945991847826,0.255859375,0.24539317255434784,0.376953125,0.34419582201086957,0.419921875,0.3517960258152174,0.478515625,0.4277980638586957,0.478515625,0.4733992866847826,0.642578125,0.45059867527173914,0.857421875,0.283394191576087,0.470703125,0.3289954144021739,0.634765625,0.2301927649456522,0.787109375
