head_top_x,head_top_y,upper_neck_x,upper_neck_y,right_shoulder_x,right_shoulder_y,right_elbow_x,right_elbow_y,right_wrist_x,right_wrist_y,thorax_x,thorax_y,left_shoulder_x,left_shoulder_y,left_elbow_x,left_elbow_y,left_wrist_x,left_wrist_y,pelvis_x,pelvis_y,right_hip_x,right_hip_y,right_knee_x,right_knee_y,right_ankle_x,right_ankle_y,left_hip_x,left_hip_y,left_knee_x,left_knee_y,left_ankle_x,left_ankle_y
0.4765167236328125,0.134765625,0.5287017822265625,0.271484375,0.4399871826171875,0.298828125,0.3564910888671875,0.341796875,0.22080993652343753,0.275390625,0.5391387939453125,0.294921875,0.6435089111328125,0.283203125,0.7583160400390625,0.404296875,0.7061309814453125,0.431640625,0.5600128173828125,0.521484375,0.5078277587890625,0.521484375,0.4765167236328125,0.728515625,0.3408355712890625,0.787109375,0.6174163818359375,0.517578125,0.7635345458984375,0.677734375,0.7739715576171875,0.833984375
