head_top_x,head_top_y,upper_neck_x,upper_neck_y,right_shoulder_x,right_shoulder_y,right_elbow_x,right_elbow_y,right_wrist_x,right_wrist_y,thorax_x,thorax_y,left_shoulder_x,left_shoulder_y,left_elbow_x,left_elbow_y,left_wrist_x,left_wrist_y,pelvis_x,pelvis_y,right_hip_x,right_hip_y,right_knee_x,right_knee_y,right_ankle_x,right_ankle_y,left_hip_x,left_hip_y,left_knee_x,left_knee_y,left_ankle_x,left_ankle_y
0.45734719669117646,0.064453125,0.44786879595588236,0.216796875,0.6184800091911765,0.232421875,0.6753504136029412,0.373046875,0.7511776194852942,0.466796875,0.44786879595588236,0.232421875,0.24882238051470587,0.232421875,0.2203871783088235,0.369140625,0.2677791819852941,0.455078125,0.40047679227941174,0.478515625,0.5047392003676471,0.478515625,0.5521312040441176,0.669921875,0.5331744025735294,0.857421875,0.30569278492647056,0.474609375,0.3341279871323529,0.677734375,0.3341279871323529,0.861328125
