head_top_x,head_top_y,upper_neck_x,upper_neck_y,right_shoulder_x,right_shoulder_y,right_elbow_x,right_elbow_y,right_wrist_x,right_wrist_y,thorax_x,thorax_y,left_shoulder_x,left_shoulder_y,left_elbow_x,left_elbow_y,left_wrist_x,left_wrist_y,pelvis_x,pelvis_y,right_hip_x,right_hip_y,right_knee_x,right_knee_y,right_ankle_x,right_ankle_y,left_hip_x,left_hip_y,left_knee_x,left_knee_y,left_ankle_x,left_ankle_y
0.7346230158730159,0.048828125,0.6254960317460317,0.189453125,0.5381944444444444,0.240234375,0.4836309523809524,0.400390625,0.5927579365079365,0.521484375,0.5709325396825397,0.232421875,0.6145833333333334,0.224609375,0.6691468253968255,0.349609375,0.8764880952380952,0.427734375,0.6909722222222222,0.470703125,0.658234126984127,0.478515625,0.7018849206349207,0.689453125,0.7237103174603174,0.884765625,0.7237103174603174,0.466796875,0.7018849206349207,0.666015625,0.24355158730158727,0.798828125
