head_top_x,head_top_y,upper_neck_x,upper_neck_y,right_shoulder_x,right_shoulder_y,right_elbow_x,right_elbow_y,right_wrist_x,right_wrist_y,thorax_x,thorax_y,left_shoulder_x,left_shoulder_y,left_elbow_x,left_elbow_y,left_wrist_x,left_wrist_y,pelvis_x,pelvis_y,right_hip_x,right_hip_y,right_knee_x,right_knee_y,right_ankle_x,right_ankle_y,left_hip_x,left_hip_y,left_knee_x,left_knee_y,left_ankle_x,left_ankle_y
0.4776974239864865,0.072265625,0.4687763935810811,0.224609375,0.6739600929054054,0.228515625,0.7631703969594594,0.330078125,0.6293549408783784,0.376953125,0.4776974239864865,0.236328125,0.27251372466216217,0.240234375,0.19222445101351351,0.353515625,0.34388196790540543,0.384765625,0.5223025760135135,0.478515625,0.6382759712837838,0.470703125,0.7274862753378378,0.681640625,0.7274862753378378,0.888671875,0.39740815033783783,0.482421875,0.39740815033783783,0.677734375,0.40632918074324326,0.861328125
