head_top_x,head_top_y,upper_neck_x,upper_neck_y,right_shoulder_x,right_shoulder_y,right_elbow_x,right_elbow_y,right_wrist_x,right_wrist_y,thorax_x,thorax_y,left_shoulder_x,left_shoulder_y,left_elbow_x,left_elbow_y,left_wrist_x,left_wrist_y,pelvis_x,pelvis_y,right_hip_x,right_hip_y,right_knee_x,right_knee_y,right_ankle_x,right_ankle_y,left_hip_x,left_hip_y,left_knee_x,left_knee_y,left_ankle_x,left_ankle_y
0.4166786123853211,0.103515625,0.4966671444954128,0.240234375,0.46333858944954126,0.279296875,0.3966814793577982,0.392578125,0.25003583715596334,0.341796875,0.5166642775229358,0.267578125,0.5499928325688074,0.259765625,0.6366470756880734,0.357421875,0.45667287844036697,0.392578125,0.5899870986238532,0.501953125,0.563324254587156,0.501953125,0.563324254587156,0.666015625,0.7699612958715597,0.798828125,0.6166499426605505,0.501953125,0.5299956995412844,0.662109375,0.5033328555045872,0.865234375
