head_top_x,head_top_y,upper_neck_x,upper_neck_y,right_shoulder_x,right_shoulder_y,right_elbow_x,right_elbow_y,right_wrist_x,right_wrist_y,thorax_x,thorax_y,left_shoulder_x,left_shoulder_y,left_elbow_x,left_elbow_y,left_wrist_x,left_wrist_y,pelvis_x,pelvis_y,right_hip_x,right_hip_y,right_knee_x,right_knee_y,right_ankle_x,right_ankle_y,left_hip_x,left_hip_y,left_knee_x,left_knee_y,left_ankle_x,left_ankle_y
0.3268053209459459,0.083984375,0.3947248029279279,0.228515625,0.5509396114864865,0.244140625,0.6867785754504504,0.341796875,0.5577315596846847,0.373046875,0.40151675112612606,0.251953125,0.2520938907657657,0.255859375,0.21813414977477474,0.376953125,0.3403892173423423,0.388671875,0.5033959740990991,0.455078125,0.5848993524774775,0.451171875,0.6460268862612613,0.650390625,0.7479061092342342,0.826171875,0.41510064752252246,0.455078125,0.2928455799549549,0.646484375,0.24530194256756754,0.849609375
