head_top_x,head_top_y,upper_neck_x,upper_neck_y,right_shoulder_x,right_shoulder_y,right_elbow_x,right_elbow_y,right_wrist_x,right_wrist_y,thorax_x,thorax_y,left_shoulder_x,left_shoulder_y,left_elbow_x,left_elbow_y,left_wrist_x,left_wrist_y,pelvis_x,pelvis_y,right_hip_x,right_hip_y,right_knee_x,right_knee_y,right_ankle_x,right_ankle_y,left_hip_x,left_hip_y,left_knee_x,left_knee_y,left_ankle_x,left_ankle_y
0.3863877118644068,0.111328125,0.4679555084745763,0.251953125,0.5670021186440678,0.240234375,0.6136122881355932,0.322265625,0.6019597457627118,0.400390625,0.4679555084745763,0.259765625,0.3572563559322034,0.279296875,0.29316737288135597,0.431640625,0.20577330508474578,0.509765625,0.7126588983050848,0.439453125,0.7767478813559322,0.435546875,0.671875,0.595703125,0.6660487288135594,0.576171875,0.6602224576271186,0.431640625,0.3922139830508474,0.529296875,0.5611758474576272,0.693359375
