head_top_x,head_top_y,upper_neck_x,upper_neck_y,right_shoulder_x,right_shoulder_y,right_elbow_x,right_elbow_y,right_wrist_x,right_wrist_y,thorax_x,thorax_y,left_shoulder_x,left_shoulder_y,left_elbow_x,left_elbow_y,left_wrist_x,left_wrist_y,pelvis_x,pelvis_y,right_hip_x,right_hip_y,right_knee_x,right_knee_y,right_ankle_x,right_ankle_y,left_hip_x,left_hip_y,left_knee_x,left_knee_y,left_ankle_x,left_ankle_y
0.2912980045180723,0.072265625,0.39351939006024095,0.208984375,0.2487057605421687,0.259765625,0.2487057605421687,0.384765625,0.3338902484939759,0.435546875,0.4105562876506024,0.248046875,0.5809252635542168,0.232421875,0.7768495858433735,0.341796875,0.6575913027108433,0.443359375,0.4105562876506024,0.490234375,0.3338902484939759,0.490234375,0.4020378388554217,0.677734375,0.47870387801204817,0.865234375,0.5042592243975904,0.490234375,0.5212961219879518,0.673828125,0.5979621611445783,0.880859375
