head_top_x,head_top_y,upper_neck_x,upper_neck_y,right_shoulder_x,right_shoulder_y,right_elbow_x,right_elbow_y,right_wrist_x,right_wrist_y,thorax_x,thorax_y,left_shoulder_x,left_shoulder_y,left_elbow_x,left_elbow_y,left_wrist_x,left_wrist_y,pelvis_x,pelvis_y,right_hip_x,right_hip_y,right_knee_x,right_knee_y,right_ankle_x,right_ankle_y,left_hip_x,left_hip_y,left_knee_x,left_knee_y,left_ankle_x,left_ankle_y
0.45658735795454547,0.068359375,0.5337653882575758,0.208984375,0.3408203125,0.232421875,0.24434777462121213,0.365234375,0.22505326704545453,0.478515625,0.5337653882575758,0.248046875,0.7556522253787878,0.259765625,0.7749467329545454,0.416015625,0.6495324337121212,0.529296875,0.47588186553030304,0.513671875,0.37940932765151514,0.509765625,0.2925840435606061,0.701171875,0.2732895359848485,0.884765625,0.5723544034090909,0.513671875,0.6302379261363636,0.720703125,0.6205906723484849,0.896484375
