head_top_x,head_top_y,upper_neck_x,upper_neck_y,right_shoulder_x,right_shoulder_y,right_elbow_x,right_elbow_y,right_wrist_x,right_wrist_y,thorax_x,thorax_y,left_shoulder_x,left_shoulder_y,left_elbow_x,left_elbow_y,left_wrist_x,left_wrist_y,pelvis_x,pelvis_y,right_hip_x,right_hip_y,right_knee_x,right_knee_y,right_ankle_x,right_ankle_y,left_hip_x,left_hip_y,left_knee_x,left_knee_y,left_ankle_x,left_ankle_y
0.4819207442434211,0.076171875,0.44576223273026316,0.212890625,0.3424521998355263,0.232421875,0.683375308388158,0.267578125,0.7866853412828948,0.228515625,0.4405967310855263,0.232421875,0.5439067639802632,0.224609375,0.683375308388158,0.271484375,0.7866853412828948,0.224609375,0.40960372121710525,0.439453125,0.35794870476973684,0.435546875,0.27530067845394735,0.630859375,0.22364566200657895,0.802734375,0.45609323601973684,0.435546875,0.3837762129934211,0.646484375,0.3217901932565789,0.826171875
