head_top_x,head_top_y,upper_neck_x,upper_neck_y,right_shoulder_x,right_shoulder_y,right_elbow_x,right_elbow_y,right_wrist_x,right_wrist_y,thorax_x,thorax_y,left_shoulder_x,left_shoulder_y,left_elbow_x,left_elbow_y,left_wrist_x,left_wrist_y,pelvis_x,pelvis_y,right_hip_x,right_hip_y,right_knee_x,right_knee_y,right_ankle_x,right_ankle_y,left_hip_x,left_hip_y,left_knee_x,left_knee_y,left_ankle_x,left_ankle_y
0.6171685376213593,0.072265625,0.4524992415048544,0.185546875,0.4144986347087379,0.193359375,0.522167020631068,0.166015625,0.6615025788834952,0.197265625,0.4144986347087379,0.212890625,0.37016459344660196,0.205078125,0.5855013652912622,0.345703125,0.7818378337378641,0.384765625,0.3574977245145631,0.466796875,0.3638311589805825,0.470703125,0.3891648968446602,0.666015625,0.39549833131067963,0.849609375,0.34483085558252424,0.458984375,0.3638311589805825,0.662109375,0.21816216626213591,0.806640625
