head_top_x,head_top_y,upper_neck_x,upper_neck_y,right_shoulder_x,right_shoulder_y,right_elbow_x,right_elbow_y,right_wrist_x,right_wrist_y,thorax_x,thorax_y,left_shoulder_x,left_shoulder_y,left_elbow_x,left_elbow_y,left_wrist_x,left_wrist_y,pelvis_x,pelvis_y,right_hip_x,right_hip_y,right_knee_x,right_knee_y,right_ankle_x,right_ankle_y,left_hip_x,left_hip_y,left_knee_x,left_knee_y,left_ankle_x,left_ankle_y
0.516064453125,0.076171875,0.493115234375,0.228515625,0.373779296875,0.193359375,0.226904296875,0.205078125,0.236083984375,0.302734375,0.493115234375,0.208984375,0.612451171875,0.216796875,0.7685058593749999,0.333984375,0.6996582031249999,0.451171875,0.525244140625,0.451171875,0.456396484375,0.458984375,0.456396484375,0.677734375,0.543603515625,0.841796875,0.5940917968749999,0.447265625,0.759326171875,0.634765625,0.6950683593749999,0.775390625
