head_top_x,head_top_y,upper_neck_x,upper_neck_y,right_shoulder_x,right_shoulder_y,right_elbow_x,right_elbow_y,right_wrist_x,right_wrist_y,thorax_x,thorax_y,left_shoulder_x,left_shoulder_y,left_elbow_x,left_elbow_y,left_wrist_x,left_wrist_y,pelvis_x,pelvis_y,right_hip_x,right_hip_y,right_knee_x,right_knee_y,right_ankle_x,right_ankle_y,left_hip_x,left_hip_y,left_knee_x,left_knee_y,left_ankle_x,left_ankle_y
0.32111296106557374,0.056640625,0.45648693647540983,0.205078125,0.43714779713114754,0.240234375,0.41780865778688525,0.376953125,0.2921042520491803,0.443359375,0.4854956454918033,0.240234375,0.533843493852459,0.236328125,0.6692174692622951,0.369140625,0.4951652151639344,0.478515625,0.533843493852459,0.505859375,0.5145043545081968,0.501953125,0.44681736680327866,0.705078125,0.6885566086065574,0.880859375,0.5628522028688525,0.505859375,0.3887999487704918,0.716796875,0.4758260758196721,0.900390625
