head_top_x,head_top_y,upper_neck_x,upper_neck_y,right_shoulder_x,right_shoulder_y,right_elbow_x,right_elbow_y,right_wrist_x,right_wrist_y,thorax_x,thorax_y,left_shoulder_x,left_shoulder_y,left_elbow_x,left_elbow_y,left_wrist_x,left_wrist_y,pelvis_x,pelvis_y,right_hip_x,right_hip_y,right_knee_x,right_knee_y,right_ankle_x,right_ankle_y,left_hip_x,left_hip_y,left_knee_x,left_knee_y,left_ankle_x,left_ankle_y
0.41835937500000003,0.072265625,0.616015625,0.193359375,0.779296875,0.166015625,0.607421875,0.306640625,0.358203125,0.232421875,0.667578125,0.212890625,0.530078125,0.267578125,0.341015625,0.369140625,0.24648437500000003,0.302734375,0.7277343749999999,0.513671875,0.796484375,0.509765625,0.41835937500000003,0.669921875,0.701953125,0.896484375,0.676171875,0.513671875,0.426953125,0.705078125,0.658984375,0.896484375
