head_top_x,head_top_y,upper_neck_x,upper_neck_y,right_shoulder_x,right_shoulder_y,right_elbow_x,right_elbow_y,right_wrist_x,right_wrist_y,thorax_x,thorax_y,left_shoulder_x,left_shoulder_y,left_elbow_x,left_elbow_y,left_wrist_x,left_wrist_y,pelvis_x,pelvis_y,right_hip_x,right_hip_y,right_knee_x,right_knee_y,right_ankle_x,right_ankle_y,left_hip_x,left_hip_y,left_knee_x,left_knee_y,left_ankle_x,left_ankle_y
0.37686820652173914,0.068359375,0.465523097826087,0.212890625,0.7019361413043478,0.244140625,0.770889945652174,0.384765625,0.7511888586956522,0.494140625,0.4852241847826087,0.244140625,0.2586616847826087,0.255859375,0.21925951086956522,0.396484375,0.2291100543478261,0.533203125,0.5344769021739131,0.494140625,0.6428328804347826,0.494140625,0.6329823369565217,0.673828125,0.7019361413043478,0.865234375,0.4359714673913043,0.490234375,0.4556725543478261,0.689453125,0.5246263586956522,0.892578125
