head_top_x,head_top_y,upper_neck_x,upper_neck_y,right_shoulder_x,right_shoulder_y,right_elbow_x,right_elbow_y,right_wrist_x,right_wrist_y,thorax_x,thorax_y,left_shoulder_x,left_shoulder_y,left_elbow_x,left_elbow_y,left_wrist_x,left_wrist_y,pelvis_x,pelvis_y,right_hip_x,right_hip_y,right_knee_x,right_knee_y,right_ankle_x,right_ankle_y,left_hip_x,left_hip_y,left_knee_x,left_knee_y,left_ankle_x,left_ankle_y
0.5091849662162162,0.123046875,0.42345861486486486,0.263671875,0.3377322635135135,0.291015625,0.19689611486486486,0.388671875,0.38059543918918914,0.439453125,0.40508868243243246,0.294921875,0.47856841216216217,0.294921875,0.515308277027027,0.396484375,0.6255278716216216,0.400390625,0.46632179054054057,0.505859375,0.4357052364864865,0.513671875,0.6194045608108109,0.662109375,0.7663640202702703,0.841796875,0.5091849662162162,0.490234375,0.6071579391891891,0.662109375,0.40508868243243246,0.798828125
