head_top_x,head_top_y,upper_neck_x,upper_neck_y,right_shoulder_x,right_shoulder_y,right_elbow_x,right_elbow_y,right_wrist_x,right_wrist_y,thorax_x,thorax_y,left_shoulder_x,left_shoulder_y,left_elbow_x,left_elbow_y,left_wrist_x,left_wrist_y,pelvis_x,pelvis_y,right_hip_x,right_hip_y,right_knee_x,right_knee_y,right_ankle_x,right_ankle_y,left_hip_x,left_hip_y,left_knee_x,left_knee_y,left_ankle_x,left_ankle_y
0.7478672772988506,0.060546875,0.7234868893678161,0.208984375,0.7722476652298851,0.251953125,0.7316136853448276,0.388671875,0.7559940732758621,0.513671875,0.7153600933908046,0.248046875,0.6665993175287356,0.244140625,0.6503457255747126,0.376953125,0.6747261135057472,0.490234375,0.6178385416666666,0.486328125,0.6422189295977011,0.486328125,0.5934581537356322,0.689453125,0.5121901939655172,0.869140625,0.5934581537356322,0.482421875,0.4553026221264368,0.669921875,0.21149874281609196,0.833984375
