head_top_x,head_top_y,upper_neck_x,upper_neck_y,right_shoulder_x,right_shoulder_y,right_elbow_x,right_elbow_y,right_wrist_x,right_wrist_y,thorax_x,thorax_y,left_shoulder_x,left_shoulder_y,left_elbow_x,left_elbow_y,left_wrist_x,left_wrist_y,pelvis_x,pelvis_y,right_hip_x,right_hip_y,right_knee_x,right_knee_y,right_ankle_x,right_ankle_y,left_hip_x,left_hip_y,left_knee_x,left_knee_y,left_ankle_x,left_ankle_y
0.8254909690366973,0.416015625,0.6022971616972477,0.318359375,0.7200938933486238,0.404296875,0.6704952694954128,0.525390625,0.639496129587156,0.611328125,0.6022971616972477,0.330078125,0.4721007740825688,0.294921875,0.3357045584862386,0.259765625,0.23030748279816515,0.478515625,0.5216993979357798,0.658203125,0.6146968176605505,0.650390625,0.6332963016055045,0.724609375,0.6084969896788991,0.677734375,0.4287019782110092,0.650390625,0.6270964736238532,0.708984375,0.5526985378440367,0.642578125
