head_top_x,head_top_y,upper_neck_x,upper_neck_y,right_shoulder_x,right_shoulder_y,right_elbow_x,right_elbow_y,right_wrist_x,right_wrist_y,thorax_x,thorax_y,left_shoulder_x,left_shoulder_y,left_elbow_x,left_elbow_y,left_wrist_x,left_wrist_y,pelvis_x,pelvis_y,right_hip_x,right_hip_y,right_knee_x,right_knee_y,right_ankle_x,right_ankle_y,left_hip_x,left_hip_y,left_knee_x,left_knee_y,left_ankle_x,left_ankle_y
0.791015625,0.19755460778061223,0.681640625,0.2936961894132653,0.697265625,0.2936961894132653,0.708984375,0.40185546875,0.763671875,0.48597935267857145,0.681640625,0.2936961894132653,0.669921875,0.28969029017857145,0.705078125,0.39384367028061223,0.763671875,0.48197345344387754,0.529296875,0.3818259725765306,0.521484375,0.37381417410714285,0.408203125,0.5220324457908163,0.216796875,0.48197345344387754,0.537109375,0.37782007334183676,0.654296875,0.5540796396683674,0.607421875,0.7463628029336735
