head_top_x,head_top_y,upper_neck_x,upper_neck_y,right_shoulder_x,right_shoulder_y,right_elbow_x,right_elbow_y,right_wrist_x,right_wrist_y,thorax_x,thorax_y,left_shoulder_x,left_shoulder_y,left_elbow_x,left_elbow_y,left_wrist_x,left_wrist_y,pelvis_x,pelvis_y,right_hip_x,right_hip_y,right_knee_x,right_knee_y,right_ankle_x,right_ankle_y,left_hip_x,left_hip_y,left_knee_x,left_knee_y,left_ankle_x,left_ankle_y
0.5178444602272727,0.080078125,0.4678799715909091,0.232421875,0.28943536931818187,0.232421875,0.20378196022727274,0.353515625,0.37508877840909094,0.330078125,0.4607421875,0.236328125,0.6391867897727272,0.232421875,0.7676669034090909,0.330078125,0.6820134943181818,0.345703125,0.4607421875,0.458984375,0.36795099431818185,0.455078125,0.33939985795454547,0.669921875,0.2751598011363637,0.857421875,0.5535333806818182,0.458984375,0.5249822443181819,0.669921875,0.5035688920454545,0.853515625
