head_top_x,head_top_y,upper_neck_x,upper_neck_y,right_shoulder_x,right_shoulder_y,right_elbow_x,right_elbow_y,right_wrist_x,right_wrist_y,thorax_x,thorax_y,left_shoulder_x,left_shoulder_y,left_elbow_x,left_elbow_y,left_wrist_x,left_wrist_y,pelvis_x,pelvis_y,right_hip_x,right_hip_y,right_knee_x,right_knee_y,right_ankle_x,right_ankle_y,left_hip_x,left_hip_y,left_knee_x,left_knee_y,left_ankle_x,left_ankle_y
0.26301686356707316,0.169921875,0.31567978277439024,0.302734375,0.23907917301829268,0.318359375,0.1768411775914634,0.404296875,0.1816287157012195,0.462890625,0.31567978277439024,0.302734375,0.3827053163109756,0.287109375,0.5023937690548781,0.361328125,0.4545183879573171,0.455078125,0.40664300685975613,0.490234375,0.36355516387195125,0.486328125,0.12896579649390244,0.583984375,0.33961747332317077,0.806640625,0.44973084984756095,0.486328125,0.5550566882621951,0.642578125,0.6555949885670732,0.701171875
