head_top_x,head_top_y,upper_neck_x,upper_neck_y,right_shoulder_x,right_shoulder_y,right_elbow_x,right_elbow_y,right_wrist_x,right_wrist_y,thorax_x,thorax_y,left_shoulder_x,left_shoulder_y,left_elbow_x,left_elbow_y,left_wrist_x,left_wrist_y,pelvis_x,pelvis_y,right_hip_x,right_hip_y,right_knee_x,right_knee_y,right_ankle_x,right_ankle_y,left_hip_x,left_hip_y,left_knee_x,left_knee_y,left_ankle_x,left_ankle_y
0.6927162728658537,0.158203125,0.5952505716463415,0.294921875,0.6971465320121952,0.333984375,0.7325886051829269,0.556640625,0.781321455792683,0.744140625,0.599680830792683,0.283203125,0.5066453887195121,0.208984375,0.5066453887195121,0.169921875,0.23196932164634146,0.142578125,0.39145865091463417,0.466796875,0.44019150152439024,0.490234375,0.4977848704268293,0.619140625,0.5243664253048781,0.685546875,0.34272580030487804,0.443359375,0.4579125381097561,0.583984375,0.5110756478658537,0.681640625
