head_top_x,head_top_y,upper_neck_x,upper_neck_y,right_shoulder_x,right_shoulder_y,right_elbow_x,right_elbow_y,right_wrist_x,right_wrist_y,thorax_x,thorax_y,left_shoulder_x,left_shoulder_y,left_elbow_x,left_elbow_y,left_wrist_x,left_wrist_y,pelvis_x,pelvis_y,right_hip_x,right_hip_y,right_knee_x,right_knee_y,right_ankle_x,right_ankle_y,left_hip_x,left_hip_y,left_knee_x,left_knee_y,left_ankle_x,left_ankle_y
0.5662523674242425,0.154296875,0.5159919507575758,0.294921875,0.44288589015151514,0.244140625,0.3195194128787879,0.275390625,0.19158380681818182,0.275390625,0.5205610795454545,0.287109375,0.5982362689393939,0.326171875,0.6896188446969697,0.451171875,0.7764322916666666,0.576171875,0.4337476325757576,0.482421875,0.3743489583333333,0.462890625,0.25555160984848485,0.634765625,0.20529119318181818,0.771484375,0.48857717803030304,0.505859375,0.3423650568181818,0.705078125,0.3195194128787879,0.822265625
