head_top_x,head_top_y,upper_neck_x,upper_neck_y,right_shoulder_x,right_shoulder_y,right_elbow_x,right_elbow_y,right_wrist_x,right_wrist_y,thorax_x,thorax_y,left_shoulder_x,left_shoulder_y,left_elbow_x,left_elbow_y,left_wrist_x,left_wrist_y,pelvis_x,pelvis_y,right_hip_x,right_hip_y,right_knee_x,right_knee_y,right_ankle_x,right_ankle_y,left_hip_x,left_hip_y,left_knee_x,left_knee_y,left_ankle_x,left_ankle_y
0.5050088205645161,0.068359375,0.6352381552419355,0.205078125,0.6853263608870968,0.232421875,0.6652910786290323,0.357421875,0.28462071572580644,0.259765625,0.6853263608870968,0.244140625,0.6853263608870968,0.255859375,0.3647618447580645,0.330078125,0.23453251008064518,0.267578125,0.5951675907258065,0.509765625,0.5651146673387096,0.505859375,0.5250441028225806,0.685546875,0.5651146673387096,0.857421875,0.5951675907258065,0.513671875,0.5150264616935484,0.697265625,0.5651146673387096,0.888671875
