head_top_x,head_top_y,upper_neck_x,upper_neck_y,right_shoulder_x,right_shoulder_y,right_elbow_x,right_elbow_y,right_wrist_x,right_wrist_y,thorax_x,thorax_y,left_shoulder_x,left_shoulder_y,left_elbow_x,left_elbow_y,left_wrist_x,left_wrist_y,pelvis_x,pelvis_y,right_hip_x,right_hip_y,right_knee_x,right_knee_y,right_ankle_x,right_ankle_y,left_hip_x,left_hip_y,left_knee_x,left_knee_y,left_ankle_x,left_ankle_y
0.7186767578125001,0.072265625,0.5866455078125,0.205078125,0.4298583984375,0.232421875,0.4463623046875,0.384765625,0.6691650390625,0.458984375,0.5453857421875,0.236328125,0.6774169921875,0.244140625,0.6279052734375,0.369140625,0.7186767578125001,0.455078125,0.4381103515625,0.470703125,0.3555908203125,0.466796875,0.3225830078125,0.685546875,0.2153076171875,0.865234375,0.5206298828125,0.474609375,0.6196533203125,0.666015625,0.6939208984375,0.841796875
