head_top_x,head_top_y,upper_neck_x,upper_neck_y,right_shoulder_x,right_shoulder_y,right_elbow_x,right_elbow_y,right_wrist_x,right_wrist_y,thorax_x,thorax_y,left_shoulder_x,left_shoulder_y,left_elbow_x,left_elbow_y,left_wrist_x,left_wrist_y,pelvis_x,pelvis_y,right_hip_x,right_hip_y,right_knee_x,right_knee_y,right_ankle_x,right_ankle_y,left_hip_x,left_hip_y,left_knee_x,left_knee_y,left_ankle_x,left_ankle_y
0.48878348214285716,0.193359375,0.48878348214285716,0.330078125,0.6084263392857143,0.357421875,0.7056361607142857,0.396484375,0.7579799107142857,0.337890625,0.5037388392857143,0.330078125,0.39905133928571435,0.310546875,0.2943638392857143,0.228515625,0.2943638392857143,0.111328125,0.39905133928571435,0.509765625,0.421484375,0.509765625,0.3541852678571429,0.689453125,0.22706473214285716,0.763671875,0.3766183035714286,0.498046875,0.3467075892857143,0.689453125,0.3840959821428572,0.857421875
