head_top_x,head_top_y,upper_neck_x,upper_neck_y,right_shoulder_x,right_shoulder_y,right_elbow_x,right_elbow_y,right_wrist_x,right_wrist_y,thorax_x,thorax_y,left_shoulder_x,left_shoulder_y,left_elbow_x,left_elbow_y,left_wrist_x,left_wrist_y,pelvis_x,pelvis_y,right_hip_x,right_hip_y,right_knee_x,right_knee_y,right_ankle_x,right_ankle_y,left_hip_x,left_hip_y,left_knee_x,left_knee_y,left_ankle_x,left_ankle_y
0.2900390625,0.048828125,0.4072265625,0.197265625,0.5927734375,0.228515625,0.7587890625,0.333984375,0.6806640625,0.431640625,0.4462890625,0.236328125,0.2998046875,0.240234375,0.3779296875,0.384765625,0.2900390625,0.521484375,0.5732421875,0.482421875,0.6708984375,0.474609375,0.4951171875,0.697265625,0.5537109375,0.857421875,0.5048828125,0.486328125,0.19238281250000003,0.701171875,0.5439453125,0.869140625
