head_top_x,head_top_y,upper_neck_x,upper_neck_y,right_shoulder_x,right_shoulder_y,right_elbow_x,right_elbow_y,right_wrist_x,right_wrist_y,thorax_x,thorax_y,left_shoulder_x,left_shoulder_y,left_elbow_x,left_elbow_y,left_wrist_x,left_wrist_y,pelvis_x,pelvis_y,right_hip_x,right_hip_y,right_knee_x,right_knee_y,right_ankle_x,right_ankle_y,left_hip_x,left_hip_y,left_knee_x,left_knee_y,left_ankle_x,left_ankle_y
0.6185825892857143,0.064453125,0.4857700892857143,0.205078125,0.6280691964285714,0.236328125,0.7608816964285714,0.345703125,0.6944754464285714,0.435546875,0.466796875,0.232421875,0.30552455357142855,0.232421875,0.20117187499999997,0.357421875,0.2486049107142857,0.462890625,0.466796875,0.498046875,0.5711495535714286,0.494140625,0.6090959821428571,0.689453125,0.6185825892857143,0.884765625,0.3624441964285714,0.490234375,0.30552455357142855,0.689453125,0.2486049107142857,0.880859375
