head_top_x,head_top_y,upper_neck_x,upper_neck_y,right_shoulder_x,right_shoulder_y,right_elbow_x,right_elbow_y,right_wrist_x,right_wrist_y,thorax_x,thorax_y,left_shoulder_x,left_shoulder_y,left_elbow_x,left_elbow_y,left_wrist_x,left_wrist_y,pelvis_x,pelvis_y,right_hip_x,right_hip_y,right_knee_x,right_knee_y,right_ankle_x,right_ankle_y,left_hip_x,left_hip_y,left_knee_x,left_knee_y,left_ankle_x,left_ankle_y
0.4784297733516484,0.162109375,0.538826407967033,0.287109375,0.5819668612637362,0.291015625,0.5474544986263736,0.208984375,0.49568595467032966,0.130859375,0.5301983173076923,0.291015625,0.46117359203296704,0.283203125,0.4266612293956044,0.208984375,0.4352893200549451,0.126953125,0.538826407967033,0.439453125,0.6078511332417582,0.439453125,0.5992230425824175,0.650390625,0.7459005837912087,0.763671875,0.46117359203296704,0.443359375,0.487057864010989,0.607421875,0.23684323489010992,0.775390625
