head_top_x,head_top_y,upper_neck_x,upper_neck_y,right_shoulder_x,right_shoulder_y,right_elbow_x,right_elbow_y,right_wrist_x,right_wrist_y,thorax_x,thorax_y,left_shoulder_x,left_shoulder_y,left_elbow_x,left_elbow_y,left_wrist_x,left_wrist_y,pelvis_x,pelvis_y,right_hip_x,right_hip_y,right_knee_x,right_knee_y,right_ankle_x,right_ankle_y,left_hip_x,left_hip_y,left_knee_x,left_knee_y,left_ankle_x,left_ankle_y
0.31748592779503104,0.177734375,0.36472486413043476,0.330078125,0.38619710791925466,0.361328125,0.47208608307453415,0.451171875,0.43343604425465837,0.486328125,0.3690193128881987,0.361328125,0.3432526203416149,0.365234375,0.39908045419254656,0.447265625,0.44631939052795033,0.427734375,0.4677916343167702,0.544921875,0.4806749805900621,0.537109375,0.28313033773291924,0.607421875,0.21012470885093168,0.826171875,0.45490828804347827,0.548828125,0.28313033773291924,0.615234375,0.2058302600931677,0.833984375
