head_top_x,head_top_y,upper_neck_x,upper_neck_y,right_shoulder_x,right_shoulder_y,right_elbow_x,right_elbow_y,right_wrist_x,right_wrist_y,thorax_x,thorax_y,left_shoulder_x,left_shoulder_y,left_elbow_x,left_elbow_y,left_wrist_x,left_wrist_y,pelvis_x,pelvis_y,right_hip_x,right_hip_y,right_knee_x,right_knee_y,right_ankle_x,right_ankle_y,left_hip_x,left_hip_y,left_knee_x,left_knee_y,left_ankle_x,left_ankle_y
0.5252917325949367,0.166015625,0.5298902294303798,0.302734375,0.44711728639240506,0.318359375,0.3643443433544304,0.326171875,0.29996538765822783,0.259765625,0.5344887262658228,0.314453125,0.6264586629746834,0.306640625,0.7644135680379746,0.341796875,0.7046331091772151,0.404296875,0.5298902294303798,0.537109375,0.47930676424050633,0.541015625,0.3781398338607595,0.712890625,0.20339695411392406,0.830078125,0.5850721914556962,0.533203125,0.7138301028481012,0.673828125,0.7552165743670886,0.869140625
