head_top_x,head_top_y,upper_neck_x,upper_neck_y,right_shoulder_x,right_shoulder_y,right_elbow_x,right_elbow_y,right_wrist_x,right_wrist_y,thorax_x,thorax_y,left_shoulder_x,left_shoulder_y,left_elbow_x,left_elbow_y,left_wrist_x,left_wrist_y,pelvis_x,pelvis_y,right_hip_x,right_hip_y,right_knee_x,right_knee_y,right_ankle_x,right_ankle_y,left_hip_x,left_hip_y,left_knee_x,left_knee_y,left_ankle_x,left_ankle_y
0.8215122767857143,0.072265625,0.6071707589285714,0.193359375,0.5326171875,0.232421875,0.42078683035714287,0.369140625,0.3741908482142857,0.498046875,0.5419363839285715,0.228515625,0.5512555803571428,0.228515625,0.5512555803571428,0.365234375,0.7190011160714286,0.470703125,0.4301060267857143,0.474609375,0.42078683035714287,0.474609375,0.7655970982142857,0.654296875,0.7376395089285714,0.873046875,0.42078683035714287,0.470703125,0.31827566964285714,0.669921875,0.2157645089285714,0.873046875
