head_top_x,head_top_y,upper_neck_x,upper_neck_y,right_shoulder_x,right_shoulder_y,right_elbow_x,right_elbow_y,right_wrist_x,right_wrist_y,thorax_x,thorax_y,left_shoulder_x,left_shoulder_y,left_elbow_x,left_elbow_y,left_wrist_x,left_wrist_y,pelvis_x,pelvis_y,right_hip_x,right_hip_y,right_knee_x,right_knee_y,right_ankle_x,right_ankle_y,left_hip_x,left_hip_y,left_knee_x,left_knee_y,left_ankle_x,left_ankle_y
0.722156613372093,0.115234375,0.5895257994186046,0.259765625,0.5364734738372093,0.279296875,0.4038426598837209,0.384765625,0.23142260174418605,0.490234375,0.5563680959302325,0.287109375,0.5828942587209303,0.291015625,0.4303688226744186,0.388671875,0.2446856831395349,0.486328125,0.47678960755813954,0.525390625,0.45689498546511625,0.529296875,0.47015806686046513,0.744140625,0.25794876453488375,0.935546875,0.516578851744186,0.525390625,0.768577398255814,0.732421875,0.5563680959302325,0.931640625
