head_top_x,head_top_y,upper_neck_x,upper_neck_y,right_shoulder_x,right_shoulder_y,right_elbow_x,right_elbow_y,right_wrist_x,right_wrist_y,thorax_x,thorax_y,left_shoulder_x,left_shoulder_y,left_elbow_x,left_elbow_y,left_wrist_x,left_wrist_y,pelvis_x,pelvis_y,right_hip_x,right_hip_y,right_knee_x,right_knee_y,right_ankle_x,right_ankle_y,left_hip_x,left_hip_y,left_knee_x,left_knee_y,left_ankle_x,left_ankle_y
0.6165707236842105,0.119140625,0.4766858552631579,0.236328125,0.3767680921052632,0.216796875,0.42339638157894743,0.201171875,0.5499588815789473,0.216796875,0.46336348684210527,0.263671875,0.5366365131578947,0.294921875,0.6298930921052631,0.365234375,0.7631167763157894,0.361328125,0.3168174342105263,0.482421875,0.2968338815789474,0.482421875,0.42339638157894743,0.681640625,0.47002467105263157,0.884765625,0.3501233552631579,0.486328125,0.3234786184210527,0.677734375,0.21023848684210528,0.853515625
