head_top_x,head_top_y,upper_neck_x,upper_neck_y,right_shoulder_x,right_shoulder_y,right_elbow_x,right_elbow_y,right_wrist_x,right_wrist_y,thorax_x,thorax_y,left_shoulder_x,left_shoulder_y,left_elbow_x,left_elbow_y,left_wrist_x,left_wrist_y,pelvis_x,pelvis_y,right_hip_x,right_hip_y,right_knee_x,right_knee_y,right_ankle_x,right_ankle_y,left_hip_x,left_hip_y,left_knee_x,left_knee_y,left_ankle_x,left_ankle_y
0.6082543545081968,0.052734375,0.5257748463114754,0.205078125,0.7010438012295082,0.240234375,0.690733862704918,0.392578125,0.7216636782786885,0.541015625,0.5154649077868853,0.236328125,0.309266137295082,0.232421875,0.23709656762295087,0.353515625,0.38143570696721313,0.369140625,0.45360527663934425,0.521484375,0.5567046618852459,0.521484375,0.6494941086065573,0.681640625,0.7732133709016393,0.826171875,0.34019595286885246,0.521484375,0.37112576844262296,0.712890625,0.37112576844262296,0.884765625
