head_top_x,head_top_y,upper_neck_x,upper_neck_y,right_shoulder_x,right_shoulder_y,right_elbow_x,right_elbow_y,right_wrist_x,right_wrist_y,thorax_x,thorax_y,left_shoulder_x,left_shoulder_y,left_elbow_x,left_elbow_y,left_wrist_x,left_wrist_y,pelvis_x,pelvis_y,right_hip_x,right_hip_y,right_knee_x,right_knee_y,right_ankle_x,right_ankle_y,left_hip_x,left_hip_y,left_knee_x,left_knee_y,left_ankle_x,left_ankle_y
0.4579861111111111,0.068359375,0.465625,0.228515625,0.3204861111111111,0.255859375,0.2899305555555555,0.345703125,0.35868055555555556,0.376953125,0.465625,0.251953125,0.603125,0.248046875,0.7788194444444444,0.337890625,0.6260416666666667,0.412109375,0.4579861111111111,0.498046875,0.3663194444444444,0.490234375,0.35104166666666664,0.681640625,0.3892361111111111,0.869140625,0.5420138888888889,0.505859375,0.5114583333333333,0.701171875,0.49618055555555557,0.646484375
