head_top_x,head_top_y,upper_neck_x,upper_neck_y,right_shoulder_x,right_shoulder_y,right_elbow_x,right_elbow_y,right_wrist_x,right_wrist_y,thorax_x,thorax_y,left_shoulder_x,left_shoulder_y,left_elbow_x,left_elbow_y,left_wrist_x,left_wrist_y,pelvis_x,pelvis_y,right_hip_x,right_hip_y,right_knee_x,right_knee_y,right_ankle_x,right_ankle_y,left_hip_x,left_hip_y,left_knee_x,left_knee_y,left_ankle_x,left_ankle_y
0.490234375,0.3462796498493976,0.513671875,0.5212843561746988,0.427734375,0.5212843561746988,0.302734375,0.4456066453313253,0.181640625,0.37465879141566266,0.513671875,0.5118246423192772,0.587890625,0.49290521460843373,0.701171875,0.36992893448795183,0.794921875,0.2280332266566265,0.513671875,0.7435876317771084,0.462890625,0.7388577748493976,0.173828125,0.7814264871987951,0.185546875,0.757777202560241,0.564453125,0.7530473456325301,0.345703125,0.7435876317771084,0.193359375,0.7625070594879518
