head_top_x,head_top_y,upper_neck_x,upper_neck_y,right_shoulder_x,right_shoulder_y,right_elbow_x,right_elbow_y,right_wrist_x,right_wrist_y,thorax_x,thorax_y,left_shoulder_x,left_shoulder_y,left_elbow_x,left_elbow_y,left_wrist_x,left_wrist_y,pelvis_x,pelvis_y,right_hip_x,right_hip_y,right_knee_x,right_knee_y,right_ankle_x,right_ankle_y,left_hip_x,left_hip_y,left_knee_x,left_knee_y,left_ankle_x,left_ankle_y
0.39193305619266056,0.115234375,0.3860915997706422,0.271484375,0.2517381020642202,0.302734375,0.24589664564220184,0.404296875,0.45034762041284404,0.396484375,0.3860915997706422,0.298828125,0.5204450974770642,0.291015625,0.6489571387614679,0.365234375,0.765786267201835,0.447265625,0.41529888188073394,0.525390625,0.3393599483944954,0.533203125,0.4737134461009174,0.701171875,0.5321280103211009,0.865234375,0.48539635894495414,0.517578125,0.4970792717889908,0.685546875,0.4912378153669725,0.884765625
