head_top_x,head_top_y,upper_neck_x,upper_neck_y,right_shoulder_x,right_shoulder_y,right_elbow_x,right_elbow_y,right_wrist_x,right_wrist_y,thorax_x,thorax_y,left_shoulder_x,left_shoulder_y,left_elbow_x,left_elbow_y,left_wrist_x,left_wrist_y,pelvis_x,pelvis_y,right_hip_x,right_hip_y,right_knee_x,right_knee_y,right_ankle_x,right_ankle_y,left_hip_x,left_hip_y,left_knee_x,left_knee_y,left_ankle_x,left_ankle_y
0.4970920138888889,0.287109375,0.5087239583333333,0.212890625,0.5203559027777778,0.208984375,0.40985243055555554,0.298828125,0.3982204861111111,0.408203125,0.49127604166666666,0.224609375,0.5378038194444444,0.208984375,0.49127604166666666,0.306640625,0.49127604166666666,0.419921875,0.4273003472222222,0.513671875,0.42148437499999997,0.498046875,0.4563802083333333,0.708984375,0.40403645833333335,0.857421875,0.4447482638888889,0.505859375,0.49127604166666666,0.716796875,0.4156684027777778,0.857421875
