head_top_x,head_top_y,upper_neck_x,upper_neck_y,right_shoulder_x,right_shoulder_y,right_elbow_x,right_elbow_y,right_wrist_x,right_wrist_y,thorax_x,thorax_y,left_shoulder_x,left_shoulder_y,left_elbow_x,left_elbow_y,left_wrist_x,left_wrist_y,pelvis_x,pelvis_y,right_hip_x,right_hip_y,right_knee_x,right_knee_y,right_ankle_x,right_ankle_y,left_hip_x,left_hip_y,left_knee_x,left_knee_y,left_ankle_x,left_ankle_y
0.5243607954545455,0.099609375,0.4825994318181818,0.244140625,0.4060369318181818,0.271484375,0.5730823863636364,0.357421875,0.7540482954545454,0.396484375,0.4825994318181818,0.259765625,0.5730823863636364,0.244140625,0.6357244318181818,0.337890625,0.7610085227272727,0.384765625,0.41299715909090906,0.455078125,0.3364346590909091,0.458984375,0.37123579545454544,0.646484375,0.21115056818181815,0.853515625,0.4825994318181818,0.451171875,0.6566051136363636,0.642578125,0.5800426136363637,0.826171875
