head_top_x,head_top_y,upper_neck_x,upper_neck_y,right_shoulder_x,right_shoulder_y,right_elbow_x,right_elbow_y,right_wrist_x,right_wrist_y,thorax_x,thorax_y,left_shoulder_x,left_shoulder_y,left_elbow_x,left_elbow_y,left_wrist_x,left_wrist_y,pelvis_x,pelvis_y,right_hip_x,right_hip_y,right_knee_x,right_knee_y,right_ankle_x,right_ankle_y,left_hip_x,left_hip_y,left_knee_x,left_knee_y,left_ankle_x,left_ankle_y
0.4718123070987654,0.080078125,0.4879195601851852,0.228515625,0.3268470293209877,0.267578125,0.2543643904320988,0.384765625,0.2140962577160494,0.486328125,0.4959731867283951,0.267578125,0.6731529706790124,0.267578125,0.761742862654321,0.408203125,0.6409384645061729,0.412109375,0.5040268132716049,0.494140625,0.39932966820987653,0.490234375,0.34295428240740744,0.705078125,0.40738329475308643,0.873046875,0.6006703317901234,0.498046875,0.6409384645061729,0.712890625,0.6731529706790124,0.884765625
