head_top_x,head_top_y,upper_neck_x,upper_neck_y,right_shoulder_x,right_shoulder_y,right_elbow_x,right_elbow_y,right_wrist_x,right_wrist_y,thorax_x,thorax_y,left_shoulder_x,left_shoulder_y,left_elbow_x,left_elbow_y,left_wrist_x,left_wrist_y,pelvis_x,pelvis_y,right_hip_x,right_hip_y,right_knee_x,right_knee_y,right_ankle_x,right_ankle_y,left_hip_x,left_hip_y,left_knee_x,left_knee_y,left_ankle_x,left_ankle_y
0.5371342555732485,0.162109375,0.5222805533439491,0.306640625,0.6361589371019108,0.333984375,0.6807200437898089,0.455078125,0.601500298566879,0.458984375,0.5222805533439491,0.330078125,0.40840216958598724,0.322265625,0.35393859474522293,0.427734375,0.45296327627388533,0.431640625,0.5123780851910829,0.494140625,0.5915978304140127,0.494140625,0.7104274482484076,0.642578125,0.7896471934713376,0.845703125,0.4232558718152866,0.498046875,0.28957255175159236,0.662109375,0.2054015724522293,0.849609375
