head_top_x,head_top_y,upper_neck_x,upper_neck_y,right_shoulder_x,right_shoulder_y,right_elbow_x,right_elbow_y,right_wrist_x,right_wrist_y,thorax_x,thorax_y,left_shoulder_x,left_shoulder_y,left_elbow_x,left_elbow_y,left_wrist_x,left_wrist_y,pelvis_x,pelvis_y,right_hip_x,right_hip_y,right_knee_x,right_knee_y,right_ankle_x,right_ankle_y,left_hip_x,left_hip_y,left_knee_x,left_knee_y,left_ankle_x,left_ankle_y
0.49641619407687465,0.05570652173913043,0.5394218651543794,0.20244565217391305,0.3100582860743541,0.21603260869565216,0.20971172022684303,0.35190217391304346,0.5537570888468808,0.35190217391304346,0.5394218651543794,0.2269021739130435,0.7831206679269062,0.23777173913043478,0.7042769376181476,0.3763586956521739,0.39606962822936365,0.3491847826086957,0.5250866414618778,0.46875,0.38173440453686197,0.47146739130434784,0.2957230623818526,0.6779891304347826,0.34589634530560803,0.8817934782608695,0.6756064902331442,0.46603260869565216,0.7329473850031506,0.6725543478260869,0.7544502205419028,0.8600543478260869
