head_top_x,head_top_y,upper_neck_x,upper_neck_y,right_shoulder_x,right_shoulder_y,right_elbow_x,right_elbow_y,right_wrist_x,right_wrist_y,thorax_x,thorax_y,left_shoulder_x,left_shoulder_y,left_elbow_x,left_elbow_y,left_wrist_x,left_wrist_y,pelvis_x,pelvis_y,right_hip_x,right_hip_y,right_knee_x,right_knee_y,right_ankle_x,right_ankle_y,left_hip_x,left_hip_y,left_knee_x,left_knee_y,left_ankle_x,left_ankle_y
0.5625,0.1453804347826087,0.4755434782608695,0.27853260869565216,0.44836956521739135,0.2595108695652174,0.3559782608695652,0.21331521739130435,0.32336956521739135,0.13722826086956522,0.4809782608695652,0.2703804347826087,0.513586956521739,0.28396739130434784,0.7690217391304348,0.26766304347826086,0.7201086956521738,0.17255434782608695,0.42663043478260865,0.5095108695652174,0.42663043478260865,0.5095108695652174,0.30163043478260865,0.7078804347826086,0.5951086956521738,0.8519021739130435,0.42663043478260865,0.5122282608695652,0.23641304347826086,0.7105978260869565,0.3994565217391305,0.8790760869565217
