head_top_x,head_top_y,upper_neck_x,upper_neck_y,right_shoulder_x,right_shoulder_y,right_elbow_x,right_elbow_y,right_wrist_x,right_wrist_y,thorax_x,thorax_y,left_shoulder_x,left_shoulder_y,left_elbow_x,left_elbow_y,left_wrist_x,left_wrist_y,pelvis_x,pelvis_y,right_hip_x,right_hip_y,right_knee_x,right_knee_y,right_ankle_x,right_ankle_y,left_hip_x,left_hip_y,left_knee_x,left_knee_y,left_ankle_x,left_ankle_y
0.5385731392778187,0.22146739130434784,0.48919952100221076,0.36277173913043476,0.4120532424465733,0.360054347826087,0.30096260132645547,0.35733695652173914,0.2515889830508475,0.35733695652173914,0.4953712232866618,0.3546195652173913,0.5663457995578483,0.3328804347826087,0.6311486735445837,0.24864130434782608,0.7329817612380252,0.20244565217391305,0.5231438835666912,0.5584239130434783,0.47994196757553426,0.561141304347826,0.4367400515843773,0.7051630434782609,0.2608465364775239,0.7948369565217391,0.5663457995578483,0.5584239130434783,0.7360676123802505,0.6345108695652174,0.7700119749447312,0.7839673913043478
