head_top_x,head_top_y,upper_neck_x,upper_neck_y,right_shoulder_x,right_shoulder_y,right_elbow_x,right_elbow_y,right_wrist_x,right_wrist_y,thorax_x,thorax_y,left_shoulder_x,left_shoulder_y,left_elbow_x,left_elbow_y,left_wrist_x,left_wrist_y,pelvis_x,pelvis_y,right_hip_x,right_hip_y,right_knee_x,right_knee_y,right_ankle_x,right_ankle_y,left_hip_x,left_hip_y,left_knee_x,left_knee_y,left_ankle_x,left_ankle_y
0.5159134901727217,0.06114130434782609,0.4713557176891006,0.21603260869565216,0.24856685527099465,0.2513586956521739,0.2231052709946397,0.40353260869565216,0.2231052709946397,0.5339673913043478,0.46499032162001197,0.24048913043478262,0.6686829958308517,0.2269021739130435,0.7259715604526503,0.3491847826086957,0.7514331447290054,0.4470108695652174,0.5413750744490768,0.49320652173913043,0.4267979452054795,0.5040760869565217,0.4904519058963669,0.71875,0.33768240023823703,0.873641304347826,0.6559522036926742,0.485054347826087,0.7450677486599168,0.7078804347826086,0.7641639368671829,0.8953804347826086
