head_top_x,head_top_y,upper_neck_x,upper_neck_y,right_shoulder_x,right_shoulder_y,right_elbow_x,right_elbow_y,right_wrist_x,right_wrist_y,thorax_x,thorax_y,left_shoulder_x,left_shoulder_y,left_elbow_x,left_elbow_y,left_wrist_x,left_wrist_y,pelvis_x,pelvis_y,right_hip_x,right_hip_y,right_knee_x,right_knee_y,right_ankle_x,right_ankle_y,left_hip_x,left_hip_y,left_knee_x,left_knee_y,left_ankle_x,left_ankle_y
0.5580379199604744,0.06114130434782609,0.5027637104743083,0.22418478260869565,0.34799592391304346,0.26222826086956524,0.22639266304347824,0.3845108695652174,0.3148313982213439,0.49592391304347827,0.4861814476284585,0.25679347826086957,0.618839550395257,0.24864130434782608,0.6133121294466404,0.35733695652173914,0.7514976531620553,0.4361413043478261,0.48065402667984186,0.4741847826086957,0.42537981719367585,0.47690217391304346,0.5193459733201581,0.6698369565217391,0.5138185523715414,0.8845108695652174,0.5304008152173914,0.47146739130434784,0.5248733942687747,0.6698369565217391,0.4419620800395257,0.8220108695652174
