head_top_x,head_top_y,upper_neck_x,upper_neck_y,right_shoulder_x,right_shoulder_y,right_elbow_x,right_elbow_y,right_wrist_x,right_wrist_y,thorax_x,thorax_y,left_shoulder_x,left_shoulder_y,left_elbow_x,left_elbow_y,left_wrist_x,left_wrist_y,pelvis_x,pelvis_y,right_hip_x,right_hip_y,right_knee_x,right_knee_y,right_ankle_x,right_ankle_y,left_hip_x,left_hip_y,left_knee_x,left_knee_y,left_ankle_x,left_ankle_y
0.3681330787309048,0.10461956521739131,0.4811618683901292,0.23777173913043478,0.47278936545240896,0.26766304347826086,0.38069183313748534,0.35733695652173914,0.23835928319623972,0.4008152173913043,0.5104656286721503,0.26222826086956524,0.5397693889541715,0.25679347826086957,0.6527981786133961,0.3654891304347826,0.6862881903642774,0.4904891304347826,0.5272106345475911,0.49592391304347827,0.4895343713278496,0.4986413043478261,0.5565143948296123,0.6834239130434783,0.7532682138660399,0.8165760869565217,0.5732594007050528,0.49592391304347827,0.2634767920094007,0.7160326086956522,0.7658269682726204,0.8464673913043478
