head_top_x,head_top_y,upper_neck_x,upper_neck_y,right_shoulder_x,right_shoulder_y,right_elbow_x,right_elbow_y,right_wrist_x,right_wrist_y,thorax_x,thorax_y,left_shoulder_x,left_shoulder_y,left_elbow_x,left_elbow_y,left_wrist_x,left_wrist_y,pelvis_x,pelvis_y,right_hip_x,right_hip_y,right_knee_x,right_knee_y,right_ankle_x,right_ankle_y,left_hip_x,left_hip_y,left_knee_x,left_knee_y,left_ankle_x,left_ankle_y
0.4856979405034325,0.05298913043478261,0.5200228832951945,0.2105978260869565,0.4799771167048055,0.24592391304347827,0.40560640732265446,0.30842391304347827,0.23970251716247135,0.25679347826086957,0.5314645308924486,0.24320652173913043,0.5772311212814646,0.23505434782608695,0.7030892448512585,0.2703804347826087,0.5829519450800915,0.1644021739130435,0.5715102974828374,0.5176630434782609,0.5543478260869564,0.5203804347826086,0.4914187643020595,0.7296195652173914,0.7259725400457666,0.8899456521739131,0.5943935926773456,0.5176630434782609,0.4685354691075515,0.7350543478260869,0.8003432494279176,0.9008152173913043
