head_top_x,head_top_y,upper_neck_x,upper_neck_y,right_shoulder_x,right_shoulder_y,right_elbow_x,right_elbow_y,right_wrist_x,right_wrist_y,thorax_x,thorax_y,left_shoulder_x,left_shoulder_y,left_elbow_x,left_elbow_y,left_wrist_x,left_wrist_y,pelvis_x,pelvis_y,right_hip_x,right_hip_y,right_knee_x,right_knee_y,right_ankle_x,right_ankle_y,left_hip_x,left_hip_y,left_knee_x,left_knee_y,left_ankle_x,left_ankle_y
0.4199401485965878,0.15353260869565216,0.4558853880022014,0.30027173913043476,0.3676561640066043,0.33559782608695654,0.292497936158503,0.422554347826087,0.2304107044578976,0.4116847826086957,0.4624208860759494,0.31657608695652173,0.5473823610346725,0.27853260869565216,0.6486825811777654,0.3546195652173913,0.7728570445789762,0.4008152173913043,0.4558853880022014,0.5366847826086957,0.40686915244909194,0.5366847826086957,0.3676561640066043,0.6779891304347826,0.3676561640066043,0.7105978260869565,0.501633874518437,0.5366847826086957,0.4591531370390754,0.6426630434782609,0.4264756466703357,0.8029891304347826
