head_top_x,head_top_y,upper_neck_x,upper_neck_y,right_shoulder_x,right_shoulder_y,right_elbow_x,right_elbow_y,right_wrist_x,right_wrist_y,thorax_x,thorax_y,left_shoulder_x,left_shoulder_y,left_elbow_x,left_elbow_y,left_wrist_x,left_wrist_y,pelvis_x,pelvis_y,right_hip_x,right_hip_y,right_knee_x,right_knee_y,right_ankle_x,right_ankle_y,left_hip_x,left_hip_y,left_knee_x,left_knee_y,left_ankle_x,left_ankle_y
0.5289270687237028,0.09103260869565218,0.5184081346423562,0.24864130434782608,0.3553646563814867,0.2595108695652174,0.22387798036465642,0.35190217391304346,0.27121318373071535,0.38722826086956524,0.5131486676016829,0.264945652173913,0.6656732117812062,0.264945652173913,0.7708625525946705,0.3654891304347826,0.6919705469845723,0.4633152173913043,0.5131486676016829,0.5040760869565217,0.4395161290322581,0.5040760869565217,0.43425666199158486,0.6834239130434783,0.49737026647966354,0.8328804347826086,0.5815217391304349,0.5095108695652174,0.5078892005610098,0.6779891304347826,0.5447054698457223,0.8328804347826086
