head_top_x,head_top_y,upper_neck_x,upper_neck_y,right_shoulder_x,right_shoulder_y,right_elbow_x,right_elbow_y,right_wrist_x,right_wrist_y,thorax_x,thorax_y,left_shoulder_x,left_shoulder_y,left_elbow_x,left_elbow_y,left_wrist_x,left_wrist_y,pelvis_x,pelvis_y,right_hip_x,right_hip_y,right_knee_x,right_knee_y,right_ankle_x,right_ankle_y,left_hip_x,left_hip_y,left_knee_x,left_knee_y,left_ankle_x,left_ankle_y
0.5327285805626598,0.058423913043478264,0.5125879156010229,0.2105978260869565,0.6485374040920716,0.22418478260869565,0.7693813938618924,0.3111413043478261,0.7089593989769821,0.38722826086956524,0.5125879156010229,0.2296195652173913,0.36656809462915596,0.23233695652173914,0.2104779411764706,0.33016304347826086,0.34642742966751916,0.4171195652173913,0.5327285805626598,0.4470108695652174,0.608256074168798,0.4470108695652174,0.6837835677749361,0.6535326086956522,0.608256074168798,0.8654891304347826,0.45216592071611256,0.44972826086956524,0.4874120843989769,0.6589673913043478,0.5075527493606138,0.873641304347826
