head_top_x,head_top_y,upper_neck_x,upper_neck_y,right_shoulder_x,right_shoulder_y,right_elbow_x,right_elbow_y,right_wrist_x,right_wrist_y,thorax_x,thorax_y,left_shoulder_x,left_shoulder_y,left_elbow_x,left_elbow_y,left_wrist_x,left_wrist_y,pelvis_x,pelvis_y,right_hip_x,right_hip_y,right_knee_x,right_knee_y,right_ankle_x,right_ankle_y,left_hip_x,left_hip_y,left_knee_x,left_knee_y,left_ankle_x,left_ankle_y
0.35056911402789165,0.1453804347826087,0.42270816242821974,0.26766304347826086,0.549810295324036,0.2595108695652174,0.6563012715340443,0.2595108695652174,0.5566806808859721,0.5665760869565217,0.42614335520918784,0.264945652173913,0.3127819934372436,0.2703804347826087,0.20972621000820343,0.360054347826087,0.26125410172272356,0.47146739130434784,0.48797682526661196,0.4578804347826087,0.549810295324036,0.45516304347826086,0.6322549220672683,0.6589673913043478,0.7765330188679245,0.78125,0.42270816242821974,0.4578804347826087,0.3574394995898277,0.623641304347826,0.38492104183757175,0.8084239130434783
