head_top_x,head_top_y,upper_neck_x,upper_neck_y,right_shoulder_x,right_shoulder_y,right_elbow_x,right_elbow_y,right_wrist_x,right_wrist_y,thorax_x,thorax_y,left_shoulder_x,left_shoulder_y,left_elbow_x,left_elbow_y,left_wrist_x,left_wrist_y,pelvis_x,pelvis_y,right_hip_x,right_hip_y,right_knee_x,right_knee_y,right_ankle_x,right_ankle_y,left_hip_x,left_hip_y,left_knee_x,left_knee_y,left_ankle_x,left_ankle_y
0.5195069875776397,0.10190217391304347,0.4848278985507246,0.25407608695652173,0.5411814182194616,0.25407608695652173,0.6495535714285714,0.34375,0.7535908385093167,0.3220108695652174,0.4891627846790889,0.2595108695652174,0.42413949275362306,0.264945652173913,0.4761581262939958,0.35733695652173914,0.6929024327122153,0.33016304347826086,0.4024650621118011,0.4633152173913043,0.41546972049689446,0.46875,0.3764557453416149,0.6453804347826086,0.41980460662525876,0.8355978260869565,0.3807906314699792,0.4578804347826087,0.4718232401656315,0.6453804347826086,0.22906961697722564,0.813858695652174
