head_top_x,head_top_y,upper_neck_x,upper_neck_y,right_shoulder_x,right_shoulder_y,right_elbow_x,right_elbow_y,right_wrist_x,right_wrist_y,thorax_x,thorax_y,left_shoulder_x,left_shoulder_y,left_elbow_x,left_elbow_y,left_wrist_x,left_wrist_y,pelvis_x,pelvis_y,right_hip_x,right_hip_y,right_knee_x,right_knee_y,right_ankle_x,right_ankle_y,left_hip_x,left_hip_y,left_knee_x,left_knee_y,left_ankle_x,left_ankle_y
0.4790520088057237,0.06657608695652174,0.47306686846450186,0.2269021739130435,0.25760181618051725,0.26766304347826086,0.22169097413318659,0.4008152173913043,0.22767611447440828,0.501358695652174,0.46708172812328014,0.26222826086956524,0.6645913593835993,0.25679347826086957,0.7483833241607045,0.38179347826086957,0.7543684645019263,0.501358695652174,0.5029925701706109,0.5176630434782609,0.39526004402861853,0.5176630434782609,0.3413937809576224,0.6970108695652174,0.36533434232250955,0.8817934782608695,0.6047399559713813,0.5149456521739131,0.622695376995047,0.6997282608695652,0.5987548156301596,0.873641304347826
