head_top_x,head_top_y,upper_neck_x,upper_neck_y,right_shoulder_x,right_shoulder_y,right_elbow_x,right_elbow_y,right_wrist_x,right_wrist_y,thorax_x,thorax_y,left_shoulder_x,left_shoulder_y,left_elbow_x,left_elbow_y,left_wrist_x,left_wrist_y,pelvis_x,pelvis_y,right_hip_x,right_hip_y,right_knee_x,right_knee_y,right_ankle_x,right_ankle_y,left_hip_x,left_hip_y,left_knee_x,left_knee_y,left_ankle_x,left_ankle_y
0.5803314768235717,0.18885869565217392,0.5114759252605102,0.33559782608695654,0.41311085159899386,0.37907608695652173,0.46229338842975204,0.5421195652173914,0.5868891484010061,0.6345108695652174,0.49836058210564144,0.3763586956521739,0.5934468199784406,0.38179347826086957,0.6262351778656127,0.53125,0.7246002515271289,0.65625,0.213101868487244,0.49320652173913043,0.1606404958677686,0.48777173913043476,0.3672071505569529,0.563858695652174,0.25572673374056776,0.7921195652173914,0.2786785842615882,0.485054347826087,0.5606584620912685,0.5910326086956522,0.48196640316205536,0.7649456521739131
