head_top_x,head_top_y,upper_neck_x,upper_neck_y,right_shoulder_x,right_shoulder_y,right_elbow_x,right_elbow_y,right_wrist_x,right_wrist_y,thorax_x,thorax_y,left_shoulder_x,left_shoulder_y,left_elbow_x,left_elbow_y,left_wrist_x,left_wrist_y,pelvis_x,pelvis_y,right_hip_x,right_hip_y,right_knee_x,right_knee_y,right_ankle_x,right_ankle_y,left_hip_x,left_hip_y,left_knee_x,left_knee_y,left_ankle_x,left_ankle_y
0.41659886748242647,0.6915760869565217,0.48528215308513406,0.5720108695652174,0.5343416428013539,0.5692934782608695,0.5212591122103619,0.6997282608695652,0.49182341838063004,0.8301630434782609,0.4820115204373861,0.5720108695652174,0.42641076542567036,0.5692934782608695,0.28577356157250716,0.7105978260869565,0.19746648008331164,0.8383152173913043,0.5081765816193698,0.389945652173913,0.5278003775058578,0.40353260869565216,0.6488137854725331,0.3111413043478261,0.7371208669617286,0.22418478260869565,0.4820115204373861,0.3845108695652174,0.6520844181202812,0.3138586956521739,0.47874088778963814,0.2296195652173913
