head_top_x,head_top_y,upper_neck_x,upper_neck_y,right_shoulder_x,right_shoulder_y,right_elbow_x,right_elbow_y,right_wrist_x,right_wrist_y,thorax_x,thorax_y,left_shoulder_x,left_shoulder_y,left_elbow_x,left_elbow_y,left_wrist_x,left_wrist_y,pelvis_x,pelvis_y,right_hip_x,right_hip_y,right_knee_x,right_knee_y,right_ankle_x,right_ankle_y,left_hip_x,left_hip_y,left_knee_x,left_knee_y,left_ankle_x,left_ankle_y
0.4036719620958751,0.08831521739130435,0.563301282051282,0.22146739130434784,0.6954083054626532,0.2296195652173913,0.6348592530657748,0.34103260869565216,0.45321209587513933,0.36820652173913043,0.5963280379041248,0.2513586956521739,0.4917433110367893,0.2703804347826087,0.4256897993311036,0.4116847826086957,0.2110158862876254,0.45516304347826086,0.6843993868450391,0.5067934782608695,0.7119216833890748,0.501358695652174,0.5082566889632106,0.6834239130434783,0.5798146599777034,0.9035326086956522,0.6513726309921961,0.5095108695652174,0.6348592530657748,0.7269021739130435,0.7064172240802675,0.9497282608695652
