head_top_x,head_top_y,upper_neck_x,upper_neck_y,right_shoulder_x,right_shoulder_y,right_elbow_x,right_elbow_y,right_wrist_x,right_wrist_y,thorax_x,thorax_y,left_shoulder_x,left_shoulder_y,left_elbow_x,left_elbow_y,left_wrist_x,left_wrist_y,pelvis_x,pelvis_y,right_hip_x,right_hip_y,right_knee_x,right_knee_y,right_ankle_x,right_ankle_y,left_hip_x,left_hip_y,left_knee_x,left_knee_y,left_ankle_x,left_ankle_y
0.5992502619172342,0.09918478260869565,0.548471058145626,0.2595108695652174,0.44229635935044515,0.27853260869565216,0.5300058931377685,0.40896739130434784,0.7700530382399161,0.4116847826086957,0.5392384756416972,0.2758152173913043,0.6315643006809849,0.2758152173913043,0.585401388161341,0.40625,0.488459271870089,0.39809782608695654,0.3776682818229439,0.5149456521739131,0.317656495547407,0.5067934782608695,0.34535424305919327,0.5910326086956522,0.317656495547407,0.8274456521739131,0.42844748559455204,0.5258152173913043,0.354586825563122,0.6644021739130435,0.2668772917757988,0.7975543478260869
