head_top_x,head_top_y,upper_neck_x,upper_neck_y,right_shoulder_x,right_shoulder_y,right_elbow_x,right_elbow_y,right_wrist_x,right_wrist_y,thorax_x,thorax_y,left_shoulder_x,left_shoulder_y,left_elbow_x,left_elbow_y,left_wrist_x,left_wrist_y,pelvis_x,pelvis_y,right_hip_x,right_hip_y,right_knee_x,right_knee_y,right_ankle_x,right_ankle_y,left_hip_x,left_hip_y,left_knee_x,left_knee_y,left_ankle_x,left_ankle_y
0.7142729864575909,0.050271739130434784,0.5758196721311475,0.18614130434782608,0.5428545972915182,0.22418478260869565,0.4769244476122594,0.38722826086956524,0.6219707769066287,0.5149456521739131,0.5296685673556664,0.22418478260869565,0.5098895224518888,0.22146739130434784,0.44395937277263003,0.3654891304347826,0.5362615823235924,0.47146739130434784,0.3912152530292231,0.48233695652173914,0.41758731290092654,0.485054347826087,0.6153777619387026,0.6807065217391305,0.6681218816821096,0.9116847826086957,0.3648431931575196,0.4796195652173913,0.3516571632216678,0.688858695652174,0.2791339985744833,0.9171195652173914
