head_top_x,head_top_y,upper_neck_x,upper_neck_y,right_shoulder_x,right_shoulder_y,right_elbow_x,right_elbow_y,right_wrist_x,right_wrist_y,thorax_x,thorax_y,left_shoulder_x,left_shoulder_y,left_elbow_x,left_elbow_y,left_wrist_x,left_wrist_y,pelvis_x,pelvis_y,right_hip_x,right_hip_y,right_knee_x,right_knee_y,right_ankle_x,right_ankle_y,left_hip_x,left_hip_y,left_knee_x,left_knee_y,left_ankle_x,left_ankle_y
0.47598895224518883,0.050271739130434784,0.47598895224518883,0.2105978260869565,0.23587847469707768,0.26766304347826086,0.2221578759800427,0.39809782608695654,0.35250356379187453,0.4279891304347826,0.47598895224518883,0.264945652173913,0.7160994297933001,0.264945652173913,0.7435406272273698,0.40353260869565216,0.5583125445473985,0.40896739130434784,0.462268353528154,0.5122282608695652,0.3319226657163222,0.5095108695652174,0.28390057020669984,0.71875,0.25645937277263003,0.8980978260869565,0.5857537419814682,0.5149456521739131,0.6612170349251605,0.7296195652173914,0.6612170349251605,0.9225543478260869
