head_top_x,head_top_y,upper_neck_x,upper_neck_y,right_shoulder_x,right_shoulder_y,right_elbow_x,right_elbow_y,right_wrist_x,right_wrist_y,thorax_x,thorax_y,left_shoulder_x,left_shoulder_y,left_elbow_x,left_elbow_y,left_wrist_x,left_wrist_y,pelvis_x,pelvis_y,right_hip_x,right_hip_y,right_knee_x,right_knee_y,right_ankle_x,right_ankle_y,left_hip_x,left_hip_y,left_knee_x,left_knee_y,left_ankle_x,left_ankle_y
0.5937002916224814,0.06929347826086957,0.49030686638388127,0.21603260869565216,0.5678519353128315,0.2078804347826087,0.6906316277836692,0.30027173913043476,0.7617146076352067,0.3845108695652174,0.47738268822905616,0.22418478260869565,0.373989262990456,0.2296195652173913,0.36752717391304346,0.32472826086956524,0.5549277571580065,0.4008152173913043,0.4062997083775186,0.44429347826086957,0.4515343319194061,0.4470108695652174,0.4450722428419936,0.6616847826086957,0.4967689554612938,0.873641304347826,0.348140906680806,0.44157608695652173,0.5420035790031813,0.6535326086956522,0.21889912513255563,0.8790760869565217
