head_top_x,head_top_y,upper_neck_x,upper_neck_y,right_shoulder_x,right_shoulder_y,right_elbow_x,right_elbow_y,right_wrist_x,right_wrist_y,thorax_x,thorax_y,left_shoulder_x,left_shoulder_y,left_elbow_x,left_elbow_y,left_wrist_x,left_wrist_y,pelvis_x,pelvis_y,right_hip_x,right_hip_y,right_knee_x,right_knee_y,right_ankle_x,right_ankle_y,left_hip_x,left_hip_y,left_knee_x,left_knee_y,left_ankle_x,left_ankle_y
0.6617535773252613,0.06929347826086957,0.5676424050632911,0.22418478260869565,0.3441283709411117,0.25407608695652173,0.22648940561364894,0.3763586956521739,0.42059369840396255,0.4361413043478261,0.5558785085305448,0.24320652173913043,0.7617466978536048,0.23505434782608695,0.7676286461199779,0.33559782608695654,0.7499828013208585,0.40353260869565216,0.5147048706659327,0.48777173913043476,0.4088298018712163,0.4904891304347826,0.2794269400110072,0.6807065217391305,0.20296161254815626,0.873641304347826,0.6088160429279031,0.4904891304347826,0.6617535773252613,0.686141304347826,0.5794063015960375,0.8926630434782609
