head_top_x,head_top_y,upper_neck_x,upper_neck_y,right_shoulder_x,right_shoulder_y,right_elbow_x,right_elbow_y,right_wrist_x,right_wrist_y,thorax_x,thorax_y,left_shoulder_x,left_shoulder_y,left_elbow_x,left_elbow_y,left_wrist_x,left_wrist_y,pelvis_x,pelvis_y,right_hip_x,right_hip_y,right_knee_x,right_knee_y,right_ankle_x,right_ankle_y,left_hip_x,left_hip_y,left_knee_x,left_knee_y,left_ankle_x,left_ankle_y
0.6993127919511318,0.17527173913043478,0.5813196191160618,0.29483695652173914,0.6323436938555516,0.389945652173913,0.6865567732662594,0.5529891304347826,0.7375808480057492,0.6209239130434783,0.530295544376572,0.34375,0.44419241825368305,0.27853260869565216,0.4154913762127201,0.4279891304347826,0.5526185770750989,0.5149456521739131,0.2943091987064319,0.563858695652174,0.3804123248293209,0.5855978260869565,0.49840549766439096,0.7649456521739131,0.4154913762127201,0.7730978260869565,0.21458408192597916,0.5366847826086957,0.2496631333093784,0.6671195652173914,0.2369071146245059,0.7894021739130435
