head_top_x,head_top_y,upper_neck_x,upper_neck_y,right_shoulder_x,right_shoulder_y,right_elbow_x,right_elbow_y,right_wrist_x,right_wrist_y,thorax_x,thorax_y,left_shoulder_x,left_shoulder_y,left_elbow_x,left_elbow_y,left_wrist_x,left_wrist_y,pelvis_x,pelvis_y,right_hip_x,right_hip_y,right_knee_x,right_knee_y,right_ankle_x,right_ankle_y,left_hip_x,left_hip_y,left_knee_x,left_knee_y,left_ankle_x,left_ankle_y
0.8530836483931947,0.12635869565217392,0.5685845935727789,0.18614130434782608,0.5177811909262761,0.20244565217391305,0.4517367674858223,0.36277173913043476,0.446656427221172,0.501358695652174,0.5076205103969754,0.19972826086956522,0.4923794896030246,0.19157608695652173,0.4060137051039698,0.33016304347826086,0.4263350661625709,0.4796195652173913,0.3247282608695652,0.42527173913043476,0.31964792060491487,0.4279891304347826,0.339969281663516,0.6182065217391305,0.2332821361058601,0.8328804347826086,0.3298086011342155,0.42527173913043476,0.4517367674858223,0.6372282608695652,0.41109404536862,0.8274456521739131
