head_top_x,head_top_y,upper_neck_x,upper_neck_y,right_shoulder_x,right_shoulder_y,right_elbow_x,right_elbow_y,right_wrist_x,right_wrist_y,thorax_x,thorax_y,left_shoulder_x,left_shoulder_y,left_elbow_x,left_elbow_y,left_wrist_x,left_wrist_y,pelvis_x,pelvis_y,right_hip_x,right_hip_y,right_knee_x,right_knee_y,right_ankle_x,right_ankle_y,left_hip_x,left_hip_y,left_knee_x,left_knee_y,left_ankle_x,left_ankle_y
0.5590062111801242,0.07201086956521739,0.5217391304347826,0.2269021739130435,0.3354037267080745,0.26222826086956524,0.21739130434782603,0.3845108695652174,0.3229813664596274,0.3328804347826087,0.5217391304347826,0.2595108695652174,0.7142857142857143,0.2595108695652174,0.7639751552795031,0.34646739130434784,0.7453416149068323,0.360054347826087,0.5155279503105589,0.501358695652174,0.4099378881987578,0.5040760869565217,0.4347826086956522,0.7241847826086957,0.4099378881987578,0.8980978260869565,0.6211180124223602,0.501358695652174,0.6024844720496895,0.6807065217391305,0.608695652173913,0.8165760869565217
