head_top_x,head_top_y,upper_neck_x,upper_neck_y,right_shoulder_x,right_shoulder_y,right_elbow_x,right_elbow_y,right_wrist_x,right_wrist_y,thorax_x,thorax_y,left_shoulder_x,left_shoulder_y,left_elbow_x,left_elbow_y,left_wrist_x,left_wrist_y,pelvis_x,pelvis_y,right_hip_x,right_hip_y,right_knee_x,right_knee_y,right_ankle_x,right_ankle_y,left_hip_x,left_hip_y,left_knee_x,left_knee_y,left_ankle_x,left_ankle_y
0.5399166314900803,0.09646739130434782,0.5117401857323765,0.2595108695652174,0.6526224145208949,0.27853260869565216,0.6901910088644997,0.4008152173913043,0.7653281975517097,0.5149456521739131,0.5070441114394258,0.26766304347826086,0.3661618826509076,0.2595108695652174,0.2252796538623892,0.3546195652173913,0.2957207682566484,0.264945652173913,0.4929558885605741,0.5067934782608695,0.5633970029548333,0.4986413043478261,0.6291420430561417,0.6426630434782609,0.7512399746728576,0.8002717391304348,0.4178186998733643,0.5122282608695652,0.5070441114394258,0.6779891304347826,0.5821813001266356,0.8383152173913043
