head_top_x,head_top_y,upper_neck_x,upper_neck_y,right_shoulder_x,right_shoulder_y,right_elbow_x,right_elbow_y,right_wrist_x,right_wrist_y,thorax_x,thorax_y,left_shoulder_x,left_shoulder_y,left_elbow_x,left_elbow_y,left_wrist_x,left_wrist_y,pelvis_x,pelvis_y,right_hip_x,right_hip_y,right_knee_x,right_knee_y,right_ankle_x,right_ankle_y,left_hip_x,left_hip_y,left_knee_x,left_knee_y,left_ankle_x,left_ankle_y
0.41440217391304346,0.154654071773637,0.7377717391304348,0.49566511387163564,0.7404891304347826,0.4985550379572119,0.36820652173913043,0.22112232574189095,0.84375,0.455206176673568,0.7296195652173914,0.49566511387163564,0.7105978260869565,0.49277518978605933,0.5475543478260869,0.32515959282263635,0.5339673913043478,0.23268202208419597,0.39809782608695654,0.4378666321601104,0.37907608695652173,0.44364648033126297,0.3654891304347826,0.6141520013802623,0.23233695652173914,0.8511257763975155,0.4008152173913043,0.4378666321601104,0.36277173913043476,0.6141520013802623,0.24048913043478262,0.8308963077984817
