head_top_x,head_top_y,upper_neck_x,upper_neck_y,right_shoulder_x,right_shoulder_y,right_elbow_x,right_elbow_y,right_wrist_x,right_wrist_y,thorax_x,thorax_y,left_shoulder_x,left_shoulder_y,left_elbow_x,left_elbow_y,left_wrist_x,left_wrist_y,pelvis_x,pelvis_y,right_hip_x,right_hip_y,right_knee_x,right_knee_y,right_ankle_x,right_ankle_y,left_hip_x,left_hip_y,left_knee_x,left_knee_y,left_ankle_x,left_ankle_y
0.4061650815217391,0.12907608695652173,0.4908004981884057,0.2703804347826087,0.362007472826087,0.25679347826086957,0.2479336503623188,0.2513586956521739,0.21481544384057966,0.37092391304347827,0.4834408967391303,0.25679347826086957,0.604874320652174,0.24864130434782608,0.6821501358695652,0.39266304347826086,0.5607167119565217,0.40625,0.5423177083333334,0.47690217391304346,0.4650418931159421,0.485054347826087,0.43928328804347827,0.6426630434782609,0.5496773097826088,0.7241847826086957,0.615913722826087,0.47690217391304346,0.7263077445652174,0.6698369565217391,0.7741451539855073,0.84375
