head_top_x,head_top_y,upper_neck_x,upper_neck_y,right_shoulder_x,right_shoulder_y,right_elbow_x,right_elbow_y,right_wrist_x,right_wrist_y,thorax_x,thorax_y,left_shoulder_x,left_shoulder_y,left_elbow_x,left_elbow_y,left_wrist_x,left_wrist_y,pelvis_x,pelvis_y,right_hip_x,right_hip_y,right_knee_x,right_knee_y,right_ankle_x,right_ankle_y,left_hip_x,left_hip_y,left_knee_x,left_knee_y,left_ankle_x,left_ankle_y
0.39452231121281467,0.15625,0.45530606407322655,0.3138586956521739,0.40524885583524023,0.3491847826086957,0.3373140732265446,0.44972826086956524,0.23719965675057206,0.47146739130434784,0.4731836384439359,0.34103260869565216,0.5339673913043478,0.33016304347826086,0.7020165903890161,0.41983695652173914,0.7842534324942793,0.53125,0.530391876430206,0.5774456521739131,0.4874856979405034,0.5665760869565217,0.28368135011441653,0.6453804347826086,0.2801058352402746,0.8247282608695652,0.5625715102974828,0.5883152173913043,0.28725686498855835,0.6372282608695652,0.41239988558352403,0.811141304347826
