head_top_x,head_top_y,upper_neck_x,upper_neck_y,right_shoulder_x,right_shoulder_y,right_elbow_x,right_elbow_y,right_wrist_x,right_wrist_y,thorax_x,thorax_y,left_shoulder_x,left_shoulder_y,left_elbow_x,left_elbow_y,left_wrist_x,left_wrist_y,pelvis_x,pelvis_y,right_hip_x,right_hip_y,right_knee_x,right_knee_y,right_ankle_x,right_ankle_y,left_hip_x,left_hip_y,left_knee_x,left_knee_y,left_ankle_x,left_ankle_y
0.7117447769621682,0.07744565217391304,0.660926030491248,0.24592391304347827,0.7682100508187465,0.28940217391304346,0.6891586674195371,0.40896739130434784,0.6101072840203274,0.5230978260869565,0.6383399209486166,0.2758152173913043,0.5084697910784867,0.2703804347826087,0.3616600790513834,0.43070652173913043,0.45765104460756634,0.4904891304347826,0.4915302089215133,0.53125,0.5705815923207227,0.5339673913043478,0.7173913043478262,0.7459239130434783,0.7286843591191416,0.9633152173913043,0.4294184076792772,0.5258152173913043,0.3616600790513834,0.7377717391304348,0.20355731225296442,0.9334239130434783
