head_top_x,head_top_y,upper_neck_x,upper_neck_y,right_shoulder_x,right_shoulder_y,right_elbow_x,right_elbow_y,right_wrist_x,right_wrist_y,thorax_x,thorax_y,left_shoulder_x,left_shoulder_y,left_elbow_x,left_elbow_y,left_wrist_x,left_wrist_y,pelvis_x,pelvis_y,right_hip_x,right_hip_y,right_knee_x,right_knee_y,right_ankle_x,right_ankle_y,left_hip_x,left_hip_y,left_knee_x,left_knee_y,left_ankle_x,left_ankle_y
0.5629395780051152,0.10190217391304347,0.4696957587382779,0.2513586956521739,0.4836823316283035,0.25679347826086957,0.6515212063086103,0.28125,0.7680759803921569,0.22146739130434784,0.4696957587382779,0.2513586956521739,0.43239823103154307,0.24864130434782608,0.6515212063086103,0.31929347826086957,0.7401028346121058,0.2269021739130435,0.27388373827791984,0.4741847826086957,0.30185688405797106,0.4796195652173913,0.5116554774083546,0.6589673913043478,0.43239823103154307,0.8410326086956522,0.2412484015345269,0.47146739130434784,0.37645193947144073,0.6399456521739131,0.2179374467178176,0.7948369565217391
