head_top_x,head_top_y,upper_neck_x,upper_neck_y,right_shoulder_x,right_shoulder_y,right_elbow_x,right_elbow_y,right_wrist_x,right_wrist_y,thorax_x,thorax_y,left_shoulder_x,left_shoulder_y,left_elbow_x,left_elbow_y,left_wrist_x,left_wrist_y,pelvis_x,pelvis_y,right_hip_x,right_hip_y,right_knee_x,right_knee_y,right_ankle_x,right_ankle_y,left_hip_x,left_hip_y,left_knee_x,left_knee_y,left_ankle_x,left_ankle_y
0.5228359088528025,0.07472826086956522,0.502537323205867,0.24320652173913043,0.6700006547930855,0.2758152173913043,0.7562696437925616,0.3845108695652174,0.7461203509690937,0.4986413043478261,0.4974626767941332,0.2703804347826087,0.3198500523834468,0.26766304347826086,0.2386557097957046,0.40896739130434784,0.21328247773703513,0.5285326086956522,0.4670147983237297,0.5394021739130435,0.5431344944997382,0.5421195652173914,0.5076119696176008,0.6970108695652174,0.3452232844421163,0.8600543478260869,0.39089510214772133,0.5339673913043478,0.39596974855945527,0.686141304347826,0.4416415662650603,0.8491847826086957
