head_top_x,head_top_y,upper_neck_x,upper_neck_y,right_shoulder_x,right_shoulder_y,right_elbow_x,right_elbow_y,right_wrist_x,right_wrist_y,thorax_x,thorax_y,left_shoulder_x,left_shoulder_y,left_elbow_x,left_elbow_y,left_wrist_x,left_wrist_y,pelvis_x,pelvis_y,right_hip_x,right_hip_y,right_knee_x,right_knee_y,right_ankle_x,right_ankle_y,left_hip_x,left_hip_y,left_knee_x,left_knee_y,left_ankle_x,left_ankle_y
0.4939064558629776,0.05298913043478261,0.4979688186209926,0.21331521739130435,0.351723759332455,0.24864130434782608,0.21360342555994732,0.3138586956521739,0.233915239350022,0.4388586956521739,0.5020311813790075,0.25679347826086957,0.6523386034255599,0.264945652173913,0.7538976723759333,0.3953804347826087,0.8107707509881422,0.5230978260869565,0.46140755379885817,0.5203804347826086,0.38828502415458943,0.5122282608695652,0.44922046552481343,0.7133152173913043,0.4451581027667984,0.9307065217391305,0.5345300834431269,0.5285326086956522,0.5101559068950372,0.7377717391304348,0.4532828282828283,0.936141304347826
