head_top_x,head_top_y,upper_neck_x,upper_neck_y,right_shoulder_x,right_shoulder_y,right_elbow_x,right_elbow_y,right_wrist_x,right_wrist_y,thorax_x,thorax_y,left_shoulder_x,left_shoulder_y,left_elbow_x,left_elbow_y,left_wrist_x,left_wrist_y,pelvis_x,pelvis_y,right_hip_x,right_hip_y,right_knee_x,right_knee_y,right_ankle_x,right_ankle_y,left_hip_x,left_hip_y,left_knee_x,left_knee_y,left_ankle_x,left_ankle_y
0.5876358695652174,0.13179347826086957,0.5224184782608696,0.27309782608695654,0.6365489130434783,0.2758152173913043,0.6120923913043478,0.2758152173913043,0.4612771739130435,0.22418478260869565,0.530570652173913,0.26766304347826086,0.4205163043478261,0.26222826086956524,0.3675271739130435,0.26222826086956524,0.3226902173913043,0.2269021739130435,0.4123641304347826,0.46603260869565216,0.453125,0.46875,0.22894021739130435,0.5910326086956522,0.06589673913043477,0.7622282608695652,0.3797554347826087,0.46059782608695654,0.4042119565217391,0.7051630434782609,0.6936141304347826,0.8002717391304348
