head_top_x,head_top_y,upper_neck_x,upper_neck_y,right_shoulder_x,right_shoulder_y,right_elbow_x,right_elbow_y,right_wrist_x,right_wrist_y,thorax_x,thorax_y,left_shoulder_x,left_shoulder_y,left_elbow_x,left_elbow_y,left_wrist_x,left_wrist_y,pelvis_x,pelvis_y,right_hip_x,right_hip_y,right_knee_x,right_knee_y,right_ankle_x,right_ankle_y,left_hip_x,left_hip_y,left_knee_x,left_knee_y,left_ankle_x,left_ankle_y
0.5560379109225875,0.06114130434782609,0.5088480911983033,0.21875,0.3200888123011665,0.2296195652173913,0.24340535524920467,0.3654891304347826,0.2198104453870626,0.48233695652173914,0.5029493637327679,0.2296195652173913,0.6917086426299045,0.23233695652173914,0.7035060975609756,0.36277173913043476,0.7624933722163308,0.485054347826087,0.538341728525981,0.49320652173913043,0.43806336161187703,0.49320652173913043,0.4321646341463415,0.6671195652173914,0.39677226935312826,0.84375,0.6268226405090138,0.48777173913043476,0.6445188229056203,0.688858695652174,0.6445188229056203,0.8926630434782609
