head_top_x,head_top_y,upper_neck_x,upper_neck_y,right_shoulder_x,right_shoulder_y,right_elbow_x,right_elbow_y,right_wrist_x,right_wrist_y,thorax_x,thorax_y,left_shoulder_x,left_shoulder_y,left_elbow_x,left_elbow_y,left_wrist_x,left_wrist_y,pelvis_x,pelvis_y,right_hip_x,right_hip_y,right_knee_x,right_knee_y,right_ankle_x,right_ankle_y,left_hip_x,left_hip_y,left_knee_x,left_knee_y,left_ankle_x,left_ankle_y
0.5734538980509745,0.10733695652173914,0.5546195652173913,0.264945652173913,0.44161356821589215,0.2513586956521739,0.3399081709145428,0.34103260869565216,0.40017803598200896,0.38179347826086957,0.5583864317841081,0.2513586956521739,0.6789261619190404,0.25407608695652173,0.7730978260869565,0.3383152173913043,0.7580303598200899,0.46875,0.5094171664167916,0.45516304347826086,0.44161356821589215,0.44972826086956524,0.34367503748125944,0.6589673913043478,0.20053410794602702,0.8029891304347826,0.5734538980509745,0.46059782608695654,0.6299568965517242,0.626358695652174,0.5508526986506747,0.7051630434782609
