head_top_x,head_top_y,upper_neck_x,upper_neck_y,right_shoulder_x,right_shoulder_y,right_elbow_x,right_elbow_y,right_wrist_x,right_wrist_y,thorax_x,thorax_y,left_shoulder_x,left_shoulder_y,left_elbow_x,left_elbow_y,left_wrist_x,left_wrist_y,pelvis_x,pelvis_y,right_hip_x,right_hip_y,right_knee_x,right_knee_y,right_ankle_x,right_ankle_y,left_hip_x,left_hip_y,left_knee_x,left_knee_y,left_ankle_x,left_ankle_y
0.2131024096385542,0.10733695652173914,0.30346385542168675,0.25407608695652173,0.38478915662650603,0.2513586956521739,0.565512048192771,0.297554347826087,0.7417168674698794,0.3383152173913043,0.3170180722891566,0.264945652173913,0.24472891566265062,0.2758152173913043,0.3531626506024097,0.35733695652173914,0.7010542168674699,0.33559782608695654,0.3667168674698795,0.59375,0.39834337349397586,0.5855978260869565,0.759789156626506,0.6834239130434783,0.46611445783132527,0.8682065217391305,0.3350903614457831,0.5991847826086957,0.7100903614457832,0.6644021739130435,0.4932228915662651,0.8519021739130435
