head_top_x,head_top_y,upper_neck_x,upper_neck_y,right_shoulder_x,right_shoulder_y,right_elbow_x,right_elbow_y,right_wrist_x,right_wrist_y,thorax_x,thorax_y,left_shoulder_x,left_shoulder_y,left_elbow_x,left_elbow_y,left_wrist_x,left_wrist_y,pelvis_x,pelvis_y,right_hip_x,right_hip_y,right_knee_x,right_knee_y,right_ankle_x,right_ankle_y,left_hip_x,left_hip_y,left_knee_x,left_knee_y,left_ankle_x,left_ankle_y
0.5347623728029602,0.07201086956521739,0.49197791396854773,0.22146739130434784,0.2994478492136911,0.25679347826086957,0.21922698889916745,0.389945652173913,0.26201144773358004,0.5095108695652174,0.4812817992599445,0.24864130434782608,0.6524196345975949,0.23777173913043478,0.73798855226642,0.360054347826087,0.7326404949121186,0.30570652173913043,0.4759337419056429,0.47690217391304346,0.37966870952821463,0.4741847826086957,0.3529284227567067,0.6834239130434783,0.3422323080481037,0.8682065217391305,0.5615026595744681,0.48233695652173914,0.5615026595744681,0.6752717391304348,0.6096351757631824,0.8654891304347826
