head_top_x,head_top_y,upper_neck_x,upper_neck_y,right_shoulder_x,right_shoulder_y,right_elbow_x,right_elbow_y,right_wrist_x,right_wrist_y,thorax_x,thorax_y,left_shoulder_x,left_shoulder_y,left_elbow_x,left_elbow_y,left_wrist_x,left_wrist_y,pelvis_x,pelvis_y,right_hip_x,right_hip_y,right_knee_x,right_knee_y,right_ankle_x,right_ankle_y,left_hip_x,left_hip_y,left_knee_x,left_knee_y,left_ankle_x,left_ankle_y
0.6485268878718535,0.13994565217391305,0.5686737223493517,0.2703804347826087,0.4888205568268497,0.24320652173913043,0.3834143783371472,0.20516304347826086,0.24926106025934405,0.19429347826086957,0.5654795957284516,0.27309782608695654,0.6389445080091534,0.31657608695652173,0.5399265827612509,0.41440217391304346,0.45687929061784893,0.3383152173913043,0.4888205568268497,0.47146739130434784,0.45049103737604884,0.45516304347826086,0.2843964530892448,0.5095108695652174,0.23009630053394356,0.6807065217391305,0.5367324561403509,0.4904891304347826,0.6293621281464531,0.6616847826086957,0.7730978260869565,0.8084239130434783
