head_top_x,head_top_y,upper_neck_x,upper_neck_y,right_shoulder_x,right_shoulder_y,right_elbow_x,right_elbow_y,right_wrist_x,right_wrist_y,thorax_x,thorax_y,left_shoulder_x,left_shoulder_y,left_elbow_x,left_elbow_y,left_wrist_x,left_wrist_y,pelvis_x,pelvis_y,right_hip_x,right_hip_y,right_knee_x,right_knee_y,right_ankle_x,right_ankle_y,left_hip_x,left_hip_y,left_knee_x,left_knee_y,left_ankle_x,left_ankle_y
0.48128839792060485,0.08016304347826086,0.4973269139886578,0.23233695652173914,0.6577120746691871,0.2513586956521739,0.7379046550094518,0.3763586956521739,0.7539431710775046,0.4741847826086957,0.5026730860113422,0.2513586956521739,0.3369417533081285,0.24864130434782608,0.23001831285444224,0.36277173913043476,0.29417237712665406,0.360054347826087,0.5240577741020793,0.4904891304347826,0.6202888705103969,0.48777173913043476,0.6095965264650285,0.6589673913043478,0.5935580103969753,0.8220108695652174,0.4278266776937617,0.4904891304347826,0.40644198960302447,0.6644021739130435,0.3904034735349716,0.8682065217391305
