head_top_x,head_top_y,upper_neck_x,upper_neck_y,right_shoulder_x,right_shoulder_y,right_elbow_x,right_elbow_y,right_wrist_x,right_wrist_y,thorax_x,thorax_y,left_shoulder_x,left_shoulder_y,left_elbow_x,left_elbow_y,left_wrist_x,left_wrist_y,pelvis_x,pelvis_y,right_hip_x,right_hip_y,right_knee_x,right_knee_y,right_ankle_x,right_ankle_y,left_hip_x,left_hip_y,left_knee_x,left_knee_y,left_ankle_x,left_ankle_y
0.3841867770243319,0.10733695652173914,0.3923140207419226,0.26766304347826086,0.25415087754287996,0.2921195652173913,0.2500872556840846,0.39809782608695654,0.44107748304746713,0.3953804347826087,0.3923140207419226,0.2758152173913043,0.5304771639409652,0.2703804347826087,0.6401949541284404,0.35733695652173914,0.7742944754686878,0.44429347826086957,0.4166957518946949,0.5122282608695652,0.34355055843637816,0.5203804347826086,0.44107748304746713,0.6942934782608695,0.5629861388113283,0.8383152173913043,0.48577732349421615,0.5040760869565217,0.49796818907060236,0.6807065217391305,0.48577732349421615,0.8709239130434783
