head_top_x,head_top_y,upper_neck_x,upper_neck_y,right_shoulder_x,right_shoulder_y,right_elbow_x,right_elbow_y,right_wrist_x,right_wrist_y,thorax_x,thorax_y,left_shoulder_x,left_shoulder_y,left_elbow_x,left_elbow_y,left_wrist_x,left_wrist_y,pelvis_x,pelvis_y,right_hip_x,right_hip_y,right_knee_x,right_knee_y,right_ankle_x,right_ankle_y,left_hip_x,left_hip_y,left_knee_x,left_knee_y,left_ankle_x,left_ankle_y
0.623612700228833,0.23505434782608695,0.43963100686498857,0.3383152173913043,0.5086241418764302,0.33559782608695654,0.37063787185354685,0.21875,0.3648884439359268,0.12907608695652173,0.4511298627002288,0.32472826086956524,0.3936355835240275,0.31929347826086957,0.2843964530892449,0.19972826086956522,0.3073941647597254,0.10461956521739131,0.24989988558352402,0.561141304347826,0.26139874141876435,0.561141304347826,0.3073941647597254,0.7323369565217391,0.7501001144164761,0.78125,0.23840102974828367,0.561141304347826,0.27289759725400453,0.7377717391304348,0.4511298627002288,0.8817934782608695
