head_top_x,head_top_y,upper_neck_x,upper_neck_y,right_shoulder_x,right_shoulder_y,right_elbow_x,right_elbow_y,right_wrist_x,right_wrist_y,thorax_x,thorax_y,left_shoulder_x,left_shoulder_y,left_elbow_x,left_elbow_y,left_wrist_x,left_wrist_y,pelvis_x,pelvis_y,right_hip_x,right_hip_y,right_knee_x,right_knee_y,right_ankle_x,right_ankle_y,left_hip_x,left_hip_y,left_knee_x,left_knee_y,left_ankle_x,left_ankle_y
0.49651560308555404,0.06929347826086957,0.601047510518934,0.20516304347826086,0.531359572230014,0.23777173913043478,0.433796458625526,0.3383152173913043,0.23170143758765782,0.2703804347826087,0.6428602734922862,0.24864130434782608,0.7543609747545582,0.2513586956521739,0.677704242636746,0.36820652173913043,0.3571397265077139,0.34375,0.566203541374474,0.5040760869565217,0.5034843969144461,0.5040760869565217,0.5174219845722299,0.6970108695652174,0.55226595371669,0.8709239130434783,0.6149850981767181,0.5040760869565217,0.545297159887798,0.7024456521739131,0.545297159887798,0.8980978260869565
