head_top_x,head_top_y,upper_neck_x,upper_neck_y,right_shoulder_x,right_shoulder_y,right_elbow_x,right_elbow_y,right_wrist_x,right_wrist_y,thorax_x,thorax_y,left_shoulder_x,left_shoulder_y,left_elbow_x,left_elbow_y,left_wrist_x,left_wrist_y,pelvis_x,pelvis_y,right_hip_x,right_hip_y,right_knee_x,right_knee_y,right_ankle_x,right_ankle_y,left_hip_x,left_hip_y,left_knee_x,left_knee_y,left_ankle_x,left_ankle_y
0.5029857756307032,0.07744565217391304,0.4134125067096082,0.21603260869565216,0.23426596886741813,0.22146739130434784,0.22829441760601177,0.36277173913043476,0.4193840579710144,0.2921195652173913,0.4134125067096082,0.22146739130434784,0.5806159420289856,0.21875,0.6104736983360173,0.3328804347826087,0.44327026301663985,0.29483695652173914,0.45521336553945246,0.452445652173913,0.35369699409554484,0.4578804347826087,0.3059245840042942,0.6616847826086957,0.3118961352657004,0.8709239130434783,0.5388150831991412,0.4470108695652174,0.6343599033816424,0.6535326086956522,0.7478193773483629,0.8573369565217391
