head_top_x,head_top_y,upper_neck_x,upper_neck_y,right_shoulder_x,right_shoulder_y,right_elbow_x,right_elbow_y,right_wrist_x,right_wrist_y,thorax_x,thorax_y,left_shoulder_x,left_shoulder_y,left_elbow_x,left_elbow_y,left_wrist_x,left_wrist_y,pelvis_x,pelvis_y,right_hip_x,right_hip_y,right_knee_x,right_knee_y,right_ankle_x,right_ankle_y,left_hip_x,left_hip_y,left_knee_x,left_knee_y,left_ankle_x,left_ankle_y
0.4571411445012788,0.058423913043478264,0.4373601342710998,0.21603260869565216,0.6219828964194374,0.23505434782608695,0.6681385869565216,0.37907608695652173,0.7538562979539644,0.47146739130434784,0.4373601342710998,0.23505434782608695,0.2527373721227622,0.24048913043478262,0.2131753516624041,0.37907608695652173,0.25933104219948844,0.46603260869565216,0.41098545396419434,0.46059782608695654,0.4901094948849105,0.46603260869565216,0.5626398657289002,0.6616847826086957,0.5296715153452685,0.8682065217391305,0.32526774296675187,0.4633152173913043,0.33186141304347827,0.6752717391304348,0.3384550831202046,0.8682065217391305
