head_top_x,head_top_y,upper_neck_x,upper_neck_y,right_shoulder_x,right_shoulder_y,right_elbow_x,right_elbow_y,right_wrist_x,right_wrist_y,thorax_x,thorax_y,left_shoulder_x,left_shoulder_y,left_elbow_x,left_elbow_y,left_wrist_x,left_wrist_y,pelvis_x,pelvis_y,right_hip_x,right_hip_y,right_knee_x,right_knee_y,right_ankle_x,right_ankle_y,left_hip_x,left_hip_y,left_knee_x,left_knee_y,left_ankle_x,left_ankle_y
0.4838297339816933,0.07201086956521739,0.4514892019450801,0.22418478260869565,0.54851079805492,0.22418478260869565,0.6922464959954233,0.264945652173913,0.7713011298627002,0.21875,0.44789580949656754,0.2296195652173913,0.3472808209382151,0.23233695652173914,0.22510547768878716,0.2269021739130435,0.2358856550343249,0.21603260869565216,0.426335454805492,0.4279891304347826,0.4730495566361556,0.43070652173913043,0.3904015303203661,0.6589673913043478,0.322127073798627,0.8247282608695652,0.3796213529748284,0.422554347826087,0.27900636441647597,0.6345108695652174,0.21791869279176204,0.813858695652174
