head_top_x,head_top_y,upper_neck_x,upper_neck_y,right_shoulder_x,right_shoulder_y,right_elbow_x,right_elbow_y,right_wrist_x,right_wrist_y,thorax_x,thorax_y,left_shoulder_x,left_shoulder_y,left_elbow_x,left_elbow_y,left_wrist_x,left_wrist_y,pelvis_x,pelvis_y,right_hip_x,right_hip_y,right_knee_x,right_knee_y,right_ankle_x,right_ankle_y,left_hip_x,left_hip_y,left_knee_x,left_knee_y,left_ankle_x,left_ankle_y
0.5021298472385429,0.12635869565217392,0.4169359576968273,0.26766304347826086,0.3402614571092832,0.28125,0.20821092831962393,0.39266304347826086,0.37859870740305523,0.44429347826086957,0.4041568742655698,0.28940217391304346,0.46805229142185656,0.297554347826087,0.4893507638072855,0.4008152173913043,0.600102820211516,0.40896739130434784,0.45953290246768513,0.501358695652174,0.4254553466509987,0.5095108695652174,0.6128819036427732,0.6508152173913043,0.7619712103407756,0.8573369565217391,0.49361045828437133,0.49320652173913043,0.59584312573443,0.6671195652173914,0.4084165687426557,0.8002717391304348
