head_top_x,head_top_y,upper_neck_x,upper_neck_y,right_shoulder_x,right_shoulder_y,right_elbow_x,right_elbow_y,right_wrist_x,right_wrist_y,thorax_x,thorax_y,left_shoulder_x,left_shoulder_y,left_elbow_x,left_elbow_y,left_wrist_x,left_wrist_y,pelvis_x,pelvis_y,right_hip_x,right_hip_y,right_knee_x,right_knee_y,right_ankle_x,right_ankle_y,left_hip_x,left_hip_y,left_knee_x,left_knee_y,left_ankle_x,left_ankle_y
0.437400279218189,0.09646739130434782,0.4884074591144795,0.24592391304347827,0.44203729557239735,0.27309782608695654,0.41885221380135623,0.3845108695652174,0.242645592341444,0.34646739130434784,0.5069555245313123,0.264945652173913,0.562599720781811,0.25407608695652173,0.6367919824491424,0.360054347826087,0.4466743119266055,0.38722826086956524,0.585784802552852,0.5067934782608695,0.5486886717191863,0.5067934782608695,0.520866573593937,0.6644021739130435,0.7619914240127643,0.811141304347826,0.6136069006781013,0.5067934782608695,0.5255035899481453,0.6616847826086957,0.5069555245313123,0.8600543478260869
