head_top_x,head_top_y,upper_neck_x,upper_neck_y,right_shoulder_x,right_shoulder_y,right_elbow_x,right_elbow_y,right_wrist_x,right_wrist_y,thorax_x,thorax_y,left_shoulder_x,left_shoulder_y,left_elbow_x,left_elbow_y,left_wrist_x,left_wrist_y,pelvis_x,pelvis_y,right_hip_x,right_hip_y,right_knee_x,right_knee_y,right_ankle_x,right_ankle_y,left_hip_x,left_hip_y,left_knee_x,left_knee_y,left_ankle_x,left_ankle_y
0.4596614277320799,0.08016304347826086,0.46586736192714456,0.2269021739130435,0.6706631903642772,0.2269021739130435,0.7699581374853115,0.3328804347826087,0.6458394535840188,0.38179347826086957,0.46586736192714456,0.23777173913043478,0.2610715334900118,0.24592391304347827,0.21142405992949478,0.3546195652173913,0.3479546122209166,0.3953804347826087,0.5155148354876614,0.4741847826086957,0.627221650998825,0.4633152173913043,0.7078987955346652,0.6807065217391305,0.7141047297297297,0.8953804347826086,0.4100139541715629,0.4796195652173913,0.3976020857814336,0.6779891304347826,0.3976020857814336,0.8573369565217391
