head_top_x,head_top_y,upper_neck_x,upper_neck_y,right_shoulder_x,right_shoulder_y,right_elbow_x,right_elbow_y,right_wrist_x,right_wrist_y,thorax_x,thorax_y,left_shoulder_x,left_shoulder_y,left_elbow_x,left_elbow_y,left_wrist_x,left_wrist_y,pelvis_x,pelvis_y,right_hip_x,right_hip_y,right_knee_x,right_knee_y,right_ankle_x,right_ankle_y,left_hip_x,left_hip_y,left_knee_x,left_knee_y,left_ankle_x,left_ankle_y
0.5720108695652174,0.03291984732824429,0.5339673913043478,0.19907484234981745,0.623641304347826,0.26922917358114834,0.6942934782608695,0.3652298373713906,0.78125,0.450153501493528,0.53125,0.2507675074676402,0.44157608695652173,0.2175365084633256,0.3138586956521739,0.2950755061400598,0.17255434782608695,0.3430758380351809,0.5584239130434783,0.5498464985064719,0.6073369565217391,0.5129231662794557,0.751358695652174,0.6753858280783273,0.6970108695652174,0.5978468304015931,0.5040760869565217,0.5756928310653834,0.5692934782608695,0.6938474941918354,0.6644021739130435,0.826771490209094
