head_top_x,head_top_y,upper_neck_x,upper_neck_y,right_shoulder_x,right_shoulder_y,right_elbow_x,right_elbow_y,right_wrist_x,right_wrist_y,thorax_x,thorax_y,left_shoulder_x,left_shoulder_y,left_elbow_x,left_elbow_y,left_wrist_x,left_wrist_y,pelvis_x,pelvis_y,right_hip_x,right_hip_y,right_knee_x,right_knee_y,right_ankle_x,right_ankle_y,left_hip_x,left_hip_y,left_knee_x,left_knee_y,left_ankle_x,left_ankle_y
0.5183175371155886,0.14266304347826086,0.5249784597030752,0.28125,0.45836923382820777,0.2921195652173913,0.5416307661717921,0.3736413043478261,0.6715187566277837,0.34103260869565216,0.5249784597030752,0.27853260869565216,0.5949181468716861,0.26766304347826086,0.6348836823966065,0.3383152173913043,0.7281365986214209,0.28940217391304346,0.5116566145281018,0.46875,0.45836923382820777,0.46603260869565216,0.34846401113467645,0.626358695652174,0.22190648197242843,0.7676630434782609,0.5582830726405089,0.47690217391304346,0.6315532211028632,0.6426630434782609,0.6615273727465535,0.78125
