head_top_x,head_top_y,upper_neck_x,upper_neck_y,right_shoulder_x,right_shoulder_y,right_elbow_x,right_elbow_y,right_wrist_x,right_wrist_y,thorax_x,thorax_y,left_shoulder_x,left_shoulder_y,left_elbow_x,left_elbow_y,left_wrist_x,left_wrist_y,pelvis_x,pelvis_y,right_hip_x,right_hip_y,right_knee_x,right_knee_y,right_ankle_x,right_ankle_y,left_hip_x,left_hip_y,left_knee_x,left_knee_y,left_ankle_x,left_ankle_y
0.668868885869565,0.08016304347826086,0.5747452445652175,0.2296195652173913,0.39203464673913047,0.24048913043478262,0.18717730978260874,0.3383152173913043,0.3975713315217392,0.4171195652173913,0.5747452445652175,0.24592391304347827,0.7574558423913044,0.24592391304347827,0.707625679347826,0.3546195652173913,0.7242357336956521,0.4279891304347826,0.5304517663043479,0.4904891304347826,0.4307914402173913,0.485054347826087,0.39203464673913047,0.6942934782608695,0.3698879076086957,0.8627717391304348,0.6245754076086956,0.48777173913043476,0.6744055706521739,0.6915760869565217,0.5968919836956521,0.8790760869565217
