head_top_x,head_top_y,upper_neck_x,upper_neck_y,right_shoulder_x,right_shoulder_y,right_elbow_x,right_elbow_y,right_wrist_x,right_wrist_y,thorax_x,thorax_y,left_shoulder_x,left_shoulder_y,left_elbow_x,left_elbow_y,left_wrist_x,left_wrist_y,pelvis_x,pelvis_y,right_hip_x,right_hip_y,right_knee_x,right_knee_y,right_ankle_x,right_ankle_y,left_hip_x,left_hip_y,left_knee_x,left_knee_y,left_ankle_x,left_ankle_y
0.29555722891566266,0.06385869565217392,0.38444539025667895,0.21331521739130435,0.24222433211105293,0.25679347826086957,0.2362984546883185,0.36820652173913043,0.3133348611838659,0.42527173913043476,0.4081488999476166,0.24864130434782608,0.5562958355159769,0.23505434782608695,0.7755533001571504,0.34375,0.6570357517024621,0.4470108695652174,0.41407477737035103,0.501358695652174,0.3311124934520692,0.501358695652174,0.38444539025667895,0.6997282608695652,0.4733335515976951,0.8654891304347826,0.49703706128863284,0.501358695652174,0.5325923258250393,0.688858695652174,0.5977769774751178,0.876358695652174
