head_top_x,head_top_y,upper_neck_x,upper_neck_y,right_shoulder_x,right_shoulder_y,right_elbow_x,right_elbow_y,right_wrist_x,right_wrist_y,thorax_x,thorax_y,left_shoulder_x,left_shoulder_y,left_elbow_x,left_elbow_y,left_wrist_x,left_wrist_y,pelvis_x,pelvis_y,right_hip_x,right_hip_y,right_knee_x,right_knee_y,right_ankle_x,right_ankle_y,left_hip_x,left_hip_y,left_knee_x,left_knee_y,left_ankle_x,left_ankle_y
0.8410326086956522,0.7496920289855074,0.7459239130434783,0.6353079710144927,0.7051630434782609,0.6157789855072464,0.5285326086956522,0.44280797101449276,0.41983695652173914,0.3367934782608695,0.7105978260869565,0.6018297101449276,0.7133152173913043,0.5878804347826088,0.53125,0.4623369565217391,0.3845108695652174,0.28099637681159423,0.4470108695652174,0.47349637681159423,0.4470108695652174,0.47070652173913047,0.38179347826086957,0.21125,0.22418478260869565,0.7469021739130435,0.43070652173913043,0.4818659420289855,0.3111413043478261,0.5125543478260869,0.22418478260869565,0.741322463768116
