head_top_x,head_top_y,upper_neck_x,upper_neck_y,right_shoulder_x,right_shoulder_y,right_elbow_x,right_elbow_y,right_wrist_x,right_wrist_y,thorax_x,thorax_y,left_shoulder_x,left_shoulder_y,left_elbow_x,left_elbow_y,left_wrist_x,left_wrist_y,pelvis_x,pelvis_y,right_hip_x,right_hip_y,right_knee_x,right_knee_y,right_ankle_x,right_ankle_y,left_hip_x,left_hip_y,left_knee_x,left_knee_y,left_ankle_x,left_ankle_y
0.5070108695652173,0.08288043478260869,0.46027173913043473,0.24864130434782608,0.33407608695652175,0.264945652173913,0.2779891304347826,0.4116847826086957,0.2779891304347826,0.5475543478260869,0.46027173913043473,0.26766304347826086,0.5911413043478261,0.2703804347826087,0.6425543478260869,0.40353260869565216,0.7594021739130434,0.5203804347826086,0.4415760869565218,0.5149456521739131,0.408858695652174,0.5176630434782609,0.5490760869565218,0.6997282608695652,0.6285326086956522,0.9089673913043478,0.46494565217391315,0.5149456521739131,0.40418478260869567,0.6942934782608695,0.2359239130434783,0.8709239130434783
