head_top_x,head_top_y,upper_neck_x,upper_neck_y,right_shoulder_x,right_shoulder_y,right_elbow_x,right_elbow_y,right_wrist_x,right_wrist_y,thorax_x,thorax_y,left_shoulder_x,left_shoulder_y,left_elbow_x,left_elbow_y,left_wrist_x,left_wrist_y,pelvis_x,pelvis_y,right_hip_x,right_hip_y,right_knee_x,right_knee_y,right_ankle_x,right_ankle_y,left_hip_x,left_hip_y,left_knee_x,left_knee_y,left_ankle_x,left_ankle_y
0.6216032608695653,0.06114130434782609,0.5741483297985153,0.22418478260869565,0.49703406680805945,0.27309782608695654,0.4911022004241782,0.422554347826087,0.639398860021209,0.5230978260869565,0.5622845970307531,0.264945652173913,0.6275351272534465,0.2595108695652174,0.639398860021209,0.38722826086956524,0.7343087221633087,0.5095108695652174,0.5563527306468716,0.5040760869565217,0.5029659331919407,0.501358695652174,0.4851703340402969,0.6942934782608695,0.21823634676564158,0.8654891304347826,0.6038076617179214,0.5067934782608695,0.639398860021209,0.6942934782608695,0.6571944591728527,0.873641304347826
