head_top_x,head_top_y,upper_neck_x,upper_neck_y,right_shoulder_x,right_shoulder_y,right_elbow_x,right_elbow_y,right_wrist_x,right_wrist_y,thorax_x,thorax_y,left_shoulder_x,left_shoulder_y,left_elbow_x,left_elbow_y,left_wrist_x,left_wrist_y,pelvis_x,pelvis_y,right_hip_x,right_hip_y,right_knee_x,right_knee_y,right_ankle_x,right_ankle_y,left_hip_x,left_hip_y,left_knee_x,left_knee_y,left_ankle_x,left_ankle_y
0.43125,0.06385869565217392,0.5926630434782609,0.20516304347826086,0.730163043478261,0.2105978260869565,0.5807065217391305,0.327445652173913,0.3236413043478261,0.2296195652173913,0.6285326086956522,0.24048913043478262,0.5388586956521739,0.26222826086956524,0.3654891304347826,0.37092391304347827,0.20407608695652174,0.30027173913043476,0.7062499999999999,0.5040760869565217,0.7839673913043478,0.49592391304347827,0.35951086956521744,0.686141304347826,0.23994565217391306,0.8845108695652174,0.6464673913043478,0.5040760869565217,0.4491847826086956,0.7105978260869565,0.6644021739130433,0.9008152173913043
