head_top_x,head_top_y,upper_neck_x,upper_neck_y,right_shoulder_x,right_shoulder_y,right_elbow_x,right_elbow_y,right_wrist_x,right_wrist_y,thorax_x,thorax_y,left_shoulder_x,left_shoulder_y,left_elbow_x,left_elbow_y,left_wrist_x,left_wrist_y,pelvis_x,pelvis_y,right_hip_x,right_hip_y,right_knee_x,right_knee_y,right_ankle_x,right_ankle_y,left_hip_x,left_hip_y,left_knee_x,left_knee_y,left_ankle_x,left_ankle_y
0.3000788378958669,0.24048913043478262,0.4355626006441224,0.34103260869565216,0.4289536366076221,0.35733695652173914,0.34964606816961885,0.23505434782608695,0.22407575147611383,0.18070652173913043,0.4454760466988728,0.34375,0.4520850107353731,0.34646739130434784,0.33642814009661837,0.21603260869565216,0.2273802334943639,0.18342391304347827,0.696616680085883,0.5095108695652174,0.673485305958132,0.5095108695652174,0.8056645866881375,0.6209239130434783,0.8056645866881375,0.6372282608695652,0.7131390901771337,0.5040760869565217,0.8023601046698873,0.626358695652174,0.7693152844873858,0.7921195652173914
