head_top_x,head_top_y,upper_neck_x,upper_neck_y,right_shoulder_x,right_shoulder_y,right_elbow_x,right_elbow_y,right_wrist_x,right_wrist_y,thorax_x,thorax_y,left_shoulder_x,left_shoulder_y,left_elbow_x,left_elbow_y,left_wrist_x,left_wrist_y,pelvis_x,pelvis_y,right_hip_x,right_hip_y,right_knee_x,right_knee_y,right_ankle_x,right_ankle_y,left_hip_x,left_hip_y,left_knee_x,left_knee_y,left_ankle_x,left_ankle_y
0.6800209413641803,0.09375,0.5845881531711209,0.24592391304347827,0.4327632628639809,0.25679347826086957,0.31130335061826886,0.3654891304347826,0.22020841643398492,0.46059782608695654,0.5628988831272437,0.26766304347826086,0.6973723573992819,0.27853260869565216,0.6843587953729557,0.43342391304347827,0.6670073793378541,0.563858695652174,0.5281960510570403,0.5122282608695652,0.46312824092540883,0.5067934782608695,0.4327632628639809,0.686141304347826,0.5065067810131632,0.84375,0.5976017151974471,0.5149456521739131,0.6930345033905067,0.6752717391304348,0.7711158755484643,0.8491847826086957
