head_top_x,head_top_y,upper_neck_x,upper_neck_y,right_shoulder_x,right_shoulder_y,right_elbow_x,right_elbow_y,right_wrist_x,right_wrist_y,thorax_x,thorax_y,left_shoulder_x,left_shoulder_y,left_elbow_x,left_elbow_y,left_wrist_x,left_wrist_y,pelvis_x,pelvis_y,right_hip_x,right_hip_y,right_knee_x,right_knee_y,right_ankle_x,right_ankle_y,left_hip_x,left_hip_y,left_knee_x,left_knee_y,left_ankle_x,left_ankle_y
0.4523785560923242,0.08016304347826086,0.4803911701556629,0.23505434782608695,0.3179180085882985,0.27309782608695654,0.2506877348362856,0.38179347826086957,0.22267512077294685,0.4904891304347826,0.48599369296833067,0.2703804347826087,0.6540693773483628,0.2703804347826087,0.7717223564143852,0.40625,0.6092491948470209,0.4279891304347826,0.502801261406334,0.501358695652174,0.3963533279656469,0.501358695652174,0.35713566827697263,0.7078804347826086,0.4019558507783145,0.8817934782608695,0.5980441492216854,0.501358695652174,0.631659286097692,0.7133152173913043,0.6708769457863659,0.8980978260869565
