head_top_x,head_top_y,upper_neck_x,upper_neck_y,right_shoulder_x,right_shoulder_y,right_elbow_x,right_elbow_y,right_wrist_x,right_wrist_y,thorax_x,thorax_y,left_shoulder_x,left_shoulder_y,left_elbow_x,left_elbow_y,left_wrist_x,left_wrist_y,pelvis_x,pelvis_y,right_hip_x,right_hip_y,right_knee_x,right_knee_y,right_ankle_x,right_ankle_y,left_hip_x,left_hip_y,left_knee_x,left_knee_y,left_ankle_x,left_ankle_y
0.47937401781037187,0.058423913043478264,0.5206259821896281,0.2078804347826087,0.6915269774751178,0.2269021739130435,0.7799240440020953,0.22146739130434784,0.7504583551597694,0.1671195652173913,0.5206259821896281,0.23233695652173914,0.3497249869041383,0.23505434782608695,0.28490047145102143,0.36277173913043476,0.21418281822943952,0.4796195652173913,0.5265191199580932,0.4741847826086957,0.620809324253536,0.4741847826086957,0.5913436354112102,0.6834239130434783,0.5795573598742798,0.8872282608695652,0.4263357778941854,0.47146739130434784,0.4027632268203248,0.6834239130434783,0.3556181246726035,0.8845108695652174
