head_top_x,head_top_y,upper_neck_x,upper_neck_y,right_shoulder_x,right_shoulder_y,right_elbow_x,right_elbow_y,right_wrist_x,right_wrist_y,thorax_x,thorax_y,left_shoulder_x,left_shoulder_y,left_elbow_x,left_elbow_y,left_wrist_x,left_wrist_y,pelvis_x,pelvis_y,right_hip_x,right_hip_y,right_knee_x,right_knee_y,right_ankle_x,right_ankle_y,left_hip_x,left_hip_y,left_knee_x,left_knee_y,left_ankle_x,left_ankle_y
0.4832797249334516,0.11548913043478261,0.4981421916592724,0.264945652173913,0.5167202750665483,0.2513586956521739,0.6467668589174801,0.30570652173913043,0.7545197426796805,0.25679347826086957,0.4981421916592724,0.2595108695652174,0.4647016415261757,0.26766304347826086,0.5724545252883761,0.30570652173913043,0.6839230257320319,0.26222826086956524,0.490710958296362,0.46875,0.5315827417923692,0.46603260869565216,0.7136479591836735,0.6182065217391305,0.7470885093167702,0.8165760869565217,0.4572704081632653,0.46875,0.3903893078970719,0.6644021739130435,0.2157553238686779,0.8002717391304348
