head_top_x,head_top_y,upper_neck_x,upper_neck_y,right_shoulder_x,right_shoulder_y,right_elbow_x,right_elbow_y,right_wrist_x,right_wrist_y,thorax_x,thorax_y,left_shoulder_x,left_shoulder_y,left_elbow_x,left_elbow_y,left_wrist_x,left_wrist_y,pelvis_x,pelvis_y,right_hip_x,right_hip_y,right_knee_x,right_knee_y,right_ankle_x,right_ankle_y,left_hip_x,left_hip_y,left_knee_x,left_knee_y,left_ankle_x,left_ankle_y
0.5949942791762015,0.10461956521739131,0.4745137299771168,0.24048913043478262,0.3772025171624714,0.22418478260869565,0.3725686498855835,0.20244565217391305,0.502316933638444,0.19429347826086957,0.460612128146453,0.25407608695652173,0.534754004576659,0.2758152173913043,0.6135297482837528,0.3736413043478261,0.7525457665903891,0.35733695652173914,0.3262299771167049,0.4796195652173913,0.284525171624714,0.4796195652173913,0.43744279176201367,0.6644021739130435,0.44671052631578945,0.8709239130434783,0.3679347826086957,0.48233695652173914,0.2984267734553776,0.6725543478260869,0.20574942791762013,0.8519021739130435
