head_top_x,head_top_y,upper_neck_x,upper_neck_y,right_shoulder_x,right_shoulder_y,right_elbow_x,right_elbow_y,right_wrist_x,right_wrist_y,thorax_x,thorax_y,left_shoulder_x,left_shoulder_y,left_elbow_x,left_elbow_y,left_wrist_x,left_wrist_y,pelvis_x,pelvis_y,right_hip_x,right_hip_y,right_knee_x,right_knee_y,right_ankle_x,right_ankle_y,left_hip_x,left_hip_y,left_knee_x,left_knee_y,left_ankle_x,left_ankle_y
0.667391304347826,0.06929347826086957,0.5395652173913044,0.21603260869565216,0.612608695652174,0.24048913043478262,0.563913043478261,0.360054347826087,0.6430434782608696,0.48233695652173914,0.5091304347826087,0.24048913043478262,0.38739130434782615,0.23505434782608695,0.3508695652173913,0.35190217391304346,0.46043478260869564,0.4279891304347826,0.47260869565217384,0.46603260869565216,0.5395652173913044,0.4633152173913043,0.7343478260869567,0.6535326086956522,0.7647826086956523,0.8519021739130435,0.39956521739130435,0.46875,0.3265217391304348,0.6725543478260869,0.2108695652173913,0.8600543478260869
