head_top_x,head_top_y,upper_neck_x,upper_neck_y,right_shoulder_x,right_shoulder_y,right_elbow_x,right_elbow_y,right_wrist_x,right_wrist_y,thorax_x,thorax_y,left_shoulder_x,left_shoulder_y,left_elbow_x,left_elbow_y,left_wrist_x,left_wrist_y,pelvis_x,pelvis_y,right_hip_x,right_hip_y,right_knee_x,right_knee_y,right_ankle_x,right_ankle_y,left_hip_x,left_hip_y,left_knee_x,left_knee_y,left_ankle_x,left_ankle_y
0.5322690217391304,0.09918478260869565,0.522340091973244,0.2513586956521739,0.6315583193979933,0.26222826086956524,0.6265938545150501,0.38722826086956524,0.7507054765886287,0.4796195652173913,0.522340091973244,0.2595108695652174,0.41808632943143814,0.25407608695652173,0.4329797240802676,0.34646739130434784,0.5024822324414716,0.40896739130434784,0.4776599080267559,0.4633152173913043,0.5372334866220735,0.46875,0.517375627090301,0.688858695652174,0.4776599080267559,0.8573369565217391,0.4081573996655519,0.46059782608695654,0.38829954013377926,0.6644021739130435,0.20461433946488292,0.8057065217391305
