head_top_x,head_top_y,upper_neck_x,upper_neck_y,right_shoulder_x,right_shoulder_y,right_elbow_x,right_elbow_y,right_wrist_x,right_wrist_y,thorax_x,thorax_y,left_shoulder_x,left_shoulder_y,left_elbow_x,left_elbow_y,left_wrist_x,left_wrist_y,pelvis_x,pelvis_y,right_hip_x,right_hip_y,right_knee_x,right_knee_y,right_ankle_x,right_ankle_y,left_hip_x,left_hip_y,left_knee_x,left_knee_y,left_ankle_x,left_ankle_y
0.3966470154753133,0.09918478260869565,0.4696020633750922,0.24592391304347827,0.5668754605747973,0.22418478260869565,0.6317243920412675,0.3029891304347826,0.5668754605747973,0.41440217391304346,0.4696020633750922,0.24592391304347827,0.3642225497420782,0.2595108695652174,0.29126750184229927,0.41983695652173914,0.1980471628592484,0.5149456521739131,0.6965733235077376,0.4361413043478261,0.7614222549742079,0.43070652173913043,0.45744288872512906,0.48233695652173914,0.5506632277081798,0.6970108695652174,0.6276713338246132,0.42527173913043476,0.3966470154753133,0.5258152173913043,0.5506632277081798,0.7051630434782609
