head_top_x,head_top_y,upper_neck_x,upper_neck_y,right_shoulder_x,right_shoulder_y,right_elbow_x,right_elbow_y,right_wrist_x,right_wrist_y,thorax_x,thorax_y,left_shoulder_x,left_shoulder_y,left_elbow_x,left_elbow_y,left_wrist_x,left_wrist_y,pelvis_x,pelvis_y,right_hip_x,right_hip_y,right_knee_x,right_knee_y,right_ankle_x,right_ankle_y,left_hip_x,left_hip_y,left_knee_x,left_knee_y,left_ankle_x,left_ankle_y
0.521788537549407,0.09646739130434782,0.4830533596837944,0.2513586956521739,0.40558300395256913,0.2703804347826087,0.5750494071146246,0.3763586956521739,0.7735671936758893,0.4008152173913043,0.4878952569169959,0.2595108695652174,0.5702075098814229,0.2513586956521739,0.6379940711462451,0.34375,0.7832509881422923,0.3845108695652174,0.41042490118577074,0.44429347826086957,0.32811264822134384,0.4470108695652174,0.37168972332015804,0.65625,0.2215909090909091,0.8464673913043478,0.4878952569169959,0.4470108695652174,0.6670454545454545,0.6453804347826086,0.5847332015810276,0.8274456521739131
