head_top_x,head_top_y,upper_neck_x,upper_neck_y,right_shoulder_x,right_shoulder_y,right_elbow_x,right_elbow_y,right_wrist_x,right_wrist_y,thorax_x,thorax_y,left_shoulder_x,left_shoulder_y,left_elbow_x,left_elbow_y,left_wrist_x,left_wrist_y,pelvis_x,pelvis_y,right_hip_x,right_hip_y,right_knee_x,right_knee_y,right_ankle_x,right_ankle_y,left_hip_x,left_hip_y,left_knee_x,left_knee_y,left_ankle_x,left_ankle_y
0.5546195652173913,0.31657608695652173,0.4858393719806763,0.21603260869565216,0.5343900966183576,0.20516304347826086,0.5141606280193237,0.30027173913043476,0.5101147342995168,0.41440217391304346,0.4898852657004832,0.21875,0.45751811594202907,0.21603260869565216,0.38873792270531404,0.30027173913043476,0.3927838164251207,0.4171195652173913,0.4291968599033817,0.5475543478260869,0.4534722222222222,0.5339673913043478,0.2714070048309179,0.4116847826086957,0.04079106280193235,0.22418478260869565,0.4008756038647343,0.5502717391304348,0.2592693236714976,0.4008152173913043,0.04888285024154587,0.2296195652173913
