head_top_x,head_top_y,upper_neck_x,upper_neck_y,right_shoulder_x,right_shoulder_y,right_elbow_x,right_elbow_y,right_wrist_x,right_wrist_y,thorax_x,thorax_y,left_shoulder_x,left_shoulder_y,left_elbow_x,left_elbow_y,left_wrist_x,left_wrist_y,pelvis_x,pelvis_y,right_hip_x,right_hip_y,right_knee_x,right_knee_y,right_ankle_x,right_ankle_y,left_hip_x,left_hip_y,left_knee_x,left_knee_y,left_ankle_x,left_ankle_y
0.6357570617557463,0.452445652173913,0.4918218637496538,0.3845108695652174,0.4689230822486846,0.3654891304347826,0.570331971752977,0.21331521739130435,0.6979108972583772,0.12907608695652173,0.4852793547493769,0.38722826086956524,0.4852793547493769,0.3654891304347826,0.5801457352533924,0.20516304347826086,0.6488420797563001,0.34103260869565216,0.22685024923843813,0.3845108695652174,0.22357899473829965,0.37907608695652173,0.07310128773193023,0.561141304347826,0.23993526723899197,0.7758152173913043,0.23012150373857654,0.38179347826086957,0.8124048047632235,0.5285326086956522,0.23993526723899197,0.7758152173913043
