head_top_x,head_top_y,upper_neck_x,upper_neck_y,right_shoulder_x,right_shoulder_y,right_elbow_x,right_elbow_y,right_wrist_x,right_wrist_y,thorax_x,thorax_y,left_shoulder_x,left_shoulder_y,left_elbow_x,left_elbow_y,left_wrist_x,left_wrist_y,pelvis_x,pelvis_y,right_hip_x,right_hip_y,right_knee_x,right_knee_y,right_ankle_x,right_ankle_y,left_hip_x,left_hip_y,left_knee_x,left_knee_y,left_ankle_x,left_ankle_y
0.36637523629489605,0.06657608695652174,0.46231096408317585,0.21875,0.6952977315689982,0.24592391304347827,0.7569706994328922,0.37907608695652173,0.7295604914933839,0.4904891304347826,0.4828686200378072,0.2513586956521739,0.28414461247637046,0.25679347826086957,0.2430293005671078,0.40353260869565216,0.20876654064272215,0.5394021739130435,0.5239839319470699,0.5067934782608695,0.6267722117202269,0.5040760869565217,0.6404773156899812,0.6807065217391305,0.6884451795841209,0.8709239130434783,0.41434310018903586,0.5095108695652174,0.4554584120982987,0.6942934782608695,0.5171313799621927,0.9035326086956522
