head_top_x,head_top_y,upper_neck_x,upper_neck_y,right_shoulder_x,right_shoulder_y,right_elbow_x,right_elbow_y,right_wrist_x,right_wrist_y,thorax_x,thorax_y,left_shoulder_x,left_shoulder_y,left_elbow_x,left_elbow_y,left_wrist_x,left_wrist_y,pelvis_x,pelvis_y,right_hip_x,right_hip_y,right_knee_x,right_knee_y,right_ankle_x,right_ankle_y,left_hip_x,left_hip_y,left_knee_x,left_knee_y,left_ankle_x,left_ankle_y
0.4171195652173913,0.1898720874369445,0.48233695652173914,0.32375990871967336,0.4008152173913043,0.33742193129954356,0.30570652173913043,0.39207002161902477,0.21875,0.3428867403314917,0.48777173913043476,0.33468952678356956,0.5774456521739131,0.32375990871967336,0.688858695652174,0.4084644487148691,0.626358695652174,0.4166616622627913,0.5366847826086957,0.5614791016094163,0.48777173913043476,0.5696763151573384,0.5475543478260869,0.7035641364400673,0.65625,0.8757056209464328,0.5855978260869565,0.5505494835455201,0.6644021739130435,0.7035641364400673,0.7839673913043478,0.8757056209464328
