head_top_x,head_top_y,upper_neck_x,upper_neck_y,right_shoulder_x,right_shoulder_y,right_elbow_x,right_elbow_y,right_wrist_x,right_wrist_y,thorax_x,thorax_y,left_shoulder_x,left_shoulder_y,left_elbow_x,left_elbow_y,left_wrist_x,left_wrist_y,pelvis_x,pelvis_y,right_hip_x,right_hip_y,right_knee_x,right_knee_y,right_ankle_x,right_ankle_y,left_hip_x,left_hip_y,left_knee_x,left_knee_y,left_ankle_x,left_ankle_y
0.46688963210702344,0.025815217391304348,0.5150501672240801,0.18342391304347827,0.6836120401337792,0.2105978260869565,0.6896321070234115,0.32472826086956524,0.5812709030100335,0.4008152173913043,0.5210702341137124,0.2078804347826087,0.34046822742474914,0.20516304347826086,0.3525083612040134,0.3763586956521739,0.4367892976588629,0.452445652173913,0.6535117056856187,0.4578804347826087,0.7618729096989968,0.46603260869565216,0.5752508361204013,0.6997282608695652,0.6414715719063546,0.8953804347826086,0.5571906354515049,0.44972826086956524,0.20200668896321064,0.6209239130434783,0.3826086956521739,0.7703804347826086
