head_top_x,head_top_y,upper_neck_x,upper_neck_y,right_shoulder_x,right_shoulder_y,right_elbow_x,right_elbow_y,right_wrist_x,right_wrist_y,thorax_x,thorax_y,left_shoulder_x,left_shoulder_y,left_elbow_x,left_elbow_y,left_wrist_x,left_wrist_y,pelvis_x,pelvis_y,right_hip_x,right_hip_y,right_knee_x,right_knee_y,right_ankle_x,right_ankle_y,left_hip_x,left_hip_y,left_knee_x,left_knee_y,left_ankle_x,left_ankle_y
0.6136494058871186,0.12907608695652173,0.5457990143127195,0.2703804347826087,0.6238269646232785,0.24592391304347827,0.7052474345125573,0.19429347826086957,0.7493501890359168,0.17255434782608695,0.5559765730488793,0.26222826086956524,0.4813411423170403,0.27309782608695654,0.3490328787469619,0.36820652173913043,0.23707973264920332,0.37092391304347827,0.6373970429381582,0.44972826086956524,0.6645371995679178,0.4388586956521739,0.6747147583040778,0.6372282608695652,0.7764903456656764,0.7866847826086957,0.6034718471509586,0.46603260869565216,0.6034718471509586,0.65625,0.7697053065082367,0.7921195652173914
