head_top_x,head_top_y,upper_neck_x,upper_neck_y,right_shoulder_x,right_shoulder_y,right_elbow_x,right_elbow_y,right_wrist_x,right_wrist_y,thorax_x,thorax_y,left_shoulder_x,left_shoulder_y,left_elbow_x,left_elbow_y,left_wrist_x,left_wrist_y,pelvis_x,pelvis_y,right_hip_x,right_hip_y,right_knee_x,right_knee_y,right_ankle_x,right_ankle_y,left_hip_x,left_hip_y,left_knee_x,left_knee_y,left_ankle_x,left_ankle_y
0.4814951559546313,0.09375,0.4339112712665406,0.24592391304347827,0.5555145321361059,0.27309782608695654,0.634821006616257,0.4116847826086957,0.7669984640831757,0.5122282608695652,0.42862417296786387,0.26222826086956524,0.301733813799622,0.25679347826086957,0.2277144376181475,0.37092391304347827,0.35460479678638934,0.40353260869565216,0.3493176984877127,0.4741847826086957,0.4233370746691872,0.48233695652173914,0.4762080576559546,0.65625,0.4391983695652174,0.8709239130434783,0.27529832230623824,0.47146739130434784,0.31759510869565216,0.6317934782608695,0.22242733931947073,0.7866847826086957
