head_top_x,head_top_y,upper_neck_x,upper_neck_y,right_shoulder_x,right_shoulder_y,right_elbow_x,right_elbow_y,right_wrist_x,right_wrist_y,thorax_x,thorax_y,left_shoulder_x,left_shoulder_y,left_elbow_x,left_elbow_y,left_wrist_x,left_wrist_y,pelvis_x,pelvis_y,right_hip_x,right_hip_y,right_knee_x,right_knee_y,right_ankle_x,right_ankle_y,left_hip_x,left_hip_y,left_knee_x,left_knee_y,left_ankle_x,left_ankle_y
0.8243080457194083,0.11005434782608696,0.6349310847153743,0.2269021739130435,0.6301966606902734,0.2513586956521739,0.5118360600627521,0.3763586956521739,0.6728064769161811,0.4361413043478261,0.6017901165396683,0.24320652173913043,0.5828524204392649,0.23233695652173914,0.46922624383684447,0.3383152173913043,0.5875868444643658,0.40896739130434784,0.42661642761093677,0.4633152173913043,0.40767873151053335,0.4633152173913043,0.5449770282384581,0.6834239130434783,0.30352140295831465,0.8491847826086957,0.44555412371134023,0.4633152173913043,0.5071016360376512,0.6671195652173914,0.20409849843119673,0.7214673913043478
