head_top_x,head_top_y,upper_neck_x,upper_neck_y,right_shoulder_x,right_shoulder_y,right_elbow_x,right_elbow_y,right_wrist_x,right_wrist_y,thorax_x,thorax_y,left_shoulder_x,left_shoulder_y,left_elbow_x,left_elbow_y,left_wrist_x,left_wrist_y,pelvis_x,pelvis_y,right_hip_x,right_hip_y,right_knee_x,right_knee_y,right_ankle_x,right_ankle_y,left_hip_x,left_hip_y,left_knee_x,left_knee_y,left_ankle_x,left_ankle_y
0.5182065217391305,0.15896739130434784,0.4609860248447205,0.3220108695652174,0.5962344720496895,0.34375,0.7314829192546585,0.4008152173913043,0.7522903726708073,0.3383152173913043,0.46618788819875784,0.30027173913043476,0.36215062111801244,0.2703804347826087,0.2893245341614907,0.2078804347826087,0.7366847826086956,0.3383152173913043,0.40896739130434784,0.48777173913043476,0.3933618012422361,0.48777173913043476,0.35174689440993795,0.6752717391304348,0.3881599378881988,0.8654891304347826,0.4245729813664597,0.4904891304347826,0.36215062111801244,0.6834239130434783,0.20609472049689445,0.7622282608695652
