head_top_x,head_top_y,upper_neck_x,upper_neck_y,right_shoulder_x,right_shoulder_y,right_elbow_x,right_elbow_y,right_wrist_x,right_wrist_y,thorax_x,thorax_y,left_shoulder_x,left_shoulder_y,left_elbow_x,left_elbow_y,left_wrist_x,left_wrist_y,pelvis_x,pelvis_y,right_hip_x,right_hip_y,right_knee_x,right_knee_y,right_ankle_x,right_ankle_y,left_hip_x,left_hip_y,left_knee_x,left_knee_y,left_ankle_x,left_ankle_y
0.4585931931575196,0.03125,0.5564638275124731,0.18070652173913043,0.5414068068424805,0.22418478260869565,0.5414068068424805,0.3546195652173913,0.3381370277975766,0.4361413043478261,0.5790493585174628,0.22418478260869565,0.616691910192445,0.22146739130434784,0.6468059515324305,0.3654891304347826,0.5790493585174628,0.4904891304347826,0.586577868852459,0.46603260869565216,0.5564638275124731,0.46603260869565216,0.5112927655024946,0.6644021739130435,0.616691910192445,0.8817934782608695,0.6091633998574483,0.46875,0.5489353171774768,0.6698369565217391,0.6392774411974341,0.90625
