head_top_x,head_top_y,upper_neck_x,upper_neck_y,right_shoulder_x,right_shoulder_y,right_elbow_x,right_elbow_y,right_wrist_x,right_wrist_y,thorax_x,thorax_y,left_shoulder_x,left_shoulder_y,left_elbow_x,left_elbow_y,left_wrist_x,left_wrist_y,pelvis_x,pelvis_y,right_hip_x,right_hip_y,right_knee_x,right_knee_y,right_ankle_x,right_ankle_y,left_hip_x,left_hip_y,left_knee_x,left_knee_y,left_ankle_x,left_ankle_y
0.7176567966016992,0.050271739130434784,0.7176567966016992,0.21331521739130435,0.6554691404297851,0.25407608695652173,0.6837362568715641,0.39809782608695654,0.7515773363318341,0.5122282608695652,0.7176567966016992,0.24864130434782608,0.7911512993503249,0.24320652173913043,0.7402704897551224,0.3654891304347826,0.723310219890055,0.48777173913043476,0.6498157171414293,0.46603260869565216,0.627202023988006,0.46603260869565216,0.5254404047976011,0.6752717391304348,0.502826711644178,0.8817934782608695,0.6554691404297851,0.46603260869565216,0.5876280609695154,0.6698369565217391,0.2088487006496752,0.8301630434782609
