head_top_x,head_top_y,upper_neck_x,upper_neck_y,right_shoulder_x,right_shoulder_y,right_elbow_x,right_elbow_y,right_wrist_x,right_wrist_y,thorax_x,thorax_y,left_shoulder_x,left_shoulder_y,left_elbow_x,left_elbow_y,left_wrist_x,left_wrist_y,pelvis_x,pelvis_y,right_hip_x,right_hip_y,right_knee_x,right_knee_y,right_ankle_x,right_ankle_y,left_hip_x,left_hip_y,left_knee_x,left_knee_y,left_ankle_x,left_ankle_y
0.5327211991138189,0.15896739130434784,0.5189438521185268,0.3138586956521739,0.6326069648296871,0.33016304347826086,0.6704946690667405,0.44157608695652173,0.6084966075879258,0.42527173913043476,0.5189438521185268,0.32472826086956524,0.40528073940736636,0.3220108695652174,0.370837371919136,0.44157608695652173,0.46383446413735807,0.44429347826086957,0.5154995153697036,0.4796195652173913,0.5912749238438106,0.4796195652173913,0.7118267100526171,0.6426630434782609,0.7841577817779009,0.8573369565217391,0.43627977014677377,0.485054347826087,0.29161762669620606,0.6508152173913043,0.20895354472445307,0.8491847826086957
