head_top_x,head_top_y,upper_neck_x,upper_neck_y,right_shoulder_x,right_shoulder_y,right_elbow_x,right_elbow_y,right_wrist_x,right_wrist_y,thorax_x,thorax_y,left_shoulder_x,left_shoulder_y,left_elbow_x,left_elbow_y,left_wrist_x,left_wrist_y,pelvis_x,pelvis_y,right_hip_x,right_hip_y,right_knee_x,right_knee_y,right_ankle_x,right_ankle_y,left_hip_x,left_hip_y,left_knee_x,left_knee_y,left_ankle_x,left_ankle_y
0.515625,0.10416666666666667,0.5290178571428571,0.3244047619047619,0.40848214285714285,0.3363095238095238,0.34598214285714285,0.5684523809523809,0.30580357142857145,0.7291666666666666,0.5334821428571429,0.3660714285714286,0.6629464285714286,0.37797619047619047,0.703125,0.6577380952380952,0.5691964285714286,0.7708333333333334,0.5111607142857143,0.8422619047619048,0.43973214285714285,0.8363095238095238,0.640625,0.7113095238095238,0.484375,0.29464285714285715,0.578125,0.8422619047619048,0.6941964285714286,0.6160714285714285,0.5200892857142857,0.8244047619047619
