head_top_x,head_top_y,upper_neck_x,upper_neck_y,right_shoulder_x,right_shoulder_y,right_elbow_x,right_elbow_y,right_wrist_x,right_wrist_y,thorax_x,thorax_y,left_shoulder_x,left_shoulder_y,left_elbow_x,left_elbow_y,left_wrist_x,left_wrist_y,pelvis_x,pelvis_y,right_hip_x,right_hip_y,right_knee_x,right_knee_y,right_ankle_x,right_ankle_y,left_hip_x,left_hip_y,left_knee_x,left_knee_y,left_ankle_x,left_ankle_y
0.5022321428571429,0.07805059523809525,0.49776785714285715,0.33043154761904764,0.41294642857142855,0.3777529761904762,0.3325892857142857,0.5354910714285714,0.22544642857142858,0.6537946428571428,0.5022321428571429,0.3462053571428571,0.5870535714285714,0.3383184523809524,0.6272321428571429,0.5591517857142858,0.7299107142857143,0.6695684523809524,0.515625,0.7247767857142858,0.484375,0.7247767857142858,0.484375,0.4802827380952381,0.020089285714285716,0.09382440476190472,0.5647321428571429,0.7011160714285714,0.46651785714285715,0.4645089285714286,0.024553571428571428,0.10171130952380955
