head_top_x,head_top_y,upper_neck_x,upper_neck_y,right_shoulder_x,right_shoulder_y,right_elbow_x,right_elbow_y,right_wrist_x,right_wrist_y,thorax_x,thorax_y,left_shoulder_x,left_shoulder_y,left_elbow_x,left_elbow_y,left_wrist_x,left_wrist_y,pelvis_x,pelvis_y,right_hip_x,right_hip_y,right_knee_x,right_knee_y,right_ankle_x,right_ankle_y,left_hip_x,left_hip_y,left_knee_x,left_knee_y,left_ankle_x,left_ankle_y
0.16294642857142858,0.3452380952380952,0.27901785714285715,0.39285714285714285,0.296875,0.4484126984126984,0.34598214285714285,0.5357142857142857,0.31919642857142855,0.511904761904762,0.28348214285714285,0.37698412698412703,0.3013392857142857,0.369047619047619,0.33705357142857145,0.4722222222222222,0.3325892857142857,0.5039682539682541,0.47544642857142855,0.48809523809523814,0.5111607142857143,0.4087301587301588,0.5245535714285714,0.5833333333333334,0.5513392857142857,0.9007936507936508,0.49776785714285715,0.4563492063492063,0.5424107142857143,0.5753968253968255,0.5558035714285714,0.9166666666666666
