head_top_x,head_top_y,upper_neck_x,upper_neck_y,right_shoulder_x,right_shoulder_y,right_elbow_x,right_elbow_y,right_wrist_x,right_wrist_y,thorax_x,thorax_y,left_shoulder_x,left_shoulder_y,left_elbow_x,left_elbow_y,left_wrist_x,left_wrist_y,pelvis_x,pelvis_y,right_hip_x,right_hip_y,right_knee_x,right_knee_y,right_ankle_x,right_ankle_y,left_hip_x,left_hip_y,left_knee_x,left_knee_y,left_ankle_x,left_ankle_y
0.19866071428571427,0.1517857142857143,0.2700892857142857,0.22321428571428573,0.27455357142857145,0.22321428571428573,0.328125,0.3125,0.38169642857142855,0.3898809523809524,0.265625,0.2410714285714286,0.27901785714285715,0.21726190476190474,0.3236607142857143,0.3125,0.38169642857142855,0.37797619047619047,0.5111607142857143,0.3839285714285714,0.5200892857142857,0.37797619047619047,0.515625,0.5922619047619048,0.5736607142857143,0.7351190476190476,0.49776785714285715,0.3839285714285714,0.49776785714285715,0.5625,0.5558035714285714,0.6815476190476191
