head_top_x,head_top_y,upper_neck_x,upper_neck_y,right_shoulder_x,right_shoulder_y,right_elbow_x,right_elbow_y,right_wrist_x,right_wrist_y,thorax_x,thorax_y,left_shoulder_x,left_shoulder_y,left_elbow_x,left_elbow_y,left_wrist_x,left_wrist_y,pelvis_x,pelvis_y,right_hip_x,right_hip_y,right_knee_x,right_knee_y,right_ankle_x,right_ankle_y,left_hip_x,left_hip_y,left_knee_x,left_knee_y,left_ankle_x,left_ankle_y
0.5647321428571429,0.1626984126984127,0.453125,0.1706349206349206,0.46205357142857145,0.1547619047619048,0.44419642857142855,0.32142857142857145,0.5200892857142857,0.4484126984126984,0.44419642857142855,0.1706349206349206,0.43080357142857145,0.1547619047619048,0.4263392857142857,0.3531746031746032,0.49330357142857145,0.4563492063492063,0.27455357142857145,0.5039682539682541,0.296875,0.511904761904762,0.546875,0.7182539682539681,0.5111607142857143,0.9166666666666666,0.23883928571428573,0.511904761904762,0.49330357142857145,0.6388888888888888,0.4888392857142857,0.876984126984127
