head_top_x,head_top_y,upper_neck_x,upper_neck_y,right_shoulder_x,right_shoulder_y,right_elbow_x,right_elbow_y,right_wrist_x,right_wrist_y,thorax_x,thorax_y,left_shoulder_x,left_shoulder_y,left_elbow_x,left_elbow_y,left_wrist_x,left_wrist_y,pelvis_x,pelvis_y,right_hip_x,right_hip_y,right_knee_x,right_knee_y,right_ankle_x,right_ankle_y,left_hip_x,left_hip_y,left_knee_x,left_knee_y,left_ankle_x,left_ankle_y
0.2924107142857143,0.04464285714285713,0.36830357142857145,0.2589285714285714,0.34151785714285715,0.3005952380952381,0.296875,0.45535714285714285,0.33705357142857145,0.3898809523809524,0.38169642857142855,0.3005952380952381,0.421875,0.2886904761904762,0.49776785714285715,0.4136904761904762,0.39955357142857145,0.37202380952380953,0.3950892857142857,0.6577380952380952,0.3638392857142857,0.6636904761904762,0.46651785714285715,0.6994047619047619,0.5424107142857143,0.8958333333333334,0.43080357142857145,0.6458333333333334,0.46651785714285715,0.6994047619047619,0.546875,0.9375
