head_top_x,head_top_y,upper_neck_x,upper_neck_y,right_shoulder_x,right_shoulder_y,right_elbow_x,right_elbow_y,right_wrist_x,right_wrist_y,thorax_x,thorax_y,left_shoulder_x,left_shoulder_y,left_elbow_x,left_elbow_y,left_wrist_x,left_wrist_y,pelvis_x,pelvis_y,right_hip_x,right_hip_y,right_knee_x,right_knee_y,right_ankle_x,right_ankle_y,left_hip_x,left_hip_y,left_knee_x,left_knee_y,left_ankle_x,left_ankle_y
0.4174107142857143,-0.002232142857142857,0.40401785714285715,0.14583333333333334,0.4575892857142857,0.12797619047619047,0.7566964285714286,0.2886904761904762,0.515625,0.6101190476190476,0.6629464285714286,0.15773809523809523,0.34598214285714285,0.12202380952380953,0.5200892857142857,0.2708333333333333,0.5022321428571429,0.5684523809523809,0.39955357142857145,0.3005952380952381,0.43526785714285715,0.3005952380952381,0.4263392857142857,0.5327380952380952,0.3950892857142857,0.7648809523809524,0.34598214285714285,0.3005952380952381,0.34151785714285715,0.5208333333333334,0.28348214285714285,0.7172619047619048
