head_top_x,head_top_y,upper_neck_x,upper_neck_y,right_shoulder_x,right_shoulder_y,right_elbow_x,right_elbow_y,right_wrist_x,right_wrist_y,thorax_x,thorax_y,left_shoulder_x,left_shoulder_y,left_elbow_x,left_elbow_y,left_wrist_x,left_wrist_y,pelvis_x,pelvis_y,right_hip_x,right_hip_y,right_knee_x,right_knee_y,right_ankle_x,right_ankle_y,left_hip_x,left_hip_y,left_knee_x,left_knee_y,left_ankle_x,left_ankle_y
0.6941964285714286,0.13392857142857142,0.6540178571428571,0.3005952380952381,0.5870535714285714,0.31845238095238093,0.5513392857142857,0.4375,0.5915178571428571,0.5208333333333334,0.6540178571428571,0.3125,0.7120535714285714,0.30654761904761907,0.7299107142857143,0.41964285714285715,0.7254464285714286,0.47321428571428575,0.6316964285714286,0.5148809523809524,0.5959821428571429,0.5148809523809524,0.6004464285714286,0.6636904761904762,0.5959821428571429,0.8005952380952381,0.6629464285714286,0.5148809523809524,0.6674107142857143,0.6517857142857143,0.6629464285714286,0.7767857142857143
