head_top_x,head_top_y,upper_neck_x,upper_neck_y,right_shoulder_x,right_shoulder_y,right_elbow_x,right_elbow_y,right_wrist_x,right_wrist_y,thorax_x,thorax_y,left_shoulder_x,left_shoulder_y,left_elbow_x,left_elbow_y,left_wrist_x,left_wrist_y,pelvis_x,pelvis_y,right_hip_x,right_hip_y,right_knee_x,right_knee_y,right_ankle_x,right_ankle_y,left_hip_x,left_hip_y,left_knee_x,left_knee_y,left_ankle_x,left_ankle_y
0.40401785714285715,0.07805059523809525,0.38169642857142855,0.33043154761904764,0.30580357142857145,0.35409226190476195,0.2611607142857143,0.5985863095238094,0.296875,0.5118303571428572,0.3861607142857143,0.3462053571428571,0.47098214285714285,0.3383184523809524,0.5111607142857143,0.5276041666666667,0.5870535714285714,0.6143601190476191,0.421875,0.7563244047619048,0.37723214285714285,0.7720982142857142,0.546875,0.9771577380952382,0.359375,0.7799851190476191,0.47544642857142855,0.7326636904761905,0.5558035714285714,0.9692708333333332,0.8459821428571429,0.7957589285714286
