head_top_x,head_top_y,upper_neck_x,upper_neck_y,right_shoulder_x,right_shoulder_y,right_elbow_x,right_elbow_y,right_wrist_x,right_wrist_y,thorax_x,thorax_y,left_shoulder_x,left_shoulder_y,left_elbow_x,left_elbow_y,left_wrist_x,left_wrist_y,pelvis_x,pelvis_y,right_hip_x,right_hip_y,right_knee_x,right_knee_y,right_ankle_x,right_ankle_y,left_hip_x,left_hip_y,left_knee_x,left_knee_y,left_ankle_x,left_ankle_y
0.234375,0.07117745535714286,0.35044642857142855,0.18066406249999997,0.31026785714285715,0.05901227678571429,0.2611607142857143,0.2840680803571428,0.30580357142857145,0.21107700892857137,0.3861607142857143,0.15633370535714286,0.3861607142857143,0.18674665178571426,0.5022321428571429,0.2840680803571428,0.421875,0.37530691964285706,0.5870535714285714,0.38747209821428574,0.5424107142857143,0.4178850446428571,0.6004464285714286,0.6733537946428572,0.7075892857142857,0.9288225446428572,0.6361607142857143,0.37530691964285706,0.6227678571428571,0.6733537946428572,0.7299107142857143,0.9531529017857142
