head_top_x,head_top_y,upper_neck_x,upper_neck_y,right_shoulder_x,right_shoulder_y,right_elbow_x,right_elbow_y,right_wrist_x,right_wrist_y,thorax_x,thorax_y,left_shoulder_x,left_shoulder_y,left_elbow_x,left_elbow_y,left_wrist_x,left_wrist_y,pelvis_x,pelvis_y,right_hip_x,right_hip_y,right_knee_x,right_knee_y,right_ankle_x,right_ankle_y,left_hip_x,left_hip_y,left_knee_x,left_knee_y,left_ankle_x,left_ankle_y
0.484375,0.03273809523809523,0.46651785714285715,0.21726190476190474,0.46651785714285715,0.2410714285714286,0.421875,0.3125,0.5290178571428571,0.2589285714285714,0.4575892857142857,0.2410714285714286,0.47544642857142855,0.2410714285714286,0.515625,0.3363095238095238,0.5379464285714286,0.24702380952380953,0.44419642857142855,0.45535714285714285,0.43973214285714285,0.45535714285714285,0.44419642857142855,0.6160714285714285,0.453125,0.8065476190476191,0.453125,0.45535714285714285,0.47544642857142855,0.6220238095238094,0.484375,0.8005952380952381
