head_top_x,head_top_y,upper_neck_x,upper_neck_y,right_shoulder_x,right_shoulder_y,right_elbow_x,right_elbow_y,right_wrist_x,right_wrist_y,thorax_x,thorax_y,left_shoulder_x,left_shoulder_y,left_elbow_x,left_elbow_y,left_wrist_x,left_wrist_y,pelvis_x,pelvis_y,right_hip_x,right_hip_y,right_knee_x,right_knee_y,right_ankle_x,right_ankle_y,left_hip_x,left_hip_y,left_knee_x,left_knee_y,left_ankle_x,left_ankle_y
0.37723214285714285,0.27380952380952384,0.3325892857142857,0.4642857142857143,0.296875,0.37698412698412703,0.234375,0.39285714285714285,0.18080357142857142,0.4087301587301588,0.34151785714285715,0.4087301587301588,0.40401785714285715,0.44047619047619047,0.43080357142857145,0.5436507936507936,0.4174107142857143,0.6547619047619047,0.30580357142857145,0.5992063492063492,0.27455357142857145,0.5833333333333334,0.203125,0.7341269841269842,0.13169642857142858,0.8531746031746033,0.33705357142857145,0.6150793650793651,0.22098214285714285,0.8293650793650793,0.18973214285714285,0.8531746031746033
