head_top_x,head_top_y,upper_neck_x,upper_neck_y,right_shoulder_x,right_shoulder_y,right_elbow_x,right_elbow_y,right_wrist_x,right_wrist_y,thorax_x,thorax_y,left_shoulder_x,left_shoulder_y,left_elbow_x,left_elbow_y,left_wrist_x,left_wrist_y,pelvis_x,pelvis_y,right_hip_x,right_hip_y,right_knee_x,right_knee_y,right_ankle_x,right_ankle_y,left_hip_x,left_hip_y,left_knee_x,left_knee_y,left_ankle_x,left_ankle_y
0.453125,0.003968253968253954,0.4486607142857143,0.2420634920634921,0.39955357142857145,0.2658730158730159,0.37276785714285715,0.4166666666666667,0.328125,0.4087301587301588,0.453125,0.2658730158730159,0.515625,0.2658730158730159,0.5111607142857143,0.4166666666666667,0.40401785714285715,0.4087301587301588,0.44419642857142855,0.5912698412698413,0.40848214285714285,0.5912698412698413,0.4174107142857143,0.8611111111111112,0.43526785714285715,0.9484126984126985,0.4799107142857143,0.5912698412698413,0.484375,0.876984126984127,0.47544642857142855,0.9166666666666666
