head_top_x,head_top_y,upper_neck_x,upper_neck_y,right_shoulder_x,right_shoulder_y,right_elbow_x,right_elbow_y,right_wrist_x,right_wrist_y,thorax_x,thorax_y,left_shoulder_x,left_shoulder_y,left_elbow_x,left_elbow_y,left_wrist_x,left_wrist_y,pelvis_x,pelvis_y,right_hip_x,right_hip_y,right_knee_x,right_knee_y,right_ankle_x,right_ankle_y,left_hip_x,left_hip_y,left_knee_x,left_knee_y,left_ankle_x,left_ankle_y
0.5647321428571429,-0.002232142857142857,0.5602678571428571,0.4801587301587301,0.5334821428571429,0.4087301587301588,0.4888392857142857,0.33730158730158727,0.6986607142857143,0.4722222222222222,0.5558035714285714,0.4722222222222222,0.5870535714285714,0.49603174603174605,0.6361607142857143,0.4246031746031746,0.6986607142857143,0.4484126984126984,0.47544642857142855,0.4087301587301588,0.453125,0.37698412698412703,0.15848214285714285,0.5515873015873015,0.04241071428571429,0.5753968253968255,0.484375,0.40079365079365076,0.14508928571428573,0.5595238095238096,0.05133928571428571,0.5674603174603176
