head_top_x,head_top_y,upper_neck_x,upper_neck_y,right_shoulder_x,right_shoulder_y,right_elbow_x,right_elbow_y,right_wrist_x,right_wrist_y,thorax_x,thorax_y,left_shoulder_x,left_shoulder_y,left_elbow_x,left_elbow_y,left_wrist_x,left_wrist_y,pelvis_x,pelvis_y,right_hip_x,right_hip_y,right_knee_x,right_knee_y,right_ankle_x,right_ankle_y,left_hip_x,left_hip_y,left_knee_x,left_knee_y,left_ankle_x,left_ankle_y
0.5379464285714286,0.05468750000000001,0.671875,0.1484375,0.6495535714285714,0.18861607142857145,0.6540178571428571,0.36272321428571425,0.5200892857142857,0.3359375,0.6897321428571429,0.15513392857142855,0.7165178571428571,0.12165178571428573,0.8058035714285714,0.26897321428571425,0.8102678571428571,0.49665178571428564,0.7299107142857143,0.46986607142857145,0.7120535714285714,0.46316964285714274,0.5513392857142857,0.5234375,0.5513392857142857,0.7779017857142856,0.7522321428571429,0.46986607142857145,0.5602678571428571,0.5234375,0.7120535714285714,0.9654017857142856
