head_top_x,head_top_y,upper_neck_x,upper_neck_y,right_shoulder_x,right_shoulder_y,right_elbow_x,right_elbow_y,right_wrist_x,right_wrist_y,thorax_x,thorax_y,left_shoulder_x,left_shoulder_y,left_elbow_x,left_elbow_y,left_wrist_x,left_wrist_y,pelvis_x,pelvis_y,right_hip_x,right_hip_y,right_knee_x,right_knee_y,right_ankle_x,right_ankle_y,left_hip_x,left_hip_y,left_knee_x,left_knee_y,left_ankle_x,left_ankle_y
0.5111607142857143,0.003580729166666665,0.515625,0.2259765625,0.453125,0.2180338541666667,0.47544642857142855,0.3610026041666667,0.5245535714285714,0.3848307291666667,0.515625,0.2100911458333334,0.5736607142857143,0.2021484375,0.5915178571428571,0.3292317708333334,0.5915178571428571,0.43248697916666673,0.5290178571428571,0.46425781250000003,0.49330357142857145,0.4722005208333333,0.484375,0.7104817708333333,0.46651785714285715,0.9011067708333335,0.5647321428571429,0.46425781250000003,0.578125,0.6866536458333333,0.5870535714285714,0.9249348958333333
