head_top_x,head_top_y,upper_neck_x,upper_neck_y,right_shoulder_x,right_shoulder_y,right_elbow_x,right_elbow_y,right_wrist_x,right_wrist_y,thorax_x,thorax_y,left_shoulder_x,left_shoulder_y,left_elbow_x,left_elbow_y,left_wrist_x,left_wrist_y,pelvis_x,pelvis_y,right_hip_x,right_hip_y,right_knee_x,right_knee_y,right_ankle_x,right_ankle_y,left_hip_x,left_hip_y,left_knee_x,left_knee_y,left_ankle_x,left_ankle_y
0.19866071428571427,0.28968253968253965,0.328125,0.32142857142857145,0.33705357142857145,0.3452380952380952,0.515625,0.32936507936507936,0.49776785714285715,0.5912698412698413,0.3236607142857143,0.33730158730158727,0.328125,0.3055555555555556,0.5111607142857143,0.33730158730158727,0.5022321428571429,0.5357142857142857,0.5290178571428571,0.4642857142857143,0.515625,0.4801587301587301,0.6138392857142857,0.6706349206349207,0.6272321428571429,0.9007936507936508,0.5290178571428571,0.4801587301587301,0.640625,0.5674603174603176,0.2611607142857143,0.32142857142857145
