head_top_x,head_top_y,upper_neck_x,upper_neck_y,right_shoulder_x,right_shoulder_y,right_elbow_x,right_elbow_y,right_wrist_x,right_wrist_y,thorax_x,thorax_y,left_shoulder_x,left_shoulder_y,left_elbow_x,left_elbow_y,left_wrist_x,left_wrist_y,pelvis_x,pelvis_y,right_hip_x,right_hip_y,right_knee_x,right_knee_y,right_ankle_x,right_ankle_y,left_hip_x,left_hip_y,left_knee_x,left_knee_y,left_ankle_x,left_ankle_y
0.35044642857142855,0.11507936507936506,0.40401785714285715,0.09920634920634924,0.5066964285714286,0.07539682539682542,0.5736607142857143,0.25,0.6004464285714286,0.5595238095238096,0.43080357142857145,0.11507936507936506,0.31473214285714285,0.10714285714285715,0.5647321428571429,0.2420634920634921,0.6049107142857143,0.511904761904762,0.47098214285714285,0.09126984126984124,0.390625,0.5198412698412699,0.41294642857142855,0.5833333333333334,0.4575892857142857,0.9404761904761904,0.40401785714285715,0.5357142857142857,0.40401785714285715,0.5753968253968255,0.43973214285714285,0.9563492063492064
