head_top_x,head_top_y,upper_neck_x,upper_neck_y,right_shoulder_x,right_shoulder_y,right_elbow_x,right_elbow_y,right_wrist_x,right_wrist_y,thorax_x,thorax_y,left_shoulder_x,left_shoulder_y,left_elbow_x,left_elbow_y,left_wrist_x,left_wrist_y,pelvis_x,pelvis_y,right_hip_x,right_hip_y,right_knee_x,right_knee_y,right_ankle_x,right_ankle_y,left_hip_x,left_hip_y,left_knee_x,left_knee_y,left_ankle_x,left_ankle_y
0.5424107142857143,0.22916666666666666,0.546875,0.4136904761904762,0.46205357142857145,0.4375,0.41294642857142855,0.5803571428571428,0.43973214285714285,0.5803571428571428,0.5424107142857143,0.4494047619047619,0.6272321428571429,0.4494047619047619,0.6540178571428571,0.6160714285714285,0.5513392857142857,0.5803571428571428,0.5245535714285714,0.7172619047619048,0.484375,0.7172619047619048,0.38169642857142855,0.10416666666666667,0.43973214285714285,0.2886904761904762,0.5736607142857143,0.7172619047619048,0.5870535714285714,0.9732142857142857,0.38169642857142855,0.11011904761904763
