head_top_x,head_top_y,upper_neck_x,upper_neck_y,right_shoulder_x,right_shoulder_y,right_elbow_x,right_elbow_y,right_wrist_x,right_wrist_y,thorax_x,thorax_y,left_shoulder_x,left_shoulder_y,left_elbow_x,left_elbow_y,left_wrist_x,left_wrist_y,pelvis_x,pelvis_y,right_hip_x,right_hip_y,right_knee_x,right_knee_y,right_ankle_x,right_ankle_y,left_hip_x,left_hip_y,left_knee_x,left_knee_y,left_ankle_x,left_ankle_y
0.6227678571428571,0.130952380952381,0.6183035714285714,0.3611111111111111,0.5558035714285714,0.3611111111111111,0.5200892857142857,0.49603174603174605,0.515625,0.5753968253968255,0.6183035714285714,0.369047619047619,0.671875,0.38492063492063494,0.6540178571428571,0.5912698412698413,0.5736607142857143,0.6309523809523809,0.5870535714285714,0.6626984126984126,0.5513392857142857,0.6468253968253967,0.4799107142857143,0.7261904761904763,0.46651785714285715,0.9087301587301587,0.609375,0.6785714285714286,0.5915178571428571,0.7976190476190477,0.5959821428571429,0.9166666666666666
