head_top_x,head_top_y,upper_neck_x,upper_neck_y,right_shoulder_x,right_shoulder_y,right_elbow_x,right_elbow_y,right_wrist_x,right_wrist_y,thorax_x,thorax_y,left_shoulder_x,left_shoulder_y,left_elbow_x,left_elbow_y,left_wrist_x,left_wrist_y,pelvis_x,pelvis_y,right_hip_x,right_hip_y,right_knee_x,right_knee_y,right_ankle_x,right_ankle_y,left_hip_x,left_hip_y,left_knee_x,left_knee_y,left_ankle_x,left_ankle_y
0.49330357142857145,0.17857142857142852,0.47544642857142855,0.4246031746031746,0.43973214285714285,0.4246031746031746,0.38169642857142855,0.5912698412698413,0.41294642857142855,0.7261904761904763,0.47544642857142855,0.43253968253968256,0.49330357142857145,0.44047619047619047,0.578125,0.49603174603174605,0.5959821428571429,0.3452380952380952,0.515625,0.7341269841269842,0.4888392857142857,0.7341269841269842,0.546875,0.8055555555555556,0.03794642857142857,0.75,0.5200892857142857,0.7420634920634921,0.5602678571428571,0.7817460317460319,0.033482142857142856,0.7658730158730158
