head_top_x,head_top_y,upper_neck_x,upper_neck_y,right_shoulder_x,right_shoulder_y,right_elbow_x,right_elbow_y,right_wrist_x,right_wrist_y,thorax_x,thorax_y,left_shoulder_x,left_shoulder_y,left_elbow_x,left_elbow_y,left_wrist_x,left_wrist_y,pelvis_x,pelvis_y,right_hip_x,right_hip_y,right_knee_x,right_knee_y,right_ankle_x,right_ankle_y,left_hip_x,left_hip_y,left_knee_x,left_knee_y,left_ankle_x,left_ankle_y
0.6629464285714286,0.011904761904761911,0.6897321428571429,0.23412698412698407,0.6227678571428571,0.20238095238095236,0.5915178571428571,0.32142857142857145,0.5959821428571429,0.40079365079365076,0.6808035714285714,0.21031746031746035,0.7388392857142857,0.21031746031746035,0.7566964285714286,0.29761904761904767,0.734375,0.32936507936507936,0.6986607142857143,0.3452380952380952,0.6584821428571429,0.3452380952380952,0.5825892857142857,0.4484126984126984,0.609375,0.4484126984126984,0.7299107142857143,0.3531746031746032,0.6852678571428571,0.4722222222222222,0.6897321428571429,0.4642857142857143
