head_top_x,head_top_y,upper_neck_x,upper_neck_y,right_shoulder_x,right_shoulder_y,right_elbow_x,right_elbow_y,right_wrist_x,right_wrist_y,thorax_x,thorax_y,left_shoulder_x,left_shoulder_y,left_elbow_x,left_elbow_y,left_wrist_x,left_wrist_y,pelvis_x,pelvis_y,right_hip_x,right_hip_y,right_knee_x,right_knee_y,right_ankle_x,right_ankle_y,left_hip_x,left_hip_y,left_knee_x,left_knee_y,left_ankle_x,left_ankle_y
0.46651785714285715,0.027777777777777776,0.5066964285714286,0.28968253968253965,0.47544642857142855,0.3055555555555556,0.43526785714285715,0.43253968253968256,0.38169642857142855,0.4801587301587301,0.5111607142857143,0.29761904761904767,0.5379464285714286,0.28968253968253965,0.6004464285714286,0.4087301587301588,0.6227678571428571,0.5753968253968255,0.5513392857142857,0.5912698412698413,0.515625,0.5912698412698413,0.390625,0.6865079365079365,0.49330357142857145,0.9166666666666666,0.578125,0.5912698412698413,0.8816964285714286,0.5277777777777778,0.5290178571428571,0.9166666666666666
