head_top_x,head_top_y,upper_neck_x,upper_neck_y,right_shoulder_x,right_shoulder_y,right_elbow_x,right_elbow_y,right_wrist_x,right_wrist_y,thorax_x,thorax_y,left_shoulder_x,left_shoulder_y,left_elbow_x,left_elbow_y,left_wrist_x,left_wrist_y,pelvis_x,pelvis_y,right_hip_x,right_hip_y,right_knee_x,right_knee_y,right_ankle_x,right_ankle_y,left_hip_x,left_hip_y,left_knee_x,left_knee_y,left_ankle_x,left_ankle_y
0.8102678571428571,0.20238095238095236,0.734375,0.4166666666666667,0.6450892857142857,0.4087301587301588,0.4799107142857143,0.5357142857142857,0.49776785714285715,0.5912698412698413,0.7254464285714286,0.4563492063492063,0.8102678571428571,0.4722222222222222,0.7165178571428571,0.6547619047619047,0.5200892857142857,0.5912698412698413,0.46205357142857145,0.43253968253968256,0.47098214285714285,0.4722222222222222,0.34598214285714285,0.32936507936507936,0.24776785714285715,0.2420634920634921,0.43973214285714285,0.39285714285714285,0.34151785714285715,0.3531746031746032,0.265625,0.25
