head_top_x,head_top_y,upper_neck_x,upper_neck_y,right_shoulder_x,right_shoulder_y,right_elbow_x,right_elbow_y,right_wrist_x,right_wrist_y,thorax_x,thorax_y,left_shoulder_x,left_shoulder_y,left_elbow_x,left_elbow_y,left_wrist_x,left_wrist_y,pelvis_x,pelvis_y,right_hip_x,right_hip_y,right_knee_x,right_knee_y,right_ankle_x,right_ankle_y,left_hip_x,left_hip_y,left_knee_x,left_knee_y,left_ankle_x,left_ankle_y
0.8370535714285714,0.14654947916666666,0.7254464285714286,0.2021484375,0.7075892857142857,0.2180338541666667,0.47544642857142855,0.3371744791666667,0.43973214285714285,0.39277343750000004,0.34598214285714285,0.2656901041666667,0.328125,0.2974609375000001,0.28348214285714285,0.40865885416666675,0.171875,0.4563151041666667,0.484375,0.28157552083333337,0.484375,0.32128906250000006,0.6986607142857143,0.2100911458333334,0.7254464285714286,0.1783203125,0.484375,0.30540364583333335,0.7120535714285714,0.2021484375,0.46651785714285715,0.39277343750000004
