head_top_x,head_top_y,upper_neck_x,upper_neck_y,right_shoulder_x,right_shoulder_y,right_elbow_x,right_elbow_y,right_wrist_x,right_wrist_y,thorax_x,thorax_y,left_shoulder_x,left_shoulder_y,left_elbow_x,left_elbow_y,left_wrist_x,left_wrist_y,pelvis_x,pelvis_y,right_hip_x,right_hip_y,right_knee_x,right_knee_y,right_ankle_x,right_ankle_y,left_hip_x,left_hip_y,left_knee_x,left_knee_y,left_ankle_x,left_ankle_y
0.5959821428571429,0.08333333333333333,0.6272321428571429,0.3452380952380952,0.5602678571428571,0.40079365079365076,0.5111607142857143,0.5357142857142857,0.4575892857142857,0.6309523809523809,0.6272321428571429,0.40079365079365076,0.6986607142857143,0.40079365079365076,0.7611607142857143,0.6309523809523809,0.7700892857142857,0.8373015873015874,0.6629464285714286,0.7182539682539681,0.6227678571428571,0.6944444444444444,0.5022321428571429,0.7261904761904763,0.6674107142857143,0.9087301587301587,0.7075892857142857,0.7261904761904763,0.6138392857142857,0.7420634920634921,0.6808035714285714,0.9642857142857143
