head_top_x,head_top_y,upper_neck_x,upper_neck_y,right_shoulder_x,right_shoulder_y,right_elbow_x,right_elbow_y,right_wrist_x,right_wrist_y,thorax_x,thorax_y,left_shoulder_x,left_shoulder_y,left_elbow_x,left_elbow_y,left_wrist_x,left_wrist_y,pelvis_x,pelvis_y,right_hip_x,right_hip_y,right_knee_x,right_knee_y,right_ankle_x,right_ankle_y,left_hip_x,left_hip_y,left_knee_x,left_knee_y,left_ankle_x,left_ankle_y
0.30580357142857145,0.5039713541666667,0.38169642857142855,0.3451171875,0.34598214285714285,0.3610026041666667,0.31473214285714285,0.5357421875,0.3013392857142857,0.6787109375000001,0.37723214285714285,0.3689453125,0.39955357142857145,0.3610026041666667,0.35044642857142855,0.5277994791666667,0.3236607142857143,0.6707682291666668,0.37276785714285715,0.39277343750000004,0.36830357142857145,0.39277343750000004,0.6183035714285714,0.3292317708333334,0.515625,0.1783203125,0.37723214285714285,0.4007161458333333,0.5959821428571429,0.32128906250000006,0.5245535714285714,0.1783203125
