head_top_x,head_top_y,upper_neck_x,upper_neck_y,right_shoulder_x,right_shoulder_y,right_elbow_x,right_elbow_y,right_wrist_x,right_wrist_y,thorax_x,thorax_y,left_shoulder_x,left_shoulder_y,left_elbow_x,left_elbow_y,left_wrist_x,left_wrist_y,pelvis_x,pelvis_y,right_hip_x,right_hip_y,right_knee_x,right_knee_y,right_ankle_x,right_ankle_y,left_hip_x,left_hip_y,left_knee_x,left_knee_y,left_ankle_x,left_ankle_y
0.3013392857142857,0.8455078125000001,0.41294642857142855,0.6548828124999999,0.40401785714285715,0.6787109375000001,0.328125,0.7740234374999999,0.31473214285714285,0.6469401041666667,0.40401785714285715,0.6787109375000001,0.38169642857142855,0.7025390625,0.3325892857142857,0.7740234374999999,0.31026785714285715,0.6548828124999999,0.4888392857142857,0.5039713541666667,0.49776785714285715,0.4880859375000001,0.49776785714285715,0.23391927083333333,0.5245535714285714,0.6548828124999999,0.49330357142857145,0.49602864583333345,0.4888392857142857,0.2180338541666667,0.5200892857142857,0.6548828124999999
