head_top_x,head_top_y,upper_neck_x,upper_neck_y,right_shoulder_x,right_shoulder_y,right_elbow_x,right_elbow_y,right_wrist_x,right_wrist_y,thorax_x,thorax_y,left_shoulder_x,left_shoulder_y,left_elbow_x,left_elbow_y,left_wrist_x,left_wrist_y,pelvis_x,pelvis_y,right_hip_x,right_hip_y,right_knee_x,right_knee_y,right_ankle_x,right_ankle_y,left_hip_x,left_hip_y,left_knee_x,left_knee_y,left_ankle_x,left_ankle_y
0.7388392857142857,0.28968253968253965,0.5915178571428571,0.3611111111111111,0.5290178571428571,0.369047619047619,0.4799107142857143,0.28174603174603174,0.5647321428571429,0.21031746031746035,0.5513392857142857,0.37698412698412703,0.5245535714285714,0.37698412698412703,0.6674107142857143,0.28174603174603174,0.5647321428571429,0.18650793650793654,0.30580357142857145,0.39285714285714285,0.35044642857142855,0.511904761904762,0.44419642857142855,0.5436507936507936,0.7700892857142857,0.5833333333333334,0.36830357142857145,0.5198412698412699,0.5022321428571429,0.5357142857142857,0.7700892857142857,0.5753968253968255
