head_top_x,head_top_y,upper_neck_x,upper_neck_y,right_shoulder_x,right_shoulder_y,right_elbow_x,right_elbow_y,right_wrist_x,right_wrist_y,thorax_x,thorax_y,left_shoulder_x,left_shoulder_y,left_elbow_x,left_elbow_y,left_wrist_x,left_wrist_y,pelvis_x,pelvis_y,right_hip_x,right_hip_y,right_knee_x,right_knee_y,right_ankle_x,right_ankle_y,left_hip_x,left_hip_y,left_knee_x,left_knee_y,left_ankle_x,left_ankle_y
0.3013392857142857,0.2351190476190476,0.43080357142857145,0.2648809523809524,0.3638392857142857,0.2351190476190476,0.30580357142857145,0.2708333333333333,0.4486607142857143,0.4791666666666667,0.421875,0.2708333333333333,0.5111607142857143,0.2351190476190476,0.5200892857142857,0.4136904761904762,0.453125,0.5208333333333334,0.6584821428571429,0.24702380952380953,0.6183035714285714,0.2113095238095238,0.8013392857142857,0.3898809523809524,0.6986607142857143,0.8422619047619048,0.6986607142857143,0.2708333333333333,0.8191964285714286,0.3660714285714286,0.6941964285714286,0.8541666666666666
