head_top_x,head_top_y,upper_neck_x,upper_neck_y,right_shoulder_x,right_shoulder_y,right_elbow_x,right_elbow_y,right_wrist_x,right_wrist_y,thorax_x,thorax_y,left_shoulder_x,left_shoulder_y,left_elbow_x,left_elbow_y,left_wrist_x,left_wrist_y,pelvis_x,pelvis_y,right_hip_x,right_hip_y,right_knee_x,right_knee_y,right_ankle_x,right_ankle_y,left_hip_x,left_hip_y,left_knee_x,left_knee_y,left_ankle_x,left_ankle_y
0.515625,0.02740885416666668,0.5111607142857143,0.23391927083333333,0.43973214285714285,0.2180338541666667,0.390625,0.32128906250000006,0.453125,0.44837239583333344,0.5111607142857143,0.2100911458333334,0.5870535714285714,0.1942057291666667,0.6361607142857143,0.30540364583333335,0.6049107142857143,0.3689453125,0.5066964285714286,0.44042968750000006,0.47544642857142855,0.44042968750000006,0.453125,0.6548828124999999,0.40848214285714285,0.8693359375,0.5334821428571429,0.44837239583333344,0.5513392857142857,0.6866536458333333,0.5558035714285714,0.9090494791666667
