head_top_x,head_top_y,upper_neck_x,upper_neck_y,right_shoulder_x,right_shoulder_y,right_elbow_x,right_elbow_y,right_wrist_x,right_wrist_y,thorax_x,thorax_y,left_shoulder_x,left_shoulder_y,left_elbow_x,left_elbow_y,left_wrist_x,left_wrist_y,pelvis_x,pelvis_y,right_hip_x,right_hip_y,right_knee_x,right_knee_y,right_ankle_x,right_ankle_y,left_hip_x,left_hip_y,left_knee_x,left_knee_y,left_ankle_x,left_ankle_y
0.7254464285714286,0.0505952380952381,0.6808035714285714,0.2351190476190476,0.5825892857142857,0.29464285714285715,0.5334821428571429,0.4851190476190476,0.5379464285714286,0.6696428571428572,0.6674107142857143,0.29464285714285715,0.7388392857142857,0.29464285714285715,0.6584821428571429,0.44345238095238093,0.6897321428571429,0.5744047619047619,0.6495535714285714,0.6934523809523809,0.5959821428571429,0.6934523809523809,0.5959821428571429,0.9553571428571428,0.34151785714285715,0.9494047619047619,0.6941964285714286,0.6815476190476191,0.671875,0.9613095238095238,0.3325892857142857,0.9553571428571428
