head_top_x,head_top_y,upper_neck_x,upper_neck_y,right_shoulder_x,right_shoulder_y,right_elbow_x,right_elbow_y,right_wrist_x,right_wrist_y,thorax_x,thorax_y,left_shoulder_x,left_shoulder_y,left_elbow_x,left_elbow_y,left_wrist_x,left_wrist_y,pelvis_x,pelvis_y,right_hip_x,right_hip_y,right_knee_x,right_knee_y,right_ankle_x,right_ankle_y,left_hip_x,left_hip_y,left_knee_x,left_knee_y,left_ankle_x,left_ankle_y
0.5427083333333333,0.3055555555555556,0.509375,0.5388888888888889,0.453125,0.49074074074074076,0.37604166666666666,0.5722222222222223,0.3614583333333333,0.6685185185185186,0.521875,0.4759259259259259,0.5885416666666666,0.4759259259259259,0.6427083333333333,0.5907407407407407,0.659375,0.6981481481481482,0.5197916666666667,0.5611111111111112,0.4864583333333333,0.587037037037037,0.4739583333333333,0.37962962962962965,0.49895833333333334,0.31296296296296294,0.540625,0.5796296296296296,0.5197916666666667,0.4055555555555556,0.5197916666666667,0.3351851851851852
