head_top_x,head_top_y,upper_neck_x,upper_neck_y,right_shoulder_x,right_shoulder_y,right_elbow_x,right_elbow_y,right_wrist_x,right_wrist_y,thorax_x,thorax_y,left_shoulder_x,left_shoulder_y,left_elbow_x,left_elbow_y,left_wrist_x,left_wrist_y,pelvis_x,pelvis_y,right_hip_x,right_hip_y,right_knee_x,right_knee_y,right_ankle_x,right_ankle_y,left_hip_x,left_hip_y,left_knee_x,left_knee_y,left_ankle_x,left_ankle_y
0.5697916666666667,0.027777777777777776,0.5614583333333333,0.3055555555555556,0.484375,0.3351851851851852,0.440625,0.4981481481481482,0.4864583333333333,0.375925925925926,0.5614583333333333,0.34259259259259256,0.6385416666666667,0.34259259259259256,0.7135416666666666,0.49074074074074076,0.659375,0.40925925925925927,0.571875,0.7611111111111111,0.528125,0.7648148148148147,0.5364583333333334,0.9907407407407407,0.484375,0.3722222222222222,0.615625,0.7537037037037037,0.6302083333333334,0.9833333333333333,0.6614583333333334,0.4055555555555556
