head_top_x,head_top_y,upper_neck_x,upper_neck_y,right_shoulder_x,right_shoulder_y,right_elbow_x,right_elbow_y,right_wrist_x,right_wrist_y,thorax_x,thorax_y,left_shoulder_x,left_shoulder_y,left_elbow_x,left_elbow_y,left_wrist_x,left_wrist_y,pelvis_x,pelvis_y,right_hip_x,right_hip_y,right_knee_x,right_knee_y,right_ankle_x,right_ankle_y,left_hip_x,left_hip_y,left_knee_x,left_knee_y,left_ankle_x,left_ankle_y
0.259375,0.04964843750000004,0.178125,0.26092447916666667,0.20729166666666668,0.25351128472222223,0.24270833333333333,0.43142795138888895,0.2989583333333333,0.5277994791666667,0.18229166666666666,0.29428385416666675,0.209375,0.25721788194444445,0.24479166666666666,0.4166015625,0.28229166666666666,0.5092664930555556,0.5385416666666667,0.6278776041666667,0.5489583333333333,0.6241710069444445,0.459375,0.5833984375,0.5760416666666667,0.19049913194444448,0.5197916666666667,0.6427039930555556,0.490625,0.5463324652777777,0.4635416666666667,0.5315060763888889
