head_top_x,head_top_y,upper_neck_x,upper_neck_y,right_shoulder_x,right_shoulder_y,right_elbow_x,right_elbow_y,right_wrist_x,right_wrist_y,thorax_x,thorax_y,left_shoulder_x,left_shoulder_y,left_elbow_x,left_elbow_y,left_wrist_x,left_wrist_y,pelvis_x,pelvis_y,right_hip_x,right_hip_y,right_knee_x,right_knee_y,right_ankle_x,right_ankle_y,left_hip_x,left_hip_y,left_knee_x,left_knee_y,left_ankle_x,left_ankle_y
0.43645833333333334,0.020370370370370348,0.478125,0.2759259259259259,0.471875,0.2796296296296296,0.453125,0.30925925925925923,0.3802083333333333,0.33888888888888885,0.48020833333333335,0.27222222222222225,0.48854166666666665,0.2796296296296296,0.4635416666666667,0.30925925925925923,0.3802083333333333,0.3277777777777778,0.490625,0.44999999999999996,0.478125,0.4462962962962963,0.4739583333333333,0.6870370370370371,0.4739583333333333,0.8944444444444445,0.5010416666666667,0.4425925925925926,0.5010416666666667,0.6685185185185186,0.503125,0.8425925925925927
