head_top_x,head_top_y,upper_neck_x,upper_neck_y,right_shoulder_x,right_shoulder_y,right_elbow_x,right_elbow_y,right_wrist_x,right_wrist_y,thorax_x,thorax_y,left_shoulder_x,left_shoulder_y,left_elbow_x,left_elbow_y,left_wrist_x,left_wrist_y,pelvis_x,pelvis_y,right_hip_x,right_hip_y,right_knee_x,right_knee_y,right_ankle_x,right_ankle_y,left_hip_x,left_hip_y,left_knee_x,left_knee_y,left_ankle_x,left_ankle_y
0.40520833333333334,0.20972222222222223,0.4635416666666667,0.3819444444444444,0.46979166666666666,0.44305555555555554,0.39479166666666665,0.6375000000000001,0.41770833333333335,0.8652777777777777,0.4635416666666667,0.3819444444444444,0.6947916666666667,0.3541666666666667,0.709375,0.5597222222222222,0.434375,0.8680555555555555,0.5552083333333333,0.7013888888888888,0.509375,0.7319444444444444,0.490625,0.7958333333333334,0.43020833333333336,0.9180555555555556,0.615625,0.626388888888889,0.540625,0.6930555555555555,0.6010416666666667,0.7791666666666667
