head_top_x,head_top_y,upper_neck_x,upper_neck_y,right_shoulder_x,right_shoulder_y,right_elbow_x,right_elbow_y,right_wrist_x,right_wrist_y,thorax_x,thorax_y,left_shoulder_x,left_shoulder_y,left_elbow_x,left_elbow_y,left_wrist_x,left_wrist_y,pelvis_x,pelvis_y,right_hip_x,right_hip_y,right_knee_x,right_knee_y,right_ankle_x,right_ankle_y,left_hip_x,left_hip_y,left_knee_x,left_knee_y,left_ankle_x,left_ankle_y
0.7260416666666667,0.14629629629629626,0.6197916666666666,0.23518518518518514,0.6260416666666667,0.19444444444444445,0.5947916666666667,0.22407407407407406,0.6239583333333333,0.2537037037037037,0.6197916666666666,0.2425925925925926,0.6135416666666667,0.22777777777777775,0.34479166666666666,0.33888888888888885,0.228125,0.46481481481481485,0.48854166666666665,0.2425925925925926,0.503125,0.24629629629629632,0.790625,0.16481481481481483,0.8989583333333333,0.22037037037037038,0.465625,0.26111111111111107,0.7677083333333333,0.1722222222222222,0.8552083333333333,0.22037037037037038
