head_top_x,head_top_y,upper_neck_x,upper_neck_y,right_shoulder_x,right_shoulder_y,right_elbow_x,right_elbow_y,right_wrist_x,right_wrist_y,thorax_x,thorax_y,left_shoulder_x,left_shoulder_y,left_elbow_x,left_elbow_y,left_wrist_x,left_wrist_y,pelvis_x,pelvis_y,right_hip_x,right_hip_y,right_knee_x,right_knee_y,right_ankle_x,right_ankle_y,left_hip_x,left_hip_y,left_knee_x,left_knee_y,left_ankle_x,left_ankle_y
0.26145833333333335,0.20138888888888892,0.2864583333333333,0.42083333333333334,0.3072916666666667,0.45416666666666666,0.26145833333333335,0.6625,0.25729166666666664,0.8513888888888889,0.29270833333333335,0.40972222222222227,0.30104166666666665,0.45416666666666666,0.26145833333333335,0.6625,0.3385416666666667,0.34027777777777773,0.3927083333333333,0.44305555555555554,0.309375,0.3986111111111111,0.334375,0.31527777777777777,0.31354166666666666,0.2736111111111111,0.440625,0.45694444444444443,0.321875,0.2986111111111111,0.596875,-0.0010416666666666667
