head_top_x,head_top_y,upper_neck_x,upper_neck_y,right_shoulder_x,right_shoulder_y,right_elbow_x,right_elbow_y,right_wrist_x,right_wrist_y,thorax_x,thorax_y,left_shoulder_x,left_shoulder_y,left_elbow_x,left_elbow_y,left_wrist_x,left_wrist_y,pelvis_x,pelvis_y,right_hip_x,right_hip_y,right_knee_x,right_knee_y,right_ankle_x,right_ankle_y,left_hip_x,left_hip_y,left_knee_x,left_knee_y,left_ankle_x,left_ankle_y
0.12604166666666666,0.39923177083333333,0.24479166666666666,0.39923177083333333,0.23645833333333333,0.3140755208333333,0.315625,0.2856901041666666,0.396875,0.24878906249999996,0.25104166666666666,0.38787760416666667,0.23229166666666667,0.31123697916666665,0.35104166666666664,0.2573046875,0.421875,0.2345963541666667,0.553125,0.43897135416666666,0.5322916666666667,0.4361328125,0.659375,0.5212890625,0.5697916666666667,0.5808984374999999,0.5635416666666667,0.46167968749999994,0.415625,0.6859244791666667,0.578125,0.5894140625000001
