head_top_x,head_top_y,upper_neck_x,upper_neck_y,right_shoulder_x,right_shoulder_y,right_elbow_x,right_elbow_y,right_wrist_x,right_wrist_y,thorax_x,thorax_y,left_shoulder_x,left_shoulder_y,left_elbow_x,left_elbow_y,left_wrist_x,left_wrist_y,pelvis_x,pelvis_y,right_hip_x,right_hip_y,right_knee_x,right_knee_y,right_ankle_x,right_ankle_y,left_hip_x,left_hip_y,left_knee_x,left_knee_y,left_ankle_x,left_ankle_y
0.659375,0.15740740740740744,0.628125,0.4388888888888889,0.534375,0.42777777777777776,0.4114583333333333,0.40925925925925927,0.36770833333333336,0.5203703703703704,0.628125,0.4388888888888889,0.7197916666666667,0.4462962962962963,0.8114583333333333,0.26481481481481484,0.7989583333333333,0.005555555555555536,0.5947916666666667,0.8611111111111112,0.5364583333333334,0.8462962962962963,0.3697916666666667,0.912962962962963,0.371875,1.0,0.659375,0.8796296296296295,0.3697916666666667,0.9092592592592593,0.6927083333333334,-0.0010416666666666667
