head_top_x,head_top_y,upper_neck_x,upper_neck_y,right_shoulder_x,right_shoulder_y,right_elbow_x,right_elbow_y,right_wrist_x,right_wrist_y,thorax_x,thorax_y,left_shoulder_x,left_shoulder_y,left_elbow_x,left_elbow_y,left_wrist_x,left_wrist_y,pelvis_x,pelvis_y,right_hip_x,right_hip_y,right_knee_x,right_knee_y,right_ankle_x,right_ankle_y,left_hip_x,left_hip_y,left_knee_x,left_knee_y,left_ankle_x,left_ankle_y
0.29270833333333335,0.2907407407407407,0.5052083333333334,0.15740740740740744,0.43020833333333336,0.19074074074074077,0.271875,0.20555555555555552,0.328125,0.3648148148148148,0.503125,0.20185185185185184,0.2760416666666667,0.23518518518518514,0.25729166666666664,0.2092592592592593,0.346875,0.38333333333333336,0.546875,0.2833333333333333,0.571875,0.2833333333333333,0.471875,0.14999999999999997,0.8447916666666667,0.287037037037037,0.5260416666666666,0.26851851851851855,0.4739583333333333,0.13518518518518519,0.878125,0.3351851851851852
