head_top_x,head_top_y,upper_neck_x,upper_neck_y,right_shoulder_x,right_shoulder_y,right_elbow_x,right_elbow_y,right_wrist_x,right_wrist_y,thorax_x,thorax_y,left_shoulder_x,left_shoulder_y,left_elbow_x,left_elbow_y,left_wrist_x,left_wrist_y,pelvis_x,pelvis_y,right_hip_x,right_hip_y,right_knee_x,right_knee_y,right_ankle_x,right_ankle_y,left_hip_x,left_hip_y,left_knee_x,left_knee_y,left_ankle_x,left_ankle_y
0.6197916666666666,0.11666666666666664,0.609375,0.37962962962962965,0.6135416666666667,0.2425925925925926,0.615625,0.1722222222222222,0.5822916666666667,0.13518518518518519,0.6052083333333333,0.36851851851851847,0.6177083333333333,0.40925925925925927,0.6052083333333333,0.49074074074074076,0.609375,0.5499999999999999,0.6010416666666667,0.49074074074074076,0.603125,0.47962962962962963,0.578125,0.6574074074074073,0.5614583333333333,0.8129629629629629,0.596875,0.501851851851852,0.5927083333333333,0.6425925925925926,0.571875,0.8203703703703703
