head_top_x,head_top_y,upper_neck_x,upper_neck_y,right_shoulder_x,right_shoulder_y,right_elbow_x,right_elbow_y,right_wrist_x,right_wrist_y,thorax_x,thorax_y,left_shoulder_x,left_shoulder_y,left_elbow_x,left_elbow_y,left_wrist_x,left_wrist_y,pelvis_x,pelvis_y,right_hip_x,right_hip_y,right_knee_x,right_knee_y,right_ankle_x,right_ankle_y,left_hip_x,left_hip_y,left_knee_x,left_knee_y,left_ankle_x,left_ankle_y
0.6947916666666667,0.12361111111111112,0.6489583333333333,0.3125,0.5947916666666667,0.30694444444444446,0.5572916666666666,0.4069444444444445,0.5677083333333334,0.4875,0.653125,0.3013888888888889,0.7072916666666667,0.29583333333333334,0.728125,0.3763888888888889,0.7260416666666667,0.4486111111111111,0.6260416666666667,0.5097222222222223,0.5927083333333333,0.5097222222222223,0.603125,0.6625,0.5927083333333333,0.7902777777777777,0.6572916666666667,0.5125000000000001,0.678125,0.6597222222222222,0.6697916666666667,0.7541666666666668
