head_top_x,head_top_y,upper_neck_x,upper_neck_y,right_shoulder_x,right_shoulder_y,right_elbow_x,right_elbow_y,right_wrist_x,right_wrist_y,thorax_x,thorax_y,left_shoulder_x,left_shoulder_y,left_elbow_x,left_elbow_y,left_wrist_x,left_wrist_y,pelvis_x,pelvis_y,right_hip_x,right_hip_y,right_knee_x,right_knee_y,right_ankle_x,right_ankle_y,left_hip_x,left_hip_y,left_knee_x,left_knee_y,left_ankle_x,left_ankle_y
0.396875,0.060173611111111094,0.3885416666666667,0.31781249999999994,0.309375,0.3730208333333333,0.26145833333333335,0.6048958333333333,0.28020833333333334,0.509201388888889,0.3885416666666667,0.3582986111111111,0.4635416666666667,0.33621527777777777,0.5072916666666667,0.5276041666666667,0.5760416666666667,0.6085763888888888,0.421875,0.7484375,0.3802083333333333,0.7631597222222222,0.39895833333333336,0.965590277777778,0.2760416666666667,0.5128819444444445,0.4635416666666667,0.7373958333333334,0.490625,0.9619097222222222,0.565625,0.6048958333333333
