head_top_x,head_top_y,upper_neck_x,upper_neck_y,right_shoulder_x,right_shoulder_y,right_elbow_x,right_elbow_y,right_wrist_x,right_wrist_y,thorax_x,thorax_y,left_shoulder_x,left_shoulder_y,left_elbow_x,left_elbow_y,left_wrist_x,left_wrist_y,pelvis_x,pelvis_y,right_hip_x,right_hip_y,right_knee_x,right_knee_y,right_ankle_x,right_ankle_y,left_hip_x,left_hip_y,left_knee_x,left_knee_y,left_ankle_x,left_ankle_y
0.40520833333333334,0.020370370370370348,0.46979166666666666,0.2796296296296296,0.43020833333333336,0.31666666666666665,0.4427083333333333,0.4166666666666667,0.3927083333333333,0.46481481481481485,0.47604166666666664,0.30925925925925923,0.5177083333333333,0.31666666666666665,0.546875,0.4981481481481482,0.421875,0.4759259259259259,0.5572916666666666,0.5240740740740741,0.528125,0.5277777777777778,0.5135416666666667,0.6537037037037037,0.5385416666666667,0.8351851851851853,0.5822916666666667,0.5166666666666667,0.5635416666666667,0.6685185185185186,0.5635416666666667,0.9018518518518519
