head_top_x,head_top_y,upper_neck_x,upper_neck_y,right_shoulder_x,right_shoulder_y,right_elbow_x,right_elbow_y,right_wrist_x,right_wrist_y,thorax_x,thorax_y,left_shoulder_x,left_shoulder_y,left_elbow_x,left_elbow_y,left_wrist_x,left_wrist_y,pelvis_x,pelvis_y,right_hip_x,right_hip_y,right_knee_x,right_knee_y,right_ankle_x,right_ankle_y,left_hip_x,left_hip_y,left_knee_x,left_knee_y,left_ankle_x,left_ankle_y
0.5864583333333333,0.45366753472222227,0.540625,0.6797699652777779,0.4947916666666667,0.6501171875,0.43020833333333336,0.6760633680555557,0.396875,0.6427039930555556,0.5489583333333333,0.6352907986111112,0.603125,0.6352907986111112,0.6739583333333333,0.7131293402777777,0.7135416666666666,0.7094227430555555,0.5427083333333333,0.8910460069444446,0.5135416666666667,0.8873394097222221,0.5114583333333333,1.0,0.365625,0.3239366319444445,0.571875,0.898459201388889,0.653125,0.6871831597222222,0.7010416666666667,0.7057161458333333
