head_top_x,head_top_y,upper_neck_x,upper_neck_y,right_shoulder_x,right_shoulder_y,right_elbow_x,right_elbow_y,right_wrist_x,right_wrist_y,thorax_x,thorax_y,left_shoulder_x,left_shoulder_y,left_elbow_x,left_elbow_y,left_wrist_x,left_wrist_y,pelvis_x,pelvis_y,right_hip_x,right_hip_y,right_knee_x,right_knee_y,right_ankle_x,right_ankle_y,left_hip_x,left_hip_y,left_knee_x,left_knee_y,left_ankle_x,left_ankle_y
0.13020833333333334,0.058606770833333335,0.34270833333333334,0.047252604166666635,0.3260416666666667,0.01035156249999999,0.421875,0.2828515625,0.30520833333333336,0.22040364583333333,0.409375,0.14376302083333334,0.4239583333333333,0.1976953125,0.5989583333333334,0.3367838541666666,0.4510416666666667,0.3765234374999999,0.609375,0.3254296875,0.571875,0.3140755208333333,0.503125,0.4560026041666666,0.578125,0.6376692708333334,0.646875,0.33962239583333326,0.621875,0.5354817708333333,0.634375,0.6064453125
