head_top_x,head_top_y,upper_neck_x,upper_neck_y,right_shoulder_x,right_shoulder_y,right_elbow_x,right_elbow_y,right_wrist_x,right_wrist_y,thorax_x,thorax_y,left_shoulder_x,left_shoulder_y,left_elbow_x,left_elbow_y,left_wrist_x,left_wrist_y,pelvis_x,pelvis_y,right_hip_x,right_hip_y,right_knee_x,right_knee_y,right_ankle_x,right_ankle_y,left_hip_x,left_hip_y,left_knee_x,left_knee_y,left_ankle_x,left_ankle_y
0.6114583333333333,0.10972222222222223,0.684375,0.2791666666666666,0.5635416666666667,0.2819444444444445,0.421875,0.4291666666666667,0.3302083333333333,0.5402777777777777,0.684375,0.2902777777777778,0.8114583333333333,0.31527777777777777,0.6927083333333334,0.6597222222222222,0.521875,0.6597222222222222,0.721875,0.8013888888888889,0.6489583333333333,0.7374999999999999,0.2989583333333333,0.6375000000000001,0.42604166666666665,0.9263888888888889,0.7697916666666667,0.7791666666666667,0.415625,0.6597222222222222,0.440625,0.9347222222222222
