head_top_x,head_top_y,upper_neck_x,upper_neck_y,right_shoulder_x,right_shoulder_y,right_elbow_x,right_elbow_y,right_wrist_x,right_wrist_y,thorax_x,thorax_y,left_shoulder_x,left_shoulder_y,left_elbow_x,left_elbow_y,left_wrist_x,left_wrist_y,pelvis_x,pelvis_y,right_hip_x,right_hip_y,right_knee_x,right_knee_y,right_ankle_x,right_ankle_y,left_hip_x,left_hip_y,left_knee_x,left_knee_y,left_ankle_x,left_ankle_y
0.6822916666666666,0.3847222222222222,0.5614583333333333,0.3347222222222222,0.5010416666666667,0.3763888888888889,0.46770833333333334,0.49583333333333335,0.43854166666666666,0.6291666666666668,0.5572916666666666,0.3347222222222222,0.609375,0.3125,0.6302083333333334,0.3236111111111111,0.6572916666666667,0.41805555555555557,0.3260416666666667,0.24861111111111112,0.3385416666666667,0.24583333333333335,0.33645833333333336,0.37916666666666665,0.2864583333333333,0.5458333333333334,0.309375,0.2402777777777778,0.296875,0.4069444444444445,0.2947916666666667,0.5958333333333333
