head_top_x,head_top_y,upper_neck_x,upper_neck_y,right_shoulder_x,right_shoulder_y,right_elbow_x,right_elbow_y,right_wrist_x,right_wrist_y,thorax_x,thorax_y,left_shoulder_x,left_shoulder_y,left_elbow_x,left_elbow_y,left_wrist_x,left_wrist_y,pelvis_x,pelvis_y,right_hip_x,right_hip_y,right_knee_x,right_knee_y,right_ankle_x,right_ankle_y,left_hip_x,left_hip_y,left_knee_x,left_knee_y,left_ankle_x,left_ankle_y
0.4552083333333333,0.018055555555555564,0.45729166666666665,0.2263888888888889,0.4322916666666667,0.2402777777777778,0.43854166666666666,0.3125,0.47604166666666664,0.3208333333333333,0.4552083333333333,0.2402777777777778,0.46979166666666666,0.23194444444444443,0.503125,0.21527777777777776,0.5135416666666667,0.15694444444444444,0.4510416666666667,0.4458333333333333,0.44895833333333335,0.44305555555555554,0.4427083333333333,0.6291666666666668,0.471875,0.8069444444444445,0.44895833333333335,0.4458333333333333,0.45729166666666665,0.6402777777777778,0.471875,0.8180555555555555
