head_top_x,head_top_y,upper_neck_x,upper_neck_y,right_shoulder_x,right_shoulder_y,right_elbow_x,right_elbow_y,right_wrist_x,right_wrist_y,thorax_x,thorax_y,left_shoulder_x,left_shoulder_y,left_elbow_x,left_elbow_y,left_wrist_x,left_wrist_y,pelvis_x,pelvis_y,right_hip_x,right_hip_y,right_knee_x,right_knee_y,right_ankle_x,right_ankle_y,left_hip_x,left_hip_y,left_knee_x,left_knee_y,left_ankle_x,left_ankle_y
0.353125,0.22037037037037038,0.3385416666666667,0.46851851851851856,0.2947916666666667,0.35370370370370374,0.22604166666666667,0.38333333333333336,0.15729166666666666,0.4055555555555556,0.35104166666666664,0.38703703703703707,0.39895833333333336,0.42407407407407405,0.4322916666666667,0.5499999999999999,0.421875,0.6388888888888888,0.30520833333333336,0.5981481481481481,0.26979166666666665,0.575925925925926,0.18854166666666666,0.7240740740740742,0.11979166666666667,0.8611111111111112,0.33645833333333336,0.6203703703703705,0.24479166666666666,0.7462962962962963,0.18854166666666666,0.8648148148148148
