head_top_x,head_top_y,upper_neck_x,upper_neck_y,right_shoulder_x,right_shoulder_y,right_elbow_x,right_elbow_y,right_wrist_x,right_wrist_y,thorax_x,thorax_y,left_shoulder_x,left_shoulder_y,left_elbow_x,left_elbow_y,left_wrist_x,left_wrist_y,pelvis_x,pelvis_y,right_hip_x,right_hip_y,right_knee_x,right_knee_y,right_ankle_x,right_ankle_y,left_hip_x,left_hip_y,left_knee_x,left_knee_y,left_ankle_x,left_ankle_y
0.459375,0.2203125,0.453125,0.4515624999999999,0.3927083333333333,0.46718750000000003,0.35104166666666664,0.6515625,0.3614583333333333,0.6328124999999999,0.453125,0.46718750000000003,0.5114583333333333,0.4640624999999999,0.5489583333333333,0.5890624999999999,0.571875,0.5984375000000001,0.45729166666666665,0.7390625000000001,0.4239583333333333,0.7421875,0.421875,0.9671874999999999,0.3614583333333333,0.6234375,0.490625,0.7390625000000001,0.5010416666666667,0.9609374999999999,0.011458333333333333,0.2890625
