head_top_x,head_top_y,upper_neck_x,upper_neck_y,right_shoulder_x,right_shoulder_y,right_elbow_x,right_elbow_y,right_wrist_x,right_wrist_y,thorax_x,thorax_y,left_shoulder_x,left_shoulder_y,left_elbow_x,left_elbow_y,left_wrist_x,left_wrist_y,pelvis_x,pelvis_y,right_hip_x,right_hip_y,right_knee_x,right_knee_y,right_ankle_x,right_ankle_y,left_hip_x,left_hip_y,left_knee_x,left_knee_y,left_ankle_x,left_ankle_y
0.42604166666666665,-0.0010416666666666667,0.378125,0.09074074074074072,0.371875,0.11296296296296296,0.43854166666666666,0.14629629629629626,0.49270833333333336,0.19074074074074077,0.37604166666666666,0.10555555555555557,0.37395833333333334,0.09814814814814819,0.41770833333333335,0.20185185185185184,0.490625,0.2092592592592593,0.35520833333333335,0.31666666666666665,0.35104166666666664,0.3203703703703704,0.446875,0.39814814814814814,0.4864583333333333,0.5685185185185185,0.35520833333333335,0.31666666666666665,0.39479166666666665,0.47962962962962963,0.38645833333333335,0.5981481481481481
