head_top_x,head_top_y,upper_neck_x,upper_neck_y,right_shoulder_x,right_shoulder_y,right_elbow_x,right_elbow_y,right_wrist_x,right_wrist_y,thorax_x,thorax_y,left_shoulder_x,left_shoulder_y,left_elbow_x,left_elbow_y,left_wrist_x,left_wrist_y,pelvis_x,pelvis_y,right_hip_x,right_hip_y,right_knee_x,right_knee_y,right_ankle_x,right_ankle_y,left_hip_x,left_hip_y,left_knee_x,left_knee_y,left_ankle_x,left_ankle_y
0.4427083333333333,0.11666666666666664,0.390625,0.3611111111111111,0.3260416666666667,0.3648148148148148,0.29270833333333335,0.5055555555555556,0.3302083333333333,0.5833333333333334,0.3927083333333333,0.3611111111111111,0.459375,0.3611111111111111,0.4822916666666667,0.4981481481481482,0.496875,0.575925925925926,0.378125,0.6648148148148147,0.3489583333333333,0.6685185185185186,0.371875,0.9314814814814815,0.3885416666666667,1.0,0.409375,0.6648148148148147,0.39895833333333336,0.9203703703703704,0.4114583333333333,0.9685185185185186
