head_top_x,head_top_y,upper_neck_x,upper_neck_y,right_shoulder_x,right_shoulder_y,right_elbow_x,right_elbow_y,right_wrist_x,right_wrist_y,thorax_x,thorax_y,left_shoulder_x,left_shoulder_y,left_elbow_x,left_elbow_y,left_wrist_x,left_wrist_y,pelvis_x,pelvis_y,right_hip_x,right_hip_y,right_knee_x,right_knee_y,right_ankle_x,right_ankle_y,left_hip_x,left_hip_y,left_knee_x,left_knee_y,left_ankle_x,left_ankle_y
0.6197916666666666,0.10925925925925926,0.6739583333333333,0.38333333333333336,0.6010416666666667,0.4055555555555556,0.5947916666666667,0.6092592592592592,0.5552083333333333,0.7351851851851853,0.6802083333333333,0.412962962962963,0.759375,0.42407407407407405,0.7677083333333333,0.7388888888888889,0.7572916666666667,0.998148148148148,0.678125,0.8314814814814814,0.6385416666666667,0.8129629629629629,0.590625,0.8981481481481483,0.5572916666666666,0.7314814814814815,0.7197916666666667,0.8574074074074074,0.011458333333333333,1.0,0.17604166666666668,0.8092592592592592
