head_top_x,head_top_y,upper_neck_x,upper_neck_y,right_shoulder_x,right_shoulder_y,right_elbow_x,right_elbow_y,right_wrist_x,right_wrist_y,thorax_x,thorax_y,left_shoulder_x,left_shoulder_y,left_elbow_x,left_elbow_y,left_wrist_x,left_wrist_y,pelvis_x,pelvis_y,right_hip_x,right_hip_y,right_knee_x,right_knee_y,right_ankle_x,right_ankle_y,left_hip_x,left_hip_y,left_knee_x,left_knee_y,left_ankle_x,left_ankle_y
0.534375,0.04843749999999999,0.6614583333333334,0.15468749999999998,0.6447916666666667,0.22343749999999998,0.6510416666666666,0.4078124999999999,0.565625,0.5484375,0.6802083333333333,0.16718750000000002,0.7197916666666667,0.12031250000000002,0.6489583333333333,0.42031250000000003,0.5739583333333333,0.5421874999999999,0.7635416666666667,0.4796875,0.753125,0.4765625,0.565625,0.43906249999999997,0.5072916666666667,0.6515625,0.778125,0.4796875,0.5885416666666666,0.4515624999999999,0.5677083333333334,0.6390624999999999
