head_top_x,head_top_y,upper_neck_x,upper_neck_y,right_shoulder_x,right_shoulder_y,right_elbow_x,right_elbow_y,right_wrist_x,right_wrist_y,thorax_x,thorax_y,left_shoulder_x,left_shoulder_y,left_elbow_x,left_elbow_y,left_wrist_x,left_wrist_y,pelvis_x,pelvis_y,right_hip_x,right_hip_y,right_knee_x,right_knee_y,right_ankle_x,right_ankle_y,left_hip_x,left_hip_y,left_knee_x,left_knee_y,left_ankle_x,left_ankle_y
0.540625,-0.0010416666666666667,0.5135416666666667,0.20903211805555563,0.459375,0.21644531250000004,0.46979166666666666,0.34246961805555554,0.5364583333333334,0.29799045138888897,0.5177083333333333,0.2016189236111111,0.578125,0.1942057291666667,0.609375,0.33134982638888894,0.6052083333333333,0.4462543402777779,0.528125,0.48702690972222235,0.49270833333333336,0.49073350694444456,0.478125,0.7242491319444445,0.459375,0.8910460069444446,0.5614583333333333,0.48332031249999996,0.5739583333333333,0.7131293402777777,0.5760416666666667,0.898459201388889
