head_top_x,head_top_y,upper_neck_x,upper_neck_y,right_shoulder_x,right_shoulder_y,right_elbow_x,right_elbow_y,right_wrist_x,right_wrist_y,thorax_x,thorax_y,left_shoulder_x,left_shoulder_y,left_elbow_x,left_elbow_y,left_wrist_x,left_wrist_y,pelvis_x,pelvis_y,right_hip_x,right_hip_y,right_knee_x,right_knee_y,right_ankle_x,right_ankle_y,left_hip_x,left_hip_y,left_knee_x,left_knee_y,left_ankle_x,left_ankle_y
0.4635416666666667,0.1685185185185185,0.5177083333333333,0.39814814814814814,0.459375,0.2833333333333333,0.4239583333333333,0.3240740740740741,0.4010416666666667,0.42777777777777776,0.5010416666666667,0.3314814814814815,0.5427083333333333,0.39444444444444443,0.528125,0.575925925925926,0.5114583333333333,0.7388888888888889,0.503125,0.4314814814814815,0.47604166666666664,0.4166666666666667,0.4552083333333333,0.5944444444444444,0.440625,0.6981481481481482,0.5177083333333333,0.4388888888888889,0.5260416666666666,0.5574074074074075,0.5177083333333333,0.6944444444444444
