head_top_x,head_top_y,upper_neck_x,upper_neck_y,right_shoulder_x,right_shoulder_y,right_elbow_x,right_elbow_y,right_wrist_x,right_wrist_y,thorax_x,thorax_y,left_shoulder_x,left_shoulder_y,left_elbow_x,left_elbow_y,left_wrist_x,left_wrist_y,pelvis_x,pelvis_y,right_hip_x,right_hip_y,right_knee_x,right_knee_y,right_ankle_x,right_ankle_y,left_hip_x,left_hip_y,left_knee_x,left_knee_y,left_ankle_x,left_ankle_y
0.503125,0.23749999999999996,0.4739583333333333,0.15416666666666667,0.496875,0.1597222222222222,0.5635416666666667,0.24583333333333335,0.284375,0.4680555555555555,0.4427083333333333,0.17638888888888885,0.39895833333333336,0.1791666666666667,0.41770833333333335,0.3013888888888889,0.4427083333333333,0.4263888888888889,0.515625,0.30694444444444446,0.5552083333333333,0.3041666666666667,0.5197916666666667,0.5708333333333333,0.5052083333333334,0.748611111111111,0.4822916666666667,0.3125,0.4510416666666667,0.5625,0.4510416666666667,0.7180555555555556
