head_top_x,head_top_y,upper_neck_x,upper_neck_y,right_shoulder_x,right_shoulder_y,right_elbow_x,right_elbow_y,right_wrist_x,right_wrist_y,thorax_x,thorax_y,left_shoulder_x,left_shoulder_y,left_elbow_x,left_elbow_y,left_wrist_x,left_wrist_y,pelvis_x,pelvis_y,right_hip_x,right_hip_y,right_knee_x,right_knee_y,right_ankle_x,right_ankle_y,left_hip_x,left_hip_y,left_knee_x,left_knee_y,left_ankle_x,left_ankle_y
0.6802083333333333,0.36406249999999996,0.553125,0.43906249999999997,0.471875,0.43906249999999997,0.403125,0.49531249999999993,0.6885416666666667,0.7171875,0.5572916666666666,0.43906249999999997,0.6447916666666667,0.46718750000000003,0.6760416666666667,0.5640625,0.678125,0.7140624999999999,0.44895833333333335,0.7890625,0.40520833333333334,0.8015625,0.40520833333333334,0.5828125,0.515625,0.9171874999999999,0.5052083333333334,0.7296874999999999,0.43020833333333336,0.5140625,0.5385416666666667,0.8640625
