head_top_x,head_top_y,upper_neck_x,upper_neck_y,right_shoulder_x,right_shoulder_y,right_elbow_x,right_elbow_y,right_wrist_x,right_wrist_y,thorax_x,thorax_y,left_shoulder_x,left_shoulder_y,left_elbow_x,left_elbow_y,left_wrist_x,left_wrist_y,pelvis_x,pelvis_y,right_hip_x,right_hip_y,right_knee_x,right_knee_y,right_ankle_x,right_ankle_y,left_hip_x,left_hip_y,left_knee_x,left_knee_y,left_ankle_x,left_ankle_y
0.28854166666666664,-0.0010416666666666667,0.22604166666666667,0.18281249999999996,0.246875,0.23281250000000003,0.34270833333333334,0.4046874999999999,0.36770833333333336,0.5390624999999999,0.221875,0.18593750000000003,0.178125,0.1453125,0.315625,0.3890625,0.49270833333333336,0.40156249999999993,0.446875,0.4546874999999999,0.43645833333333334,0.46718750000000003,0.5114583333333333,0.6890625,0.5947916666666667,0.8796875000000001,0.4635416666666667,0.44843749999999993,0.4864583333333333,0.6109375,0.596875,0.8390625
