head_top_x,head_top_y,upper_neck_x,upper_neck_y,right_shoulder_x,right_shoulder_y,right_elbow_x,right_elbow_y,right_wrist_x,right_wrist_y,thorax_x,thorax_y,left_shoulder_x,left_shoulder_y,left_elbow_x,left_elbow_y,left_wrist_x,left_wrist_y,pelvis_x,pelvis_y,right_hip_x,right_hip_y,right_knee_x,right_knee_y,right_ankle_x,right_ankle_y,left_hip_x,left_hip_y,left_knee_x,left_knee_y,left_ankle_x,left_ankle_y
0.5447916666666667,0.20694444444444446,0.540625,0.41250000000000003,0.46145833333333336,0.43472222222222223,0.428125,0.5680555555555555,0.4510416666666667,0.5902777777777778,0.540625,0.4375,0.6197916666666666,0.4375,0.646875,0.6013888888888889,0.5572916666666666,0.5847222222222223,0.528125,0.6847222222222222,0.48854166666666665,0.6791666666666667,0.478125,0.9625,0.40729166666666666,0.08749999999999998,0.5697916666666667,0.6875,0.5802083333333333,0.9652777777777778,0.940625,0.4486111111111111
