head_top_x,head_top_y,upper_neck_x,upper_neck_y,right_shoulder_x,right_shoulder_y,right_elbow_x,right_elbow_y,right_wrist_x,right_wrist_y,thorax_x,thorax_y,left_shoulder_x,left_shoulder_y,left_elbow_x,left_elbow_y,left_wrist_x,left_wrist_y,pelvis_x,pelvis_y,right_hip_x,right_hip_y,right_knee_x,right_knee_y,right_ankle_x,right_ankle_y,left_hip_x,left_hip_y,left_knee_x,left_knee_y,left_ankle_x,left_ankle_y
0.634375,0.0944444444444444,0.6135416666666667,0.3574074074074074,0.559375,0.35000000000000003,0.5260416666666666,0.4574074074074074,0.5197916666666667,0.5611111111111112,0.615625,0.3574074074074074,0.671875,0.36851851851851847,0.6677083333333333,0.5462962962962963,0.5802083333333333,0.6240740740740741,0.596875,0.6462962962962963,0.565625,0.6425925925925926,0.5760416666666667,0.8314814814814814,0.571875,0.8537037037037037,0.628125,0.6574074074074073,0.6239583333333333,0.8685185185185185,0.6447916666666667,0.9722222222222222
