head_top_x,head_top_y,upper_neck_x,upper_neck_y,right_shoulder_x,right_shoulder_y,right_elbow_x,right_elbow_y,right_wrist_x,right_wrist_y,thorax_x,thorax_y,left_shoulder_x,left_shoulder_y,left_elbow_x,left_elbow_y,left_wrist_x,left_wrist_y,pelvis_x,pelvis_y,right_hip_x,right_hip_y,right_knee_x,right_knee_y,right_ankle_x,right_ankle_y,left_hip_x,left_hip_y,left_knee_x,left_knee_y,left_ankle_x,left_ankle_y
0.478125,0.19444444444444445,0.5135416666666667,0.45370370370370366,0.4510416666666667,0.42037037037037034,0.41354166666666664,0.5240740740740741,0.409375,0.6574074074074073,0.5114583333333333,0.4574074074074074,0.5864583333333333,0.4870370370370371,0.5822916666666667,0.5388888888888889,0.546875,0.4166666666666667,0.48020833333333335,0.6944444444444444,0.4552083333333333,0.6870370370370371,0.40729166666666666,0.6499999999999999,0.440625,0.9055555555555556,0.49895833333333334,0.6796296296296297,0.471875,0.8537037037037037,0.521875,-0.0010416666666666667
