head_top_x,head_top_y,upper_neck_x,upper_neck_y,right_shoulder_x,right_shoulder_y,right_elbow_x,right_elbow_y,right_wrist_x,right_wrist_y,thorax_x,thorax_y,left_shoulder_x,left_shoulder_y,left_elbow_x,left_elbow_y,left_wrist_x,left_wrist_y,pelvis_x,pelvis_y,right_hip_x,right_hip_y,right_knee_x,right_knee_y,right_ankle_x,right_ankle_y,left_hip_x,left_hip_y,left_knee_x,left_knee_y,left_ankle_x,left_ankle_y
0.6864583333333333,0.3078125,0.6885416666666667,0.5046875000000001,0.684375,0.44218749999999996,0.5864583333333333,0.44531249999999994,0.484375,0.36406249999999996,0.678125,0.4765625,0.671875,0.5265624999999999,0.5739583333333333,0.4796875,0.490625,0.36718749999999994,0.37395833333333334,0.4109374999999999,0.396875,0.4078124999999999,0.23020833333333332,0.4296875,0.11979166666666667,0.4703125,0.359375,0.4078124999999999,0.215625,0.44843749999999993,0.10104166666666667,0.4828125
