head_top_x,head_top_y,upper_neck_x,upper_neck_y,right_shoulder_x,right_shoulder_y,right_elbow_x,right_elbow_y,right_wrist_x,right_wrist_y,thorax_x,thorax_y,left_shoulder_x,left_shoulder_y,left_elbow_x,left_elbow_y,left_wrist_x,left_wrist_y,pelvis_x,pelvis_y,right_hip_x,right_hip_y,right_knee_x,right_knee_y,right_ankle_x,right_ankle_y,left_hip_x,left_hip_y,left_knee_x,left_knee_y,left_ankle_x,left_ankle_y
0.809375,0.17962962962962958,0.7302083333333333,0.40925925925925927,0.6260416666666667,0.39444444444444443,0.5322916666666667,0.49444444444444446,0.48020833333333335,0.5425925925925925,0.721875,0.4388888888888889,0.828125,0.46111111111111114,0.703125,0.5833333333333334,0.553125,0.6351851851851852,0.6197916666666666,0.7833333333333334,0.5677083333333334,0.7574074074074074,0.5135416666666667,0.9277777777777777,0.47604166666666664,0.5425925925925925,0.665625,0.8092592592592592,0.28229166666666666,0.22037037037037038,0.2989583333333333,0.21666666666666667
