head_top_x,head_top_y,upper_neck_x,upper_neck_y,right_shoulder_x,right_shoulder_y,right_elbow_x,right_elbow_y,right_wrist_x,right_wrist_y,thorax_x,thorax_y,left_shoulder_x,left_shoulder_y,left_elbow_x,left_elbow_y,left_wrist_x,left_wrist_y,pelvis_x,pelvis_y,right_hip_x,right_hip_y,right_knee_x,right_knee_y,right_ankle_x,right_ankle_y,left_hip_x,left_hip_y,left_knee_x,left_knee_y,left_ankle_x,left_ankle_y
0.5864583333333333,0.19049913194444448,0.5677083333333334,0.4573741319444445,0.584375,0.2423914930555556,0.5864583333333333,0.22385850694444448,0.5822916666666667,0.1497265625,0.5697916666666667,0.42030815972222224,0.5739583333333333,0.4944401041666668,0.5635416666666667,0.6538237847222221,0.553125,0.1497265625,0.571875,0.6501171875,0.5802083333333333,0.6501171875,0.5864583333333333,0.7613151041666667,0.5864583333333333,0.7946744791666668,0.559375,0.6612369791666666,0.5552083333333333,0.7501953125,0.5572916666666666,0.8206206597222222
