head_top_x,head_top_y,upper_neck_x,upper_neck_y,right_shoulder_x,right_shoulder_y,right_elbow_x,right_elbow_y,right_wrist_x,right_wrist_y,thorax_x,thorax_y,left_shoulder_x,left_shoulder_y,left_elbow_x,left_elbow_y,left_wrist_x,left_wrist_y,pelvis_x,pelvis_y,right_hip_x,right_hip_y,right_knee_x,right_knee_y,right_ankle_x,right_ankle_y,left_hip_x,left_hip_y,left_knee_x,left_knee_y,left_ankle_x,left_ankle_y
0.315625,0.12642361111111106,0.378125,0.3693402777777777,0.33229166666666665,0.44663194444444443,0.30104166666666665,0.6453819444444444,0.3614583333333333,0.6674652777777779,0.38229166666666664,0.3914236111111111,0.42604166666666665,0.32885416666666667,0.44895833333333335,0.45767361111111104,0.4864583333333333,0.5791319444444445,0.4739583333333333,0.7447569444444445,0.44479166666666664,0.7668402777777777,0.6010416666666667,0.10065972222222226,0.6010416666666667,-0.0010416666666666667,0.5010416666666667,0.7373958333333334,0.5989583333333334,0.1485069444444444,0.5947916666666667,0.23315972222222217
