head_top_x,head_top_y,upper_neck_x,upper_neck_y,right_shoulder_x,right_shoulder_y,right_elbow_x,right_elbow_y,right_wrist_x,right_wrist_y,thorax_x,thorax_y,left_shoulder_x,left_shoulder_y,left_elbow_x,left_elbow_y,left_wrist_x,left_wrist_y,pelvis_x,pelvis_y,right_hip_x,right_hip_y,right_knee_x,right_knee_y,right_ankle_x,right_ankle_y,left_hip_x,left_hip_y,left_knee_x,left_knee_y,left_ankle_x,left_ankle_y
0.5114583333333333,0.22407407407407406,0.48854166666666665,0.46851851851851856,0.46770833333333334,0.47962962962962963,0.540625,0.2537037037037037,0.5822916666666667,0.38333333333333336,0.484375,0.46481481481481485,0.49270833333333336,0.4870370370370371,0.490625,0.6166666666666667,0.49270833333333336,0.7537037037037037,0.015625,1.0,0.45729166666666665,0.49074074074074076,0.42604166666666665,0.47962962962962963,0.7427083333333333,0.18703703703703706,0.011458333333333333,1.0,0.446875,0.4314814814814815,0.8114583333333333,0.22407407407407406
