head_top_x,head_top_y,upper_neck_x,upper_neck_y,right_shoulder_x,right_shoulder_y,right_elbow_x,right_elbow_y,right_wrist_x,right_wrist_y,thorax_x,thorax_y,left_shoulder_x,left_shoulder_y,left_elbow_x,left_elbow_y,left_wrist_x,left_wrist_y,pelvis_x,pelvis_y,right_hip_x,right_hip_y,right_knee_x,right_knee_y,right_ankle_x,right_ankle_y,left_hip_x,left_hip_y,left_knee_x,left_knee_y,left_ankle_x,left_ankle_y
0.446875,0.12037037037037034,0.37395833333333334,0.3203703703703704,0.340625,0.2796296296296296,0.309375,0.29814814814814816,0.503125,0.3277777777777778,0.37604166666666666,0.21666666666666667,0.4114583333333333,0.19074074074074077,0.45729166666666665,0.23518518518518514,0.503125,0.3240740740740741,0.3885416666666667,0.34629629629629627,0.365625,0.35370370370370374,0.384375,0.4425925925925926,0.38645833333333335,0.5648148148148149,0.4114583333333333,0.3314814814814815,0.4427083333333333,0.45370370370370366,0.44895833333333335,0.587037037037037
