head_top_x,head_top_y,upper_neck_x,upper_neck_y,right_shoulder_x,right_shoulder_y,right_elbow_x,right_elbow_y,right_wrist_x,right_wrist_y,thorax_x,thorax_y,left_shoulder_x,left_shoulder_y,left_elbow_x,left_elbow_y,left_wrist_x,left_wrist_y,pelvis_x,pelvis_y,right_hip_x,right_hip_y,right_knee_x,right_knee_y,right_ankle_x,right_ankle_y,left_hip_x,left_hip_y,left_knee_x,left_knee_y,left_ankle_x,left_ankle_y
0.5177083333333333,0.12748697916666674,0.4822916666666667,0.4017751736111111,0.415625,0.37212239583333334,0.3614583333333333,0.48702690972222235,0.346875,0.5945182291666666,0.48020833333333335,0.3943619791666667,0.5489583333333333,0.4054817708333334,0.6177083333333333,0.5389192708333332,0.6427083333333333,0.4499609375000001,0.465625,0.7094227430555555,0.43020833333333336,0.7131293402777777,0.4197916666666667,0.9281119791666667,0.41354166666666664,0.9318185763888889,0.5010416666666667,0.7131293402777777,0.49270833333333336,0.9206987847222222,0.503125,0.9169921875
