head_top_x,head_top_y,upper_neck_x,upper_neck_y,right_shoulder_x,right_shoulder_y,right_elbow_x,right_elbow_y,right_wrist_x,right_wrist_y,thorax_x,thorax_y,left_shoulder_x,left_shoulder_y,left_elbow_x,left_elbow_y,left_wrist_x,left_wrist_y,pelvis_x,pelvis_y,right_hip_x,right_hip_y,right_knee_x,right_knee_y,right_ankle_x,right_ankle_y,left_hip_x,left_hip_y,left_knee_x,left_knee_y,left_ankle_x,left_ankle_y
0.6052083333333333,0.07222222222222226,0.6239583333333333,0.35000000000000003,0.5572916666666666,0.4018518518518518,0.490625,0.5611111111111112,0.4322916666666667,0.6648148148148147,0.6260416666666667,0.39444444444444443,0.696875,0.38333333333333336,0.759375,0.6277777777777778,0.7635416666666667,0.824074074074074,0.6677083333333333,0.7055555555555555,0.6197916666666666,0.6981481481481482,0.503125,0.7722222222222221,0.6052083333333333,0.8796296296296295,0.7177083333333333,0.7203703703703703,0.615625,0.7351851851851853,0.684375,0.9314814814814815
