head_top_x,head_top_y,upper_neck_x,upper_neck_y,right_shoulder_x,right_shoulder_y,right_elbow_x,right_elbow_y,right_wrist_x,right_wrist_y,thorax_x,thorax_y,left_shoulder_x,left_shoulder_y,left_elbow_x,left_elbow_y,left_wrist_x,left_wrist_y,pelvis_x,pelvis_y,right_hip_x,right_hip_y,right_knee_x,right_knee_y,right_ankle_x,right_ankle_y,left_hip_x,left_hip_y,left_knee_x,left_knee_y,left_ankle_x,left_ankle_y
0.3697916666666667,0.4944401041666668,0.365625,0.34617621527777775,0.3385416666666667,0.40918836805555564,0.31145833333333334,0.5389192708333332,0.290625,0.6723567708333335,0.365625,0.3980685763888889,0.3927083333333333,0.40918836805555564,0.33645833333333336,0.5500390624999999,0.321875,0.6834765625000001,0.34270833333333334,0.3943619791666667,0.33645833333333336,0.3980685763888889,0.3885416666666667,0.4166015625,0.39479166666666665,0.2794574652777778,0.359375,0.42030815972222224,0.3927083333333333,0.30540364583333335,0.38645833333333335,0.3276432291666667
