head_top_x,head_top_y,upper_neck_x,upper_neck_y,right_shoulder_x,right_shoulder_y,right_elbow_x,right_elbow_y,right_wrist_x,right_wrist_y,thorax_x,thorax_y,left_shoulder_x,left_shoulder_y,left_elbow_x,left_elbow_y,left_wrist_x,left_wrist_y,pelvis_x,pelvis_y,right_hip_x,right_hip_y,right_knee_x,right_knee_y,right_ankle_x,right_ankle_y,left_hip_x,left_hip_y,left_knee_x,left_knee_y,left_ankle_x,left_ankle_y
0.43854166666666666,-0.0010416666666666667,0.4739583333333333,0.17638888888888885,0.371875,0.23194444444444443,0.25104166666666666,0.30972222222222223,0.18645833333333334,0.33749999999999997,0.4822916666666667,0.20694444444444446,0.609375,0.1791666666666667,0.5197916666666667,0.31527777777777777,0.3385416666666667,0.2652777777777778,0.49270833333333336,0.7597222222222223,0.4239583333333333,0.7597222222222223,0.259375,0.8097222222222222,0.240625,0.873611111111111,0.5677083333333334,0.7625000000000001,0.5322916666666667,0.9708333333333333,0.9864583333333333,0.33194444444444443
