head_top_x,head_top_y,upper_neck_x,upper_neck_y,right_shoulder_x,right_shoulder_y,right_elbow_x,right_elbow_y,right_wrist_x,right_wrist_y,thorax_x,thorax_y,left_shoulder_x,left_shoulder_y,left_elbow_x,left_elbow_y,left_wrist_x,left_wrist_y,pelvis_x,pelvis_y,right_hip_x,right_hip_y,right_knee_x,right_knee_y,right_ankle_x,right_ankle_y,left_hip_x,left_hip_y,left_knee_x,left_knee_y,left_ankle_x,left_ankle_y
0.5177083333333333,0.10154079861111116,0.478125,0.3572960069444445,0.5010416666666667,0.4017751736111111,0.5635416666666667,0.12748697916666674,0.634375,0.20532552083333333,0.478125,0.3387630208333334,0.4427083333333333,0.2905772569444444,0.5052083333333334,0.6797699652777779,0.5927083333333333,0.2349782986111111,0.496875,0.6389973958333334,0.4947916666666667,0.6612369791666666,0.459375,0.6908897569444444,0.465625,0.7835546875000001,0.48020833333333335,0.6649435763888888,0.4510416666666667,0.6871831597222222,0.459375,0.7576085069444445
