head_top_x,head_top_y,upper_neck_x,upper_neck_y,right_shoulder_x,right_shoulder_y,right_elbow_x,right_elbow_y,right_wrist_x,right_wrist_y,thorax_x,thorax_y,left_shoulder_x,left_shoulder_y,left_elbow_x,left_elbow_y,left_wrist_x,left_wrist_y,pelvis_x,pelvis_y,right_hip_x,right_hip_y,right_knee_x,right_knee_y,right_ankle_x,right_ankle_y,left_hip_x,left_hip_y,left_knee_x,left_knee_y,left_ankle_x,left_ankle_y
0.5010416666666667,0.09074074074074072,0.509375,0.35000000000000003,0.496875,0.38333333333333336,0.521875,0.5611111111111112,0.603125,0.7018518518518518,0.478125,0.38333333333333336,0.5072916666666667,0.375925925925926,0.5385416666666667,0.6018518518518517,0.6739583333333333,0.5685185185185185,0.5135416666666667,0.7351851851851853,0.5385416666666667,0.7537037037037037,0.6760416666666667,0.6388888888888888,0.3177083333333333,-0.0010416666666666667,0.5385416666666667,0.7166666666666666,0.371875,0.10555555555555557,0.33229166666666665,-0.0010416666666666667
