head_top_x,head_top_y,upper_neck_x,upper_neck_y,right_shoulder_x,right_shoulder_y,right_elbow_x,right_elbow_y,right_wrist_x,right_wrist_y,thorax_x,thorax_y,left_shoulder_x,left_shoulder_y,left_elbow_x,left_elbow_y,left_wrist_x,left_wrist_y,pelvis_x,pelvis_y,right_hip_x,right_hip_y,right_knee_x,right_knee_y,right_ankle_x,right_ankle_y,left_hip_x,left_hip_y,left_knee_x,left_knee_y,left_ankle_x,left_ankle_y
0.4841889880952381,0.111328125,0.42726934523809523,0.263671875,0.4841889880952381,0.267578125,0.5980282738095238,0.337890625,0.7751116071428571,0.337890625,0.42726934523809523,0.287109375,0.3513764880952381,0.298828125,0.3513764880952381,0.404296875,0.4525669642857143,0.451171875,0.49051339285714285,0.498046875,0.5221354166666666,0.498046875,0.6106770833333334,0.689453125,0.6359747023809523,0.857421875,0.45889136904761907,0.498046875,0.5094866071428571,0.685546875,0.23121279761904764,0.849609375
