head_top_x,head_top_y,upper_neck_x,upper_neck_y,right_shoulder_x,right_shoulder_y,right_elbow_x,right_elbow_y,right_wrist_x,right_wrist_y,thorax_x,thorax_y,left_shoulder_x,left_shoulder_y,left_elbow_x,left_elbow_y,left_wrist_x,left_wrist_y,pelvis_x,pelvis_y,right_hip_x,right_hip_y,right_knee_x,right_knee_y,right_ankle_x,right_ankle_y,left_hip_x,left_hip_y,left_knee_x,left_knee_y,left_ankle_x,left_ankle_y
0.52537841796875,0.115234375,0.47462158203125,0.259765625,0.35926513671875,0.267578125,0.24390869140625002,0.384765625,0.21622314453125002,0.490234375,0.46539306640625,0.271484375,0.56690673828125,0.271484375,0.66842041015625,0.361328125,0.7791625976562501,0.412109375,0.45616455078125,0.478515625,0.39617919921875,0.482421875,0.52999267578125,0.541015625,0.66842041015625,0.736328125,0.51153564453125,0.474609375,0.58536376953125,0.634765625,0.44232177734375,0.833984375
