head_top_x,head_top_y,upper_neck_x,upper_neck_y,right_shoulder_x,right_shoulder_y,right_elbow_x,right_elbow_y,right_wrist_x,right_wrist_y,thorax_x,thorax_y,left_shoulder_x,left_shoulder_y,left_elbow_x,left_elbow_y,left_wrist_x,left_wrist_y,pelvis_x,pelvis_y,right_hip_x,right_hip_y,right_knee_x,right_knee_y,right_ankle_x,right_ankle_y,left_hip_x,left_hip_y,left_knee_x,left_knee_y,left_ankle_x,left_ankle_y
0.6938951880530974,0.146484375,0.5518874446902655,0.251953125,0.5191164269911505,0.271484375,0.6065058075221239,0.349609375,0.7485135508849557,0.310546875,0.5191164269911505,0.267578125,0.5027309181415929,0.263671875,0.6174294800884955,0.318359375,0.704818860619469,0.310546875,0.2678719579646017,0.466796875,0.2733337942477876,0.466796875,0.33887582964601765,0.689453125,0.4208033738938053,0.927734375,0.2624101216814159,0.458984375,0.2514864491150442,0.669921875,0.24056277654867253,0.865234375
