head_top_x,head_top_y,upper_neck_x,upper_neck_y,right_shoulder_x,right_shoulder_y,right_elbow_x,right_elbow_y,right_wrist_x,right_wrist_y,thorax_x,thorax_y,left_shoulder_x,left_shoulder_y,left_elbow_x,left_elbow_y,left_wrist_x,left_wrist_y,pelvis_x,pelvis_y,right_hip_x,right_hip_y,right_knee_x,right_knee_y,right_ankle_x,right_ankle_y,left_hip_x,left_hip_y,left_knee_x,left_knee_y,left_ankle_x,left_ankle_y
0.4010917467948718,0.087890625,0.5672576121794872,0.212890625,0.717598157051282,0.224609375,0.5989082532051282,0.365234375,0.5435196314102564,0.416015625,0.5989082532051282,0.244140625,0.5039563301282052,0.271484375,0.4169170673076923,0.416015625,0.21118790064102563,0.451171875,0.717598157051282,0.513671875,0.7808994391025641,0.509765625,0.6463842147435898,0.716796875,0.717598157051282,0.919921875,0.6622095352564102,0.517578125,0.5830829326923077,0.724609375,0.6068209134615384,0.916015625
