head_top_x,head_top_y,upper_neck_x,upper_neck_y,right_shoulder_x,right_shoulder_y,right_elbow_x,right_elbow_y,right_wrist_x,right_wrist_y,thorax_x,thorax_y,left_shoulder_x,left_shoulder_y,left_elbow_x,left_elbow_y,left_wrist_x,left_wrist_y,pelvis_x,pelvis_y,right_hip_x,right_hip_y,right_knee_x,right_knee_y,right_ankle_x,right_ankle_y,left_hip_x,left_hip_y,left_knee_x,left_knee_y,left_ankle_x,left_ankle_y
0.6948282541322314,0.185546875,0.5893917871900827,0.302734375,0.6535705061983471,0.396484375,0.6948282541322314,0.568359375,0.7681753615702479,0.634765625,0.5527182334710744,0.349609375,0.4564501549586777,0.287109375,0.360182076446281,0.392578125,0.5481340392561983,0.564453125,0.2639139979338843,0.548828125,0.3189243285123967,0.564453125,0.5481340392561983,0.787109375,0.39685563016528924,0.763671875,0.20431947314049587,0.537109375,0.27308238636363635,0.701171875,0.24099302685950413,0.787109375
