head_top_x,head_top_y,upper_neck_x,upper_neck_y,right_shoulder_x,right_shoulder_y,right_elbow_x,right_elbow_y,right_wrist_x,right_wrist_y,thorax_x,thorax_y,left_shoulder_x,left_shoulder_y,left_elbow_x,left_elbow_y,left_wrist_x,left_wrist_y,pelvis_x,pelvis_y,right_hip_x,right_hip_y,right_knee_x,right_knee_y,right_ankle_x,right_ankle_y,left_hip_x,left_hip_y,left_knee_x,left_knee_y,left_ankle_x,left_ankle_y
0.5377052436440678,0.228515625,0.4889102224576271,0.361328125,0.426807468220339,0.353515625,0.3336533368644068,0.357421875,0.2626787605932203,0.357421875,0.4933461334745763,0.357421875,0.5554488877118644,0.353515625,0.6219875529661018,0.240234375,0.7373212394067797,0.201171875,0.5110897775423728,0.556640625,0.4756024894067797,0.556640625,0.4401152012711864,0.701171875,0.2582428495762712,0.794921875,0.5465770656779662,0.556640625,0.7284494173728814,0.626953125,0.7683726165254238,0.771484375
