head_top_x,head_top_y,upper_neck_x,upper_neck_y,right_shoulder_x,right_shoulder_y,right_elbow_x,right_elbow_y,right_wrist_x,right_wrist_y,thorax_x,thorax_y,left_shoulder_x,left_shoulder_y,left_elbow_x,left_elbow_y,left_wrist_x,left_wrist_y,pelvis_x,pelvis_y,right_hip_x,right_hip_y,right_knee_x,right_knee_y,right_ankle_x,right_ankle_y,left_hip_x,left_hip_y,left_knee_x,left_knee_y,left_ankle_x,left_ankle_y
0.359264445754717,0.138671875,0.4283977004716981,0.267578125,0.5419737617924528,0.263671875,0.5172833136792453,0.361328125,0.4827166863207547,0.416015625,0.43333579009433965,0.271484375,0.31975972877358494,0.283203125,0.21112175707547168,0.365234375,0.2753169221698113,0.478515625,0.4827166863207547,0.455078125,0.5419737617924528,0.451171875,0.630859375,0.642578125,0.7839401533018868,0.775390625,0.4185215212264151,0.451171875,0.359264445754717,0.630859375,0.39383107311320753,0.806640625
