head_top_x,head_top_y,upper_neck_x,upper_neck_y,right_shoulder_x,right_shoulder_y,right_elbow_x,right_elbow_y,right_wrist_x,right_wrist_y,thorax_x,thorax_y,left_shoulder_x,left_shoulder_y,left_elbow_x,left_elbow_y,left_wrist_x,left_wrist_y,pelvis_x,pelvis_y,right_hip_x,right_hip_y,right_knee_x,right_knee_y,right_ankle_x,right_ankle_y,left_hip_x,left_hip_y,left_knee_x,left_knee_y,left_ankle_x,left_ankle_y
0.6162760416666667,0.134765625,0.596484375,0.271484375,0.477734375,0.294921875,0.314453125,0.306640625,0.3045572916666667,0.216796875,0.5915364583333333,0.302734375,0.7053385416666667,0.322265625,0.7201822916666667,0.416015625,0.744921875,0.412109375,0.537109375,0.494140625,0.477734375,0.494140625,0.35403645833333336,0.662109375,0.166015625,0.767578125,0.596484375,0.498046875,0.715234375,0.630859375,0.7201822916666667,0.826171875
