head_top_x,head_top_y,upper_neck_x,upper_neck_y,right_shoulder_x,right_shoulder_y,right_elbow_x,right_elbow_y,right_wrist_x,right_wrist_y,thorax_x,thorax_y,left_shoulder_x,left_shoulder_y,left_elbow_x,left_elbow_y,left_wrist_x,left_wrist_y,pelvis_x,pelvis_y,right_hip_x,right_hip_y,right_knee_x,right_knee_y,right_ankle_x,right_ankle_y,left_hip_x,left_hip_y,left_knee_x,left_knee_y,left_ankle_x,left_ankle_y
0.580078125,0.1698756471893491,0.533203125,0.3429063424556213,0.455078125,0.31103226701183434,0.353515625,0.33379946375739644,0.208984375,0.3246925850591716,0.537109375,0.33379946375739644,0.611328125,0.3383529031065089,0.689453125,0.3975476146449704,0.798828125,0.40665449334319526,0.490234375,0.5295973557692307,0.451171875,0.5250439164201184,0.423828125,0.6252195821005917,0.423828125,0.7663762019230769,0.533203125,0.5341507951183432,0.548828125,0.6206661427514792,0.501953125,0.7618227625739645
