head_top_x,head_top_y,upper_neck_x,upper_neck_y,right_shoulder_x,right_shoulder_y,right_elbow_x,right_elbow_y,right_wrist_x,right_wrist_y,thorax_x,thorax_y,left_shoulder_x,left_shoulder_y,left_elbow_x,left_elbow_y,left_wrist_x,left_wrist_y,pelvis_x,pelvis_y,right_hip_x,right_hip_y,right_knee_x,right_knee_y,right_ankle_x,right_ankle_y,left_hip_x,left_hip_y,left_knee_x,left_knee_y,left_ankle_x,left_ankle_y
0.46988726265822783,0.076171875,0.46988726265822783,0.216796875,0.2720035601265823,0.267578125,0.2289853639240506,0.404296875,0.24619264240506325,0.505859375,0.46988726265822783,0.259765625,0.6677709651898734,0.251953125,0.7624109968354431,0.376953125,0.7710146360759494,0.498046875,0.5215090981012658,0.513671875,0.40966178797468356,0.509765625,0.35803995253164556,0.693359375,0.3666435917721519,0.876953125,0.6161491297468354,0.509765625,0.6333564082278481,0.697265625,0.6075454905063291,0.865234375
