head_top_x,head_top_y,upper_neck_x,upper_neck_y,right_shoulder_x,right_shoulder_y,right_elbow_x,right_elbow_y,right_wrist_x,right_wrist_y,thorax_x,thorax_y,left_shoulder_x,left_shoulder_y,left_elbow_x,left_elbow_y,left_wrist_x,left_wrist_y,pelvis_x,pelvis_y,right_hip_x,right_hip_y,right_knee_x,right_knee_y,right_ankle_x,right_ankle_y,left_hip_x,left_hip_y,left_knee_x,left_knee_y,left_ankle_x,left_ankle_y
0.42831143465909094,0.083984375,0.45094992897727276,0.236328125,0.28493430397727276,0.251953125,0.23965731534090912,0.365234375,0.1792879971590909,0.392578125,0.4434037642045455,0.248046875,0.6018732244318182,0.240234375,0.7678888494318182,0.333984375,0.6396040482954546,0.408203125,0.46604225852272735,0.501953125,0.3830344460227273,0.501953125,0.4132191051136364,0.705078125,0.5188654119318182,0.861328125,0.5490500710227273,0.505859375,0.5037730823863636,0.701171875,0.6320578835227273,0.837890625
