head_top_x,head_top_y,upper_neck_x,upper_neck_y,right_shoulder_x,right_shoulder_y,right_elbow_x,right_elbow_y,right_wrist_x,right_wrist_y,thorax_x,thorax_y,left_shoulder_x,left_shoulder_y,left_elbow_x,left_elbow_y,left_wrist_x,left_wrist_y,pelvis_x,pelvis_y,right_hip_x,right_hip_y,right_knee_x,right_knee_y,right_ankle_x,right_ankle_y,left_hip_x,left_hip_y,left_knee_x,left_knee_y,left_ankle_x,left_ankle_y
0.486328125,0.06578369140625,0.517578125,0.21256103515625,0.607421875,0.22886962890625,0.712890625,0.26148681640625,0.767578125,0.28187255859375,0.521484375,0.22071533203125,0.443359375,0.20440673828125,0.349609375,0.22071533203125,0.244140625,0.26148681640625,0.482421875,0.46126708984375,0.521484375,0.46534423828125,0.501953125,0.59989013671875,0.646484375,0.71812744140625,0.443359375,0.44903564453125,0.267578125,0.60396728515625,0.220703125,0.77113037109375
