head_top_x,head_top_y,upper_neck_x,upper_neck_y,right_shoulder_x,right_shoulder_y,right_elbow_x,right_elbow_y,right_wrist_x,right_wrist_y,thorax_x,thorax_y,left_shoulder_x,left_shoulder_y,left_elbow_x,left_elbow_y,left_wrist_x,left_wrist_y,pelvis_x,pelvis_y,right_hip_x,right_hip_y,right_knee_x,right_knee_y,right_ankle_x,right_ankle_y,left_hip_x,left_hip_y,left_knee_x,left_knee_y,left_ankle_x,left_ankle_y
0.6479677610759493,0.072265625,0.5634147547468354,0.212890625,0.3435769382911393,0.248046875,0.22520272943037978,0.384765625,0.45349584651898733,0.451171875,0.5465041534810127,0.240234375,0.7494313686708861,0.232421875,0.7578866693037974,0.333984375,0.7409760680379747,0.400390625,0.4788617484177215,0.490234375,0.37739814082278483,0.490234375,0.2759345332278481,0.677734375,0.19983682753164558,0.876953125,0.597235957278481,0.494140625,0.6648783623417721,0.693359375,0.5803253560126582,0.892578125
