head_top_x,head_top_y,upper_neck_x,upper_neck_y,right_shoulder_x,right_shoulder_y,right_elbow_x,right_elbow_y,right_wrist_x,right_wrist_y,thorax_x,thorax_y,left_shoulder_x,left_shoulder_y,left_elbow_x,left_elbow_y,left_wrist_x,left_wrist_y,pelvis_x,pelvis_y,right_hip_x,right_hip_y,right_knee_x,right_knee_y,right_ankle_x,right_ankle_y,left_hip_x,left_hip_y,left_knee_x,left_knee_y,left_ankle_x,left_ankle_y
0.7600504557291666,0.087890625,0.6519775390625,0.232421875,0.6114501953125,0.244140625,0.5101318359375,0.373046875,0.6857503255208334,0.419921875,0.6384684244791666,0.244140625,0.6587320963541666,0.248046875,0.5776774088541666,0.353515625,0.6992594401041666,0.400390625,0.4831136067708333,0.451171875,0.4425862630208333,0.447265625,0.4831136067708333,0.669921875,0.21293131510416666,0.814453125,0.5236409505208334,0.451171875,0.7465413411458334,0.642578125,0.7465413411458334,0.849609375
