head_top_x,head_top_y,upper_neck_x,upper_neck_y,right_shoulder_x,right_shoulder_y,right_elbow_x,right_elbow_y,right_wrist_x,right_wrist_y,thorax_x,thorax_y,left_shoulder_x,left_shoulder_y,left_elbow_x,left_elbow_y,left_wrist_x,left_wrist_y,pelvis_x,pelvis_y,right_hip_x,right_hip_y,right_knee_x,right_knee_y,right_ankle_x,right_ankle_y,left_hip_x,left_hip_y,left_knee_x,left_knee_y,left_ankle_x,left_ankle_y
0.5495016163793104,0.083984375,0.5561018318965517,0.244140625,0.46369881465517243,0.263671875,0.45709859913793105,0.369140625,0.34489493534482757,0.478515625,0.5627020474137931,0.271484375,0.6551050646551724,0.287109375,0.787109375,0.416015625,0.7673087284482759,0.537109375,0.5165005387931034,0.486328125,0.46369881465517243,0.466796875,0.23269127155172414,0.517578125,0.2986934267241379,0.681640625,0.5693022629310345,0.513671875,0.5231007543103449,0.693359375,0.5759024784482759,0.865234375
