head_top_x,head_top_y,upper_neck_x,upper_neck_y,right_shoulder_x,right_shoulder_y,right_elbow_x,right_elbow_y,right_wrist_x,right_wrist_y,thorax_x,thorax_y,left_shoulder_x,left_shoulder_y,left_elbow_x,left_elbow_y,left_wrist_x,left_wrist_y,pelvis_x,pelvis_y,right_hip_x,right_hip_y,right_knee_x,right_knee_y,right_ankle_x,right_ankle_y,left_hip_x,left_hip_y,left_knee_x,left_knee_y,left_ankle_x,left_ankle_y
0.5962208207831325,0.099609375,0.5564053087349398,0.248046875,0.45023060993975905,0.287109375,0.5298616340361446,0.408203125,0.7886624623493975,0.408203125,0.5364975527108433,0.291015625,0.6360363328313253,0.287109375,0.6028567394578314,0.396484375,0.8351138930722891,0.396484375,0.29760448042168675,0.513671875,0.24451713102409636,0.505859375,0.3506918298192771,0.587890625,0.29760448042168675,0.814453125,0.3506918298192771,0.517578125,0.33741999246987947,0.599609375,0.29096856174698793,0.794921875
