head_top_x,head_top_y,upper_neck_x,upper_neck_y,right_shoulder_x,right_shoulder_y,right_elbow_x,right_elbow_y,right_wrist_x,right_wrist_y,thorax_x,thorax_y,left_shoulder_x,left_shoulder_y,left_elbow_x,left_elbow_y,left_wrist_x,left_wrist_y,pelvis_x,pelvis_y,right_hip_x,right_hip_y,right_knee_x,right_knee_y,right_ankle_x,right_ankle_y,left_hip_x,left_hip_y,left_knee_x,left_knee_y,left_ankle_x,left_ankle_y
0.49551309121621623,0.068359375,0.4685916385135135,0.224609375,0.2980891047297297,0.263671875,0.2262985641891892,0.392578125,0.31603673986486486,0.482421875,0.4685916385135135,0.259765625,0.6570418074324325,0.244140625,0.6301203547297297,0.369140625,0.7737014358108109,0.419921875,0.49551309121621623,0.490234375,0.39680109797297297,0.490234375,0.38782728040540543,0.689453125,0.35193201013513514,0.869140625,0.5852512668918919,0.486328125,0.6301203547297297,0.697265625,0.5942250844594594,0.857421875
