head_top_x,head_top_y,upper_neck_x,upper_neck_y,right_shoulder_x,right_shoulder_y,right_elbow_x,right_elbow_y,right_wrist_x,right_wrist_y,thorax_x,thorax_y,left_shoulder_x,left_shoulder_y,left_elbow_x,left_elbow_y,left_wrist_x,left_wrist_y,pelvis_x,pelvis_y,right_hip_x,right_hip_y,right_knee_x,right_knee_y,right_ankle_x,right_ankle_y,left_hip_x,left_hip_y,left_knee_x,left_knee_y,left_ankle_x,left_ankle_y
0.662109375,0.08216688368055557,0.638671875,0.2287055121527778,0.568359375,0.2524685329861111,0.568359375,0.4148491753472222,0.681640625,0.3950466579861111,0.630859375,0.2524685329861111,0.724609375,0.24454752604166669,0.673828125,0.3594021267361111,0.740234375,0.3792046440972222,0.576171875,0.4940592447916667,0.525390625,0.4940592447916667,0.423828125,0.711886935763889,0.208984375,0.7990180121527778,0.623046875,0.4940592447916667,0.771484375,0.6009928385416666,0.775390625,0.8307020399305556
