head_top_x,head_top_y,upper_neck_x,upper_neck_y,right_shoulder_x,right_shoulder_y,right_elbow_x,right_elbow_y,right_wrist_x,right_wrist_y,thorax_x,thorax_y,left_shoulder_x,left_shoulder_y,left_elbow_x,left_elbow_y,left_wrist_x,left_wrist_y,pelvis_x,pelvis_y,right_hip_x,right_hip_y,right_knee_x,right_knee_y,right_ankle_x,right_ankle_y,left_hip_x,left_hip_y,left_knee_x,left_knee_y,left_ankle_x,left_ankle_y
0.6068264100609756,0.068359375,0.4860661204268293,0.205078125,0.5882479039634146,0.205078125,0.709008193597561,0.298828125,0.7647437118902439,0.392578125,0.4674876143292683,0.224609375,0.3653058307926829,0.232421875,0.4024628429878049,0.333984375,0.5975371570121951,0.384765625,0.3931735899390244,0.447265625,0.4489091082317073,0.447265625,0.4674876143292683,0.666015625,0.49535537347560976,0.873046875,0.33743807164634143,0.435546875,0.4489091082317073,0.650390625,0.22596703506097557,0.869140625
