head_top_x,head_top_y,upper_neck_x,upper_neck_y,right_shoulder_x,right_shoulder_y,right_elbow_x,right_elbow_y,right_wrist_x,right_wrist_y,thorax_x,thorax_y,left_shoulder_x,left_shoulder_y,left_elbow_x,left_elbow_y,left_wrist_x,left_wrist_y,pelvis_x,pelvis_y,right_hip_x,right_hip_y,right_knee_x,right_knee_y,right_ankle_x,right_ankle_y,left_hip_x,left_hip_y,left_knee_x,left_knee_y,left_ankle_x,left_ankle_y
0.34316871279761907,0.169921875,0.4226888020833333,0.291015625,0.48011997767857145,0.291015625,0.5066266741071429,0.369140625,0.3917643229166667,0.416015625,0.4226888020833333,0.291015625,0.3740931919642857,0.291015625,0.2813197544642857,0.412109375,0.23272414434523808,0.419921875,0.6082356770833334,0.423828125,0.6524135044642858,0.419921875,0.6789202008928572,0.603515625,0.7716936383928572,0.759765625,0.5684756324404763,0.427734375,0.3740931919642857,0.603515625,0.3475864955357143,0.794921875
