head_top_x,head_top_y,upper_neck_x,upper_neck_y,right_shoulder_x,right_shoulder_y,right_elbow_x,right_elbow_y,right_wrist_x,right_wrist_y,thorax_x,thorax_y,left_shoulder_x,left_shoulder_y,left_elbow_x,left_elbow_y,left_wrist_x,left_wrist_y,pelvis_x,pelvis_y,right_hip_x,right_hip_y,right_knee_x,right_knee_y,right_ankle_x,right_ankle_y,left_hip_x,left_hip_y,left_knee_x,left_knee_y,left_ankle_x,left_ankle_y
0.2050249787414966,0.451171875,0.3831978103741497,0.248046875,0.4267511692176871,0.271484375,0.5138578869047619,0.400390625,0.5574112457482994,0.521484375,0.3871572066326531,0.244140625,0.35548203656462585,0.236328125,0.5138578869047619,0.458984375,0.5534518494897959,0.552734375,0.49010150935374147,0.505859375,0.5296954719387755,0.490234375,0.4267511692176871,0.669921875,0.3871572066326531,0.697265625,0.4782233205782313,0.521484375,0.25649713010204084,0.677734375,0.3634008290816327,0.720703125
