head_top_x,head_top_y,upper_neck_x,upper_neck_y,right_shoulder_x,right_shoulder_y,right_elbow_x,right_elbow_y,right_wrist_x,right_wrist_y,thorax_x,thorax_y,left_shoulder_x,left_shoulder_y,left_elbow_x,left_elbow_y,left_wrist_x,left_wrist_y,pelvis_x,pelvis_y,right_hip_x,right_hip_y,right_knee_x,right_knee_y,right_ankle_x,right_ankle_y,left_hip_x,left_hip_y,left_knee_x,left_knee_y,left_ankle_x,left_ankle_y
0.4565692204301075,0.076171875,0.4881552419354839,0.228515625,0.32232862903225806,0.279296875,0.21967405913978494,0.416015625,0.40129368279569894,0.388671875,0.49605174731182794,0.263671875,0.6697748655913979,0.244140625,0.7408434139784946,0.330078125,0.7329469086021505,0.416015625,0.5355342741935484,0.490234375,0.4407762096774194,0.494140625,0.5592237903225806,0.705078125,0.5987063172043011,0.888671875,0.6381888440860215,0.486328125,0.7408434139784946,0.673828125,0.685567876344086,0.759765625
