head_top_x,head_top_y,upper_neck_x,upper_neck_y,right_shoulder_x,right_shoulder_y,right_elbow_x,right_elbow_y,right_wrist_x,right_wrist_y,thorax_x,thorax_y,left_shoulder_x,left_shoulder_y,left_elbow_x,left_elbow_y,left_wrist_x,left_wrist_y,pelvis_x,pelvis_y,right_hip_x,right_hip_y,right_knee_x,right_knee_y,right_ankle_x,right_ankle_y,left_hip_x,left_hip_y,left_knee_x,left_knee_y,left_ankle_x,left_ankle_y
0.4731020720108695,0.083984375,0.5038425611413043,0.232421875,0.3424549932065217,0.244140625,0.23486328124999997,0.357421875,0.2886591372282608,0.369140625,0.5115276834239131,0.251953125,0.6652301290760869,0.251953125,0.7267111073369565,0.369140625,0.7728218410326086,0.478515625,0.5192128057065217,0.478515625,0.41930621603260865,0.478515625,0.41162109374999994,0.654296875,0.40393597146739124,0.857421875,0.5960640285326086,0.482421875,0.6037491508152174,0.650390625,0.5960640285326086,0.814453125
