head_top_x,head_top_y,upper_neck_x,upper_neck_y,right_shoulder_x,right_shoulder_y,right_elbow_x,right_elbow_y,right_wrist_x,right_wrist_y,thorax_x,thorax_y,left_shoulder_x,left_shoulder_y,left_elbow_x,left_elbow_y,left_wrist_x,left_wrist_y,pelvis_x,pelvis_y,right_hip_x,right_hip_y,right_knee_x,right_knee_y,right_ankle_x,right_ankle_y,left_hip_x,left_hip_y,left_knee_x,left_knee_y,left_ankle_x,left_ankle_y
0.166015625,0.4177667025862069,0.302734375,0.32307381465517243,0.353515625,0.3479929956896552,0.341796875,0.5523302801724138,0.322265625,0.7217807112068966,0.326171875,0.3131061422413793,0.333984375,0.3579606681034483,0.349609375,0.5573141163793104,0.310546875,0.7566675646551724,0.662109375,0.2084455818965517,0.685546875,0.2084455818965517,0.677734375,0.5174434267241379,0.876953125,0.5772494612068966,0.646484375,0.2084455818965517,0.615234375,0.5573141163793104,0.876953125,0.5822332974137931
