head_top_x,head_top_y,upper_neck_x,upper_neck_y,right_shoulder_x,right_shoulder_y,right_elbow_x,right_elbow_y,right_wrist_x,right_wrist_y,thorax_x,thorax_y,left_shoulder_x,left_shoulder_y,left_elbow_x,left_elbow_y,left_wrist_x,left_wrist_y,pelvis_x,pelvis_y,right_hip_x,right_hip_y,right_knee_x,right_knee_y,right_ankle_x,right_ankle_y,left_hip_x,left_hip_y,left_knee_x,left_knee_y,left_ankle_x,left_ankle_y
0.6516335227272728,0.142578125,0.5621448863636364,0.271484375,0.52734375,0.287109375,0.4577414772727273,0.373046875,0.38813920454545453,0.455078125,0.5522017045454546,0.294921875,0.5671164772727273,0.294921875,0.5323153409090909,0.384765625,0.6019176136363636,0.435546875,0.52734375,0.505859375,0.5174005681818182,0.505859375,0.7460937500000001,0.595703125,0.7610085227272728,0.791015625,0.5422585227272727,0.501953125,0.39808238636363635,0.673828125,0.22407670454545453,0.818359375
