head_top_x,head_top_y,upper_neck_x,upper_neck_y,right_shoulder_x,right_shoulder_y,right_elbow_x,right_elbow_y,right_wrist_x,right_wrist_y,thorax_x,thorax_y,left_shoulder_x,left_shoulder_y,left_elbow_x,left_elbow_y,left_wrist_x,left_wrist_y,pelvis_x,pelvis_y,right_hip_x,right_hip_y,right_knee_x,right_knee_y,right_ankle_x,right_ankle_y,left_hip_x,left_hip_y,left_knee_x,left_knee_y,left_ankle_x,left_ankle_y
0.876953125,0.5103856646825397,0.740234375,0.4896143353174603,0.697265625,0.49376860119047616,0.392578125,0.2278955853174603,0.388671875,0.11573040674603173,0.724609375,0.49376860119047616,0.728515625,0.5103856646825397,0.552734375,0.3400607638888889,0.396484375,0.14481026785714285,0.384765625,0.4273003472222222,0.357421875,0.42314608134920634,0.357421875,0.6225508432539683,0.208984375,0.8551897321428571,0.412109375,0.42314608134920634,0.556640625,0.3566778273809524,0.279296875,0.8385726686507936
