head_top_x,head_top_y,upper_neck_x,upper_neck_y,right_shoulder_x,right_shoulder_y,right_elbow_x,right_elbow_y,right_wrist_x,right_wrist_y,thorax_x,thorax_y,left_shoulder_x,left_shoulder_y,left_elbow_x,left_elbow_y,left_wrist_x,left_wrist_y,pelvis_x,pelvis_y,right_hip_x,right_hip_y,right_knee_x,right_knee_y,right_ankle_x,right_ankle_y,left_hip_x,left_hip_y,left_knee_x,left_knee_y,left_ankle_x,left_ankle_y
0.41973286290322587,0.076171875,0.4655997983870968,0.228515625,0.6414230510752689,0.251953125,0.7102234543010753,0.384765625,0.7790238575268817,0.431640625,0.4655997983870968,0.255859375,0.2974210349462366,0.263671875,0.2668430779569893,0.396484375,0.25919858870967744,0.474609375,0.4808887768817205,0.490234375,0.5802671370967742,0.490234375,0.5649781586021505,0.669921875,0.587911626344086,0.857421875,0.39679939516129037,0.490234375,0.36622143817204306,0.673828125,0.35857694892473124,0.865234375
