head_top_x,head_top_y,upper_neck_x,upper_neck_y,right_shoulder_x,right_shoulder_y,right_elbow_x,right_elbow_y,right_wrist_x,right_wrist_y,thorax_x,thorax_y,left_shoulder_x,left_shoulder_y,left_elbow_x,left_elbow_y,left_wrist_x,left_wrist_y,pelvis_x,pelvis_y,right_hip_x,right_hip_y,right_knee_x,right_knee_y,right_ankle_x,right_ankle_y,left_hip_x,left_hip_y,left_knee_x,left_knee_y,left_ankle_x,left_ankle_y
0.22397402108433737,0.111328125,0.31490022590361444,0.251953125,0.37335278614457834,0.255859375,0.5811841114457831,0.302734375,0.7370576054216867,0.337890625,0.3213949548192771,0.267578125,0.2759318524096386,0.275390625,0.4123211596385542,0.412109375,0.5162368222891566,0.392578125,0.37984751506024095,0.599609375,0.39283697289156627,0.591796875,0.7435523343373494,0.701171875,0.47077371987951805,0.861328125,0.360363328313253,0.591796875,0.6461314006024096,0.689453125,0.5032473644578314,0.837890625
