head_top_x,head_top_y,upper_neck_x,upper_neck_y,right_shoulder_x,right_shoulder_y,right_elbow_x,right_elbow_y,right_wrist_x,right_wrist_y,thorax_x,thorax_y,left_shoulder_x,left_shoulder_y,left_elbow_x,left_elbow_y,left_wrist_x,left_wrist_y,pelvis_x,pelvis_y,right_hip_x,right_hip_y,right_knee_x,right_knee_y,right_ankle_x,right_ankle_y,left_hip_x,left_hip_y,left_knee_x,left_knee_y,left_ankle_x,left_ankle_y
0.8126665455426357,0.021484375,0.7366914970930233,0.115234375,0.6665606831395349,0.123046875,0.497077882751938,0.240234375,0.4269470687984496,0.318359375,0.7133145591085271,0.146484375,0.6782491521317829,0.134765625,0.502922117248062,0.244140625,0.43279130329457366,0.330078125,0.2340873304263566,0.587890625,0.22239886143410853,0.583984375,0.41525859980620156,0.619140625,0.24577579941860467,0.787109375,0.19902192344961242,0.583984375,0.35097202034883723,0.626953125,0.2516200339147287,0.787109375
