head_top_x,head_top_y,upper_neck_x,upper_neck_y,right_shoulder_x,right_shoulder_y,right_elbow_x,right_elbow_y,right_wrist_x,right_wrist_y,thorax_x,thorax_y,left_shoulder_x,left_shoulder_y,left_elbow_x,left_elbow_y,left_wrist_x,left_wrist_y,pelvis_x,pelvis_y,right_hip_x,right_hip_y,right_knee_x,right_knee_y,right_ankle_x,right_ankle_y,left_hip_x,left_hip_y,left_knee_x,left_knee_y,left_ankle_x,left_ankle_y
0.7078284438775511,0.142578125,0.6183832908163265,0.275390625,0.6446906887755102,0.291015625,0.6762595663265306,0.392578125,0.7709661989795918,0.408203125,0.6078603316326531,0.294921875,0.5710299744897959,0.291015625,0.5605070153061225,0.376953125,0.6709980867346939,0.404296875,0.4763233418367347,0.458984375,0.5026307397959183,0.458984375,0.6446906887755102,0.646484375,0.6394292091836735,0.818359375,0.43949298469387754,0.451171875,0.4289700255102041,0.669921875,0.19746492346938777,0.724609375
