head_top_x,head_top_y,upper_neck_x,upper_neck_y,right_shoulder_x,right_shoulder_y,right_elbow_x,right_elbow_y,right_wrist_x,right_wrist_y,thorax_x,thorax_y,left_shoulder_x,left_shoulder_y,left_elbow_x,left_elbow_y,left_wrist_x,left_wrist_y,pelvis_x,pelvis_y,right_hip_x,right_hip_y,right_knee_x,right_knee_y,right_ankle_x,right_ankle_y,left_hip_x,left_hip_y,left_knee_x,left_knee_y,left_ankle_x,left_ankle_y
0.8322860054347826,0.130859375,0.583984375,0.181640625,0.5255604619565217,0.205078125,0.4671365489130434,0.361328125,0.45983355978260865,0.486328125,0.5182574728260869,0.201171875,0.5036514945652174,0.189453125,0.4014096467391304,0.326171875,0.4014096467391304,0.451171875,0.3283797554347826,0.427734375,0.33568274456521735,0.431640625,0.3868036684782608,0.619140625,0.24804687499999997,0.833984375,0.3210767663043478,0.423828125,0.4014096467391304,0.615234375,0.3502887228260869,0.794921875
