head_top_x,head_top_y,upper_neck_x,upper_neck_y,right_shoulder_x,right_shoulder_y,right_elbow_x,right_elbow_y,right_wrist_x,right_wrist_y,thorax_x,thorax_y,left_shoulder_x,left_shoulder_y,left_elbow_x,left_elbow_y,left_wrist_x,left_wrist_y,pelvis_x,pelvis_y,right_hip_x,right_hip_y,right_knee_x,right_knee_y,right_ankle_x,right_ankle_y,left_hip_x,left_hip_y,left_knee_x,left_knee_y,left_ankle_x,left_ankle_y
0.48369235436893204,0.087890625,0.48369235436893204,0.236328125,0.32061589805825247,0.267578125,0.24886225728155342,0.396484375,0.22929308252427186,0.486328125,0.4771692961165048,0.271484375,0.6337226941747572,0.271484375,0.6924302184466019,0.404296875,0.7576608009708738,0.501953125,0.47064623786407767,0.498046875,0.3858464805825243,0.498046875,0.37932342233009714,0.677734375,0.3532311893203884,0.861328125,0.5358768203883495,0.501953125,0.5423998786407767,0.681640625,0.5228307038834952,0.818359375
