head_top_x,head_top_y,upper_neck_x,upper_neck_y,right_shoulder_x,right_shoulder_y,right_elbow_x,right_elbow_y,right_wrist_x,right_wrist_y,thorax_x,thorax_y,left_shoulder_x,left_shoulder_y,left_elbow_x,left_elbow_y,left_wrist_x,left_wrist_y,pelvis_x,pelvis_y,right_hip_x,right_hip_y,right_knee_x,right_knee_y,right_ankle_x,right_ankle_y,left_hip_x,left_hip_y,left_knee_x,left_knee_y,left_ankle_x,left_ankle_y
0.38585633116883117,0.068359375,0.5136972402597403,0.208984375,0.4041193181818182,0.236328125,0.4589082792207792,0.345703125,0.37672483766233766,0.427734375,0.5319602272727273,0.236328125,0.6506696428571428,0.228515625,0.7237215909090909,0.353515625,0.6689326298701298,0.486328125,0.5136972402597403,0.486328125,0.4315137987012987,0.482421875,0.32193587662337664,0.701171875,0.2397524350649351,0.873046875,0.5867491883116883,0.486328125,0.6689326298701298,0.685546875,0.778510551948052,0.861328125
