head_top_x,head_top_y,upper_neck_x,upper_neck_y,right_shoulder_x,right_shoulder_y,right_elbow_x,right_elbow_y,right_wrist_x,right_wrist_y,thorax_x,thorax_y,left_shoulder_x,left_shoulder_y,left_elbow_x,left_elbow_y,left_wrist_x,left_wrist_y,pelvis_x,pelvis_y,right_hip_x,right_hip_y,right_knee_x,right_knee_y,right_ankle_x,right_ankle_y,left_hip_x,left_hip_y,left_knee_x,left_knee_y,left_ankle_x,left_ankle_y
0.8144710435779816,0.138671875,0.6747061353211009,0.259765625,0.6317015481651376,0.294921875,0.5403168004587156,0.435546875,0.6962084288990825,0.451171875,0.6155748279816514,0.283203125,0.6048236811926605,0.267578125,0.49193663990825687,0.369140625,0.637077121559633,0.419921875,0.3252938646788991,0.458984375,0.34679615825688076,0.474609375,0.5510679472477065,0.654296875,0.22853354357798167,0.783203125,0.3252938646788991,0.451171875,0.48118549311926606,0.646484375,0.35754730504587157,0.861328125
