head_top_x,head_top_y,upper_neck_x,upper_neck_y,right_shoulder_x,right_shoulder_y,right_elbow_x,right_elbow_y,right_wrist_x,right_wrist_y,thorax_x,thorax_y,left_shoulder_x,left_shoulder_y,left_elbow_x,left_elbow_y,left_wrist_x,left_wrist_y,pelvis_x,pelvis_y,right_hip_x,right_hip_y,right_knee_x,right_knee_y,right_ankle_x,right_ankle_y,left_hip_x,left_hip_y,left_knee_x,left_knee_y,left_ankle_x,left_ankle_y
0.49484827898550726,0.052734375,0.5360620471014492,0.197265625,0.2990828804347826,0.212890625,0.20635190217391303,0.349609375,0.39181385869565216,0.380859375,0.5463654891304348,0.228515625,0.7833446557971014,0.236328125,0.7009171195652174,0.361328125,0.41242074275362317,0.345703125,0.5154551630434783,0.462890625,0.37120697463768115,0.458984375,0.2887794384057971,0.673828125,0.35060009057971014,0.880859375,0.6597033514492754,0.462890625,0.7112205615942029,0.669921875,0.7524343297101449,0.857421875
