head_top_x,head_top_y,upper_neck_x,upper_neck_y,right_shoulder_x,right_shoulder_y,right_elbow_x,right_elbow_y,right_wrist_x,right_wrist_y,thorax_x,thorax_y,left_shoulder_x,left_shoulder_y,left_elbow_x,left_elbow_y,left_wrist_x,left_wrist_y,pelvis_x,pelvis_y,right_hip_x,right_hip_y,right_knee_x,right_knee_y,right_ankle_x,right_ankle_y,left_hip_x,left_hip_y,left_knee_x,left_knee_y,left_ankle_x,left_ankle_y
0.14966129351265822,0.166015625,0.6714423457278481,0.181640625,0.7410131526898734,0.244140625,0.48757664161392406,0.556640625,0.33849634098101267,0.548828125,0.6813810324367089,0.224609375,0.6863503757911392,0.232421875,0.5024846716772152,0.564453125,0.3235883109177215,0.544921875,0.7410131526898734,0.568359375,0.7708292128164557,0.548828125,0.5819941653481012,0.775390625,0.6316875988924051,0.658203125,0.5273313884493671,0.423828125,0.591932852056962,0.767578125,0.6366569422468354,0.650390625
