head_top_x,head_top_y,upper_neck_x,upper_neck_y,right_shoulder_x,right_shoulder_y,right_elbow_x,right_elbow_y,right_wrist_x,right_wrist_y,thorax_x,thorax_y,left_shoulder_x,left_shoulder_y,left_elbow_x,left_elbow_y,left_wrist_x,left_wrist_y,pelvis_x,pelvis_y,right_hip_x,right_hip_y,right_knee_x,right_knee_y,right_ankle_x,right_ankle_y,left_hip_x,left_hip_y,left_knee_x,left_knee_y,left_ankle_x,left_ankle_y
0.8089520155325444,0.166015625,0.7067423261834319,0.287109375,0.7439094859467456,0.302734375,0.7485553809171598,0.388671875,0.729971801035503,0.458984375,0.6974505362426036,0.294921875,0.6509915865384616,0.291015625,0.5998867418639053,0.361328125,0.6231162167159763,0.423828125,0.5580736871301775,0.439453125,0.5813031619822485,0.447265625,0.6045326368343196,0.603515625,0.637053901627219,0.794921875,0.5441360022189349,0.423828125,0.4186968380177515,0.552734375,0.246798724112426,0.583984375
