head_top_x,head_top_y,upper_neck_x,upper_neck_y,right_shoulder_x,right_shoulder_y,right_elbow_x,right_elbow_y,right_wrist_x,right_wrist_y,thorax_x,thorax_y,left_shoulder_x,left_shoulder_y,left_elbow_x,left_elbow_y,left_wrist_x,left_wrist_y,pelvis_x,pelvis_y,right_hip_x,right_hip_y,right_knee_x,right_knee_y,right_ankle_x,right_ankle_y,left_hip_x,left_hip_y,left_knee_x,left_knee_y,left_ankle_x,left_ankle_y
0.405078125,0.060546875,0.5135602678571428,0.205078125,0.6762834821428572,0.236328125,0.7486049107142857,0.369140625,0.8299665178571428,0.501953125,0.5045200892857142,0.232421875,0.341796875,0.228515625,0.30563616071428573,0.365234375,0.23331473214285717,0.486328125,0.5045200892857142,0.474609375,0.6039620535714285,0.478515625,0.5045200892857142,0.658203125,0.5768415178571429,0.830078125,0.4231584821428572,0.470703125,0.26947544642857146,0.666015625,0.5678013392857143,0.845703125
