head_top_x,head_top_y,upper_neck_x,upper_neck_y,right_shoulder_x,right_shoulder_y,right_elbow_x,right_elbow_y,right_wrist_x,right_wrist_y,thorax_x,thorax_y,left_shoulder_x,left_shoulder_y,left_elbow_x,left_elbow_y,left_wrist_x,left_wrist_y,pelvis_x,pelvis_y,right_hip_x,right_hip_y,right_knee_x,right_knee_y,right_ankle_x,right_ankle_y,left_hip_x,left_hip_y,left_knee_x,left_knee_y,left_ankle_x,left_ankle_y
0.5871965392561983,0.193359375,0.5164966425619835,0.333984375,0.40809013429752067,0.361328125,0.4410834194214876,0.521484375,0.5919098657024794,0.623046875,0.4976433367768595,0.369140625,0.5966231921487604,0.388671875,0.6390431301652892,0.513671875,0.6484697830578512,0.607421875,0.21484375,0.494140625,0.16771048553719006,0.494140625,0.35153021694214875,0.576171875,0.25726368801652894,0.794921875,0.22898372933884298,0.490234375,0.5824832128099173,0.583984375,0.47879003099173556,0.771484375
