head_top_x,head_top_y,upper_neck_x,upper_neck_y,right_shoulder_x,right_shoulder_y,right_elbow_x,right_elbow_y,right_wrist_x,right_wrist_y,thorax_x,thorax_y,left_shoulder_x,left_shoulder_y,left_elbow_x,left_elbow_y,left_wrist_x,left_wrist_y,pelvis_x,pelvis_y,right_hip_x,right_hip_y,right_knee_x,right_knee_y,right_ankle_x,right_ankle_y,left_hip_x,left_hip_y,left_knee_x,left_knee_y,left_ankle_x,left_ankle_y
0.7886284722222221,0.173828125,0.7235243055555555,0.322265625,0.6367187499999999,0.322265625,0.771267361111111,0.498046875,0.732204861111111,0.630859375,0.7018229166666666,0.361328125,0.6236979166666666,0.326171875,0.771267361111111,0.490234375,0.7278645833333333,0.642578125,0.4717881944444444,0.521484375,0.4631076388888889,0.505859375,0.3285590277777778,0.443359375,0.3936631944444444,0.708984375,0.4848090277777778,0.529296875,0.36328125,0.451171875,0.4761284722222222,0.716796875
