head_top_x,head_top_y,upper_neck_x,upper_neck_y,right_shoulder_x,right_shoulder_y,right_elbow_x,right_elbow_y,right_wrist_x,right_wrist_y,thorax_x,thorax_y,left_shoulder_x,left_shoulder_y,left_elbow_x,left_elbow_y,left_wrist_x,left_wrist_y,pelvis_x,pelvis_y,right_hip_x,right_hip_y,right_knee_x,right_knee_y,right_ankle_x,right_ankle_y,left_hip_x,left_hip_y,left_knee_x,left_knee_y,left_ankle_x,left_ankle_y
0.46409040178571426,0.083984375,0.4720703125,0.236328125,0.27257254464285713,0.283203125,0.2167131696428571,0.458984375,0.3124720982142857,0.505859375,0.4720703125,0.279296875,0.6635881696428572,0.267578125,0.8790457589285715,0.341796875,0.3922712053571428,0.517578125,0.4241908482142857,0.517578125,0.2965122767857143,0.525390625,0.5917689732142857,0.599609375,0.46409040178571426,0.888671875,0.5279296875,0.517578125,0.6476283482142857,0.603515625,0.7354073660714285,0.841796875
