head_top_x,head_top_y,upper_neck_x,upper_neck_y,right_shoulder_x,right_shoulder_y,right_elbow_x,right_elbow_y,right_wrist_x,right_wrist_y,thorax_x,thorax_y,left_shoulder_x,left_shoulder_y,left_elbow_x,left_elbow_y,left_wrist_x,left_wrist_y,pelvis_x,pelvis_y,right_hip_x,right_hip_y,right_knee_x,right_knee_y,right_ankle_x,right_ankle_y,left_hip_x,left_hip_y,left_knee_x,left_knee_y,left_ankle_x,left_ankle_y
0.5043111661585366,0.052734375,0.5129334984756098,0.205078125,0.6940024771341463,0.240234375,0.7543588033536586,0.388671875,0.7716034679878049,0.501953125,0.5129334984756098,0.236328125,0.3232421875,0.236328125,0.24564119664634143,0.357421875,0.23701886432926828,0.412109375,0.48706650152439024,0.478515625,0.6077791539634146,0.486328125,0.6077791539634146,0.701171875,0.5905344893292683,0.892578125,0.3835985137195122,0.474609375,0.36635384908536583,0.677734375,0.39222084603658536,0.853515625
