head_top_x,head_top_y,upper_neck_x,upper_neck_y,right_shoulder_x,right_shoulder_y,right_elbow_x,right_elbow_y,right_wrist_x,right_wrist_y,thorax_x,thorax_y,left_shoulder_x,left_shoulder_y,left_elbow_x,left_elbow_y,left_wrist_x,left_wrist_y,pelvis_x,pelvis_y,right_hip_x,right_hip_y,right_knee_x,right_knee_y,right_ankle_x,right_ankle_y,left_hip_x,left_hip_y,left_knee_x,left_knee_y,left_ankle_x,left_ankle_y
0.47566344246031744,0.064453125,0.47566344246031744,0.212890625,0.6995597718253969,0.259765625,0.7774367559523809,0.400390625,0.5827442956349206,0.408203125,0.47566344246031744,0.255859375,0.2420324900793651,0.251953125,0.22256324404761907,0.384765625,0.3588479662698413,0.392578125,0.45619419642857145,0.474609375,0.5730096726190476,0.482421875,0.6216827876984127,0.728515625,0.6898251488095238,0.935546875,0.33937872023809523,0.466796875,0.22256324404761907,0.755859375,0.2517671130952381,0.935546875
