head_top_x,head_top_y,upper_neck_x,upper_neck_y,right_shoulder_x,right_shoulder_y,right_elbow_x,right_elbow_y,right_wrist_x,right_wrist_y,thorax_x,thorax_y,left_shoulder_x,left_shoulder_y,left_elbow_x,left_elbow_y,left_wrist_x,left_wrist_y,pelvis_x,pelvis_y,right_hip_x,right_hip_y,right_knee_x,right_knee_y,right_ankle_x,right_ankle_y,left_hip_x,left_hip_y,left_knee_x,left_knee_y,left_ankle_x,left_ankle_y
0.4610576923076923,0.029296875,0.5216346153846154,0.173828125,0.6860576923076923,0.216796875,0.7033653846153847,0.337890625,0.5475961538461539,0.373046875,0.5302884615384615,0.208984375,0.35721153846153847,0.205078125,0.3485576923076923,0.373046875,0.44375,0.435546875,0.6514423076923077,0.470703125,0.7639423076923078,0.478515625,0.5735576923076923,0.689453125,0.6254807692307692,0.880859375,0.55625,0.458984375,0.1927884615384615,0.611328125,0.37451923076923077,0.744140625
