head_top_x,head_top_y,upper_neck_x,upper_neck_y,right_shoulder_x,right_shoulder_y,right_elbow_x,right_elbow_y,right_wrist_x,right_wrist_y,thorax_x,thorax_y,left_shoulder_x,left_shoulder_y,left_elbow_x,left_elbow_y,left_wrist_x,left_wrist_y,pelvis_x,pelvis_y,right_hip_x,right_hip_y,right_knee_x,right_knee_y,right_ankle_x,right_ankle_y,left_hip_x,left_hip_y,left_knee_x,left_knee_y,left_ankle_x,left_ankle_y
0.5381019467213115,0.044921875,0.5381019467213115,0.197265625,0.33126280737704916,0.208984375,0.22240010245901634,0.345703125,0.27683145491803274,0.509765625,0.5272156762295082,0.212890625,0.7231685450819673,0.216796875,0.7340548155737705,0.330078125,0.6796234631147541,0.373046875,0.5272156762295082,0.458984375,0.38569415983606553,0.458984375,0.29860399590163933,0.689453125,0.2550589139344262,0.888671875,0.636078381147541,0.458984375,0.7122822745901639,0.669921875,0.7449410860655739,0.869140625
