head_top_x,head_top_y,upper_neck_x,upper_neck_y,right_shoulder_x,right_shoulder_y,right_elbow_x,right_elbow_y,right_wrist_x,right_wrist_y,thorax_x,thorax_y,left_shoulder_x,left_shoulder_y,left_elbow_x,left_elbow_y,left_wrist_x,left_wrist_y,pelvis_x,pelvis_y,right_hip_x,right_hip_y,right_knee_x,right_knee_y,right_ankle_x,right_ankle_y,left_hip_x,left_hip_y,left_knee_x,left_knee_y,left_ankle_x,left_ankle_y
0.5577612704918032,0.029296875,0.6102715163934426,0.177734375,0.5052510245901639,0.228515625,0.4317366803278688,0.333984375,0.2111936475409836,0.337890625,0.6312756147540983,0.236328125,0.7573002049180327,0.236328125,0.5472592213114754,0.380859375,0.2111936475409836,0.353515625,0.5367571721311475,0.478515625,0.47374487704918034,0.478515625,0.4527407786885246,0.669921875,0.5472592213114754,0.869140625,0.5997694672131147,0.482421875,0.6207735655737705,0.677734375,0.7047899590163934,0.916015625
