head_top_x,head_top_y,upper_neck_x,upper_neck_y,right_shoulder_x,right_shoulder_y,right_elbow_x,right_elbow_y,right_wrist_x,right_wrist_y,thorax_x,thorax_y,left_shoulder_x,left_shoulder_y,left_elbow_x,left_elbow_y,left_wrist_x,left_wrist_y,pelvis_x,pelvis_y,right_hip_x,right_hip_y,right_knee_x,right_knee_y,right_ankle_x,right_ankle_y,left_hip_x,left_hip_y,left_knee_x,left_knee_y,left_ankle_x,left_ankle_y
0.337890625,0.19702015027322403,0.412109375,0.32944842896174864,0.427734375,0.35352629781420764,0.513671875,0.3936560792349727,0.525390625,0.2973446038251366,0.423828125,0.35753927595628415,0.419921875,0.35352629781420764,0.498046875,0.38563012295081966,0.513671875,0.3374743852459016,0.455078125,0.5662141393442622,0.455078125,0.5662141393442622,0.302734375,0.6946294398907104,0.224609375,0.8390966530054644,0.455078125,0.5662141393442622,0.291015625,0.6986424180327868,0.224609375,0.8511355874316939
