head_top_x,head_top_y,upper_neck_x,upper_neck_y,right_shoulder_x,right_shoulder_y,right_elbow_x,right_elbow_y,right_wrist_x,right_wrist_y,thorax_x,thorax_y,left_shoulder_x,left_shoulder_y,left_elbow_x,left_elbow_y,left_wrist_x,left_wrist_y,pelvis_x,pelvis_y,right_hip_x,right_hip_y,right_knee_x,right_knee_y,right_ankle_x,right_ankle_y,left_hip_x,left_hip_y,left_knee_x,left_knee_y,left_ankle_x,left_ankle_y
0.44709578804347827,0.091796875,0.5025192481884058,0.224609375,0.6133661684782609,0.240234375,0.6335201539855072,0.353515625,0.5277117300724637,0.380859375,0.5125962409420289,0.240234375,0.4017493206521739,0.240234375,0.28586390398550726,0.263671875,0.3463258605072464,0.478515625,0.5277117300724637,0.474609375,0.6083276721014492,0.474609375,0.598250679347826,0.673828125,0.45213428442028986,0.833984375,0.45213428442028986,0.466796875,0.4672497735507246,0.666015625,0.47732676630434784,0.845703125
