head_top_x,head_top_y,upper_neck_x,upper_neck_y,right_shoulder_x,right_shoulder_y,right_elbow_x,right_elbow_y,right_wrist_x,right_wrist_y,thorax_x,thorax_y,left_shoulder_x,left_shoulder_y,left_elbow_x,left_elbow_y,left_wrist_x,left_wrist_y,pelvis_x,pelvis_y,right_hip_x,right_hip_y,right_knee_x,right_knee_y,right_ankle_x,right_ankle_y,left_hip_x,left_hip_y,left_knee_x,left_knee_y,left_ankle_x,left_ankle_y
0.5263314596036586,0.150390625,0.5263314596036586,0.294921875,0.4545183879573171,0.294921875,0.5311189977134146,0.365234375,0.6651700647865854,0.349609375,0.5263314596036586,0.287109375,0.59814453125,0.275390625,0.6938952934451219,0.337890625,0.7417706745426829,0.271484375,0.5167563833841463,0.474609375,0.46888100228658536,0.470703125,0.3587676257621951,0.630859375,0.21514148246951217,0.779296875,0.5598442263719512,0.482421875,0.6364448361280488,0.638671875,0.6699576028963414,0.787109375
