head_top_x,head_top_y,upper_neck_x,upper_neck_y,right_shoulder_x,right_shoulder_y,right_elbow_x,right_elbow_y,right_wrist_x,right_wrist_y,thorax_x,thorax_y,left_shoulder_x,left_shoulder_y,left_elbow_x,left_elbow_y,left_wrist_x,left_wrist_y,pelvis_x,pelvis_y,right_hip_x,right_hip_y,right_knee_x,right_knee_y,right_ankle_x,right_ankle_y,left_hip_x,left_hip_y,left_knee_x,left_knee_y,left_ankle_x,left_ankle_y
0.8436895940721649,0.119140625,0.6463232925257731,0.224609375,0.6327118234536082,0.248046875,0.5170143363402062,0.373046875,0.6939634342783505,0.431640625,0.6054888853092784,0.236328125,0.585071681701031,0.232421875,0.4625684600515464,0.341796875,0.6259060889175257,0.412109375,0.40812258376288657,0.455078125,0.4217340528350515,0.455078125,0.5306258054123711,0.677734375,0.299230831185567,0.857421875,0.3945111146907216,0.451171875,0.5306258054123711,0.662109375,0.1903390786082474,0.720703125
