head_top_x,head_top_y,upper_neck_x,upper_neck_y,right_shoulder_x,right_shoulder_y,right_elbow_x,right_elbow_y,right_wrist_x,right_wrist_y,thorax_x,thorax_y,left_shoulder_x,left_shoulder_y,left_elbow_x,left_elbow_y,left_wrist_x,left_wrist_y,pelvis_x,pelvis_y,right_hip_x,right_hip_y,right_knee_x,right_knee_y,right_ankle_x,right_ankle_y,left_hip_x,left_hip_y,left_knee_x,left_knee_y,left_ankle_x,left_ankle_y
0.5916973527070064,0.494140625,0.4788390724522293,0.384765625,0.47413664410828027,0.361328125,0.5728876393312102,0.205078125,0.7045556329617835,0.123046875,0.47413664410828027,0.373046875,0.4694342157643312,0.369140625,0.5822924960191083,0.412109375,0.6716386345541401,0.349609375,0.20139580015923567,0.404296875,0.2155030851910828,0.392578125,0.1825860867834395,0.740234375,0.26252736863057324,0.810546875,0.21080065684713375,0.404296875,0.17788365843949044,0.708984375,0.23431279856687898,0.814453125
