head_top_x,head_top_y,upper_neck_x,upper_neck_y,right_shoulder_x,right_shoulder_y,right_elbow_x,right_elbow_y,right_wrist_x,right_wrist_y,thorax_x,thorax_y,left_shoulder_x,left_shoulder_y,left_elbow_x,left_elbow_y,left_wrist_x,left_wrist_y,pelvis_x,pelvis_y,right_hip_x,right_hip_y,right_knee_x,right_knee_y,right_ankle_x,right_ankle_y,left_hip_x,left_hip_y,left_knee_x,left_knee_y,left_ankle_x,left_ankle_y
0.2933666087962963,0.267578125,0.44537278163580246,0.333984375,0.44537278163580246,0.357421875,0.34561873070987653,0.224609375,0.2316141010802469,0.189453125,0.4596233603395062,0.341796875,0.4786241319444444,0.333984375,0.3503689236111111,0.220703125,0.4596233603395062,0.201171875,0.7018831983024691,0.517578125,0.6686318479938271,0.517578125,0.3646195023148148,0.544921875,0.7636357060185185,0.798828125,0.7208839699074074,0.505859375,0.7873866705246914,0.646484375,0.7683858989197531,0.791015625
