head_top_x,head_top_y,upper_neck_x,upper_neck_y,right_shoulder_x,right_shoulder_y,right_elbow_x,right_elbow_y,right_wrist_x,right_wrist_y,thorax_x,thorax_y,left_shoulder_x,left_shoulder_y,left_elbow_x,left_elbow_y,left_wrist_x,left_wrist_y,pelvis_x,pelvis_y,right_hip_x,right_hip_y,right_knee_x,right_knee_y,right_ankle_x,right_ankle_y,left_hip_x,left_hip_y,left_knee_x,left_knee_y,left_ankle_x,left_ankle_y
0.5450793850806451,0.044921875,0.44490297379032256,0.181640625,0.4549206149193548,0.240234375,0.5050088205645161,0.412109375,0.6252205141129032,0.537109375,0.3948147681451613,0.228515625,0.3246912802419355,0.220703125,0.3948147681451613,0.357421875,0.5250441028225806,0.501953125,0.38479712701612906,0.486328125,0.4148500504032258,0.486328125,0.5250441028225806,0.712890625,0.6051852318548387,0.927734375,0.3246912802419355,0.482421875,0.4148500504032258,0.712890625,0.5050088205645161,0.931640625
