head_top_x,head_top_y,upper_neck_x,upper_neck_y,right_shoulder_x,right_shoulder_y,right_elbow_x,right_elbow_y,right_wrist_x,right_wrist_y,thorax_x,thorax_y,left_shoulder_x,left_shoulder_y,left_elbow_x,left_elbow_y,left_wrist_x,left_wrist_y,pelvis_x,pelvis_y,right_hip_x,right_hip_y,right_knee_x,right_knee_y,right_ankle_x,right_ankle_y,left_hip_x,left_hip_y,left_knee_x,left_knee_y,left_ankle_x,left_ankle_y
0.487292921686747,0.052734375,0.5211784638554217,0.205078125,0.6906061746987951,0.224609375,0.7837914156626505,0.224609375,0.7244917168674698,0.177734375,0.5211784638554217,0.232421875,0.3432793674698795,0.236328125,0.2839796686746988,0.369140625,0.22467996987951808,0.482421875,0.538121234939759,0.470703125,0.6397778614457831,0.470703125,0.5889495481927711,0.677734375,0.5974209337349398,0.880859375,0.4449359939759036,0.470703125,0.40257906626506024,0.677734375,0.3517507530120482,0.884765625
