head_top_x,head_top_y,upper_neck_x,upper_neck_y,right_shoulder_x,right_shoulder_y,right_elbow_x,right_elbow_y,right_wrist_x,right_wrist_y,thorax_x,thorax_y,left_shoulder_x,left_shoulder_y,left_elbow_x,left_elbow_y,left_wrist_x,left_wrist_y,pelvis_x,pelvis_y,right_hip_x,right_hip_y,right_knee_x,right_knee_y,right_ankle_x,right_ankle_y,left_hip_x,left_hip_y,left_knee_x,left_knee_y,left_ankle_x,left_ankle_y
0.6236423399390244,0.064453125,0.5810070503048781,0.216796875,0.47868235518292684,0.271484375,0.5042635289634146,0.423828125,0.6492235137195123,0.525390625,0.5639529344512195,0.267578125,0.6492235137195123,0.259765625,0.6748046875,0.396484375,0.7344940929878049,0.494140625,0.546898818597561,0.501953125,0.49573647103658536,0.501953125,0.5042635289634146,0.693359375,0.2143435594512195,0.861328125,0.6065882240853658,0.501953125,0.6577505716463414,0.693359375,0.6748046875,0.873046875
