head_top_x,head_top_y,upper_neck_x,upper_neck_y,right_shoulder_x,right_shoulder_y,right_elbow_x,right_elbow_y,right_wrist_x,right_wrist_y,thorax_x,thorax_y,left_shoulder_x,left_shoulder_y,left_elbow_x,left_elbow_y,left_wrist_x,left_wrist_y,pelvis_x,pelvis_y,right_hip_x,right_hip_y,right_knee_x,right_knee_y,right_ankle_x,right_ankle_y,left_hip_x,left_hip_y,left_knee_x,left_knee_y,left_ankle_x,left_ankle_y
0.5906808035714286,0.123046875,0.5906808035714286,0.267578125,0.49637276785714285,0.255859375,0.3585379464285714,0.197265625,0.23521205357142855,0.111328125,0.5979352678571429,0.279296875,0.6994977678571429,0.298828125,0.7647879464285714,0.416015625,0.677734375,0.388671875,0.576171875,0.501953125,0.5036272321428571,0.505859375,0.576171875,0.697265625,0.6559709821428571,0.845703125,0.6487165178571429,0.501953125,0.6922433035714286,0.701171875,0.7067522321428572,0.861328125
