head_top_x,head_top_y,upper_neck_x,upper_neck_y,right_shoulder_x,right_shoulder_y,right_elbow_x,right_elbow_y,right_wrist_x,right_wrist_y,thorax_x,thorax_y,left_shoulder_x,left_shoulder_y,left_elbow_x,left_elbow_y,left_wrist_x,left_wrist_y,pelvis_x,pelvis_y,right_hip_x,right_hip_y,right_knee_x,right_knee_y,right_ankle_x,right_ankle_y,left_hip_x,left_hip_y,left_knee_x,left_knee_y,left_ankle_x,left_ankle_y
0.6852266905737705,0.197265625,0.5712410348360656,0.318359375,0.6453317110655737,0.369140625,0.7707159323770493,0.431640625,0.7251216700819673,0.369140625,0.5712410348360656,0.326171875,0.4914510758196721,0.275390625,0.3375704405737705,0.201171875,0.21788550204918034,0.154296875,0.43445824795081966,0.556640625,0.4686539446721312,0.568359375,0.4401575307377049,0.767578125,0.4401575307377049,0.728515625,0.3888639856557377,0.544921875,0.43445824795081966,0.783203125,0.45725537909836067,0.697265625
