head_top_x,head_top_y,upper_neck_x,upper_neck_y,right_shoulder_x,right_shoulder_y,right_elbow_x,right_elbow_y,right_wrist_x,right_wrist_y,thorax_x,thorax_y,left_shoulder_x,left_shoulder_y,left_elbow_x,left_elbow_y,left_wrist_x,left_wrist_y,pelvis_x,pelvis_y,right_hip_x,right_hip_y,right_knee_x,right_knee_y,right_ankle_x,right_ankle_y,left_hip_x,left_hip_y,left_knee_x,left_knee_y,left_ankle_x,left_ankle_y
0.5044605152027027,0.044921875,0.4955394847972973,0.201171875,0.6561180320945946,0.236328125,0.7542493665540541,0.357421875,0.6293549408783784,0.369140625,0.4955394847972973,0.232421875,0.3349609375,0.228515625,0.2992768158783784,0.357421875,0.21898754222972974,0.478515625,0.5044605152027027,0.474609375,0.6025918496621622,0.466796875,0.6115128800675675,0.701171875,0.6471970016891891,0.873046875,0.41525021114864863,0.470703125,0.36172402871621623,0.693359375,0.38848711993243246,0.873046875
