head_top_x,head_top_y,upper_neck_x,upper_neck_y,right_shoulder_x,right_shoulder_y,right_elbow_x,right_elbow_y,right_wrist_x,right_wrist_y,thorax_x,thorax_y,left_shoulder_x,left_shoulder_y,left_elbow_x,left_elbow_y,left_wrist_x,left_wrist_y,pelvis_x,pelvis_y,right_hip_x,right_hip_y,right_knee_x,right_knee_y,right_ankle_x,right_ankle_y,left_hip_x,left_hip_y,left_knee_x,left_knee_y,left_ankle_x,left_ankle_y
0.7387760416666667,0.158203125,0.5315364583333333,0.263671875,0.5225260416666667,0.279296875,0.5315364583333333,0.126953125,0.7387760416666667,0.076171875,0.513515625,0.275390625,0.49549479166666666,0.267578125,0.459453125,0.365234375,0.5585677083333334,0.357421875,0.25221354166666665,0.529296875,0.2341927083333333,0.533203125,0.3152864583333333,0.720703125,0.5225260416666667,0.892578125,0.297265625,0.525390625,0.30627604166666667,0.732421875,0.5225260416666667,0.892578125
