head_top_x,head_top_y,upper_neck_x,upper_neck_y,right_shoulder_x,right_shoulder_y,right_elbow_x,right_elbow_y,right_wrist_x,right_wrist_y,thorax_x,thorax_y,left_shoulder_x,left_shoulder_y,left_elbow_x,left_elbow_y,left_wrist_x,left_wrist_y,pelvis_x,pelvis_y,right_hip_x,right_hip_y,right_knee_x,right_knee_y,right_ankle_x,right_ankle_y,left_hip_x,left_hip_y,left_knee_x,left_knee_y,left_ankle_x,left_ankle_y
0.583179370777027,0.142578125,0.5378088048986487,0.291015625,0.4823558910472973,0.314453125,0.563014674831081,0.412109375,0.6890440244932432,0.451171875,0.5428499788851351,0.291015625,0.6184675886824325,0.263671875,0.6285499366554054,0.365234375,0.7041675464527026,0.427734375,0.46219119510135137,0.466796875,0.40169710726351354,0.466796875,0.35632654138513514,0.662109375,0.22021484375000003,0.833984375,0.5176441089527027,0.470703125,0.6386322846283784,0.662109375,0.769702808277027,0.822265625
