head_top_x,head_top_y,upper_neck_x,upper_neck_y,right_shoulder_x,right_shoulder_y,right_elbow_x,right_elbow_y,right_wrist_x,right_wrist_y,thorax_x,thorax_y,left_shoulder_x,left_shoulder_y,left_elbow_x,left_elbow_y,left_wrist_x,left_wrist_y,pelvis_x,pelvis_y,right_hip_x,right_hip_y,right_knee_x,right_knee_y,right_ankle_x,right_ankle_y,left_hip_x,left_hip_y,left_knee_x,left_knee_y,left_ankle_x,left_ankle_y
0.5392503004807693,0.099609375,0.5249774639423077,0.236328125,0.6320237379807693,0.263671875,0.63916015625,0.392578125,0.7533428485576923,0.478515625,0.5178410456730769,0.259765625,0.4107947716346154,0.259765625,0.4107947716346154,0.361328125,0.4678861177884615,0.427734375,0.4821589543269231,0.466796875,0.5535231370192307,0.470703125,0.5249774639423077,0.689453125,0.4750225360576923,0.861328125,0.4179311899038462,0.462890625,0.38938551682692313,0.662109375,0.19670222355769232,0.798828125
