head_top_x,head_top_y,upper_neck_x,upper_neck_y,right_shoulder_x,right_shoulder_y,right_elbow_x,right_elbow_y,right_wrist_x,right_wrist_y,thorax_x,thorax_y,left_shoulder_x,left_shoulder_y,left_elbow_x,left_elbow_y,left_wrist_x,left_wrist_y,pelvis_x,pelvis_y,right_hip_x,right_hip_y,right_knee_x,right_knee_y,right_ankle_x,right_ankle_y,left_hip_x,left_hip_y,left_knee_x,left_knee_y,left_ankle_x,left_ankle_y
0.6097268051242236,0.138671875,0.5560825892857143,0.275390625,0.6243570458074534,0.248046875,0.7072617430124224,0.197265625,0.7657827057453416,0.177734375,0.5560825892857143,0.267578125,0.48780813276397517,0.279296875,0.33175223214285715,0.365234375,0.21958705357142858,0.369140625,0.6389872864906833,0.466796875,0.658494274068323,0.462890625,0.6731245147515528,0.646484375,0.7706594526397516,0.791015625,0.6146035520186336,0.466796875,0.6097268051242236,0.669921875,0.7657827057453416,0.794921875
