head_top_x,head_top_y,upper_neck_x,upper_neck_y,right_shoulder_x,right_shoulder_y,right_elbow_x,right_elbow_y,right_wrist_x,right_wrist_y,thorax_x,thorax_y,left_shoulder_x,left_shoulder_y,left_elbow_x,left_elbow_y,left_wrist_x,left_wrist_y,pelvis_x,pelvis_y,right_hip_x,right_hip_y,right_knee_x,right_knee_y,right_ankle_x,right_ankle_y,left_hip_x,left_hip_y,left_knee_x,left_knee_y,left_ankle_x,left_ankle_y
0.45434816919191917,0.111328125,0.41923137626262624,0.255859375,0.3068576388888889,0.244140625,0.2015072601010101,0.357421875,0.23662405303030304,0.341796875,0.41923137626262624,0.248046875,0.5386284722222222,0.248046875,0.6299321338383839,0.333984375,0.7633759469696969,0.439453125,0.36304450757575757,0.474609375,0.2928109217171717,0.462890625,0.28578756313131315,0.669921875,0.2928109217171717,0.833984375,0.4332780934343434,0.478515625,0.46839488636363635,0.673828125,0.4894649621212121,0.857421875
