head_top_x,head_top_y,upper_neck_x,upper_neck_y,right_shoulder_x,right_shoulder_y,right_elbow_x,right_elbow_y,right_wrist_x,right_wrist_y,thorax_x,thorax_y,left_shoulder_x,left_shoulder_y,left_elbow_x,left_elbow_y,left_wrist_x,left_wrist_y,pelvis_x,pelvis_y,right_hip_x,right_hip_y,right_knee_x,right_knee_y,right_ankle_x,right_ankle_y,left_hip_x,left_hip_y,left_knee_x,left_knee_y,left_ankle_x,left_ankle_y
0.8050757718373494,0.525390625,0.6489904932228916,0.501953125,0.6158814947289156,0.525390625,0.6206113516566265,0.326171875,0.634800922439759,0.220703125,0.6253412085843374,0.494140625,0.6300710655120482,0.455078125,0.5827724962349398,0.626953125,0.5496634977409639,0.685546875,0.213843655873494,0.541015625,0.19019437123493976,0.529296875,0.2280332266566265,0.689453125,0.0861375188253012,0.783203125,0.213843655873494,0.525390625,0.213843655873494,0.693359375,0.08140766189759036,0.783203125
