head_top_x,head_top_y,upper_neck_x,upper_neck_y,right_shoulder_x,right_shoulder_y,right_elbow_x,right_elbow_y,right_wrist_x,right_wrist_y,thorax_x,thorax_y,left_shoulder_x,left_shoulder_y,left_elbow_x,left_elbow_y,left_wrist_x,left_wrist_y,pelvis_x,pelvis_y,right_hip_x,right_hip_y,right_knee_x,right_knee_y,right_ankle_x,right_ankle_y,left_hip_x,left_hip_y,left_knee_x,left_knee_y,left_ankle_x,left_ankle_y
0.6777164564220184,0.103515625,0.5841814793577982,0.240234375,0.43452551605504586,0.248046875,0.32228354357798167,0.357421875,0.23498423165137616,0.455078125,0.5717101490825688,0.271484375,0.7151304472477065,0.294921875,0.6901877866972477,0.435546875,0.6714807912844036,0.572265625,0.5342961582568807,0.505859375,0.46570384174311924,0.501953125,0.4282898509174312,0.681640625,0.5218248279816514,0.833984375,0.6091241399082569,0.513671875,0.6964234518348624,0.681640625,0.7774870986238532,0.849609375
