head_top_x,head_top_y,upper_neck_x,upper_neck_y,right_shoulder_x,right_shoulder_y,right_elbow_x,right_elbow_y,right_wrist_x,right_wrist_y,thorax_x,thorax_y,left_shoulder_x,left_shoulder_y,left_elbow_x,left_elbow_y,left_wrist_x,left_wrist_y,pelvis_x,pelvis_y,right_hip_x,right_hip_y,right_knee_x,right_knee_y,right_ankle_x,right_ankle_y,left_hip_x,left_hip_y,left_knee_x,left_knee_y,left_ankle_x,left_ankle_y
0.4468119959677419,0.158203125,0.5025327620967742,0.291015625,0.42148437499999997,0.302734375,0.3353704637096774,0.349609375,0.21379788306451614,0.380859375,0.4974672379032258,0.294921875,0.5683845766129032,0.275390625,0.5379914314516129,0.279296875,0.42654989919354835,0.259765625,0.578515625,0.494140625,0.5227948588709678,0.501953125,0.5227948588709678,0.662109375,0.5329259072580645,0.814453125,0.6342363911290323,0.486328125,0.6899571572580645,0.638671875,0.7659400201612904,0.763671875
