head_top_x,head_top_y,upper_neck_x,upper_neck_y,right_shoulder_x,right_shoulder_y,right_elbow_x,right_elbow_y,right_wrist_x,right_wrist_y,thorax_x,thorax_y,left_shoulder_x,left_shoulder_y,left_elbow_x,left_elbow_y,left_wrist_x,left_wrist_y,pelvis_x,pelvis_y,right_hip_x,right_hip_y,right_knee_x,right_knee_y,right_ankle_x,right_ankle_y,left_hip_x,left_hip_y,left_knee_x,left_knee_y,left_ankle_x,left_ankle_y
0.4866470025510204,0.123046875,0.5026705994897959,0.267578125,0.5240353954081632,0.255859375,0.6575653698979592,0.302734375,0.7537069515306123,0.263671875,0.5026705994897959,0.267578125,0.47596460459183676,0.263671875,0.5186941964285714,0.353515625,0.6682477678571429,0.275390625,0.4866470025510204,0.478515625,0.5240353954081632,0.474609375,0.7163185586734695,0.619140625,0.7376833545918368,0.822265625,0.4545998086734694,0.478515625,0.38516422193877553,0.666015625,0.21424585459183673,0.794921875
