head_top_x,head_top_y,upper_neck_x,upper_neck_y,right_shoulder_x,right_shoulder_y,right_elbow_x,right_elbow_y,right_wrist_x,right_wrist_y,thorax_x,thorax_y,left_shoulder_x,left_shoulder_y,left_elbow_x,left_elbow_y,left_wrist_x,left_wrist_y,pelvis_x,pelvis_y,right_hip_x,right_hip_y,right_knee_x,right_knee_y,right_ankle_x,right_ankle_y,left_hip_x,left_hip_y,left_knee_x,left_knee_y,left_ankle_x,left_ankle_y
0.5277580492424242,0.205078125,0.47224195075757575,0.357421875,0.35327888257575757,0.306640625,0.29776278409090906,0.216796875,0.27397017045454547,0.119140625,0.48017282196969696,0.341796875,0.5912050189393939,0.361328125,0.5991358901515151,0.232421875,0.7339607007575758,0.322265625,0.35327888257575757,0.509765625,0.3215553977272727,0.509765625,0.28983191287878785,0.689453125,0.26603929924242425,0.849609375,0.40086410984848486,0.513671875,0.3215553977272727,0.689453125,0.2343158143939394,0.814453125
