head_top_x,head_top_y,upper_neck_x,upper_neck_y,right_shoulder_x,right_shoulder_y,right_elbow_x,right_elbow_y,right_wrist_x,right_wrist_y,thorax_x,thorax_y,left_shoulder_x,left_shoulder_y,left_elbow_x,left_elbow_y,left_wrist_x,left_wrist_y,pelvis_x,pelvis_y,right_hip_x,right_hip_y,right_knee_x,right_knee_y,right_ankle_x,right_ankle_y,left_hip_x,left_hip_y,left_knee_x,left_knee_y,left_ankle_x,left_ankle_y
0.523515625,0.083984375,0.476484375,0.236328125,0.34882812500000004,0.267578125,0.254765625,0.416015625,0.26820312500000004,0.556640625,0.469765625,0.275390625,0.583984375,0.283203125,0.6578906250000001,0.416015625,0.778828125,0.513671875,0.42945312500000005,0.533203125,0.41601562500000006,0.533203125,0.577265625,0.716796875,0.6511718750000001,0.904296875,0.436171875,0.529296875,0.40929687500000006,0.705078125,0.207734375,0.869140625
