head_top_x,head_top_y,upper_neck_x,upper_neck_y,right_shoulder_x,right_shoulder_y,right_elbow_x,right_elbow_y,right_wrist_x,right_wrist_y,thorax_x,thorax_y,left_shoulder_x,left_shoulder_y,left_elbow_x,left_elbow_y,left_wrist_x,left_wrist_y,pelvis_x,pelvis_y,right_hip_x,right_hip_y,right_knee_x,right_knee_y,right_ankle_x,right_ankle_y,left_hip_x,left_hip_y,left_knee_x,left_knee_y,left_ankle_x,left_ankle_y
0.41569741924157305,0.173828125,0.4675759304775281,0.310546875,0.5756561622191011,0.314453125,0.6923828125,0.412109375,0.6621203476123595,0.521484375,0.4675759304775281,0.318359375,0.363818908005618,0.318359375,0.2860011411516854,0.392578125,0.3681421172752809,0.462890625,0.47622234901685395,0.501953125,0.5410704880617978,0.501953125,0.6923828125,0.576171875,0.7702005793539326,0.759765625,0.4113742099719101,0.501953125,0.23412262991573032,0.583984375,0.22115300210674155,0.783203125
