head_top_x,head_top_y,upper_neck_x,upper_neck_y,right_shoulder_x,right_shoulder_y,right_elbow_x,right_elbow_y,right_wrist_x,right_wrist_y,thorax_x,thorax_y,left_shoulder_x,left_shoulder_y,left_elbow_x,left_elbow_y,left_wrist_x,left_wrist_y,pelvis_x,pelvis_y,right_hip_x,right_hip_y,right_knee_x,right_knee_y,right_ankle_x,right_ankle_y,left_hip_x,left_hip_y,left_knee_x,left_knee_y,left_ankle_x,left_ankle_y
0.568359375,0.04088144083969467,0.525390625,0.22665195610687025,0.615234375,0.26911378816793896,0.712890625,0.38057609732824427,0.779296875,0.44426884541984735,0.525390625,0.25319060114503816,0.435546875,0.22665195610687025,0.322265625,0.2956524332061069,0.201171875,0.3221910782442748,0.548828125,0.5504234255725191,0.603515625,0.5185770515267175,0.728515625,0.6459625477099237,0.662109375,0.5716543416030534,0.501953125,0.5716543416030534,0.580078125,0.7255784828244274,0.673828125,0.8317330629770991
