head_top_x,head_top_y,upper_neck_x,upper_neck_y,right_shoulder_x,right_shoulder_y,right_elbow_x,right_elbow_y,right_wrist_x,right_wrist_y,thorax_x,thorax_y,left_shoulder_x,left_shoulder_y,left_elbow_x,left_elbow_y,left_wrist_x,left_wrist_y,pelvis_x,pelvis_y,right_hip_x,right_hip_y,right_knee_x,right_knee_y,right_ankle_x,right_ankle_y,left_hip_x,left_hip_y,left_knee_x,left_knee_y,left_ankle_x,left_ankle_y
0.5114720394736842,0.072265625,0.5191200657894737,0.208984375,0.3355674342105263,0.224609375,0.2208470394736842,0.326171875,0.3891036184210526,0.298828125,0.5191200657894737,0.232421875,0.6950246710526315,0.232421875,0.7791529605263158,0.353515625,0.6032483552631579,0.310546875,0.5114720394736842,0.470703125,0.41204769736842106,0.470703125,0.3891036184210526,0.677734375,0.4043996710526316,0.865234375,0.6032483552631579,0.474609375,0.6185444078947369,0.677734375,0.5879523026315789,0.865234375
