head_top_x,head_top_y,upper_neck_x,upper_neck_y,right_shoulder_x,right_shoulder_y,right_elbow_x,right_elbow_y,right_wrist_x,right_wrist_y,thorax_x,thorax_y,left_shoulder_x,left_shoulder_y,left_elbow_x,left_elbow_y,left_wrist_x,left_wrist_y,pelvis_x,pelvis_y,right_hip_x,right_hip_y,right_knee_x,right_knee_y,right_ankle_x,right_ankle_y,left_hip_x,left_hip_y,left_knee_x,left_knee_y,left_ankle_x,left_ankle_y
0.30677872474747475,0.072265625,0.4181265782828283,0.205078125,0.30677872474747475,0.236328125,0.28712910353535354,0.353515625,0.2281802398989899,0.443359375,0.42467645202020204,0.224609375,0.5360243055555556,0.201171875,0.5884232954545454,0.341796875,0.3853772095959596,0.384765625,0.5687736742424242,0.470703125,0.48362531565656564,0.474609375,0.31332859848484845,0.662109375,0.4705255681818182,0.771484375,0.6670217803030303,0.462890625,0.7390703914141414,0.705078125,0.8373184974747475,0.865234375
