head_top_x,head_top_y,upper_neck_x,upper_neck_y,right_shoulder_x,right_shoulder_y,right_elbow_x,right_elbow_y,right_wrist_x,right_wrist_y,thorax_x,thorax_y,left_shoulder_x,left_shoulder_y,left_elbow_x,left_elbow_y,left_wrist_x,left_wrist_y,pelvis_x,pelvis_y,right_hip_x,right_hip_y,right_knee_x,right_knee_y,right_ankle_x,right_ankle_y,left_hip_x,left_hip_y,left_knee_x,left_knee_y,left_ankle_x,left_ankle_y
0.6564587309160306,0.111328125,0.5678971851145038,0.263671875,0.46162333015267176,0.236328125,0.36125357824427484,0.341796875,0.44981512404580154,0.376953125,0.5619930820610687,0.271484375,0.6623628339694657,0.310546875,0.6623628339694657,0.447265625,0.7450202767175573,0.419921875,0.42029460877862596,0.451171875,0.3376371660305344,0.435546875,0.23726741412213742,0.587890625,0.17232228053435114,0.748046875,0.49114384541984735,0.470703125,0.5147602576335878,0.638671875,0.5147602576335878,0.841796875
