head_top_x,head_top_y,upper_neck_x,upper_neck_y,right_shoulder_x,right_shoulder_y,right_elbow_x,right_elbow_y,right_wrist_x,right_wrist_y,thorax_x,thorax_y,left_shoulder_x,left_shoulder_y,left_elbow_x,left_elbow_y,left_wrist_x,left_wrist_y,pelvis_x,pelvis_y,right_hip_x,right_hip_y,right_knee_x,right_knee_y,right_ankle_x,right_ankle_y,left_hip_x,left_hip_y,left_knee_x,left_knee_y,left_ankle_x,left_ankle_y
0.44914836711711714,0.130859375,0.5149563626126126,0.267578125,0.6286247184684685,0.263671875,0.7482756193693694,0.349609375,0.6405898085585585,0.380859375,0.5149563626126126,0.271484375,0.41325309684684686,0.275390625,0.33548001126126126,0.392578125,0.2457418355855856,0.455078125,0.6405898085585585,0.490234375,0.7063978040540541,0.482421875,0.6645199887387387,0.658203125,0.7602407094594594,0.830078125,0.5747818130630631,0.486328125,0.3833403716216216,0.642578125,0.431200731981982,0.833984375
