head_top_x,head_top_y,upper_neck_x,upper_neck_y,right_shoulder_x,right_shoulder_y,right_elbow_x,right_elbow_y,right_wrist_x,right_wrist_y,thorax_x,thorax_y,left_shoulder_x,left_shoulder_y,left_elbow_x,left_elbow_y,left_wrist_x,left_wrist_y,pelvis_x,pelvis_y,right_hip_x,right_hip_y,right_knee_x,right_knee_y,right_ankle_x,right_ankle_y,left_hip_x,left_hip_y,left_knee_x,left_knee_y,left_ankle_x,left_ankle_y
0.548543809335443,0.166015625,0.5254277096518988,0.302734375,0.42834009098101267,0.326171875,0.28502027294303794,0.357421875,0.29426671281645567,0.232421875,0.5254277096518988,0.322265625,0.6271385482594937,0.314453125,0.7103565071202531,0.392578125,0.7427190466772152,0.400390625,0.5670366890822784,0.521484375,0.5208044897151899,0.525390625,0.4375865308544304,0.716796875,0.1971790941455696,0.857421875,0.6178921083860759,0.521484375,0.7519654865506329,0.697265625,0.7704583662974683,0.880859375
