head_top_x,head_top_y,upper_neck_x,upper_neck_y,right_shoulder_x,right_shoulder_y,right_elbow_x,right_elbow_y,right_wrist_x,right_wrist_y,thorax_x,thorax_y,left_shoulder_x,left_shoulder_y,left_elbow_x,left_elbow_y,left_wrist_x,left_wrist_y,pelvis_x,pelvis_y,right_hip_x,right_hip_y,right_knee_x,right_knee_y,right_ankle_x,right_ankle_y,left_hip_x,left_hip_y,left_knee_x,left_knee_y,left_ankle_x,left_ankle_y
0.27378970286885246,0.052734375,0.46481173155737704,0.181640625,0.5452420594262295,0.201171875,0.6156185963114754,0.333984375,0.6457799692622951,0.443359375,0.5251344774590164,0.205078125,0.47486552254098363,0.205078125,0.5150806864754098,0.322265625,0.23357453893442626,0.267578125,0.5150806864754098,0.478515625,0.5653496413934426,0.470703125,0.5854572233606558,0.689453125,0.6156185963114754,0.873046875,0.46481173155737704,0.482421875,0.3341124487704918,0.705078125,0.2536821209016394,0.900390625
