head_top_x,head_top_y,upper_neck_x,upper_neck_y,right_shoulder_x,right_shoulder_y,right_elbow_x,right_elbow_y,right_wrist_x,right_wrist_y,thorax_x,thorax_y,left_shoulder_x,left_shoulder_y,left_elbow_x,left_elbow_y,left_wrist_x,left_wrist_y,pelvis_x,pelvis_y,right_hip_x,right_hip_y,right_knee_x,right_knee_y,right_ankle_x,right_ankle_y,left_hip_x,left_hip_y,left_knee_x,left_knee_y,left_ankle_x,left_ankle_y
0.6817979236577181,0.158203125,0.5184432676174496,0.236328125,0.5237127726510067,0.216796875,0.6449113884228188,0.267578125,0.5974858431208053,0.212890625,0.5026347525167785,0.236328125,0.43940069211409394,0.224609375,0.3129325713087248,0.134765625,0.1864644505033557,0.091796875,0.4815567323825503,0.447265625,0.5026347525167785,0.447265625,0.6343723783557047,0.623046875,0.7766490142617449,0.818359375,0.4552092072147651,0.447265625,0.4815567323825503,0.669921875,0.7713795092281879,0.810546875
