head_top_x,head_top_y,upper_neck_x,upper_neck_y,right_shoulder_x,right_shoulder_y,right_elbow_x,right_elbow_y,right_wrist_x,right_wrist_y,thorax_x,thorax_y,left_shoulder_x,left_shoulder_y,left_elbow_x,left_elbow_y,left_wrist_x,left_wrist_y,pelvis_x,pelvis_y,right_hip_x,right_hip_y,right_knee_x,right_knee_y,right_ankle_x,right_ankle_y,left_hip_x,left_hip_y,left_knee_x,left_knee_y,left_ankle_x,left_ankle_y
0.25065983952702703,0.658203125,0.5053051097972973,0.615234375,0.5901868665540541,0.595703125,0.6538481841216216,0.673828125,0.6326277449324325,0.759765625,0.5265255489864865,0.607421875,0.4416437922297297,0.611328125,0.35676203547297297,0.740234375,0.7068992820945946,0.099609375,0.6856788429054054,0.365234375,0.749340160472973,0.357421875,0.6432379645270271,0.267578125,0.6750686233108109,0.205078125,0.6432379645270271,0.361328125,0.6114073057432432,0.283203125,0.21882918074324323,0.896484375
