head_top_x,head_top_y,upper_neck_x,upper_neck_y,right_shoulder_x,right_shoulder_y,right_elbow_x,right_elbow_y,right_wrist_x,right_wrist_y,thorax_x,thorax_y,left_shoulder_x,left_shoulder_y,left_elbow_x,left_elbow_y,left_wrist_x,left_wrist_y,pelvis_x,pelvis_y,right_hip_x,right_hip_y,right_knee_x,right_knee_y,right_ankle_x,right_ankle_y,left_hip_x,left_hip_y,left_knee_x,left_knee_y,left_ankle_x,left_ankle_y
0.3166246916118421,0.720703125,0.352783203125,0.607421875,0.37344520970394735,0.626953125,0.6420512952302632,0.392578125,0.7970163445723685,0.373046875,0.34761770148026316,0.615234375,0.33212119654605265,0.615234375,0.352783203125,0.728515625,0.7763543379934211,0.376953125,0.43026572779605265,0.423828125,0.4405967310855263,0.427734375,0.35794870476973684,0.291015625,0.23397666529605263,0.177734375,0.4354312294407895,0.423828125,0.3682797080592105,0.298828125,0.21331465871710525,0.138671875
