head_top_x,head_top_y,upper_neck_x,upper_neck_y,right_shoulder_x,right_shoulder_y,right_elbow_x,right_elbow_y,right_wrist_x,right_wrist_y,thorax_x,thorax_y,left_shoulder_x,left_shoulder_y,left_elbow_x,left_elbow_y,left_wrist_x,left_wrist_y,pelvis_x,pelvis_y,right_hip_x,right_hip_y,right_knee_x,right_knee_y,right_ankle_x,right_ankle_y,left_hip_x,left_hip_y,left_knee_x,left_knee_y,left_ankle_x,left_ankle_y
0.5982111150568182,0.048828125,0.543212890625,0.201171875,0.370361328125,0.201171875,0.18965287642045453,0.259765625,0.3310768821022727,0.173828125,0.5353560014204546,0.224609375,0.716064453125,0.236328125,0.7632057883522727,0.373046875,0.7632057883522727,0.490234375,0.5274991122159091,0.482421875,0.4253595525568182,0.478515625,0.39393199573863635,0.689453125,0.36250443892045453,0.873046875,0.629638671875,0.478515625,0.6453524502840909,0.689453125,0.6610662286931819,0.873046875
