head_top_x,head_top_y,upper_neck_x,upper_neck_y,right_shoulder_x,right_shoulder_y,right_elbow_x,right_elbow_y,right_wrist_x,right_wrist_y,thorax_x,thorax_y,left_shoulder_x,left_shoulder_y,left_elbow_x,left_elbow_y,left_wrist_x,left_wrist_y,pelvis_x,pelvis_y,right_hip_x,right_hip_y,right_knee_x,right_knee_y,right_ankle_x,right_ankle_y,left_hip_x,left_hip_y,left_knee_x,left_knee_y,left_ankle_x,left_ankle_y
0.8268348623853211,0.15583333333333332,0.6777522935779816,0.25416666666666665,0.6456422018348624,0.29083333333333333,0.5309633027522935,0.43083333333333335,0.6983944954128442,0.4575,0.6272935779816514,0.2808333333333333,0.6112385321100917,0.26916666666666667,0.5103211009174311,0.39416666666666667,0.6571100917431192,0.4191666666666667,0.31995412844036697,0.4508333333333333,0.3360091743119266,0.4575,0.5630733944954128,0.6558333333333334,0.26032110091743116,0.7825,0.2924311926605505,0.4475,0.5011467889908258,0.6591666666666667,0.3635321100917431,0.8725
