head_top_x,head_top_y,upper_neck_x,upper_neck_y,right_shoulder_x,right_shoulder_y,right_elbow_x,right_elbow_y,right_wrist_x,right_wrist_y,thorax_x,thorax_y,left_shoulder_x,left_shoulder_y,left_elbow_x,left_elbow_y,left_wrist_x,left_wrist_y,pelvis_x,pelvis_y,right_hip_x,right_hip_y,right_knee_x,right_knee_y,right_ankle_x,right_ankle_y,left_hip_x,left_hip_y,left_knee_x,left_knee_y,left_ankle_x,left_ankle_y
0.5908333333333333,0.09126358695652172,0.6175,0.2533016304347826,0.5558333333333333,0.23145380434782606,0.5441666666666667,0.3352309782608695,0.4691666666666667,0.4062364130434783,0.6158333333333333,0.24783967391304346,0.6775,0.26058423913043477,0.7591666666666667,0.3479755434782609,0.7308333333333333,0.4135190217391304,0.5775,0.5009103260869565,0.5308333333333334,0.48270380434782606,0.38416666666666666,0.6556657608695652,0.18416666666666667,0.7539809782608696,0.6258333333333334,0.5136548913043478,0.5825,0.6647690217391304,0.5541666666666667,0.8759646739130434
