head_top_x,head_top_y,upper_neck_x,upper_neck_y,right_shoulder_x,right_shoulder_y,right_elbow_x,right_elbow_y,right_wrist_x,right_wrist_y,thorax_x,thorax_y,left_shoulder_x,left_shoulder_y,left_elbow_x,left_elbow_y,left_wrist_x,left_wrist_y,pelvis_x,pelvis_y,right_hip_x,right_hip_y,right_knee_x,right_knee_y,right_ankle_x,right_ankle_y,left_hip_x,left_hip_y,left_knee_x,left_knee_y,left_ankle_x,left_ankle_y
0.5708333333333333,0.0675,0.40488095238095234,0.20083333333333334,0.449404761904762,0.25583333333333336,0.4170238095238095,0.3875,0.7732142857142859,0.4225,0.3441666666666667,0.24416666666666667,0.2510714285714286,0.22916666666666666,0.2308333333333333,0.36583333333333334,0.4251190476190476,0.4041666666666667,0.34011904761904754,0.5158333333333334,0.4615476190476191,0.5058333333333334,0.6922619047619049,0.6908333333333333,0.7610714285714287,0.8875,0.22273809523809515,0.5275,0.4858333333333333,0.7325,0.2510714285714286,0.7958333333333333
