head_top_x,head_top_y,upper_neck_x,upper_neck_y,right_shoulder_x,right_shoulder_y,right_elbow_x,right_elbow_y,right_wrist_x,right_wrist_y,thorax_x,thorax_y,left_shoulder_x,left_shoulder_y,left_elbow_x,left_elbow_y,left_wrist_x,left_wrist_y,pelvis_x,pelvis_y,right_hip_x,right_hip_y,right_knee_x,right_knee_y,right_ankle_x,right_ankle_y,left_hip_x,left_hip_y,left_knee_x,left_knee_y,left_ankle_x,left_ankle_y
0.3906736526946108,0.6658333333333334,0.4849550898203593,0.5458333333333333,0.39468562874251495,0.5791666666666667,0.30441616766467067,0.6991666666666667,0.20411676646706584,0.8341666666666666,0.47291916167664666,0.5858333333333333,0.5491467065868264,0.5891666666666666,0.5270808383233533,0.7125,0.49699101796407186,0.8325,0.5010029940119761,0.4041666666666667,0.45085329341317365,0.4008333333333333,0.4949850299401198,0.3325,0.48094311377245513,0.21916666666666668,0.5531586826347306,0.41083333333333333,0.649446107784431,0.31916666666666665,0.7557634730538921,0.19916666666666666
