head_top_x,head_top_y,upper_neck_x,upper_neck_y,right_shoulder_x,right_shoulder_y,right_elbow_x,right_elbow_y,right_wrist_x,right_wrist_y,thorax_x,thorax_y,left_shoulder_x,left_shoulder_y,left_elbow_x,left_elbow_y,left_wrist_x,left_wrist_y,pelvis_x,pelvis_y,right_hip_x,right_hip_y,right_knee_x,right_knee_y,right_ankle_x,right_ankle_y,left_hip_x,left_hip_y,left_knee_x,left_knee_y,left_ankle_x,left_ankle_y
0.26771541950113376,0.3625,0.3352891156462585,0.23583333333333334,0.5380102040816326,0.43083333333333335,0.45861111111111114,0.45916666666666667,0.5599716553287982,0.5325,0.3809013605442177,0.2275,0.38596938775510203,0.23583333333333334,0.399484126984127,0.4125,0.5363208616780046,0.5175,0.5025340136054421,0.5308333333333334,0.5346315192743765,0.5358333333333334,0.37245464852607707,0.23083333333333333,0.3690759637188209,0.1775,0.4687471655328798,0.5291666666666667,0.37245464852607707,0.2275,0.3640079365079365,0.1925
