head_top_x,head_top_y,upper_neck_x,upper_neck_y,right_shoulder_x,right_shoulder_y,right_elbow_x,right_elbow_y,right_wrist_x,right_wrist_y,thorax_x,thorax_y,left_shoulder_x,left_shoulder_y,left_elbow_x,left_elbow_y,left_wrist_x,left_wrist_y,pelvis_x,pelvis_y,right_hip_x,right_hip_y,right_knee_x,right_knee_y,right_ankle_x,right_ankle_y,left_hip_x,left_hip_y,left_knee_x,left_knee_y,left_ankle_x,left_ankle_y
0.7636979166666666,0.10083333333333333,0.6570659722222222,0.23583333333333334,0.6109548611111112,0.2425,0.5129687499999999,0.37416666666666665,0.688767361111111,0.4225,0.64265625,0.24916666666666668,0.6772395833333335,0.2575,0.6080729166666666,0.3641666666666667,0.7435243055555556,0.39916666666666667,0.49279513888888893,0.4608333333333333,0.4293923611111111,0.4558333333333333,0.48703124999999997,0.6691666666666667,0.2218923611111111,0.8158333333333333,0.5475520833333333,0.46416666666666667,0.7464062499999999,0.6425,0.752170138888889,0.8491666666666666
