head_top_x,head_top_y,upper_neck_x,upper_neck_y,right_shoulder_x,right_shoulder_y,right_elbow_x,right_elbow_y,right_wrist_x,right_wrist_y,thorax_x,thorax_y,left_shoulder_x,left_shoulder_y,left_elbow_x,left_elbow_y,left_wrist_x,left_wrist_y,pelvis_x,pelvis_y,right_hip_x,right_hip_y,right_knee_x,right_knee_y,right_ankle_x,right_ankle_y,left_hip_x,left_hip_y,left_knee_x,left_knee_y,left_ankle_x,left_ankle_y
0.5825,0.17846646942800784,0.5308333333333334,0.3455473372781065,0.4508333333333333,0.32029092702169626,0.33916666666666667,0.3436045364891519,0.2125,0.33000493096646943,0.5325,0.3397189349112426,0.6175,0.3572041420118343,0.6958333333333333,0.40188856015779095,0.7908333333333334,0.3921745562130177,0.4825,0.5592554240631163,0.43916666666666665,0.555369822485207,0.42583333333333334,0.625310650887574,0.4275,0.7651923076923077,0.5275,0.5592554240631163,0.5525,0.6097682445759368,0.5058333333333334,0.75353550295858
