head_top_x,head_top_y,upper_neck_x,upper_neck_y,right_shoulder_x,right_shoulder_y,right_elbow_x,right_elbow_y,right_wrist_x,right_wrist_y,thorax_x,thorax_y,left_shoulder_x,left_shoulder_y,left_elbow_x,left_elbow_y,left_wrist_x,left_wrist_y,pelvis_x,pelvis_y,right_hip_x,right_hip_y,right_knee_x,right_knee_y,right_ankle_x,right_ankle_y,left_hip_x,left_hip_y,left_knee_x,left_knee_y,left_ankle_x,left_ankle_y
0.5676104417670683,0.07083333333333333,0.5347188755020081,0.22083333333333333,0.3629518072289157,0.2175,0.21311244979919677,0.3458333333333333,0.2935140562248996,0.29083333333333333,0.5347188755020081,0.2225,0.6955220883534136,0.23083333333333333,0.6772489959839357,0.3591666666666667,0.4725903614457831,0.2875,0.6516666666666667,0.4475,0.5566465863453817,0.4508333333333333,0.43238955823293174,0.6908333333333333,0.4762449799196788,0.8841666666666667,0.753995983935743,0.4375,0.5566465863453817,0.4925,0.6626305220883535,0.6958333333333333
