head_top_x,head_top_y,upper_neck_x,upper_neck_y,right_shoulder_x,right_shoulder_y,right_elbow_x,right_elbow_y,right_wrist_x,right_wrist_y,thorax_x,thorax_y,left_shoulder_x,left_shoulder_y,left_elbow_x,left_elbow_y,left_wrist_x,left_wrist_y,pelvis_x,pelvis_y,right_hip_x,right_hip_y,right_knee_x,right_knee_y,right_ankle_x,right_ankle_y,left_hip_x,left_hip_y,left_knee_x,left_knee_y,left_ankle_x,left_ankle_y
0.4747311827956989,0.07583333333333334,0.49831541218637987,0.22916666666666666,0.3298566308243727,0.2891666666666667,0.22878136200716845,0.41583333333333333,0.3938709677419355,0.3925,0.5016845878136201,0.26916666666666667,0.6634050179211469,0.25083333333333335,0.7611111111111111,0.3308333333333333,0.7644802867383513,0.4058333333333333,0.5589605734767026,0.49416666666666664,0.4679928315412187,0.5008333333333334,0.5656989247311828,0.7075,0.6061290322580645,0.8841666666666667,0.643189964157706,0.48583333333333334,0.7611111111111111,0.6758333333333333,0.6600358422939069,0.7458333333333333
