head_top_x,head_top_y,upper_neck_x,upper_neck_y,right_shoulder_x,right_shoulder_y,right_elbow_x,right_elbow_y,right_wrist_x,right_wrist_y,thorax_x,thorax_y,left_shoulder_x,left_shoulder_y,left_elbow_x,left_elbow_y,left_wrist_x,left_wrist_y,pelvis_x,pelvis_y,right_hip_x,right_hip_y,right_knee_x,right_knee_y,right_ankle_x,right_ankle_y,left_hip_x,left_hip_y,left_knee_x,left_knee_y,left_ankle_x,left_ankle_y
0.3137664473684211,0.1425,0.3953125,0.27416666666666667,0.32919407894736846,0.31583333333333335,0.3071546052631579,0.4425,0.3864967105263158,0.3575,0.39090460526315784,0.2725,0.4658388157894737,0.2275,0.6377467105263157,0.23916666666666667,0.7479440789473685,0.32916666666666666,0.4702467105263158,0.48083333333333333,0.4151480263157895,0.4975,0.37327302631578946,0.6958333333333333,0.22781250000000003,0.8425,0.5275493421052632,0.4691666666666667,0.6619901315789475,0.6275,0.7810032894736841,0.8141666666666667
