head_top_x,head_top_y,upper_neck_x,upper_neck_y,right_shoulder_x,right_shoulder_y,right_elbow_x,right_elbow_y,right_wrist_x,right_wrist_y,thorax_x,thorax_y,left_shoulder_x,left_shoulder_y,left_elbow_x,left_elbow_y,left_wrist_x,left_wrist_y,pelvis_x,pelvis_y,right_hip_x,right_hip_y,right_knee_x,right_knee_y,right_ankle_x,right_ankle_y,left_hip_x,left_hip_y,left_knee_x,left_knee_y,left_ankle_x,left_ankle_y
0.4363978494623657,0.07916666666666666,0.46901433691756284,0.23083333333333333,0.6516666666666667,0.2608333333333333,0.7299462365591399,0.38416666666666666,0.7821326164874552,0.4425,0.47879928315412196,0.26416666666666666,0.3189784946236559,0.2675,0.27005376344086024,0.3875,0.25048387096774194,0.4891666666666667,0.488584229390681,0.49416666666666664,0.579910394265233,0.4925,0.579910394265233,0.6758333333333333,0.5864336917562725,0.8625,0.3972580645161291,0.49583333333333335,0.37116487455197134,0.6791666666666667,0.37116487455197134,0.8591666666666666
