head_top_x,head_top_y,upper_neck_x,upper_neck_y,right_shoulder_x,right_shoulder_y,right_elbow_x,right_elbow_y,right_wrist_x,right_wrist_y,thorax_x,thorax_y,left_shoulder_x,left_shoulder_y,left_elbow_x,left_elbow_y,left_wrist_x,left_wrist_y,pelvis_x,pelvis_y,right_hip_x,right_hip_y,right_knee_x,right_knee_y,right_ankle_x,right_ankle_y,left_hip_x,left_hip_y,left_knee_x,left_knee_y,left_ankle_x,left_ankle_y
0.22150602409638556,0.11083333333333334,0.3074096385542169,0.2525,0.3656024096385542,0.25583333333333336,0.5512650602409639,0.31083333333333335,0.7341566265060242,0.3441666666666667,0.32403614457831326,0.2708333333333333,0.28246987951807223,0.2841666666666667,0.5180120481927711,0.2975,0.46536144578313254,0.38083333333333336,0.39054216867469876,0.6075,0.40162650602409644,0.6058333333333333,0.767409638554217,0.7008333333333333,0.4847590361445783,0.8575,0.3794578313253012,0.6091666666666666,0.70644578313253,0.6875,0.5235542168674698,0.8541666666666666
