head_top_x,head_top_y,upper_neck_x,upper_neck_y,right_shoulder_x,right_shoulder_y,right_elbow_x,right_elbow_y,right_wrist_x,right_wrist_y,thorax_x,thorax_y,left_shoulder_x,left_shoulder_y,left_elbow_x,left_elbow_y,left_wrist_x,left_wrist_y,pelvis_x,pelvis_y,right_hip_x,right_hip_y,right_knee_x,right_knee_y,right_ankle_x,right_ankle_y,left_hip_x,left_hip_y,left_knee_x,left_knee_y,left_ankle_x,left_ankle_y
0.5602205882352941,0.06916666666666667,0.5231617647058823,0.2175,0.6528676470588235,0.22416666666666665,0.7887500000000001,0.3075,0.7300735294117646,0.3925,0.5200735294117648,0.2325,0.3811029411764706,0.23416666666666666,0.2266911764705882,0.3258333333333333,0.35639705882352934,0.4175,0.5416911764705882,0.44916666666666666,0.621985294117647,0.4475,0.6991911764705883,0.6625,0.6158088235294118,0.8691666666666666,0.45830882352941166,0.45416666666666666,0.5046323529411764,0.6525,0.5231617647058823,0.8708333333333333
