head_top_x,head_top_y,upper_neck_x,upper_neck_y,right_shoulder_x,right_shoulder_y,right_elbow_x,right_elbow_y,right_wrist_x,right_wrist_y,thorax_x,thorax_y,left_shoulder_x,left_shoulder_y,left_elbow_x,left_elbow_y,left_wrist_x,left_wrist_y,pelvis_x,pelvis_y,right_hip_x,right_hip_y,right_knee_x,right_knee_y,right_ankle_x,right_ankle_y,left_hip_x,left_hip_y,left_knee_x,left_knee_y,left_ankle_x,left_ankle_y
0.49376984126984125,0.0675,0.48546296296296293,0.22083333333333333,0.7097486772486771,0.26916666666666667,0.780357142857143,0.4058333333333333,0.6391402116402115,0.4008333333333333,0.4813095238095238,0.26416666666666666,0.25287037037037036,0.2575,0.2237962962962963,0.3975,0.3483994708994709,0.42916666666666664,0.48961640211640217,0.48083333333333333,0.6017592592592594,0.48583333333333334,0.6183730158730159,0.7241666666666666,0.6848280423280424,0.9591666666666666,0.37332010582010583,0.4775,0.24041005291005288,0.7058333333333333,0.2819444444444444,0.9341666666666667
