head_top_x,head_top_y,upper_neck_x,upper_neck_y,right_shoulder_x,right_shoulder_y,right_elbow_x,right_elbow_y,right_wrist_x,right_wrist_y,thorax_x,thorax_y,left_shoulder_x,left_shoulder_y,left_elbow_x,left_elbow_y,left_wrist_x,left_wrist_y,pelvis_x,pelvis_y,right_hip_x,right_hip_y,right_knee_x,right_knee_y,right_ankle_x,right_ankle_y,left_hip_x,left_hip_y,left_knee_x,left_knee_y,left_ankle_x,left_ankle_y
0.39285714285714285,0.07083333333333333,0.5214285714285714,0.2175,0.4396103896103897,0.24916666666666668,0.48636363636363633,0.3525,0.48246753246753243,0.46416666666666667,0.5448051948051948,0.2425,0.6500000000000001,0.23416666666666666,0.7318181818181817,0.3575,0.6616883116883118,0.49583333333333335,0.5253246753246754,0.4975,0.44740259740259736,0.49916666666666665,0.35389610389610393,0.6958333333333333,0.24870129870129876,0.8875,0.607142857142857,0.49583333333333335,0.6694805194805195,0.6875,0.7980519480519479,0.8708333333333333
