head_top_x,head_top_y,upper_neck_x,upper_neck_y,right_shoulder_x,right_shoulder_y,right_elbow_x,right_elbow_y,right_wrist_x,right_wrist_y,thorax_x,thorax_y,left_shoulder_x,left_shoulder_y,left_elbow_x,left_elbow_y,left_wrist_x,left_wrist_y,pelvis_x,pelvis_y,right_hip_x,right_hip_y,right_knee_x,right_knee_y,right_ankle_x,right_ankle_y,left_hip_x,left_hip_y,left_knee_x,left_knee_y,left_ankle_x,left_ankle_y
0.5840277777777777,0.1025,0.5259722222222222,0.2475,0.35180555555555565,0.28583333333333333,0.22041666666666665,0.4058333333333333,0.3151388888888889,0.5375,0.5076388888888889,0.2808333333333333,0.6604166666666668,0.27416666666666667,0.7123611111111111,0.38916666666666666,0.7673611111111112,0.49916666666666665,0.4556944444444445,0.5175,0.3548611111111112,0.5191666666666667,0.33958333333333335,0.7008333333333333,0.32736111111111116,0.8825,0.5473611111111112,0.5141666666666667,0.6543055555555555,0.6775,0.6818055555555554,0.8075
