head_top_x,head_top_y,upper_neck_x,upper_neck_y,right_shoulder_x,right_shoulder_y,right_elbow_x,right_elbow_y,right_wrist_x,right_wrist_y,thorax_x,thorax_y,left_shoulder_x,left_shoulder_y,left_elbow_x,left_elbow_y,left_wrist_x,left_wrist_y,pelvis_x,pelvis_y,right_hip_x,right_hip_y,right_knee_x,right_knee_y,right_ankle_x,right_ankle_y,left_hip_x,left_hip_y,left_knee_x,left_knee_y,left_ankle_x,left_ankle_y
0.5549999999999999,0.1375,0.5049999999999999,0.2758333333333333,0.4116666666666666,0.26416666666666666,0.345,0.21083333333333334,0.32166666666666666,0.13416666666666666,0.5183333333333333,0.2708333333333333,0.6283333333333334,0.2825,0.7716666666666667,0.2658333333333333,0.7216666666666667,0.18583333333333332,0.43833333333333335,0.5108333333333334,0.46499999999999997,0.5091666666666667,0.3516666666666667,0.7041666666666667,0.585,0.8491666666666666,0.41833333333333333,0.5125,0.21499999999999997,0.7125,0.4083333333333333,0.8775
