head_top_x,head_top_y,upper_neck_x,upper_neck_y,right_shoulder_x,right_shoulder_y,right_elbow_x,right_elbow_y,right_wrist_x,right_wrist_y,thorax_x,thorax_y,left_shoulder_x,left_shoulder_y,left_elbow_x,left_elbow_y,left_wrist_x,left_wrist_y,pelvis_x,pelvis_y,right_hip_x,right_hip_y,right_knee_x,right_knee_y,right_ankle_x,right_ankle_y,left_hip_x,left_hip_y,left_knee_x,left_knee_y,left_ankle_x,left_ankle_y
0.6946143250688706,0.18583333333333332,0.5909504132231406,0.3025,0.6378925619834711,0.4008333333333333,0.7043939393939395,0.5825,0.7826308539944904,0.6708333333333333,0.551831955922865,0.3458333333333333,0.47555096418732784,0.28583333333333333,0.405137741046832,0.41583333333333333,0.5264049586776859,0.6758333333333333,0.3249449035812672,0.5941666666666666,0.43056473829201103,0.6158333333333333,0.5322727272727272,0.7958333333333333,0.40318181818181814,0.7841666666666667,0.21345730027548213,0.5758333333333333,0.2564876033057851,0.6108333333333333,0.24475206611570244,0.7825
