head_top_x,head_top_y,upper_neck_x,upper_neck_y,right_shoulder_x,right_shoulder_y,right_elbow_x,right_elbow_y,right_wrist_x,right_wrist_y,thorax_x,thorax_y,left_shoulder_x,left_shoulder_y,left_elbow_x,left_elbow_y,left_wrist_x,left_wrist_y,pelvis_x,pelvis_y,right_hip_x,right_hip_y,right_knee_x,right_knee_y,right_ankle_x,right_ankle_y,left_hip_x,left_hip_y,left_knee_x,left_knee_y,left_ankle_x,left_ankle_y
0.43085443037974686,0.16583333333333333,0.46091772151898736,0.3125,0.37072784810126586,0.3358333333333333,0.29857594936708864,0.43083333333333335,0.2344409282700422,0.4041666666666667,0.46091772151898736,0.3175,0.5511075949367088,0.2975,0.6533227848101264,0.3541666666666667,0.7655590717299577,0.39416666666666667,0.46091772151898736,0.5258333333333334,0.4128164556962025,0.5291666666666667,0.39077004219409284,0.6291666666666667,0.3687236286919831,0.7041666666666667,0.5070147679324895,0.5225,0.46492616033755274,0.6425,0.43085443037974686,0.8041666666666667
