head_top_x,head_top_y,upper_neck_x,upper_neck_y,right_shoulder_x,right_shoulder_y,right_elbow_x,right_elbow_y,right_wrist_x,right_wrist_y,thorax_x,thorax_y,left_shoulder_x,left_shoulder_y,left_elbow_x,left_elbow_y,left_wrist_x,left_wrist_y,pelvis_x,pelvis_y,right_hip_x,right_hip_y,right_knee_x,right_knee_y,right_ankle_x,right_ankle_y,left_hip_x,left_hip_y,left_knee_x,left_knee_y,left_ankle_x,left_ankle_y
0.43070105820105825,0.05583333333333333,0.4977645502645502,0.21083333333333334,0.381521164021164,0.24416666666666667,0.4932936507936508,0.3575,0.5022354497354498,0.4658333333333333,0.5156481481481482,0.24583333333333332,0.6542460317460317,0.2475,0.770489417989418,0.38083333333333336,0.7749603174603176,0.5158333333333334,0.4709391534391535,0.48583333333333334,0.3770502645502645,0.4825,0.305515873015873,0.6941666666666667,0.6050661375661376,0.8225,0.5692989417989419,0.4875,0.38599206349206355,0.7091666666666666,0.3591666666666667,0.9141666666666667
