head_top_x,head_top_y,upper_neck_x,upper_neck_y,right_shoulder_x,right_shoulder_y,right_elbow_x,right_elbow_y,right_wrist_x,right_wrist_y,thorax_x,thorax_y,left_shoulder_x,left_shoulder_y,left_elbow_x,left_elbow_y,left_wrist_x,left_wrist_y,pelvis_x,pelvis_y,right_hip_x,right_hip_y,right_knee_x,right_knee_y,right_ankle_x,right_ankle_y,left_hip_x,left_hip_y,left_knee_x,left_knee_y,left_ankle_x,left_ankle_y
0.579435261707989,0.18916666666666668,0.525137741046832,0.32916666666666666,0.43061983471074383,0.3775,0.47285123966942144,0.5625,0.6116115702479339,0.6775,0.5090495867768594,0.38083333333333336,0.5955234159779615,0.38916666666666666,0.647809917355372,0.5491666666666667,0.7383057851239669,0.6508333333333334,0.21544077134986225,0.5091666666666667,0.15511019283746558,0.5108333333333334,0.37230027548209366,0.5641666666666667,0.2657162534435262,0.8008333333333333,0.28180440771349863,0.5008333333333334,0.5472589531680441,0.5725,0.48893939393939395,0.7658333333333334
