head_top_x,head_top_y,upper_neck_x,upper_neck_y,right_shoulder_x,right_shoulder_y,right_elbow_x,right_elbow_y,right_wrist_x,right_wrist_y,thorax_x,thorax_y,left_shoulder_x,left_shoulder_y,left_elbow_x,left_elbow_y,left_wrist_x,left_wrist_y,pelvis_x,pelvis_y,right_hip_x,right_hip_y,right_knee_x,right_knee_y,right_ankle_x,right_ankle_y,left_hip_x,left_hip_y,left_knee_x,left_knee_y,left_ankle_x,left_ankle_y
0.7268398268398268,0.0925,0.6783549783549784,0.24083333333333334,0.7753246753246752,0.29083333333333333,0.6991341991341992,0.4058333333333333,0.6160173160173159,0.5275,0.6610389610389611,0.28583333333333333,0.5502164502164503,0.2808333333333333,0.3874458874458875,0.43416666666666665,0.47056277056277057,0.5025,0.5259740259740259,0.5425,0.6125541125541126,0.5391666666666667,0.7406926406926407,0.7458333333333333,0.7406926406926407,0.9675,0.4393939393939394,0.5425,0.3666666666666667,0.7458333333333333,0.21774891774891778,0.9308333333333333
