head_top_x,head_top_y,upper_neck_x,upper_neck_y,right_shoulder_x,right_shoulder_y,right_elbow_x,right_elbow_y,right_wrist_x,right_wrist_y,thorax_x,thorax_y,left_shoulder_x,left_shoulder_y,left_elbow_x,left_elbow_y,left_wrist_x,left_wrist_y,pelvis_x,pelvis_y,right_hip_x,right_hip_y,right_knee_x,right_knee_y,right_ankle_x,right_ankle_y,left_hip_x,left_hip_y,left_knee_x,left_knee_y,left_ankle_x,left_ankle_y
0.786060606060606,0.09916666666666667,0.6212121212121212,0.21916666666666668,0.727878787878788,0.2675,0.7084848484848486,0.4175,0.8183838383838384,0.5025,0.592121212121212,0.24416666666666667,0.4628282828282828,0.2225,0.30121212121212126,0.30583333333333335,0.4046464646464646,0.3825,0.3787878787878788,0.4191666666666667,0.4498989898989899,0.41583333333333333,0.6858585858585858,0.6158333333333333,0.6567676767676768,0.8508333333333333,0.31414141414141417,0.42083333333333334,0.508080808080808,0.6191666666666666,0.2333333333333333,0.7725
