head_top_x,head_top_y,upper_neck_x,upper_neck_y,right_shoulder_x,right_shoulder_y,right_elbow_x,right_elbow_y,right_wrist_x,right_wrist_y,thorax_x,thorax_y,left_shoulder_x,left_shoulder_y,left_elbow_x,left_elbow_y,left_wrist_x,left_wrist_y,pelvis_x,pelvis_y,right_hip_x,right_hip_y,right_knee_x,right_knee_y,right_ankle_x,right_ankle_y,left_hip_x,left_hip_y,left_knee_x,left_knee_y,left_ankle_x,left_ankle_y
0.48286231884057973,0.0875,0.4703985507246376,0.2375,0.33018115942028986,0.2758333333333333,0.18373188405797097,0.3525,0.2055434782608696,0.42583333333333334,0.4672826086956521,0.2575,0.6043840579710144,0.23416666666666666,0.6978623188405797,0.3308333333333333,0.7570652173913043,0.2975,0.5077898550724638,0.5125,0.43300724637681154,0.5191666666666667,0.657355072463768,0.6525,0.5327173913043477,0.8258333333333333,0.582572463768116,0.5025,0.43300724637681154,0.7075,0.2585144927536232,0.8508333333333333
