head_top_x,head_top_y,upper_neck_x,upper_neck_y,right_shoulder_x,right_shoulder_y,right_elbow_x,right_elbow_y,right_wrist_x,right_wrist_y,thorax_x,thorax_y,left_shoulder_x,left_shoulder_y,left_elbow_x,left_elbow_y,left_wrist_x,left_wrist_y,pelvis_x,pelvis_y,right_hip_x,right_hip_y,right_knee_x,right_knee_y,right_ankle_x,right_ankle_y,left_hip_x,left_hip_y,left_knee_x,left_knee_y,left_ankle_x,left_ankle_y
0.4986507936507936,0.1225,0.43119047619047624,0.2658333333333333,0.4959523809523809,0.26916666666666667,0.5823015873015872,0.3441666666666667,0.773888888888889,0.3441666666666667,0.4176984126984127,0.2941666666666667,0.3340476190476191,0.31416666666666665,0.34484126984126984,0.45416666666666666,0.4446825396825397,0.5191666666666667,0.512142857142857,0.5058333333333334,0.512142857142857,0.5075,0.5283333333333333,0.7058333333333333,0.24500000000000005,0.8508333333333333,0.504047619047619,0.5041666666666667,0.6524603174603174,0.6558333333333334,0.638968253968254,0.8475
