head_top_x,head_top_y,upper_neck_x,upper_neck_y,right_shoulder_x,right_shoulder_y,right_elbow_x,right_elbow_y,right_wrist_x,right_wrist_y,thorax_x,thorax_y,left_shoulder_x,left_shoulder_y,left_elbow_x,left_elbow_y,left_wrist_x,left_wrist_y,pelvis_x,pelvis_y,right_hip_x,right_hip_y,right_knee_x,right_knee_y,right_ankle_x,right_ankle_y,left_hip_x,left_hip_y,left_knee_x,left_knee_y,left_ankle_x,left_ankle_y
0.3729054054054054,0.10916666666666666,0.4858783783783784,0.23583333333333334,0.4858783783783784,0.2758333333333333,0.3883108108108108,0.35083333333333333,0.24709459459459457,0.4008333333333333,0.5192567567567566,0.2675,0.5526351351351352,0.2608333333333333,0.6681756756756756,0.36916666666666664,0.6912837837837837,0.49083333333333334,0.6116891891891892,0.49416666666666664,0.5962837837837838,0.4925,0.5064189189189189,0.6875,0.773445945945946,0.7858333333333334,0.6322297297297297,0.4925,0.5423648648648648,0.6825,0.7606081081081081,0.8491666666666666
