head_top_x,head_top_y,upper_neck_x,upper_neck_y,right_shoulder_x,right_shoulder_y,right_elbow_x,right_elbow_y,right_wrist_x,right_wrist_y,thorax_x,thorax_y,left_shoulder_x,left_shoulder_y,left_elbow_x,left_elbow_y,left_wrist_x,left_wrist_y,pelvis_x,pelvis_y,right_hip_x,right_hip_y,right_knee_x,right_knee_y,right_ankle_x,right_ankle_y,left_hip_x,left_hip_y,left_knee_x,left_knee_y,left_ankle_x,left_ankle_y
0.5864488636363636,0.0725,0.5186458333333334,0.21916666666666668,0.3593087121212122,0.2658333333333333,0.22709280303030308,0.3908333333333333,0.3287973484848485,0.49916666666666665,0.49830492424242423,0.2608333333333333,0.6305208333333334,0.2525,0.6271306818181818,0.3541666666666667,0.7559564393939394,0.43583333333333335,0.5016950757575758,0.4825,0.44406249999999997,0.4875,0.542376893939394,0.6625,0.5254261363636362,0.8825,0.5559375,0.4775,0.5559375,0.6641666666666667,0.4542329545454545,0.8091666666666667
