head_top_x,head_top_y,upper_neck_x,upper_neck_y,right_shoulder_x,right_shoulder_y,right_elbow_x,right_elbow_y,right_wrist_x,right_wrist_y,thorax_x,thorax_y,left_shoulder_x,left_shoulder_y,left_elbow_x,left_elbow_y,left_wrist_x,left_wrist_y,pelvis_x,pelvis_y,right_hip_x,right_hip_y,right_knee_x,right_knee_y,right_ankle_x,right_ankle_y,left_hip_x,left_hip_y,left_knee_x,left_knee_y,left_ankle_x,left_ankle_y
0.8082396449704141,0.16916666666666666,0.7111094674556213,0.29083333333333333,0.7527366863905326,0.31083333333333335,0.7467899408284023,0.3925,0.7329142011834319,0.47583333333333333,0.7071449704142012,0.29583333333333334,0.6635355029585798,0.2825,0.598121301775148,0.35083333333333333,0.6456952662721894,0.4091666666666667,0.5763165680473373,0.4425,0.5822633136094675,0.44416666666666665,0.4137721893491124,0.5625,0.2254585798816568,0.5458333333333333,0.566405325443787,0.4375,0.6159615384615384,0.6091666666666666,0.6456952662721894,0.8008333333333333
