head_top_x,head_top_y,upper_neck_x,upper_neck_y,right_shoulder_x,right_shoulder_y,right_elbow_x,right_elbow_y,right_wrist_x,right_wrist_y,thorax_x,thorax_y,left_shoulder_x,left_shoulder_y,left_elbow_x,left_elbow_y,left_wrist_x,left_wrist_y,pelvis_x,pelvis_y,right_hip_x,right_hip_y,right_knee_x,right_knee_y,right_ankle_x,right_ankle_y,left_hip_x,left_hip_y,left_knee_x,left_knee_y,left_ankle_x,left_ankle_y
0.37084890965732087,0.1475,0.3833878504672897,0.30083333333333334,0.27053738317757003,0.3275,0.13762461059190026,0.43083333333333335,0.17524143302180684,0.5541666666666667,0.38589563862928355,0.3325,0.501253894080997,0.33416666666666667,0.5564252336448597,0.4425,0.6141043613707164,0.5191666666666667,0.4335436137071651,0.5458333333333333,0.36834112149532705,0.5591666666666667,0.478683800623053,0.7308333333333333,0.37586448598130834,0.7991666666666667,0.4962383177570093,0.5308333333333334,0.6467056074766355,0.6908333333333333,0.782126168224299,0.8625
