head_top_x,head_top_y,upper_neck_x,upper_neck_y,right_shoulder_x,right_shoulder_y,right_elbow_x,right_elbow_y,right_wrist_x,right_wrist_y,thorax_x,thorax_y,left_shoulder_x,left_shoulder_y,left_elbow_x,left_elbow_y,left_wrist_x,left_wrist_y,pelvis_x,pelvis_y,right_hip_x,right_hip_y,right_knee_x,right_knee_y,right_ankle_x,right_ankle_y,left_hip_x,left_hip_y,left_knee_x,left_knee_y,left_ankle_x,left_ankle_y
0.5087719298245613,0.05583333333333333,0.5228070175438597,0.21583333333333332,0.4771929824561404,0.26416666666666666,0.40701754385964906,0.3125,0.24210526315789474,0.2608333333333333,0.5333333333333334,0.25916666666666666,0.5894736842105263,0.25083333333333335,0.712280701754386,0.2841666666666667,0.5508771929824562,0.17083333333333334,0.5894736842105263,0.5191666666666667,0.5649122807017545,0.5208333333333334,0.5263157894736841,0.7341666666666666,0.7333333333333334,0.8858333333333334,0.607017543859649,0.5175,0.4771929824561404,0.7458333333333333,0.7824561403508772,0.9008333333333334
