head_top_x,head_top_y,upper_neck_x,upper_neck_y,right_shoulder_x,right_shoulder_y,right_elbow_x,right_elbow_y,right_wrist_x,right_wrist_y,thorax_x,thorax_y,left_shoulder_x,left_shoulder_y,left_elbow_x,left_elbow_y,left_wrist_x,left_wrist_y,pelvis_x,pelvis_y,right_hip_x,right_hip_y,right_knee_x,right_knee_y,right_ankle_x,right_ankle_y,left_hip_x,left_hip_y,left_knee_x,left_knee_y,left_ankle_x,left_ankle_y
0.6569303797468354,0.0725,0.5703481012658227,0.2175,0.3611075949367089,0.24916666666666668,0.2384493670886076,0.37416666666666665,0.40439873417721517,0.4375,0.5559177215189874,0.24416666666666667,0.7543354430379747,0.23583333333333334,0.7759810126582277,0.3375,0.7615506329113925,0.4091666666666667,0.4945886075949367,0.49583333333333335,0.38275316455696207,0.49416666666666664,0.28174050632911396,0.6858333333333333,0.20958860759493675,0.8758333333333334,0.6064240506329115,0.49083333333333334,0.6641455696202531,0.6908333333333333,0.5956012658227848,0.8875
