head_top_x,head_top_y,upper_neck_x,upper_neck_y,right_shoulder_x,right_shoulder_y,right_elbow_x,right_elbow_y,right_wrist_x,right_wrist_y,thorax_x,thorax_y,left_shoulder_x,left_shoulder_y,left_elbow_x,left_elbow_y,left_wrist_x,left_wrist_y,pelvis_x,pelvis_y,right_hip_x,right_hip_y,right_knee_x,right_knee_y,right_ankle_x,right_ankle_y,left_hip_x,left_hip_y,left_knee_x,left_knee_y,left_ankle_x,left_ankle_y
0.7300474683544304,0.049166666666666664,0.704604430379747,0.19916666666666666,0.7618512658227848,0.25083333333333335,0.3971677215189874,0.2991666666666667,0.28055379746835446,0.24083333333333334,0.7130854430379747,0.23916666666666667,0.6770411392405064,0.23916666666666667,0.40140822784810126,0.2991666666666667,0.2423892405063291,0.22083333333333333,0.5773892405063291,0.4241666666666667,0.6134335443037974,0.4191666666666667,0.5646677215189873,0.7991666666666667,0.24026898734177216,0.20916666666666667,0.5392246835443039,0.4325,0.7533702531645571,0.5691666666666667,0.20634493670886075,0.1975
