head_top_x,head_top_y,upper_neck_x,upper_neck_y,right_shoulder_x,right_shoulder_y,right_elbow_x,right_elbow_y,right_wrist_x,right_wrist_y,thorax_x,thorax_y,left_shoulder_x,left_shoulder_y,left_elbow_x,left_elbow_y,left_wrist_x,left_wrist_y,pelvis_x,pelvis_y,right_hip_x,right_hip_y,right_knee_x,right_knee_y,right_ankle_x,right_ankle_y,left_hip_x,left_hip_y,left_knee_x,left_knee_y,left_ankle_x,left_ankle_y
0.3451415094339622,0.12583333333333332,0.43152515723270435,0.26916666666666667,0.5179088050314465,0.2575,0.528443396226415,0.3541666666666667,0.492625786163522,0.4325,0.4252044025157232,0.25916666666666666,0.33671383647798747,0.2675,0.2250471698113207,0.3625,0.2735062893081761,0.4741666666666667,0.49473270440251577,0.4575,0.5600471698113207,0.4558333333333333,0.6485377358490566,0.6575,0.7791666666666667,0.7758333333333334,0.427311320754717,0.45916666666666667,0.36410377358490564,0.6308333333333334,0.3957075471698113,0.8041666666666667
