head_top_x,head_top_y,upper_neck_x,upper_neck_y,right_shoulder_x,right_shoulder_y,right_elbow_x,right_elbow_y,right_wrist_x,right_wrist_y,thorax_x,thorax_y,left_shoulder_x,left_shoulder_y,left_elbow_x,left_elbow_y,left_wrist_x,left_wrist_y,pelvis_x,pelvis_y,right_hip_x,right_hip_y,right_knee_x,right_knee_y,right_ankle_x,right_ankle_y,left_hip_x,left_hip_y,left_knee_x,left_knee_y,left_ankle_x,left_ankle_y
0.2950091575091575,0.09416666666666666,0.42715201465201463,0.2325,0.3322802197802197,0.2625,0.325503663003663,0.37916666666666665,0.2306318681318681,0.45416666666666666,0.447481684981685,0.25083333333333335,0.5694597069597069,0.23583333333333334,0.7185439560439562,0.3625,0.7524267399267399,0.4725,0.5050824175824175,0.47583333333333333,0.4440934065934065,0.4741666666666667,0.3390567765567766,0.6791666666666667,0.49830586080586076,0.8675,0.5559065934065933,0.4791666666666667,0.41021062271062264,0.6825,0.7592032967032966,0.7875
