head_top_x,head_top_y,upper_neck_x,upper_neck_y,right_shoulder_x,right_shoulder_y,right_elbow_x,right_elbow_y,right_wrist_x,right_wrist_y,thorax_x,thorax_y,left_shoulder_x,left_shoulder_y,left_elbow_x,left_elbow_y,left_wrist_x,left_wrist_y,pelvis_x,pelvis_y,right_hip_x,right_hip_y,right_knee_x,right_knee_y,right_ankle_x,right_ankle_y,left_hip_x,left_hip_y,left_knee_x,left_knee_y,left_ankle_x,left_ankle_y
0.5475620567375886,0.07083333333333333,0.491799645390071,0.2225,0.3179521276595744,0.2575,0.23594858156028373,0.38416666666666666,0.26875000000000004,0.5108333333333334,0.4786790780141845,0.24916666666666668,0.6361258865248228,0.23916666666666667,0.7509308510638297,0.3625,0.7607712765957446,0.2925,0.491799645390071,0.4741666666666667,0.39995567375886526,0.4741666666666667,0.37043439716312054,0.6675,0.34747340425531914,0.8675,0.5770833333333334,0.47583333333333333,0.5770833333333334,0.6675,0.6295656028368793,0.8675
