head_top_x,head_top_y,upper_neck_x,upper_neck_y,right_shoulder_x,right_shoulder_y,right_elbow_x,right_elbow_y,right_wrist_x,right_wrist_y,thorax_x,thorax_y,left_shoulder_x,left_shoulder_y,left_elbow_x,left_elbow_y,left_wrist_x,left_wrist_y,pelvis_x,pelvis_y,right_hip_x,right_hip_y,right_knee_x,right_knee_y,right_ankle_x,right_ankle_y,left_hip_x,left_hip_y,left_knee_x,left_knee_y,left_ankle_x,left_ankle_y
0.3085690235690235,0.07416666666666667,0.4259427609427609,0.20583333333333334,0.3337205387205387,0.23916666666666667,0.3085690235690235,0.3458333333333333,0.2470875420875421,0.44416666666666665,0.44271043771043767,0.22583333333333333,0.5544949494949495,0.20916666666666667,0.6215656565656565,0.35083333333333333,0.40638047138047134,0.3908333333333333,0.5964141414141414,0.47583333333333333,0.5041919191919191,0.4791666666666667,0.33930976430976434,0.6691666666666667,0.47624579124579125,0.7708333333333334,0.6858417508417508,0.4725,0.764090909090909,0.7125,0.8395454545454547,0.8758333333333334
