head_top_x,head_top_y,upper_neck_x,upper_neck_y,right_shoulder_x,right_shoulder_y,right_elbow_x,right_elbow_y,right_wrist_x,right_wrist_y,thorax_x,thorax_y,left_shoulder_x,left_shoulder_y,left_elbow_x,left_elbow_y,left_wrist_x,left_wrist_y,pelvis_x,pelvis_y,right_hip_x,right_hip_y,right_knee_x,right_knee_y,right_ankle_x,right_ankle_y,left_hip_x,left_hip_y,left_knee_x,left_knee_y,left_ankle_x,left_ankle_y
0.6154813664596274,0.13416666666666666,0.5593012422360248,0.2775,0.6529347826086958,0.24083333333333334,0.7257608695652173,0.1825,0.7632142857142857,0.1775,0.5676242236024845,0.25916666666666666,0.48647515527950314,0.29083333333333333,0.34498447204968946,0.37083333333333335,0.2388664596273292,0.3725,0.6487732919254658,0.46416666666666667,0.6799844720496895,0.4575,0.6924689440993789,0.6475,0.7798602484472049,0.7958333333333333,0.6196428571428572,0.4708333333333333,0.6134006211180124,0.6641666666666667,0.7694565217391304,0.7925
