head_top_x,head_top_y,upper_neck_x,upper_neck_y,right_shoulder_x,right_shoulder_y,right_elbow_x,right_elbow_y,right_wrist_x,right_wrist_y,thorax_x,thorax_y,left_shoulder_x,left_shoulder_y,left_elbow_x,left_elbow_y,left_wrist_x,left_wrist_y,pelvis_x,pelvis_y,right_hip_x,right_hip_y,right_knee_x,right_knee_y,right_ankle_x,right_ankle_y,left_hip_x,left_hip_y,left_knee_x,left_knee_y,left_ankle_x,left_ankle_y
0.5091441441441442,0.12916666666666668,0.43076576576576575,0.26916666666666667,0.3419369369369369,0.30083333333333334,0.21914414414414415,0.3958333333333333,0.3915765765765766,0.44916666666666666,0.41247747747747737,0.30583333333333335,0.48563063063063067,0.3125,0.48563063063063067,0.41083333333333333,0.6214864864864865,0.4075,0.48301801801801797,0.5108333333333334,0.44382882882882874,0.5191666666666667,0.6371621621621621,0.6658333333333334,0.7677927927927927,0.8575,0.5222072072072071,0.5025,0.611036036036036,0.6758333333333333,0.41509009009009007,0.8008333333333333
