head_top_x,head_top_y,upper_neck_x,upper_neck_y,right_shoulder_x,right_shoulder_y,right_elbow_x,right_elbow_y,right_wrist_x,right_wrist_y,thorax_x,thorax_y,left_shoulder_x,left_shoulder_y,left_elbow_x,left_elbow_y,left_wrist_x,left_wrist_y,pelvis_x,pelvis_y,right_hip_x,right_hip_y,right_knee_x,right_knee_y,right_ankle_x,right_ankle_y,left_hip_x,left_hip_y,left_knee_x,left_knee_y,left_ankle_x,left_ankle_y
0.5284493670886076,0.15583333333333332,0.5343354430379746,0.30583333333333335,0.4558544303797469,0.32083333333333336,0.3950316455696202,0.3408333333333333,0.30477848101265825,0.2608333333333333,0.5362974683544305,0.3175,0.6226265822784809,0.3125,0.6795253164556961,0.4075,0.7168037974683544,0.39416666666666667,0.5304113924050633,0.5475,0.4735126582278481,0.5508333333333333,0.3812974683544304,0.7158333333333333,0.21844936708860757,0.8241666666666667,0.5853481012658228,0.5408333333333334,0.7089556962025315,0.6641666666666667,0.7619303797468354,0.8675
