head_top_x,head_top_y,upper_neck_x,upper_neck_y,right_shoulder_x,right_shoulder_y,right_elbow_x,right_elbow_y,right_wrist_x,right_wrist_y,thorax_x,thorax_y,left_shoulder_x,left_shoulder_y,left_elbow_x,left_elbow_y,left_wrist_x,left_wrist_y,pelvis_x,pelvis_y,right_hip_x,right_hip_y,right_knee_x,right_knee_y,right_ankle_x,right_ankle_y,left_hip_x,left_hip_y,left_knee_x,left_knee_y,left_ankle_x,left_ankle_y
0.6364329268292683,0.0675,0.5927743902439024,0.21916666666666668,0.5018191056910569,0.27416666666666667,0.520010162601626,0.4191666666666667,0.6327947154471544,0.5258333333333334,0.5782215447154473,0.26416666666666666,0.6582621951219513,0.25416666666666665,0.7019207317073172,0.39416666666666667,0.7710467479674796,0.5108333333333334,0.5745833333333333,0.5008333333333334,0.49454268292682924,0.49416666666666664,0.4909044715447155,0.6991666666666667,0.23986788617886182,0.8641666666666666,0.6619004065040651,0.5058333333333334,0.6619004065040651,0.6925,0.6764532520325203,0.8708333333333333
