head_top_x,head_top_y,upper_neck_x,upper_neck_y,right_shoulder_x,right_shoulder_y,right_elbow_x,right_elbow_y,right_wrist_x,right_wrist_y,thorax_x,thorax_y,left_shoulder_x,left_shoulder_y,left_elbow_x,left_elbow_y,left_wrist_x,left_wrist_y,pelvis_x,pelvis_y,right_hip_x,right_hip_y,right_knee_x,right_knee_y,right_ankle_x,right_ankle_y,left_hip_x,left_hip_y,left_knee_x,left_knee_y,left_ankle_x,left_ankle_y
0.5707222222222222,0.30916666666666665,0.47642592592592603,0.15916666666666668,0.4962777777777779,0.18916666666666668,0.40694444444444444,0.2975,0.3945370370370371,0.4241666666666667,0.48635185185185187,0.1925,0.5210925925925926,0.19083333333333333,0.5086851851851852,0.3075,0.5136481481481482,0.4075,0.4342407407407407,0.5525,0.4565740740740741,0.5491666666666667,0.5459074074074075,0.7225,0.4640185185185185,0.7875,0.40694444444444444,0.5558333333333333,0.24564814814814817,0.3858333333333333,0.057055555555555575,0.23416666666666666
