head_top_x,head_top_y,upper_neck_x,upper_neck_y,right_shoulder_x,right_shoulder_y,right_elbow_x,right_elbow_y,right_wrist_x,right_wrist_y,thorax_x,thorax_y,left_shoulder_x,left_shoulder_y,left_elbow_x,left_elbow_y,left_wrist_x,left_wrist_y,pelvis_x,pelvis_y,right_hip_x,right_hip_y,right_knee_x,right_knee_y,right_ankle_x,right_ankle_y,left_hip_x,left_hip_y,left_knee_x,left_knee_y,left_ankle_x,left_ankle_y
0.3362687687687687,0.08416666666666667,0.40292042042042037,0.22916666666666666,0.5536111111111112,0.24416666666666667,0.6927102102102102,0.3458333333333333,0.7245870870870871,0.37083333333333335,0.4087162162162162,0.24916666666666668,0.2667192192192192,0.2525,0.22035285285285283,0.38416666666666666,0.3014939939939939,0.4225,0.5304279279279278,0.43416666666666665,0.6086711711711712,0.42916666666666664,0.6463438438438437,0.6475,0.7593618618618618,0.8291666666666667,0.44638888888888884,0.4425,0.28990240240240234,0.6441666666666667,0.24643393393393392,0.8625
