head_top_x,head_top_y,upper_neck_x,upper_neck_y,right_shoulder_x,right_shoulder_y,right_elbow_x,right_elbow_y,right_wrist_x,right_wrist_y,thorax_x,thorax_y,left_shoulder_x,left_shoulder_y,left_elbow_x,left_elbow_y,left_wrist_x,left_wrist_y,pelvis_x,pelvis_y,right_hip_x,right_hip_y,right_knee_x,right_knee_y,right_ankle_x,right_ankle_y,left_hip_x,left_hip_y,left_knee_x,left_knee_y,left_ankle_x,left_ankle_y
0.4462222222222222,0.0725,0.4690370370370371,0.22416666666666665,0.3321481481481482,0.25583333333333336,0.29303703703703704,0.3591666666666667,0.22459259259259262,0.38416666666666666,0.4722962962962963,0.2575,0.6124444444444445,0.2575,0.7819259259259259,0.3441666666666667,0.6385185185185185,0.4125,0.4755555555555555,0.4925,0.38429629629629636,0.4875,0.3614814814814814,0.6908333333333333,0.40059259259259256,0.8775,0.5635555555555555,0.49583333333333335,0.5146666666666666,0.7275,0.5211851851851852,0.6341666666666667
