head_top_x,head_top_y,upper_neck_x,upper_neck_y,right_shoulder_x,right_shoulder_y,right_elbow_x,right_elbow_y,right_wrist_x,right_wrist_y,thorax_x,thorax_y,left_shoulder_x,left_shoulder_y,left_elbow_x,left_elbow_y,left_wrist_x,left_wrist_y,pelvis_x,pelvis_y,right_hip_x,right_hip_y,right_knee_x,right_knee_y,right_ankle_x,right_ankle_y,left_hip_x,left_hip_y,left_knee_x,left_knee_y,left_ankle_x,left_ankle_y
0.49669407894736844,0.08083333333333333,0.4636348684210526,0.2225,0.5562006578947368,0.2225,0.6884374999999999,0.2725,0.7699835526315789,0.2325,0.4658388157894737,0.23416666666666666,0.37327302631578946,0.2375,0.23222039473684208,0.23083333333333333,0.23001644736842106,0.2225,0.43057565789473684,0.42583333333333334,0.4746546052631579,0.43083333333333335,0.39090460526315784,0.6558333333333334,0.3247861842105263,0.8308333333333333,0.38870065789473685,0.4175,0.28070723684210525,0.6275,0.22560855263157892,0.8191666666666667
