head_top_x,head_top_y,upper_neck_x,upper_neck_y,right_shoulder_x,right_shoulder_y,right_elbow_x,right_elbow_y,right_wrist_x,right_wrist_y,thorax_x,thorax_y,left_shoulder_x,left_shoulder_y,left_elbow_x,left_elbow_y,left_wrist_x,left_wrist_y,pelvis_x,pelvis_y,right_hip_x,right_hip_y,right_knee_x,right_knee_y,right_ankle_x,right_ankle_y,left_hip_x,left_hip_y,left_knee_x,left_knee_y,left_ankle_x,left_ankle_y
0.47082258064516136,0.14583333333333334,0.5075645161290323,0.2925,0.4275967741935484,0.3125,0.3260161290322581,0.35583333333333333,0.22659677419354843,0.3725,0.5075645161290323,0.2925,0.5918548387096774,0.27416666666666667,0.5378225806451613,0.2608333333333333,0.44272580645161286,0.2575,0.5875322580645161,0.48583333333333334,0.539983870967742,0.49083333333333334,0.5378225806451613,0.6558333333333334,0.5486290322580645,0.8125,0.637241935483871,0.4775,0.697758064516129,0.6375,0.7669193548387097,0.7575
