head_top_x,head_top_y,upper_neck_x,upper_neck_y,right_shoulder_x,right_shoulder_y,right_elbow_x,right_elbow_y,right_wrist_x,right_wrist_y,thorax_x,thorax_y,left_shoulder_x,left_shoulder_y,left_elbow_x,left_elbow_y,left_wrist_x,left_wrist_y,pelvis_x,pelvis_y,right_hip_x,right_hip_y,right_knee_x,right_knee_y,right_ankle_x,right_ankle_y,left_hip_x,left_hip_y,left_knee_x,left_knee_y,left_ankle_x,left_ankle_y
0.5775,0.03461832061068704,0.5375,0.2316412213740458,0.6208333333333333,0.27013994910941475,0.6725,0.3743129770992366,0.7791666666666667,0.45131043256997455,0.5325,0.2588167938931298,0.44583333333333336,0.24069974554707377,0.3225,0.3018447837150128,0.18416666666666667,0.34487277353689566,0.5591666666666667,0.5826590330788803,0.6125,0.5486895674300255,0.7508333333333334,0.6890966921119592,0.7225,0.6596564885496183,0.5108333333333334,0.6030407124681934,0.5825,0.7072137404580153,0.6808333333333333,0.834033078880407
