head_top_x,head_top_y,upper_neck_x,upper_neck_y,right_shoulder_x,right_shoulder_y,right_elbow_x,right_elbow_y,right_wrist_x,right_wrist_y,thorax_x,thorax_y,left_shoulder_x,left_shoulder_y,left_elbow_x,left_elbow_y,left_wrist_x,left_wrist_y,pelvis_x,pelvis_y,right_hip_x,right_hip_y,right_knee_x,right_knee_y,right_ankle_x,right_ankle_y,left_hip_x,left_hip_y,left_knee_x,left_knee_y,left_ankle_x,left_ankle_y
0.5406048387096775,0.0375,0.4380241935483871,0.1875,0.4123790322580645,0.24583333333333332,0.46794354838709673,0.4041666666666667,0.6389112903225808,0.5325,0.40383064516129036,0.23916666666666667,0.38673387096774187,0.23416666666666666,0.4380241935483871,0.37416666666666665,0.5192338709677418,0.49416666666666664,0.40810483870967745,0.48583333333333334,0.4123790322580645,0.4875,0.4978629032258064,0.7108333333333333,0.6218145161290323,0.9125,0.38673387096774187,0.48583333333333334,0.5534274193548389,0.6941666666666667,0.4252016129032258,0.9191666666666667
