head_top_x,head_top_y,upper_neck_x,upper_neck_y,right_shoulder_x,right_shoulder_y,right_elbow_x,right_elbow_y,right_wrist_x,right_wrist_y,thorax_x,thorax_y,left_shoulder_x,left_shoulder_y,left_elbow_x,left_elbow_y,left_wrist_x,left_wrist_y,pelvis_x,pelvis_y,right_hip_x,right_hip_y,right_knee_x,right_knee_y,right_ankle_x,right_ankle_y,left_hip_x,left_hip_y,left_knee_x,left_knee_y,left_ankle_x,left_ankle_y
0.56625,0.12416666666666666,0.60625,0.27416666666666667,0.48374999999999996,0.30916666666666665,0.34625,0.4275,0.34374999999999994,0.2791666666666667,0.61625,0.3125,0.74875,0.31416666666666665,0.77625,0.49083333333333334,0.5837499999999999,0.5425,0.5687499999999999,0.5475,0.46874999999999994,0.5275,0.23874999999999996,0.6491666666666667,0.33624999999999994,0.8375,0.6687500000000001,0.5675,0.47875,0.6775,0.5412499999999999,0.8908333333333334
