head_top_x,head_top_y,upper_neck_x,upper_neck_y,right_shoulder_x,right_shoulder_y,right_elbow_x,right_elbow_y,right_wrist_x,right_wrist_y,thorax_x,thorax_y,left_shoulder_x,left_shoulder_y,left_elbow_x,left_elbow_y,left_wrist_x,left_wrist_y,pelvis_x,pelvis_y,right_hip_x,right_hip_y,right_knee_x,right_knee_y,right_ankle_x,right_ankle_y,left_hip_x,left_hip_y,left_knee_x,left_knee_y,left_ankle_x,left_ankle_y
0.6822477064220183,0.11083333333333334,0.5944495412844037,0.2475,0.4427981651376148,0.2575,0.33105504587155965,0.36083333333333334,0.23261467889908263,0.46416666666666667,0.5758256880733945,0.2775,0.7008715596330276,0.2991666666666667,0.6875688073394496,0.4425,0.6716055045871561,0.5708333333333333,0.5412385321100918,0.5141666666666667,0.46142201834862384,0.5091666666666667,0.43481651376146796,0.6758333333333333,0.5252752293577982,0.8491666666666666,0.6183944954128441,0.5158333333333334,0.7008715596330276,0.6825,0.7806880733944953,0.8541666666666666
