head_top_x,head_top_y,upper_neck_x,upper_neck_y,right_shoulder_x,right_shoulder_y,right_elbow_x,right_elbow_y,right_wrist_x,right_wrist_y,thorax_x,thorax_y,left_shoulder_x,left_shoulder_y,left_elbow_x,left_elbow_y,left_wrist_x,left_wrist_y,pelvis_x,pelvis_y,right_hip_x,right_hip_y,right_knee_x,right_knee_y,right_ankle_x,right_ankle_y,left_hip_x,left_hip_y,left_knee_x,left_knee_y,left_ankle_x,left_ankle_y
0.30191767068273095,0.07083333333333333,0.3891465863453815,0.2175,0.2510341365461847,0.2608333333333333,0.23649598393574298,0.37583333333333335,0.3528012048192771,0.44083333333333335,0.4109538152610442,0.2475,0.5636044176706827,0.2325,0.7853112449799197,0.3441666666666667,0.6690060240963855,0.4508333333333333,0.43276104417670685,0.49916666666666665,0.34916666666666674,0.5008333333333334,0.4254919678714859,0.6991666666666667,0.5090863453815261,0.8791666666666667,0.5199899598393574,0.49583333333333335,0.5454317269076306,0.6958333333333333,0.6181224899598394,0.8825
