head_top_x,head_top_y,upper_neck_x,upper_neck_y,right_shoulder_x,right_shoulder_y,right_elbow_x,right_elbow_y,right_wrist_x,right_wrist_y,thorax_x,thorax_y,left_shoulder_x,left_shoulder_y,left_elbow_x,left_elbow_y,left_wrist_x,left_wrist_y,pelvis_x,pelvis_y,right_hip_x,right_hip_y,right_knee_x,right_knee_y,right_ankle_x,right_ankle_y,left_hip_x,left_hip_y,left_knee_x,left_knee_y,left_ankle_x,left_ankle_y
0.2957786885245901,0.05416666666666667,0.43605191256830605,0.1925,0.48143442622950816,0.24083333333333334,0.4690573770491803,0.38083333333333336,0.2834016393442622,0.44916666666666666,0.5061885245901638,0.23916666666666667,0.5350683060109289,0.2375,0.6670901639344262,0.37083333333333335,0.5144398907103825,0.47583333333333333,0.5804508196721311,0.5141666666666667,0.5309426229508196,0.5141666666666667,0.43192622950819665,0.7191666666666666,0.5020628415300546,0.9091666666666667,0.6258333333333332,0.5108333333333334,0.407172131147541,0.7241666666666666,0.7248497267759563,0.8908333333333334
