head_top_x,head_top_y,upper_neck_x,upper_neck_y,right_shoulder_x,right_shoulder_y,right_elbow_x,right_elbow_y,right_wrist_x,right_wrist_y,thorax_x,thorax_y,left_shoulder_x,left_shoulder_y,left_elbow_x,left_elbow_y,left_wrist_x,left_wrist_y,pelvis_x,pelvis_y,right_hip_x,right_hip_y,right_knee_x,right_knee_y,right_ankle_x,right_ankle_y,left_hip_x,left_hip_y,left_knee_x,left_knee_y,left_ankle_x,left_ankle_y
0.4494485294117648,0.059166666666666666,0.45349264705882353,0.21083333333333334,0.6435661764705883,0.23416666666666666,0.6799632352941177,0.38416666666666666,0.7608455882352942,0.4791666666666667,0.4494485294117648,0.24083333333333334,0.25937499999999997,0.2425,0.21084558823529417,0.3925,0.3200367647058824,0.4525,0.4130514705882353,0.4775,0.5141544117647059,0.4775,0.5707720588235294,0.6675,0.5303308823529411,0.8741666666666666,0.3159926470588236,0.4791666666666667,0.34430147058823535,0.6741666666666667,0.3645220588235294,0.8758333333333334
