head_top_x,head_top_y,upper_neck_x,upper_neck_y,right_shoulder_x,right_shoulder_y,right_elbow_x,right_elbow_y,right_wrist_x,right_wrist_y,thorax_x,thorax_y,left_shoulder_x,left_shoulder_y,left_elbow_x,left_elbow_y,left_wrist_x,left_wrist_y,pelvis_x,pelvis_y,right_hip_x,right_hip_y,right_knee_x,right_knee_y,right_ankle_x,right_ankle_y,left_hip_x,left_hip_y,left_knee_x,left_knee_y,left_ankle_x,left_ankle_y
0.562979797979798,0.06416666666666666,0.6411616161616163,0.21583333333333332,0.5195454545454544,0.2475,0.3588383838383839,0.30583333333333335,0.2198484848484849,0.3441666666666667,0.6585353535353534,0.25083333333333335,0.8105555555555555,0.24916666666666668,0.5021717171717173,0.32916666666666666,0.285,0.3408333333333333,0.6672222222222223,0.4791666666666667,0.5716666666666665,0.48083333333333333,0.3588383838383839,0.6641666666666667,0.6585353535353534,0.7808333333333334,0.7584343434343433,0.47583333333333333,0.40227272727272734,0.6641666666666667,0.3935858585858586,0.9008333333333334
