head_top_x,head_top_y,upper_neck_x,upper_neck_y,right_shoulder_x,right_shoulder_y,right_elbow_x,right_elbow_y,right_wrist_x,right_wrist_y,thorax_x,thorax_y,left_shoulder_x,left_shoulder_y,left_elbow_x,left_elbow_y,left_wrist_x,left_wrist_y,pelvis_x,pelvis_y,right_hip_x,right_hip_y,right_knee_x,right_knee_y,right_ankle_x,right_ankle_y,left_hip_x,left_hip_y,left_knee_x,left_knee_y,left_ankle_x,left_ankle_y
0.49048423423423426,0.0775,0.48667792792792786,0.23083333333333333,0.6922184684684684,0.2275,0.7835698198198198,0.3375,0.6313175675675675,0.3908333333333333,0.4828716216216216,0.23916666666666667,0.2811373873873874,0.2475,0.19739864864864864,0.3591666666666667,0.3724887387387387,0.4058333333333333,0.5285472972972972,0.47583333333333333,0.6389301801801801,0.4741666666666667,0.737894144144144,0.6691666666666667,0.7340878378378379,0.8958333333333334,0.41435810810810814,0.4841666666666667,0.4105518018018018,0.6791666666666667,0.4257770270270271,0.8608333333333333
