head_top_x,head_top_y,upper_neck_x,upper_neck_y,right_shoulder_x,right_shoulder_y,right_elbow_x,right_elbow_y,right_wrist_x,right_wrist_y,thorax_x,thorax_y,left_shoulder_x,left_shoulder_y,left_elbow_x,left_elbow_y,left_wrist_x,left_wrist_y,pelvis_x,pelvis_y,right_hip_x,right_hip_y,right_knee_x,right_knee_y,right_ankle_x,right_ankle_y,left_hip_x,left_hip_y,left_knee_x,left_knee_y,left_ankle_x,left_ankle_y
0.7976656626506025,0.5108333333333334,0.6483283132530121,0.4975,0.632183734939759,0.43583333333333335,0.6059487951807229,0.3458333333333333,0.6362198795180724,0.2175,0.632183734939759,0.4925,0.6483283132530121,0.5491666666666667,0.5958584337349399,0.6225,0.5433885542168675,0.7108333333333333,0.3819427710843374,0.5675,0.3799246987951807,0.5758333333333333,0.25480421686746985,0.6641666666666667,0.10950301204819275,0.7808333333333334,0.3859789156626506,0.5558333333333333,0.1861897590361446,0.5041666666666667,0.10344879518072286,0.7925
