head_top_x,head_top_y,upper_neck_x,upper_neck_y,right_shoulder_x,right_shoulder_y,right_elbow_x,right_elbow_y,right_wrist_x,right_wrist_y,thorax_x,thorax_y,left_shoulder_x,left_shoulder_y,left_elbow_x,left_elbow_y,left_wrist_x,left_wrist_y,pelvis_x,pelvis_y,right_hip_x,right_hip_y,right_knee_x,right_knee_y,right_ankle_x,right_ankle_y,left_hip_x,left_hip_y,left_knee_x,left_knee_y,left_ankle_x,left_ankle_y
0.49429054054054056,0.0575,0.4980968468468468,0.20916666666666667,0.6427364864864865,0.2425,0.7569256756756758,0.3541666666666667,0.6465427927927929,0.3308333333333333,0.4980968468468468,0.2375,0.34965090090090084,0.22916666666666666,0.30397522522522524,0.35583333333333333,0.2202364864864865,0.4691666666666667,0.53615990990991,0.4658333333333333,0.6313175675675675,0.4625,0.5970608108108107,0.6908333333333333,0.6351238738738739,0.8775,0.4410022522522523,0.4691666666666667,0.38010135135135137,0.6875,0.4067454954954955,0.8791666666666667
