head_top_x,head_top_y,upper_neck_x,upper_neck_y,right_shoulder_x,right_shoulder_y,right_elbow_x,right_elbow_y,right_wrist_x,right_wrist_y,thorax_x,thorax_y,left_shoulder_x,left_shoulder_y,left_elbow_x,left_elbow_y,left_wrist_x,left_wrist_y,pelvis_x,pelvis_y,right_hip_x,right_hip_y,right_knee_x,right_knee_y,right_ankle_x,right_ankle_y,left_hip_x,left_hip_y,left_knee_x,left_knee_y,left_ankle_x,left_ankle_y
0.5222727272727272,0.10416666666666667,0.48960606060606054,0.25416666666666665,0.40942424242424236,0.2775,0.5727575757575758,0.37583333333333335,0.7628181818181817,0.3958333333333333,0.48663636363636353,0.2625,0.5668181818181818,0.24916666666666668,0.6083939393939393,0.3325,0.7687575757575758,0.38416666666666666,0.4153636363636363,0.4575,0.3351818181818181,0.4575,0.38566666666666666,0.6591666666666667,0.2282727272727272,0.8575,0.49554545454545446,0.4575,0.6707575757575758,0.6491666666666667,0.5846363636363636,0.8341666666666666
