head_top_x,head_top_y,upper_neck_x,upper_neck_y,right_shoulder_x,right_shoulder_y,right_elbow_x,right_elbow_y,right_wrist_x,right_wrist_y,thorax_x,thorax_y,left_shoulder_x,left_shoulder_y,left_elbow_x,left_elbow_y,left_wrist_x,left_wrist_y,pelvis_x,pelvis_y,right_hip_x,right_hip_y,right_knee_x,right_knee_y,right_ankle_x,right_ankle_y,left_hip_x,left_hip_y,left_knee_x,left_knee_y,left_ankle_x,left_ankle_y
0.598421409214092,0.10583333333333333,0.5930284552845528,0.2575,0.4716869918699187,0.2608333333333333,0.3853997289972899,0.37583333333333335,0.45011517615176155,0.42583333333333334,0.5930284552845528,0.2658333333333333,0.7143699186991869,0.2708333333333333,0.6847086720867208,0.39416666666666667,0.7709959349593496,0.35083333333333333,0.5256165311653117,0.45916666666666667,0.4447222222222222,0.4508333333333333,0.36652439024390243,0.6575,0.22900406504065043,0.8491666666666666,0.6011178861788617,0.4675,0.7440311653116531,0.6608333333333334,0.76829945799458,0.8341666666666666
