head_top_x,head_top_y,upper_neck_x,upper_neck_y,right_shoulder_x,right_shoulder_y,right_elbow_x,right_elbow_y,right_wrist_x,right_wrist_y,thorax_x,thorax_y,left_shoulder_x,left_shoulder_y,left_elbow_x,left_elbow_y,left_wrist_x,left_wrist_y,pelvis_x,pelvis_y,right_hip_x,right_hip_y,right_knee_x,right_knee_y,right_ankle_x,right_ankle_y,left_hip_x,left_hip_y,left_knee_x,left_knee_y,left_ankle_x,left_ankle_y
0.4748700305810399,0.5741666666666667,0.599197247706422,0.7575,0.6415214067278286,0.7358333333333333,0.6812003058103975,0.5658333333333333,0.2473776758409786,0.49416666666666664,0.60184250764526,0.7491666666666666,0.5700993883792049,0.7491666666666666,0.36376911314984717,0.5691666666666667,0.22886085626911318,0.48583333333333334,0.5383562691131498,0.2891666666666667,0.5727446483180427,0.2891666666666667,0.6600382262996942,0.4925,0.7420412844036697,0.1425,0.4960321100917432,0.2875,0.3743501529051988,0.2658333333333333,0.7182339449541284,0.14583333333333334
