head_top_x,head_top_y,upper_neck_x,upper_neck_y,right_shoulder_x,right_shoulder_y,right_elbow_x,right_elbow_y,right_wrist_x,right_wrist_y,thorax_x,thorax_y,left_shoulder_x,left_shoulder_y,left_elbow_x,left_elbow_y,left_wrist_x,left_wrist_y,pelvis_x,pelvis_y,right_hip_x,right_hip_y,right_knee_x,right_knee_y,right_ankle_x,right_ankle_y,left_hip_x,left_hip_y,left_knee_x,left_knee_y,left_ankle_x,left_ankle_y
0.4752777777777778,0.07083333333333333,0.5010748792270532,0.2225,0.5956642512077295,0.23916666666666667,0.6386594202898551,0.3675,0.5118236714975846,0.3908333333333333,0.5096739130434782,0.2425,0.4215338164251208,0.2425,0.2903985507246377,0.2608333333333333,0.22590579710144926,0.16916666666666666,0.5505193236714976,0.4708333333333333,0.6042632850241546,0.4708333333333333,0.6128623188405797,0.6591666666666667,0.6601570048309179,0.8658333333333333,0.49677536231884056,0.4725,0.4817270531400966,0.6575,0.4817270531400966,0.8775
