head_top_x,head_top_y,upper_neck_x,upper_neck_y,right_shoulder_x,right_shoulder_y,right_elbow_x,right_elbow_y,right_wrist_x,right_wrist_y,thorax_x,thorax_y,left_shoulder_x,left_shoulder_y,left_elbow_x,left_elbow_y,left_wrist_x,left_wrist_y,pelvis_x,pelvis_y,right_hip_x,right_hip_y,right_knee_x,right_knee_y,right_ankle_x,right_ankle_y,left_hip_x,left_hip_y,left_knee_x,left_knee_y,left_ankle_x,left_ankle_y
0.49457831325301205,0.0575,0.5271084337349397,0.21416666666666667,0.6825301204819276,0.23583333333333334,0.7765060240963854,0.2325,0.7548192771084338,0.17916666666666667,0.5271084337349397,0.2375,0.3680722891566265,0.23583333333333334,0.2921686746987952,0.36916666666666664,0.2090361445783133,0.4841666666666667,0.541566265060241,0.48583333333333334,0.6391566265060241,0.4841666666666667,0.6030120481927711,0.6891666666666667,0.5921686746987951,0.8875,0.44036144578313247,0.48583333333333334,0.40783132530120486,0.6825,0.36445783132530124,0.8841666666666667
