head_top_x,head_top_y,upper_neck_x,upper_neck_y,right_shoulder_x,right_shoulder_y,right_elbow_x,right_elbow_y,right_wrist_x,right_wrist_y,thorax_x,thorax_y,left_shoulder_x,left_shoulder_y,left_elbow_x,left_elbow_y,left_wrist_x,left_wrist_y,pelvis_x,pelvis_y,right_hip_x,right_hip_y,right_knee_x,right_knee_y,right_ankle_x,right_ankle_y,left_hip_x,left_hip_y,left_knee_x,left_knee_y,left_ankle_x,left_ankle_y
0.5157666666666666,0.09083333333333334,0.48136666666666683,0.24083333333333334,0.3523666666666667,0.26916666666666667,0.27496666666666664,0.4091666666666667,0.2807,0.5558333333333333,0.47563333333333335,0.2775,0.6017666666666668,0.2841666666666667,0.6505000000000001,0.4091666666666667,0.7766333333333335,0.5325,0.4412333333333333,0.5341666666666667,0.4211666666666667,0.5325,0.5645,0.7058333333333333,0.6419,0.9108333333333334,0.46703333333333336,0.5325,0.41830000000000006,0.6975,0.2405666666666667,0.8708333333333333
