head_top_x,head_top_y,upper_neck_x,upper_neck_y,right_shoulder_x,right_shoulder_y,right_elbow_x,right_elbow_y,right_wrist_x,right_wrist_y,thorax_x,thorax_y,left_shoulder_x,left_shoulder_y,left_elbow_x,left_elbow_y,left_wrist_x,left_wrist_y,pelvis_x,pelvis_y,right_hip_x,right_hip_y,right_knee_x,right_knee_y,right_ankle_x,right_ankle_y,left_hip_x,left_hip_y,left_knee_x,left_knee_y,left_ankle_x,left_ankle_y
0.5076136363636363,0.0925,0.48325,0.23916666666666667,0.29747727272727276,0.23916666666666667,0.21829545454545457,0.3525,0.37665909090909094,0.3425,0.477159090909091,0.24083333333333334,0.6659772727272727,0.2375,0.7756136363636364,0.3425,0.6659772727272727,0.3425,0.47411363636363635,0.4608333333333333,0.3857954545454546,0.4608333333333333,0.35229545454545463,0.6641666666666667,0.2792045454545455,0.8541666666666666,0.5624318181818182,0.45916666666666667,0.5289318181818182,0.6675,0.510659090909091,0.8608333333333333
