head_top_x,head_top_y,upper_neck_x,upper_neck_y,right_shoulder_x,right_shoulder_y,right_elbow_x,right_elbow_y,right_wrist_x,right_wrist_y,thorax_x,thorax_y,left_shoulder_x,left_shoulder_y,left_elbow_x,left_elbow_y,left_wrist_x,left_wrist_y,pelvis_x,pelvis_y,right_hip_x,right_hip_y,right_knee_x,right_knee_y,right_ankle_x,right_ankle_y,left_hip_x,left_hip_y,left_knee_x,left_knee_y,left_ankle_x,left_ankle_y
0.6093471337579618,0.4841666666666667,0.4909713375796178,0.3675,0.5010031847133758,0.36083333333333334,0.5832643312101912,0.20583333333333334,0.7176910828025477,0.12416666666666666,0.4929777070063694,0.3641666666666667,0.4869585987261147,0.3541666666666667,0.5792515923566879,0.20583333333333334,0.6635191082802548,0.3475,0.23816878980891718,0.37416666666666665,0.2301433121019108,0.36583333333333334,0.07164012738853504,0.5641666666666667,0.25622611464968154,0.7708333333333334,0.2361624203821656,0.38083333333333336,0.11377388535031847,0.5791666666666667,0.2301433121019108,0.7691666666666667
