head_top_x,head_top_y,upper_neck_x,upper_neck_y,right_shoulder_x,right_shoulder_y,right_elbow_x,right_elbow_y,right_wrist_x,right_wrist_y,thorax_x,thorax_y,left_shoulder_x,left_shoulder_y,left_elbow_x,left_elbow_y,left_wrist_x,left_wrist_y,pelvis_x,pelvis_y,right_hip_x,right_hip_y,right_knee_x,right_knee_y,right_ankle_x,right_ankle_y,left_hip_x,left_hip_y,left_knee_x,left_knee_y,left_ankle_x,left_ankle_y
0.5277822580645162,0.059166666666666666,0.6218145161290323,0.20583333333333334,0.5363306451612903,0.23916666666666667,0.40810483870967745,0.3258333333333333,0.22858870967741937,0.2758333333333333,0.6602822580645161,0.25083333333333335,0.7756854838709678,0.25916666666666666,0.3781854838709678,0.31083333333333335,0.22858870967741937,0.2675,0.6089919354838709,0.4975,0.5192338709677418,0.49416666666666664,0.5876209677419355,0.6825,0.6260887096774194,0.8591666666666666,0.6902016129032259,0.4975,0.523508064516129,0.6975,0.5619758064516129,0.8975
