head_top_x,head_top_y,upper_neck_x,upper_neck_y,right_shoulder_x,right_shoulder_y,right_elbow_x,right_elbow_y,right_wrist_x,right_wrist_y,thorax_x,thorax_y,left_shoulder_x,left_shoulder_y,left_elbow_x,left_elbow_y,left_wrist_x,left_wrist_y,pelvis_x,pelvis_y,right_hip_x,right_hip_y,right_knee_x,right_knee_y,right_ankle_x,right_ankle_y,left_hip_x,left_hip_y,left_knee_x,left_knee_y,left_ankle_x,left_ankle_y
0.6782812500000001,0.08583333333333333,0.6035729166666666,0.2275,0.41340625000000003,0.23583333333333334,0.21305208333333342,0.3458333333333333,0.41680208333333335,0.4191666666666667,0.5967812499999999,0.24416666666666667,0.7767604166666667,0.2525,0.7529895833333332,0.33916666666666667,0.7461979166666667,0.42083333333333334,0.5526354166666667,0.5008333333333334,0.44736458333333334,0.5008333333333334,0.41001041666666665,0.7025,0.3794479166666667,0.8658333333333333,0.6545104166666667,0.49416666666666664,0.70884375,0.7025,0.60696875,0.8808333333333334
