head_top_x,head_top_y,upper_neck_x,upper_neck_y,right_shoulder_x,right_shoulder_y,right_elbow_x,right_elbow_y,right_wrist_x,right_wrist_y,thorax_x,thorax_y,left_shoulder_x,left_shoulder_y,left_elbow_x,left_elbow_y,left_wrist_x,left_wrist_y,pelvis_x,pelvis_y,right_hip_x,right_hip_y,right_knee_x,right_knee_y,right_ankle_x,right_ankle_y,left_hip_x,left_hip_y,left_knee_x,left_knee_y,left_ankle_x,left_ankle_y
0.5456818181818182,0.21583333333333332,0.4746212121212121,0.3575,0.36972222222222223,0.30583333333333335,0.30881313131313126,0.2225,0.2715909090909091,0.12083333333333333,0.48477272727272724,0.3425,0.5998232323232324,0.37916666666666665,0.7216414141414141,0.4475,0.7791666666666666,0.3525,0.37648989898989893,0.5308333333333334,0.3528030303030303,0.5291666666666667,0.32573232323232326,0.7008333333333333,0.29189393939393943,0.8725,0.40017676767676763,0.5325,0.3494191919191919,0.7041666666666667,0.23098484848484846,0.8158333333333333
