head_top_x,head_top_y,upper_neck_x,upper_neck_y,right_shoulder_x,right_shoulder_y,right_elbow_x,right_elbow_y,right_wrist_x,right_wrist_y,thorax_x,thorax_y,left_shoulder_x,left_shoulder_y,left_elbow_x,left_elbow_y,left_wrist_x,left_wrist_y,pelvis_x,pelvis_y,right_hip_x,right_hip_y,right_knee_x,right_knee_y,right_ankle_x,right_ankle_y,left_hip_x,left_hip_y,left_knee_x,left_knee_y,left_ankle_x,left_ankle_y
0.7548563218390806,0.06416666666666666,0.7375191570881225,0.21916666666666668,0.6716379310344828,0.25916666666666666,0.7028448275862069,0.3908333333333333,0.7617911877394636,0.5158333333333334,0.7305842911877395,0.2525,0.7929980842911878,0.24583333333333332,0.7236494252873564,0.3625,0.70977969348659,0.49083333333333334,0.6647030651340997,0.4841666666666667,0.6369636015325669,0.48083333333333333,0.47052681992337164,0.6641666666666667,0.22780651340996164,0.8375,0.6820402298850575,0.4891666666666667,0.6161590038314175,0.6908333333333333,0.5190708812260536,0.8858333333333334
