head_top_x,head_top_y,upper_neck_x,upper_neck_y,right_shoulder_x,right_shoulder_y,right_elbow_x,right_elbow_y,right_wrist_x,right_wrist_y,thorax_x,thorax_y,left_shoulder_x,left_shoulder_y,left_elbow_x,left_elbow_y,left_wrist_x,left_wrist_y,pelvis_x,pelvis_y,right_hip_x,right_hip_y,right_knee_x,right_knee_y,right_ankle_x,right_ankle_y,left_hip_x,left_hip_y,left_knee_x,left_knee_y,left_ankle_x,left_ankle_y
0.5398809523809525,0.1925,0.47926190476190494,0.3275,0.3867380952380953,0.30083333333333334,0.29421428571428576,0.22916666666666666,0.29421428571428576,0.12416666666666666,0.47926190476190494,0.3075,0.5845476190476191,0.3258333333333333,0.750452380952381,0.4075,0.7695952380952382,0.33916666666666667,0.46330952380952384,0.3975,0.43459523809523815,0.4008333333333333,0.3867380952380953,0.6541666666666667,0.40907142857142864,0.8658333333333333,0.4760714285714286,0.4008333333333333,0.37716666666666676,0.6475,0.23040476190476197,0.7675
