head_top_x,head_top_y,upper_neck_x,upper_neck_y,right_shoulder_x,right_shoulder_y,right_elbow_x,right_elbow_y,right_wrist_x,right_wrist_y,thorax_x,thorax_y,left_shoulder_x,left_shoulder_y,left_elbow_x,left_elbow_y,left_wrist_x,left_wrist_y,pelvis_x,pelvis_y,right_hip_x,right_hip_y,right_knee_x,right_knee_y,right_ankle_x,right_ankle_y,left_hip_x,left_hip_y,left_knee_x,left_knee_y,left_ankle_x,left_ankle_y
0.544150641025641,0.0975,0.5411057692307691,0.24916666666666668,0.6324519230769231,0.26416666666666666,0.6385416666666667,0.3958333333333333,0.7633814102564103,0.48583333333333334,0.5411057692307691,0.25916666666666666,0.455849358974359,0.2525,0.4710737179487181,0.3358333333333333,0.5715544871794872,0.3858333333333333,0.5045673076923076,0.45416666666666666,0.5685096153846153,0.4575,0.5380608974358975,0.6825,0.4954326923076924,0.8558333333333333,0.4375801282051282,0.4508333333333333,0.3888621794871795,0.6691666666666667,0.21834935897435898,0.8075
