head_top_x,head_top_y,upper_neck_x,upper_neck_y,right_shoulder_x,right_shoulder_y,right_elbow_x,right_elbow_y,right_wrist_x,right_wrist_y,thorax_x,thorax_y,left_shoulder_x,left_shoulder_y,left_elbow_x,left_elbow_y,left_wrist_x,left_wrist_y,pelvis_x,pelvis_y,right_hip_x,right_hip_y,right_knee_x,right_knee_y,right_ankle_x,right_ankle_y,left_hip_x,left_hip_y,left_knee_x,left_knee_y,left_ankle_x,left_ankle_y
0.39932203389830506,0.11583333333333333,0.47389830508474584,0.2475,0.5733333333333334,0.23416666666666666,0.6653107344632768,0.3258333333333333,0.5410169491525423,0.4691666666666667,0.47638418079096057,0.25083333333333335,0.37446327683615827,0.2708333333333333,0.29491525423728815,0.43416666666666665,0.20293785310734466,0.5308333333333334,0.7075706214689266,0.4191666666666667,0.7796610169491526,0.42083333333333334,0.6876836158192091,0.6225,0.7125423728813559,0.8408333333333333,0.6379661016949153,0.4175,0.40180790960451984,0.5258333333333334,0.5559322033898305,0.6991666666666667
