head_top_x,head_top_y,upper_neck_x,upper_neck_y,right_shoulder_x,right_shoulder_y,right_elbow_x,right_elbow_y,right_wrist_x,right_wrist_y,thorax_x,thorax_y,left_shoulder_x,left_shoulder_y,left_elbow_x,left_elbow_y,left_wrist_x,left_wrist_y,pelvis_x,pelvis_y,right_hip_x,right_hip_y,right_knee_x,right_knee_y,right_ankle_x,right_ankle_y,left_hip_x,left_hip_y,left_knee_x,left_knee_y,left_ankle_x,left_ankle_y
0.615653409090909,0.05416666666666667,0.5687215909090909,0.20916666666666667,0.4044602272727273,0.21583333333333332,0.1999715909090909,0.27416666666666667,0.34747159090909097,0.1775,0.5620170454545456,0.22916666666666666,0.7262784090909092,0.2375,0.7799147727272727,0.3675,0.7765624999999999,0.4875,0.5351988636363636,0.4891666666666667,0.43798295454545455,0.49083333333333334,0.40781249999999997,0.6858333333333333,0.3809943181818182,0.8858333333333334,0.6391193181818183,0.48583333333333334,0.652528409090909,0.6875,0.6726420454545454,0.8825
