head_top_x,head_top_y,upper_neck_x,upper_neck_y,right_shoulder_x,right_shoulder_y,right_elbow_x,right_elbow_y,right_wrist_x,right_wrist_y,thorax_x,thorax_y,left_shoulder_x,left_shoulder_y,left_elbow_x,left_elbow_y,left_wrist_x,left_wrist_y,pelvis_x,pelvis_y,right_hip_x,right_hip_y,right_knee_x,right_knee_y,right_ankle_x,right_ankle_y,left_hip_x,left_hip_y,left_knee_x,left_knee_y,left_ankle_x,left_ankle_y
0.392578125,0.12818196614583335,0.447265625,0.2602294921875,0.427734375,0.2254801432291667,0.474609375,0.5451741536458333,0.568359375,0.5799235026041667,0.458984375,0.27412923177083337,0.474609375,0.19768066406250004,0.595703125,0.06563313802083336,0.576171875,0.5799235026041667,0.548828125,0.6355224609375,0.521484375,0.6494222005208333,0.525390625,0.6911214192708334,0.611328125,0.6980712890625,0.595703125,0.6007731119791667,0.568359375,0.6633219401041667,0.357421875,0.9621663411458333
