head_top_x,head_top_y,upper_neck_x,upper_neck_y,right_shoulder_x,right_shoulder_y,right_elbow_x,right_elbow_y,right_wrist_x,right_wrist_y,thorax_x,thorax_y,left_shoulder_x,left_shoulder_y,left_elbow_x,left_elbow_y,left_wrist_x,left_wrist_y,pelvis_x,pelvis_y,right_hip_x,right_hip_y,right_knee_x,right_knee_y,right_ankle_x,right_ankle_y,left_hip_x,left_hip_y,left_knee_x,left_knee_y,left_ankle_x,left_ankle_y
0.513671875,0.11197916666666667,0.541015625,0.3515625,0.416015625,0.3359375,0.353515625,0.5651041666666666,0.314453125,0.7213541666666666,0.541015625,0.3619791666666667,0.673828125,0.4036458333333333,0.708984375,0.6640625,0.572265625,0.7734375,0.517578125,0.8307291666666666,0.458984375,0.8255208333333334,0.423828125,0.8671875,0.482421875,0.1484375,0.595703125,0.8463541666666666,0.552734375,0.4505208333333333,0.576171875,0.6901041666666666
