head_top_x,head_top_y,upper_neck_x,upper_neck_y,right_shoulder_x,right_shoulder_y,right_elbow_x,right_elbow_y,right_wrist_x,right_wrist_y,thorax_x,thorax_y,left_shoulder_x,left_shoulder_y,left_elbow_x,left_elbow_y,left_wrist_x,left_wrist_y,pelvis_x,pelvis_y,right_hip_x,right_hip_y,right_knee_x,right_knee_y,right_ankle_x,right_ankle_y,left_hip_x,left_hip_y,left_knee_x,left_knee_y,left_ankle_x,left_ankle_y
0.501953125,0.08248697916666665,0.505859375,0.31712239583333335,0.419921875,0.37233072916666665,0.326171875,0.5517578125,0.216796875,0.6483723958333334,0.505859375,0.3447265625,0.583984375,0.31712239583333335,0.615234375,0.5172526041666666,0.705078125,0.6966796875,0.521484375,0.6897786458333334,0.482421875,0.6966796875,0.466796875,0.8208984375,0.177734375,0.7794921875,0.564453125,0.6828776041666667,0.556640625,0.7449869791666667,0.556640625,0.7173828125
