head_top_x,head_top_y,upper_neck_x,upper_neck_y,right_shoulder_x,right_shoulder_y,right_elbow_x,right_elbow_y,right_wrist_x,right_wrist_y,thorax_x,thorax_y,left_shoulder_x,left_shoulder_y,left_elbow_x,left_elbow_y,left_wrist_x,left_wrist_y,pelvis_x,pelvis_y,right_hip_x,right_hip_y,right_knee_x,right_knee_y,right_ankle_x,right_ankle_y,left_hip_x,left_hip_y,left_knee_x,left_knee_y,left_ankle_x,left_ankle_y
0.431640625,0.028645833333333332,0.447265625,0.22135416666666666,0.427734375,0.2526041666666667,0.431640625,0.3463541666666667,0.439453125,0.8411458333333334,0.451171875,0.2421875,0.490234375,0.2421875,0.548828125,0.4036458333333333,0.607421875,0.4713541666666667,0.439453125,0.5130208333333334,0.392578125,0.5182291666666666,0.490234375,0.7786458333333334,0.431640625,0.8619791666666666,0.482421875,0.5130208333333334,0.583984375,0.8046875,0.541015625,0.6848958333333334
