head_top_x,head_top_y,upper_neck_x,upper_neck_y,right_shoulder_x,right_shoulder_y,right_elbow_x,right_elbow_y,right_wrist_x,right_wrist_y,thorax_x,thorax_y,left_shoulder_x,left_shoulder_y,left_elbow_x,left_elbow_y,left_wrist_x,left_wrist_y,pelvis_x,pelvis_y,right_hip_x,right_hip_y,right_knee_x,right_knee_y,right_ankle_x,right_ankle_y,left_hip_x,left_hip_y,left_knee_x,left_knee_y,left_ankle_x,left_ankle_y
0.177734375,0.13541666666666666,0.494140625,0.04513888888888889,0.373046875,0.1423611111111111,0.466796875,0.10069444444444445,0.533203125,0.14930555555555555,0.490234375,-0.001953125,0.517578125,0.1423611111111111,0.416015625,0.34375,0.572265625,0.2743055555555556,0.466796875,0.40625,0.474609375,0.3576388888888889,0.447265625,0.71875,0.560546875,0.9756944444444444,0.513671875,0.3576388888888889,0.416015625,0.71875,0.560546875,0.9548611111111112
