head_top_x,head_top_y,upper_neck_x,upper_neck_y,right_shoulder_x,right_shoulder_y,right_elbow_x,right_elbow_y,right_wrist_x,right_wrist_y,thorax_x,thorax_y,left_shoulder_x,left_shoulder_y,left_elbow_x,left_elbow_y,left_wrist_x,left_wrist_y,pelvis_x,pelvis_y,right_hip_x,right_hip_y,right_knee_x,right_knee_y,right_ankle_x,right_ankle_y,left_hip_x,left_hip_y,left_knee_x,left_knee_y,left_ankle_x,left_ankle_y
0.236328125,0.049479166666666664,0.275390625,0.22135416666666666,0.291015625,0.21614583333333334,0.330078125,0.3255208333333333,0.443359375,0.4192708333333333,0.283203125,0.2265625,0.283203125,0.21614583333333334,0.529296875,0.4088541666666667,0.435546875,0.4244791666666667,0.470703125,0.4609375,0.333984375,0.3880208333333333,0.447265625,0.5182291666666666,0.259765625,0.8463541666666666,0.466796875,0.4609375,0.267578125,0.6067708333333334,0.259765625,0.5546875
