head_top_x,head_top_y,upper_neck_x,upper_neck_y,right_shoulder_x,right_shoulder_y,right_elbow_x,right_elbow_y,right_wrist_x,right_wrist_y,thorax_x,thorax_y,left_shoulder_x,left_shoulder_y,left_elbow_x,left_elbow_y,left_wrist_x,left_wrist_y,pelvis_x,pelvis_y,right_hip_x,right_hip_y,right_knee_x,right_knee_y,right_ankle_x,right_ankle_y,left_hip_x,left_hip_y,left_knee_x,left_knee_y,left_ankle_x,left_ankle_y
0.294921875,0.6463623046875,0.333984375,0.4973388671875,0.384765625,0.5399169921875,0.392578125,0.6889404296875,0.447265625,0.24187011718749998,0.330078125,0.4600830078125,0.314453125,0.4281494140625,0.357421875,0.26315917968749997,0.447265625,0.24187011718749998,0.533203125,0.4281494140625,0.513671875,0.4441162109375,0.697265625,0.5292724609375,0.763671875,0.6410400390625,0.517578125,0.4068603515625,0.728515625,0.5824951171875,0.583984375,0.5665283203125
