head_top_x,head_top_y,upper_neck_x,upper_neck_y,right_shoulder_x,right_shoulder_y,right_elbow_x,right_elbow_y,right_wrist_x,right_wrist_y,thorax_x,thorax_y,left_shoulder_x,left_shoulder_y,left_elbow_x,left_elbow_y,left_wrist_x,left_wrist_y,pelvis_x,pelvis_y,right_hip_x,right_hip_y,right_knee_x,right_knee_y,right_ankle_x,right_ankle_y,left_hip_x,left_hip_y,left_knee_x,left_knee_y,left_ankle_x,left_ankle_y
0.513671875,0.3159722222222222,0.455078125,0.5520833333333334,0.416015625,0.5659722222222222,0.384765625,0.71875,0.392578125,0.8715277777777778,0.451171875,0.5520833333333334,0.482421875,0.5659722222222222,0.541015625,0.3576388888888889,0.521484375,0.5104166666666666,0.455078125,0.8159722222222222,0.439453125,0.84375,0.548828125,0.7534722222222222,0.560546875,0.7465277777777778,0.478515625,0.78125,0.560546875,0.7395833333333334,0.576171875,0.7048611111111112
