head_top_x,head_top_y,upper_neck_x,upper_neck_y,right_shoulder_x,right_shoulder_y,right_elbow_x,right_elbow_y,right_wrist_x,right_wrist_y,thorax_x,thorax_y,left_shoulder_x,left_shoulder_y,left_elbow_x,left_elbow_y,left_wrist_x,left_wrist_y,pelvis_x,pelvis_y,right_hip_x,right_hip_y,right_knee_x,right_knee_y,right_ankle_x,right_ankle_y,left_hip_x,left_hip_y,left_knee_x,left_knee_y,left_ankle_x,left_ankle_y
0.662109375,0.16319444444444445,0.626953125,0.4340277777777778,0.521484375,0.4201388888888889,0.396484375,0.4340277777777778,0.337890625,0.5798611111111112,0.623046875,0.4409722222222222,0.728515625,0.4548611111111111,0.818359375,0.2604166666666667,0.794921875,0.04513888888888889,0.576171875,0.8229166666666666,0.517578125,0.8090277777777778,0.361328125,0.9131944444444444,0.376953125,1.0,0.634765625,0.8645833333333334,0.642578125,0.8715277777777778,0.662109375,0.8159722222222222
