head_top_x,head_top_y,upper_neck_x,upper_neck_y,right_shoulder_x,right_shoulder_y,right_elbow_x,right_elbow_y,right_wrist_x,right_wrist_y,thorax_x,thorax_y,left_shoulder_x,left_shoulder_y,left_elbow_x,left_elbow_y,left_wrist_x,left_wrist_y,pelvis_x,pelvis_y,right_hip_x,right_hip_y,right_knee_x,right_knee_y,right_ankle_x,right_ankle_y,left_hip_x,left_hip_y,left_knee_x,left_knee_y,left_ankle_x,left_ankle_y
0.568359375,0.13541666666666666,0.451171875,0.14930555555555555,0.458984375,0.14930555555555555,0.447265625,0.3020833333333333,0.521484375,0.4548611111111111,0.447265625,0.16319444444444445,0.423828125,0.14930555555555555,0.396484375,0.3576388888888889,0.490234375,0.5034722222222222,0.298828125,0.4965277777777778,0.369140625,0.4756944444444444,0.541015625,0.7256944444444444,0.486328125,1.0,0.263671875,0.4895833333333333,0.431640625,0.8229166666666666,0.400390625,0.9131944444444444
