head_top_x,head_top_y,upper_neck_x,upper_neck_y,right_shoulder_x,right_shoulder_y,right_elbow_x,right_elbow_y,right_wrist_x,right_wrist_y,thorax_x,thorax_y,left_shoulder_x,left_shoulder_y,left_elbow_x,left_elbow_y,left_wrist_x,left_wrist_y,pelvis_x,pelvis_y,right_hip_x,right_hip_y,right_knee_x,right_knee_y,right_ankle_x,right_ankle_y,left_hip_x,left_hip_y,left_knee_x,left_knee_y,left_ankle_x,left_ankle_y
0.361328125,0.05761718750000001,0.361328125,0.2802734375,0.279296875,0.3330078125,0.248046875,0.6083984375,0.369140625,0.6083984375,0.373046875,0.2978515625,0.435546875,0.2861328125,0.533203125,0.3330078125,0.462890625,0.2158203125,0.357421875,0.7080078125,0.341796875,0.7080078125,0.552734375,0.7314453125,0.572265625,0.9599609375,0.369140625,0.6962890625,0.556640625,0.7314453125,0.564453125,0.9716796875
