head_top_x,head_top_y,upper_neck_x,upper_neck_y,right_shoulder_x,right_shoulder_y,right_elbow_x,right_elbow_y,right_wrist_x,right_wrist_y,thorax_x,thorax_y,left_shoulder_x,left_shoulder_y,left_elbow_x,left_elbow_y,left_wrist_x,left_wrist_y,pelvis_x,pelvis_y,right_hip_x,right_hip_y,right_knee_x,right_knee_y,right_ankle_x,right_ankle_y,left_hip_x,left_hip_y,left_knee_x,left_knee_y,left_ankle_x,left_ankle_y
0.279296875,0.09114583333333333,0.361328125,0.24739583333333334,0.451171875,0.3151041666666667,0.599609375,0.4192708333333333,0.658203125,0.4244791666666667,0.392578125,0.3151041666666667,0.326171875,0.3307291666666667,0.318359375,0.4661458333333333,0.353515625,0.5911458333333334,0.345703125,0.6901041666666666,0.412109375,0.7109375,0.447265625,0.6796875,0.361328125,0.8932291666666666,0.275390625,0.6744791666666666,0.224609375,0.8984375,0.361328125,0.8984375
