head_top_x,head_top_y,upper_neck_x,upper_neck_y,right_shoulder_x,right_shoulder_y,right_elbow_x,right_elbow_y,right_wrist_x,right_wrist_y,thorax_x,thorax_y,left_shoulder_x,left_shoulder_y,left_elbow_x,left_elbow_y,left_wrist_x,left_wrist_y,pelvis_x,pelvis_y,right_hip_x,right_hip_y,right_knee_x,right_knee_y,right_ankle_x,right_ankle_y,left_hip_x,left_hip_y,left_knee_x,left_knee_y,left_ankle_x,left_ankle_y
0.423828125,-0.001953125,0.638671875,0.15364583333333334,0.705078125,0.15364583333333334,0.755859375,0.2942708333333333,0.728515625,0.2682291666666667,0.626953125,0.15364583333333334,0.482421875,0.1484375,0.509765625,0.24739583333333334,0.314453125,0.23177083333333334,0.396484375,0.2578125,0.443359375,0.2890625,0.423828125,0.5494791666666666,0.396484375,0.7734375,0.259765625,0.22135416666666666,0.333984375,0.5234375,0.275390625,0.7317708333333334
