head_top_x,head_top_y,upper_neck_x,upper_neck_y,right_shoulder_x,right_shoulder_y,right_elbow_x,right_elbow_y,right_wrist_x,right_wrist_y,thorax_x,thorax_y,left_shoulder_x,left_shoulder_y,left_elbow_x,left_elbow_y,left_wrist_x,left_wrist_y,pelvis_x,pelvis_y,right_hip_x,right_hip_y,right_knee_x,right_knee_y,right_ankle_x,right_ankle_y,left_hip_x,left_hip_y,left_knee_x,left_knee_y,left_ankle_x,left_ankle_y
0.357421875,0.4912109375,0.400390625,0.3740234375,0.373046875,0.3095703125,0.462890625,0.2041015625,0.525390625,0.0693359375,0.388671875,0.3857421875,0.400390625,0.2919921875,0.474609375,0.1923828125,0.537109375,0.0634765625,0.544921875,0.4384765625,0.537109375,0.4384765625,0.228515625,0.8486328125,0.138671875,1.0,0.541015625,0.4443359375,0.232421875,0.8662109375,0.357421875,0.4736328125
