head_top_x,head_top_y,upper_neck_x,upper_neck_y,right_shoulder_x,right_shoulder_y,right_elbow_x,right_elbow_y,right_wrist_x,right_wrist_y,thorax_x,thorax_y,left_shoulder_x,left_shoulder_y,left_elbow_x,left_elbow_y,left_wrist_x,left_wrist_y,pelvis_x,pelvis_y,right_hip_x,right_hip_y,right_knee_x,right_knee_y,right_ankle_x,right_ankle_y,left_hip_x,left_hip_y,left_knee_x,left_knee_y,left_ankle_x,left_ankle_y
0.400390625,0.023933919270833347,0.474609375,0.19073079427083336,0.412109375,0.20463053385416669,0.380859375,0.4339762369791667,0.298828125,0.37837727864583337,0.482421875,0.1629313151041667,0.556640625,0.17683105468750002,0.619140625,0.38532714843750004,0.564453125,0.5382242838541667,0.509765625,0.5938232421875,0.447265625,0.6285725911458333,0.388671875,0.6424723307291667,0.498046875,0.7397705078125,0.572265625,0.5729736328125,0.658203125,0.6494222005208333,0.814453125,0.7745198567708333
