head_top_x,head_top_y,upper_neck_x,upper_neck_y,right_shoulder_x,right_shoulder_y,right_elbow_x,right_elbow_y,right_wrist_x,right_wrist_y,thorax_x,thorax_y,left_shoulder_x,left_shoulder_y,left_elbow_x,left_elbow_y,left_wrist_x,left_wrist_y,pelvis_x,pelvis_y,right_hip_x,right_hip_y,right_knee_x,right_knee_y,right_ankle_x,right_ankle_y,left_hip_x,left_hip_y,left_knee_x,left_knee_y,left_ankle_x,left_ankle_y
0.455078125,0.5598958333333334,0.337890625,0.5338541666666666,0.298828125,0.5442708333333334,0.267578125,0.6848958333333334,0.302734375,0.8255208333333334,0.349609375,0.5286458333333334,0.388671875,0.5338541666666666,0.357421875,0.6953125,0.330078125,0.5963541666666666,0.314453125,0.5338541666666666,0.279296875,0.5442708333333334,0.287109375,0.6744791666666666,0.310546875,0.8307291666666666,0.345703125,0.5286458333333334,0.337890625,0.6901041666666666,0.341796875,0.8098958333333334
