head_top_x,head_top_y,upper_neck_x,upper_neck_y,right_shoulder_x,right_shoulder_y,right_elbow_x,right_elbow_y,right_wrist_x,right_wrist_y,thorax_x,thorax_y,left_shoulder_x,left_shoulder_y,left_elbow_x,left_elbow_y,left_wrist_x,left_wrist_y,pelvis_x,pelvis_y,right_hip_x,right_hip_y,right_knee_x,right_knee_y,right_ankle_x,right_ankle_y,left_hip_x,left_hip_y,left_knee_x,left_knee_y,left_ankle_x,left_ankle_y
0.244140625,0.2994791666666667,0.341796875,0.2265625,0.306640625,0.23177083333333334,0.310546875,0.4192708333333333,0.294921875,0.5911458333333334,0.337890625,0.2526041666666667,0.314453125,0.23177083333333334,0.517578125,0.3619791666666667,0.455078125,0.5963541666666666,0.560546875,0.2942708333333333,0.533203125,0.2682291666666667,0.501953125,0.5598958333333334,0.486328125,0.7890625,0.599609375,0.3255208333333333,0.962890625,1.0,0.505859375,0.8046875
