head_top_x,head_top_y,upper_neck_x,upper_neck_y,right_shoulder_x,right_shoulder_y,right_elbow_x,right_elbow_y,right_wrist_x,right_wrist_y,thorax_x,thorax_y,left_shoulder_x,left_shoulder_y,left_elbow_x,left_elbow_y,left_wrist_x,left_wrist_y,pelvis_x,pelvis_y,right_hip_x,right_hip_y,right_knee_x,right_knee_y,right_ankle_x,right_ankle_y,left_hip_x,left_hip_y,left_knee_x,left_knee_y,left_ankle_x,left_ankle_y
0.505859375,0.6692708333333334,0.326171875,0.5390625,0.490234375,0.5598958333333334,0.587890625,0.2265625,0.666015625,0.11197916666666667,0.322265625,0.5182291666666666,0.353515625,0.5859375,0.318359375,0.6848958333333334,0.662109375,0.1171875,0.478515625,0.4348958333333333,0.509765625,0.4192708333333333,0.490234375,0.6588541666666666,0.474609375,0.8567708333333334,0.478515625,0.4609375,0.533203125,0.06510416666666667,0.470703125,0.9088541666666666
