head_top_x,head_top_y,upper_neck_x,upper_neck_y,right_shoulder_x,right_shoulder_y,right_elbow_x,right_elbow_y,right_wrist_x,right_wrist_y,thorax_x,thorax_y,left_shoulder_x,left_shoulder_y,left_elbow_x,left_elbow_y,left_wrist_x,left_wrist_y,pelvis_x,pelvis_y,right_hip_x,right_hip_y,right_knee_x,right_knee_y,right_ankle_x,right_ankle_y,left_hip_x,left_hip_y,left_knee_x,left_knee_y,left_ankle_x,left_ankle_y
0.470703125,0.40625,0.658203125,0.4131944444444444,0.587890625,0.3298611111111111,0.509765625,0.3645833333333333,0.427734375,0.4409722222222222,0.654296875,0.3645833333333333,0.626953125,0.4409722222222222,0.517578125,0.5659722222222222,0.408203125,0.5381944444444444,0.673828125,0.5381944444444444,0.638671875,0.5243055555555556,0.568359375,0.6701388888888888,0.650390625,0.7534722222222222,0.681640625,0.5451388888888888,0.708984375,0.8715277777777778,0.705078125,0.8923611111111112
