head_top_x,head_top_y,upper_neck_x,upper_neck_y,right_shoulder_x,right_shoulder_y,right_elbow_x,right_elbow_y,right_wrist_x,right_wrist_y,thorax_x,thorax_y,left_shoulder_x,left_shoulder_y,left_elbow_x,left_elbow_y,left_wrist_x,left_wrist_y,pelvis_x,pelvis_y,right_hip_x,right_hip_y,right_knee_x,right_knee_y,right_ankle_x,right_ankle_y,left_hip_x,left_hip_y,left_knee_x,left_knee_y,left_ankle_x,left_ankle_y
0.509765625,0.11458333333333333,0.505859375,0.3645833333333333,0.423828125,0.40625,0.412109375,0.6215277777777778,0.439453125,0.7951388888888888,0.501953125,0.40625,0.580078125,0.40625,0.583984375,0.6284722222222222,0.533203125,0.8020833333333334,0.490234375,0.7881944444444444,0.451171875,0.78125,0.560546875,0.3090277777777778,0.603515625,0.6145833333333334,0.537109375,0.7951388888888888,0.787109375,0.059027777777777776,0.498046875,0.7604166666666666
