head_top_x,head_top_y,upper_neck_x,upper_neck_y,right_shoulder_x,right_shoulder_y,right_elbow_x,right_elbow_y,right_wrist_x,right_wrist_y,thorax_x,thorax_y,left_shoulder_x,left_shoulder_y,left_elbow_x,left_elbow_y,left_wrist_x,left_wrist_y,pelvis_x,pelvis_y,right_hip_x,right_hip_y,right_knee_x,right_knee_y,right_ankle_x,right_ankle_y,left_hip_x,left_hip_y,left_knee_x,left_knee_y,left_ankle_x,left_ankle_y
0.455078125,0.003472222222222222,0.455078125,0.2604166666666667,0.408203125,0.2534722222222222,0.357421875,0.4409722222222222,0.337890625,0.4131944444444444,0.455078125,0.2604166666666667,0.513671875,0.2534722222222222,0.509765625,0.4270833333333333,0.408203125,0.3993055555555556,0.447265625,0.59375,0.408203125,0.5868055555555556,0.423828125,0.8506944444444444,0.419921875,0.7118055555555556,0.482421875,0.59375,0.486328125,0.8715277777777778,0.494140625,0.6979166666666666
