head_top_x,head_top_y,upper_neck_x,upper_neck_y,right_shoulder_x,right_shoulder_y,right_elbow_x,right_elbow_y,right_wrist_x,right_wrist_y,thorax_x,thorax_y,left_shoulder_x,left_shoulder_y,left_elbow_x,left_elbow_y,left_wrist_x,left_wrist_y,pelvis_x,pelvis_y,right_hip_x,right_hip_y,right_knee_x,right_knee_y,right_ankle_x,right_ankle_y,left_hip_x,left_hip_y,left_knee_x,left_knee_y,left_ankle_x,left_ankle_y
0.533203125,0.1423611111111111,0.642578125,0.28125,0.583984375,0.2604166666666667,0.521484375,0.3576388888888889,0.544921875,0.4756944444444444,0.630859375,0.2604166666666667,0.677734375,0.2673611111111111,0.775390625,0.3784722222222222,0.677734375,0.4340277777777778,0.716796875,0.3645833333333333,0.701171875,0.3715277777777778,0.654296875,0.4895833333333333,0.728515625,0.5729166666666666,0.732421875,0.3576388888888889,0.650390625,0.4826388888888889,0.724609375,0.6354166666666666
