head_top_x,head_top_y,upper_neck_x,upper_neck_y,right_shoulder_x,right_shoulder_y,right_elbow_x,right_elbow_y,right_wrist_x,right_wrist_y,thorax_x,thorax_y,left_shoulder_x,left_shoulder_y,left_elbow_x,left_elbow_y,left_wrist_x,left_wrist_y,pelvis_x,pelvis_y,right_hip_x,right_hip_y,right_knee_x,right_knee_y,right_ankle_x,right_ankle_y,left_hip_x,left_hip_y,left_knee_x,left_knee_y,left_ankle_x,left_ankle_y
0.404296875,-0.001953125,0.322265625,0.1689453125,0.306640625,0.2451171875,0.357421875,0.5556640625,0.439453125,0.7900390625,0.298828125,0.2099609375,0.275390625,0.2099609375,0.314453125,0.4326171875,0.439453125,0.7900390625,0.294921875,0.6728515625,0.294921875,0.6728515625,0.333984375,0.9189453125,0.376953125,0.6435546875,0.291015625,0.6669921875,0.333984375,0.8955078125,0.607421875,0.1806640625
