head_top_x,head_top_y,upper_neck_x,upper_neck_y,right_shoulder_x,right_shoulder_y,right_elbow_x,right_elbow_y,right_wrist_x,right_wrist_y,thorax_x,thorax_y,left_shoulder_x,left_shoulder_y,left_elbow_x,left_elbow_y,left_wrist_x,left_wrist_y,pelvis_x,pelvis_y,right_hip_x,right_hip_y,right_knee_x,right_knee_y,right_ankle_x,right_ankle_y,left_hip_x,left_hip_y,left_knee_x,left_knee_y,left_ankle_x,left_ankle_y
0.673828125,0.5590277777777778,0.544921875,0.46875,0.486328125,0.4409722222222222,0.462890625,0.4131944444444444,0.404296875,0.052083333333333336,0.552734375,0.4618055555555556,0.587890625,0.4409722222222222,0.462890625,0.3923611111111111,0.412109375,0.052083333333333336,0.384765625,0.3645833333333333,0.376953125,0.3645833333333333,0.396484375,0.4270833333333333,0.416015625,0.5868055555555556,0.376953125,0.34375,0.376953125,0.3576388888888889,0.423828125,0.5729166666666666
