head_top_x,head_top_y,upper_neck_x,upper_neck_y,right_shoulder_x,right_shoulder_y,right_elbow_x,right_elbow_y,right_wrist_x,right_wrist_y,thorax_x,thorax_y,left_shoulder_x,left_shoulder_y,left_elbow_x,left_elbow_y,left_wrist_x,left_wrist_y,pelvis_x,pelvis_y,right_hip_x,right_hip_y,right_knee_x,right_knee_y,right_ankle_x,right_ankle_y,left_hip_x,left_hip_y,left_knee_x,left_knee_y,left_ankle_x,left_ankle_y
0.462890625,0.1484375,0.486328125,0.3515625,0.404296875,0.3671875,0.369140625,0.5338541666666666,0.369140625,0.4713541666666667,0.486328125,0.3567708333333333,0.572265625,0.3463541666666667,0.619140625,0.4869791666666667,0.568359375,0.4661458333333333,0.490234375,0.6536458333333334,0.443359375,0.6536458333333334,0.458984375,0.8984375,0.513671875,1.0,0.541015625,0.6536458333333334,0.556640625,0.8671875,0.544921875,0.7473958333333334
