head_top_x,head_top_y,upper_neck_x,upper_neck_y,right_shoulder_x,right_shoulder_y,right_elbow_x,right_elbow_y,right_wrist_x,right_wrist_y,thorax_x,thorax_y,left_shoulder_x,left_shoulder_y,left_elbow_x,left_elbow_y,left_wrist_x,left_wrist_y,pelvis_x,pelvis_y,right_hip_x,right_hip_y,right_knee_x,right_knee_y,right_ankle_x,right_ankle_y,left_hip_x,left_hip_y,left_knee_x,left_knee_y,left_ankle_x,left_ankle_y
0.529296875,0.5963541666666666,0.490234375,0.5286458333333334,0.466796875,0.5078125,0.443359375,0.3567708333333333,0.419921875,0.5182291666666666,0.486328125,0.5390625,0.498046875,0.5494791666666666,0.474609375,0.3567708333333333,0.541015625,0.2994791666666667,0.474609375,0.3880208333333333,0.404296875,0.4609375,0.525390625,0.6119791666666666,0.537109375,0.8046875,0.486328125,0.3828125,0.525390625,0.6119791666666666,0.544921875,0.8046875
