head_top_x,head_top_y,upper_neck_x,upper_neck_y,right_shoulder_x,right_shoulder_y,right_elbow_x,right_elbow_y,right_wrist_x,right_wrist_y,thorax_x,thorax_y,left_shoulder_x,left_shoulder_y,left_elbow_x,left_elbow_y,left_wrist_x,left_wrist_y,pelvis_x,pelvis_y,right_hip_x,right_hip_y,right_knee_x,right_knee_y,right_ankle_x,right_ankle_y,left_hip_x,left_hip_y,left_knee_x,left_knee_y,left_ankle_x,left_ankle_y
0.443359375,0.12152777777777778,0.396484375,0.3645833333333333,0.322265625,0.3854166666666667,0.298828125,0.5798611111111112,0.357421875,0.6493055555555556,0.392578125,0.3854166666666667,0.458984375,0.3923611111111111,0.494140625,0.5381944444444444,0.548828125,0.65625,0.396484375,0.7048611111111112,0.361328125,0.7048611111111112,0.376953125,0.9409722222222222,0.392578125,0.96875,0.431640625,0.7048611111111112,0.474609375,0.9131944444444444,0.322265625,0.84375
