head_top_x,head_top_y,upper_neck_x,upper_neck_y,right_shoulder_x,right_shoulder_y,right_elbow_x,right_elbow_y,right_wrist_x,right_wrist_y,thorax_x,thorax_y,left_shoulder_x,left_shoulder_y,left_elbow_x,left_elbow_y,left_wrist_x,left_wrist_y,pelvis_x,pelvis_y,right_hip_x,right_hip_y,right_knee_x,right_knee_y,right_ankle_x,right_ankle_y,left_hip_x,left_hip_y,left_knee_x,left_knee_y,left_ankle_x,left_ankle_y
0.525390625,-0.001953125,0.517578125,0.1837809244791667,0.462890625,0.19768066406250004,0.462890625,0.3088785807291667,0.517578125,0.3366780598958334,0.517578125,0.19073079427083336,0.572265625,0.19073079427083336,0.603515625,0.32277832031250003,0.607421875,0.46177571614583335,0.533203125,0.4687255859375,0.501953125,0.47567545572916664,0.482421875,0.6911214192708334,0.466796875,0.8579182942708333,0.564453125,0.4687255859375,0.572265625,0.6772216796875,0.576171875,0.9135172526041667
