head_top_x,head_top_y,upper_neck_x,upper_neck_y,right_shoulder_x,right_shoulder_y,right_elbow_x,right_elbow_y,right_wrist_x,right_wrist_y,thorax_x,thorax_y,left_shoulder_x,left_shoulder_y,left_elbow_x,left_elbow_y,left_wrist_x,left_wrist_y,pelvis_x,pelvis_y,right_hip_x,right_hip_y,right_knee_x,right_knee_y,right_ankle_x,right_ankle_y,left_hip_x,left_hip_y,left_knee_x,left_knee_y,left_ankle_x,left_ankle_y
0.248046875,0.2421875,0.380859375,0.21614583333333334,0.482421875,0.17447916666666666,0.529296875,0.2734375,0.556640625,0.3723958333333333,0.416015625,0.20052083333333334,0.298828125,0.21614583333333334,0.271484375,0.3776041666666667,0.205078125,0.5182291666666666,0.517578125,0.3307291666666667,0.556640625,0.3151041666666667,0.525390625,0.5651041666666666,0.517578125,0.7578125,0.486328125,0.3411458333333333,0.458984375,0.5338541666666666,0.451171875,0.7317708333333334
