head_top_x,head_top_y,upper_neck_x,upper_neck_y,right_shoulder_x,right_shoulder_y,right_elbow_x,right_elbow_y,right_wrist_x,right_wrist_y,thorax_x,thorax_y,left_shoulder_x,left_shoulder_y,left_elbow_x,left_elbow_y,left_wrist_x,left_wrist_y,pelvis_x,pelvis_y,right_hip_x,right_hip_y,right_knee_x,right_knee_y,right_ankle_x,right_ankle_y,left_hip_x,left_hip_y,left_knee_x,left_knee_y,left_ankle_x,left_ankle_y
0.673828125,0.4736328125,0.556640625,0.4208984375,0.494140625,0.4677734375,0.396484375,0.5791015625,0.466796875,0.7138671875,0.544921875,0.4267578125,0.603515625,0.3798828125,0.646484375,0.6083984375,0.677734375,0.7197265625,0.423828125,0.4853515625,0.376953125,0.4912109375,0.423828125,0.7431640625,0.466796875,0.9833984375,0.466796875,0.5322265625,0.490234375,0.6669921875,0.482421875,0.7138671875
