head_top_x,head_top_y,upper_neck_x,upper_neck_y,right_shoulder_x,right_shoulder_y,right_elbow_x,right_elbow_y,right_wrist_x,right_wrist_y,thorax_x,thorax_y,left_shoulder_x,left_shoulder_y,left_elbow_x,left_elbow_y,left_wrist_x,left_wrist_y,pelvis_x,pelvis_y,right_hip_x,right_hip_y,right_knee_x,right_knee_y,right_ankle_x,right_ankle_y,left_hip_x,left_hip_y,left_knee_x,left_knee_y,left_ankle_x,left_ankle_y
0.466796875,0.13541666666666666,0.505859375,0.34375,0.509765625,0.3645833333333333,0.501953125,0.6215277777777778,0.505859375,0.6770833333333334,0.498046875,0.3298611111111111,0.486328125,0.3715277777777778,0.498046875,0.6006944444444444,0.501953125,0.6631944444444444,0.576171875,0.3020833333333333,0.603515625,0.3090277777777778,0.509765625,0.2951388888888889,0.490234375,0.6770833333333334,0.529296875,0.3020833333333333,0.509765625,0.21180555555555555,0.548828125,0.28125
