head_top_x,head_top_y,upper_neck_x,upper_neck_y,right_shoulder_x,right_shoulder_y,right_elbow_x,right_elbow_y,right_wrist_x,right_wrist_y,thorax_x,thorax_y,left_shoulder_x,left_shoulder_y,left_elbow_x,left_elbow_y,left_wrist_x,left_wrist_y,pelvis_x,pelvis_y,right_hip_x,right_hip_y,right_knee_x,right_knee_y,right_ankle_x,right_ankle_y,left_hip_x,left_hip_y,left_knee_x,left_knee_y,left_ankle_x,left_ankle_y
0.541015625,0.22135416666666666,0.541015625,0.4036458333333333,0.466796875,0.4088541666666667,0.423828125,0.5598958333333334,0.435546875,0.5598958333333334,0.541015625,0.4348958333333333,0.626953125,0.4453125,0.642578125,0.6067708333333334,0.552734375,0.5807291666666666,0.525390625,0.7005208333333334,0.486328125,0.6901041666666666,0.396484375,0.12239583333333333,0.400390625,0.21614583333333334,0.568359375,0.7057291666666666,0.548828125,1.0,0.568359375,0.9921875
