head_top_x,head_top_y,upper_neck_x,upper_neck_y,right_shoulder_x,right_shoulder_y,right_elbow_x,right_elbow_y,right_wrist_x,right_wrist_y,thorax_x,thorax_y,left_shoulder_x,left_shoulder_y,left_elbow_x,left_elbow_y,left_wrist_x,left_wrist_y,pelvis_x,pelvis_y,right_hip_x,right_hip_y,right_knee_x,right_knee_y,right_ankle_x,right_ankle_y,left_hip_x,left_hip_y,left_knee_x,left_knee_y,left_ankle_x,left_ankle_y
0.314453125,0.6701388888888888,0.408203125,0.59375,0.310546875,0.5243055555555556,0.345703125,0.4756944444444444,0.544921875,0.3298611111111111,0.380859375,0.5729166666666666,0.435546875,0.6493055555555556,0.544921875,0.46875,0.591796875,0.3645833333333333,0.392578125,0.4548611111111111,0.357421875,0.4409722222222222,0.798828125,0.4201388888888889,0.763671875,0.4756944444444444,0.404296875,0.4826388888888889,0.798828125,0.40625,0.771484375,0.7743055555555556
