head_top_x,head_top_y,upper_neck_x,upper_neck_y,right_shoulder_x,right_shoulder_y,right_elbow_x,right_elbow_y,right_wrist_x,right_wrist_y,thorax_x,thorax_y,left_shoulder_x,left_shoulder_y,left_elbow_x,left_elbow_y,left_wrist_x,left_wrist_y,pelvis_x,pelvis_y,right_hip_x,right_hip_y,right_knee_x,right_knee_y,right_ankle_x,right_ankle_y,left_hip_x,left_hip_y,left_knee_x,left_knee_y,left_ankle_x,left_ankle_y
0.873046875,0.23958333333333334,0.818359375,0.4756944444444444,0.759765625,0.4409722222222222,0.697265625,0.4340277777777778,0.603515625,0.4409722222222222,0.798828125,0.4895833333333333,0.830078125,0.5451388888888888,0.708984375,0.4409722222222222,0.607421875,0.4340277777777778,0.646484375,0.6215277777777778,0.619140625,0.6006944444444444,0.544921875,0.8020833333333334,0.556640625,1.0,0.666015625,0.6215277777777778,0.541015625,0.7881944444444444,0.404296875,0.3159722222222222
