head_top_x,head_top_y,upper_neck_x,upper_neck_y,right_shoulder_x,right_shoulder_y,right_elbow_x,right_elbow_y,right_wrist_x,right_wrist_y,thorax_x,thorax_y,left_shoulder_x,left_shoulder_y,left_elbow_x,left_elbow_y,left_wrist_x,left_wrist_y,pelvis_x,pelvis_y,right_hip_x,right_hip_y,right_knee_x,right_knee_y,right_ankle_x,right_ankle_y,left_hip_x,left_hip_y,left_knee_x,left_knee_y,left_ankle_x,left_ankle_y
0.630859375,0.14930555555555555,0.619140625,0.3645833333333333,0.576171875,0.3576388888888889,0.525390625,0.4826388888888889,0.513671875,0.5520833333333334,0.619140625,0.3645833333333333,0.666015625,0.3715277777777778,0.677734375,0.5590277777777778,0.591796875,0.6284722222222222,0.591796875,0.6701388888888888,0.552734375,0.65625,0.537109375,0.8298611111111112,0.544921875,0.8020833333333334,0.630859375,0.6701388888888888,0.587890625,0.8159722222222222,0.556640625,0.8645833333333334
