head_top_x,head_top_y,upper_neck_x,upper_neck_y,right_shoulder_x,right_shoulder_y,right_elbow_x,right_elbow_y,right_wrist_x,right_wrist_y,thorax_x,thorax_y,left_shoulder_x,left_shoulder_y,left_elbow_x,left_elbow_y,left_wrist_x,left_wrist_y,pelvis_x,pelvis_y,right_hip_x,right_hip_y,right_knee_x,right_knee_y,right_ankle_x,right_ankle_y,left_hip_x,left_hip_y,left_knee_x,left_knee_y,left_ankle_x,left_ankle_y
0.478515625,0.19791666666666666,0.525390625,0.4340277777777778,0.455078125,0.4201388888888889,0.384765625,0.5798611111111112,0.482421875,0.4201388888888889,0.525390625,0.4340277777777778,0.599609375,0.4340277777777778,0.646484375,0.3229166666666667,0.580078125,0.4756944444444444,0.517578125,0.8090277777777778,0.474609375,0.7881944444444444,0.513671875,0.7951388888888888,0.431640625,0.7118055555555556,0.564453125,0.8368055555555556,0.556640625,0.8368055555555556,0.474609375,0.3645833333333333
