head_top_x,head_top_y,upper_neck_x,upper_neck_y,right_shoulder_x,right_shoulder_y,right_elbow_x,right_elbow_y,right_wrist_x,right_wrist_y,thorax_x,thorax_y,left_shoulder_x,left_shoulder_y,left_elbow_x,left_elbow_y,left_wrist_x,left_wrist_y,pelvis_x,pelvis_y,right_hip_x,right_hip_y,right_knee_x,right_knee_y,right_ankle_x,right_ankle_y,left_hip_x,left_hip_y,left_knee_x,left_knee_y,left_ankle_x,left_ankle_y
0.650390625,0.024305555555555556,0.689453125,0.2465277777777778,0.623046875,0.21875,0.599609375,0.3298611111111111,0.595703125,0.40625,0.677734375,0.21180555555555555,0.740234375,0.19791666666666666,0.767578125,0.03819444444444445,0.654296875,0.46875,0.697265625,0.3645833333333333,0.669921875,0.3854166666666667,0.634765625,0.4270833333333333,0.673828125,0.4756944444444444,0.732421875,0.34375,0.662109375,0.4270833333333333,0.697265625,0.4618055555555556
