head_top_x,head_top_y,upper_neck_x,upper_neck_y,right_shoulder_x,right_shoulder_y,right_elbow_x,right_elbow_y,right_wrist_x,right_wrist_y,thorax_x,thorax_y,left_shoulder_x,left_shoulder_y,left_elbow_x,left_elbow_y,left_wrist_x,left_wrist_y,pelvis_x,pelvis_y,right_hip_x,right_hip_y,right_knee_x,right_knee_y,right_ankle_x,right_ankle_y,left_hip_x,left_hip_y,left_knee_x,left_knee_y,left_ankle_x,left_ankle_y
0.560546875,0.0927734375,0.548828125,0.2978515625,0.517578125,0.3095703125,0.587890625,0.4794921875,0.478515625,0.3330078125,0.548828125,0.3037109375,0.587890625,0.3447265625,0.591796875,0.4677734375,0.494140625,0.3505859375,0.443359375,0.6552734375,0.439453125,0.6435546875,0.392578125,0.7255859375,0.341796875,0.9658203125,0.466796875,0.6787109375,0.412109375,0.7548828125,0.443359375,0.9775390625
