head_top_x,head_top_y,upper_neck_x,upper_neck_y,right_shoulder_x,right_shoulder_y,right_elbow_x,right_elbow_y,right_wrist_x,right_wrist_y,thorax_x,thorax_y,left_shoulder_x,left_shoulder_y,left_elbow_x,left_elbow_y,left_wrist_x,left_wrist_y,pelvis_x,pelvis_y,right_hip_x,right_hip_y,right_knee_x,right_knee_y,right_ankle_x,right_ankle_y,left_hip_x,left_hip_y,left_knee_x,left_knee_y,left_ankle_x,left_ankle_y
0.611328125,0.21853027343750003,0.556640625,0.4409261067708334,0.537109375,0.38532714843750004,0.548828125,0.2949788411458334,0.572265625,0.1629313151041667,0.564453125,0.3922770182291667,0.603515625,0.3922770182291667,0.580078125,0.2463297526041667,0.580078125,0.1420817057291667,0.556640625,0.4687255859375,0.544921875,0.46177571614583335,0.572265625,0.6911214192708334,0.556640625,0.8370686848958333,0.560546875,0.4687255859375,0.544921875,0.6494222005208333,0.560546875,0.8162190755208334
