head_top_x,head_top_y,upper_neck_x,upper_neck_y,right_shoulder_x,right_shoulder_y,right_elbow_x,right_elbow_y,right_wrist_x,right_wrist_y,thorax_x,thorax_y,left_shoulder_x,left_shoulder_y,left_elbow_x,left_elbow_y,left_wrist_x,left_wrist_y,pelvis_x,pelvis_y,right_hip_x,right_hip_y,right_knee_x,right_knee_y,right_ankle_x,right_ankle_y,left_hip_x,left_hip_y,left_knee_x,left_knee_y,left_ankle_x,left_ankle_y
0.232421875,0.2949788411458334,0.478515625,0.5799235026041667,0.412109375,0.5799235026041667,0.482421875,0.5243245442708333,0.501953125,0.5729736328125,0.462890625,0.5938232421875,0.478515625,0.5173746744791666,0.505859375,0.5312744140625,0.509765625,0.5660237630208333,0.482421875,0.5312744140625,0.474609375,0.5312744140625,0.583984375,0.5938232421875,0.240234375,0.9065673828125,0.490234375,0.5243245442708333,0.580078125,0.5938232421875,0.552734375,0.8718180338541667
