head_top_x,head_top_y,upper_neck_x,upper_neck_y,right_shoulder_x,right_shoulder_y,right_elbow_x,right_elbow_y,right_wrist_x,right_wrist_y,thorax_x,thorax_y,left_shoulder_x,left_shoulder_y,left_elbow_x,left_elbow_y,left_wrist_x,left_wrist_y,pelvis_x,pelvis_y,right_hip_x,right_hip_y,right_knee_x,right_knee_y,right_ankle_x,right_ankle_y,left_hip_x,left_hip_y,left_knee_x,left_knee_y,left_ankle_x,left_ankle_y
0.626953125,0.024305555555555556,0.638671875,0.2951388888888889,0.568359375,0.2326388888888889,0.482421875,0.3993055555555556,0.365234375,0.4340277777777778,0.638671875,0.2743055555555556,0.724609375,0.3090277777777778,0.779296875,0.5798611111111112,0.677734375,0.53125,0.611328125,0.59375,0.560546875,0.5729166666666666,0.544921875,0.6284722222222222,0.564453125,0.6006944444444444,0.662109375,0.6354166666666666,0.638671875,0.5104166666666666,0.650390625,0.7743055555555556
