head_top_x,head_top_y,upper_neck_x,upper_neck_y,right_shoulder_x,right_shoulder_y,right_elbow_x,right_elbow_y,right_wrist_x,right_wrist_y,thorax_x,thorax_y,left_shoulder_x,left_shoulder_y,left_elbow_x,left_elbow_y,left_wrist_x,left_wrist_y,pelvis_x,pelvis_y,right_hip_x,right_hip_y,right_knee_x,right_knee_y,right_ankle_x,right_ankle_y,left_hip_x,left_hip_y,left_knee_x,left_knee_y,left_ankle_x,left_ankle_y
0.533203125,0.10733235677083336,0.478515625,0.3714274088541667,0.396484375,0.37837727864583337,0.314453125,0.5312744140625,0.650390625,0.42702636718750003,0.478515625,0.3922770182291667,0.552734375,0.42007649739583336,0.607421875,0.5451741536458333,0.650390625,0.42702636718750003,0.439453125,0.7397705078125,0.392578125,0.7467203776041667,0.400390625,0.8092692057291667,0.423828125,0.8787679036458333,0.482421875,0.7397705078125,0.466796875,0.7814697265625,0.478515625,0.8231689453125001
