head_top_x,head_top_y,upper_neck_x,upper_neck_y,right_shoulder_x,right_shoulder_y,right_elbow_x,right_elbow_y,right_wrist_x,right_wrist_y,thorax_x,thorax_y,left_shoulder_x,left_shoulder_y,left_elbow_x,left_elbow_y,left_wrist_x,left_wrist_y,pelvis_x,pelvis_y,right_hip_x,right_hip_y,right_knee_x,right_knee_y,right_ankle_x,right_ankle_y,left_hip_x,left_hip_y,left_knee_x,left_knee_y,left_ankle_x,left_ankle_y
0.517578125,0.08680555555555555,0.517578125,0.3576388888888889,0.435546875,0.3854166666666667,0.396484375,0.6215277777777778,0.400390625,0.8368055555555556,0.517578125,0.40625,0.603515625,0.4131944444444444,0.619140625,0.6840277777777778,0.626953125,0.90625,0.513671875,0.7951388888888888,0.462890625,0.7951388888888888,0.443359375,1.0,0.568359375,0.3020833333333333,0.560546875,0.8020833333333334,0.560546875,1.0,0.529296875,0.90625
