head_top_x,head_top_y,upper_neck_x,upper_neck_y,right_shoulder_x,right_shoulder_y,right_elbow_x,right_elbow_y,right_wrist_x,right_wrist_y,thorax_x,thorax_y,left_shoulder_x,left_shoulder_y,left_elbow_x,left_elbow_y,left_wrist_x,left_wrist_y,pelvis_x,pelvis_y,right_hip_x,right_hip_y,right_knee_x,right_knee_y,right_ankle_x,right_ankle_y,left_hip_x,left_hip_y,left_knee_x,left_knee_y,left_ankle_x,left_ankle_y
0.587890625,-0.001953125,0.583984375,0.2465277777777778,0.544921875,0.2465277777777778,0.521484375,0.3715277777777778,0.541015625,0.5104166666666666,0.583984375,0.2534722222222222,0.623046875,0.2534722222222222,0.642578125,0.3993055555555556,0.603515625,0.5173611111111112,0.580078125,0.5381944444444444,0.552734375,0.5381944444444444,0.568359375,0.7743055555555556,0.552734375,0.8020833333333334,0.607421875,0.5381944444444444,0.603515625,0.7604166666666666,0.583984375,0.8090277777777778
