head_top_x,head_top_y,upper_neck_x,upper_neck_y,right_shoulder_x,right_shoulder_y,right_elbow_x,right_elbow_y,right_wrist_x,right_wrist_y,thorax_x,thorax_y,left_shoulder_x,left_shoulder_y,left_elbow_x,left_elbow_y,left_wrist_x,left_wrist_y,pelvis_x,pelvis_y,right_hip_x,right_hip_y,right_knee_x,right_knee_y,right_ankle_x,right_ankle_y,left_hip_x,left_hip_y,left_knee_x,left_knee_y,left_ankle_x,left_ankle_y
0.611328125,0.0798611111111111,0.630859375,0.3506944444444444,0.560546875,0.3993055555555556,0.501953125,0.5590277777777778,0.447265625,0.6423611111111112,0.634765625,0.40625,0.701171875,0.40625,0.763671875,0.6354166666666666,0.767578125,0.8298611111111112,0.669921875,0.7048611111111112,0.634765625,0.6840277777777778,0.509765625,0.7534722222222222,0.685546875,0.9409722222222222,0.712890625,0.7256944444444444,0.615234375,0.7326388888888888,0.681640625,0.9618055555555556
