head_top_x,head_top_y,upper_neck_x,upper_neck_y,right_shoulder_x,right_shoulder_y,right_elbow_x,right_elbow_y,right_wrist_x,right_wrist_y,thorax_x,thorax_y,left_shoulder_x,left_shoulder_y,left_elbow_x,left_elbow_y,left_wrist_x,left_wrist_y,pelvis_x,pelvis_y,right_hip_x,right_hip_y,right_knee_x,right_knee_y,right_ankle_x,right_ankle_y,left_hip_x,left_hip_y,left_knee_x,left_knee_y,left_ankle_x,left_ankle_y
0.447265625,-0.001953125,0.470703125,0.17447916666666666,0.345703125,0.23697916666666666,0.333984375,0.4765625,0.166015625,0.3567708333333333,0.470703125,0.22135416666666666,0.603515625,0.18489583333333334,0.548828125,0.3098958333333333,0.388671875,0.2682291666666667,0.517578125,0.7109375,0.451171875,0.7161458333333334,0.166015625,0.3880208333333333,0.345703125,1.0,0.583984375,0.7109375,0.525390625,0.9036458333333334,0.802734375,1.0
