head_top_x,head_top_y,upper_neck_x,upper_neck_y,right_shoulder_x,right_shoulder_y,right_elbow_x,right_elbow_y,right_wrist_x,right_wrist_y,thorax_x,thorax_y,left_shoulder_x,left_shoulder_y,left_elbow_x,left_elbow_y,left_wrist_x,left_wrist_y,pelvis_x,pelvis_y,right_hip_x,right_hip_y,right_knee_x,right_knee_y,right_ankle_x,right_ankle_y,left_hip_x,left_hip_y,left_knee_x,left_knee_y,left_ankle_x,left_ankle_y
0.525390625,-0.001953125,0.576171875,0.16927083333333334,0.470703125,0.19010416666666666,0.423828125,0.3723958333333333,0.341796875,0.23697916666666666,0.580078125,0.2109375,0.685546875,0.2265625,0.681640625,0.5963541666666666,0.517578125,0.5598958333333334,0.552734375,0.6848958333333334,0.486328125,0.6692708333333334,0.361328125,0.8932291666666666,0.357421875,1.0,0.626953125,0.7161458333333334,0.638671875,0.9401041666666666,0.638671875,0.9609375
