head_top_x,head_top_y,upper_neck_x,upper_neck_y,right_shoulder_x,right_shoulder_y,right_elbow_x,right_elbow_y,right_wrist_x,right_wrist_y,thorax_x,thorax_y,left_shoulder_x,left_shoulder_y,left_elbow_x,left_elbow_y,left_wrist_x,left_wrist_y,pelvis_x,pelvis_y,right_hip_x,right_hip_y,right_knee_x,right_knee_y,right_ankle_x,right_ankle_y,left_hip_x,left_hip_y,left_knee_x,left_knee_y,left_ankle_x,left_ankle_y
0.732421875,0.0390625,0.708984375,0.23177083333333334,0.580078125,0.3098958333333333,0.529296875,0.5130208333333334,0.533203125,0.6692708333333334,0.689453125,0.3098958333333333,0.775390625,0.2942708333333333,0.904296875,0.4505208333333333,0.681640625,0.5390625,0.619140625,0.6276041666666666,0.587890625,0.6328125,0.599609375,0.3359375,0.369140625,0.20052083333333334,0.634765625,0.6276041666666666,0.599609375,0.3151041666666667,0.392578125,0.20572916666666666
