head_top_x,head_top_y,upper_neck_x,upper_neck_y,right_shoulder_x,right_shoulder_y,right_elbow_x,right_elbow_y,right_wrist_x,right_wrist_y,thorax_x,thorax_y,left_shoulder_x,left_shoulder_y,left_elbow_x,left_elbow_y,left_wrist_x,left_wrist_y,pelvis_x,pelvis_y,right_hip_x,right_hip_y,right_knee_x,right_knee_y,right_ankle_x,right_ankle_y,left_hip_x,left_hip_y,left_knee_x,left_knee_y,left_ankle_x,left_ankle_y
0.34375,0.31702898550724634,0.38722826086956524,0.5090579710144927,0.3220108695652174,0.5018115942028986,0.30570652173913043,0.625,0.26766304347826086,0.6032608695652174,0.389945652173913,0.5163043478260869,0.4633152173913043,0.5271739130434782,0.4470108695652174,0.6793478260869565,0.36277173913043476,0.6648550724637681,0.39809782608695654,0.7192028985507246,0.36277173913043476,0.7047101449275363,0.27309782608695654,0.7445652173913043,0.28125,0.9655797101449276,0.4279891304347826,0.7373188405797101,0.3383152173913043,0.7590579710144927,0.3546195652173913,0.947463768115942
