head_top_x,head_top_y,upper_neck_x,upper_neck_y,right_shoulder_x,right_shoulder_y,right_elbow_x,right_elbow_y,right_wrist_x,right_wrist_y,thorax_x,thorax_y,left_shoulder_x,left_shoulder_y,left_elbow_x,left_elbow_y,left_wrist_x,left_wrist_y,pelvis_x,pelvis_y,right_hip_x,right_hip_y,right_knee_x,right_knee_y,right_ankle_x,right_ankle_y,left_hip_x,left_hip_y,left_knee_x,left_knee_y,left_ankle_x,left_ankle_y
0.5363791681395075,0.24864130434782608,0.524891009779663,0.38179347826086957,0.4636208318604925,0.36820652173913043,0.4368151290208554,0.4279891304347826,0.4291563567809592,0.4633152173913043,0.5287203958996111,0.3736413043478261,0.5938199599387298,0.3763586956521739,0.6167962766584187,0.4633152173913043,0.5287203958996111,0.49320652173913043,0.4942559208200778,0.5258152173913043,0.44830328738069986,0.5176630434782609,0.4329857429009073,0.6644021739130435,0.4023506539413221,0.8029891304347826,0.5402085542594557,0.53125,0.5210616236597149,0.6589673913043478,0.5478673264993519,0.7785326086956522
