head_top_x,head_top_y,upper_neck_x,upper_neck_y,right_shoulder_x,right_shoulder_y,right_elbow_x,right_elbow_y,right_wrist_x,right_wrist_y,thorax_x,thorax_y,left_shoulder_x,left_shoulder_y,left_elbow_x,left_elbow_y,left_wrist_x,left_wrist_y,pelvis_x,pelvis_y,right_hip_x,right_hip_y,right_knee_x,right_knee_y,right_ankle_x,right_ankle_y,left_hip_x,left_hip_y,left_knee_x,left_knee_y,left_ankle_x,left_ankle_y
0.4904891304347826,0.6420858198351804,0.5040760869565217,0.5435729847494554,0.49592391304347827,0.5397840295538506,0.4633152173913043,0.6193520886615516,0.501358695652174,0.6761864165956238,0.49592391304347827,0.5587288055318747,0.501358695652174,0.5322061191626409,0.5122282608695652,0.5473619399450601,0.5285326086956522,0.6761864165956238,0.48777173913043476,0.448849104859335,0.47690217391304346,0.38443686653405323,0.4741847826086957,0.2139338827318367,0.7377717391304348,0.3048688074263522,0.501358695652174,0.4564270152505447,0.4633152173913043,0.2366676139054656,0.7350543478260869,0.3124467178175618
