head_top_x,head_top_y,upper_neck_x,upper_neck_y,right_shoulder_x,right_shoulder_y,right_elbow_x,right_elbow_y,right_wrist_x,right_wrist_y,thorax_x,thorax_y,left_shoulder_x,left_shoulder_y,left_elbow_x,left_elbow_y,left_wrist_x,left_wrist_y,pelvis_x,pelvis_y,right_hip_x,right_hip_y,right_knee_x,right_knee_y,right_ankle_x,right_ankle_y,left_hip_x,left_hip_y,left_knee_x,left_knee_y,left_ankle_x,left_ankle_y
0.8189760260056888,0.38722826086956524,0.6808208045509956,0.4741847826086957,0.5792360828931329,0.6589673913043478,0.619869971556278,0.3654891304347826,0.5914262494920763,0.2921195652173913,0.6767574156846811,0.47690217391304346,0.6767574156846811,0.53125,0.5792360828931329,0.5692934782608695,0.5467289719626168,0.5339673913043478,0.5914262494920763,0.5828804347826086,0.5670459162941893,0.5774456521739131,0.4329540837058106,0.6589673913043478,0.4898415278342138,0.7676630434782609,0.5873628606257619,0.5801630434782609,0.5467289719626168,0.6480978260869565,0.5670459162941893,0.8573369565217391
