head_top_x,head_top_y,upper_neck_x,upper_neck_y,right_shoulder_x,right_shoulder_y,right_elbow_x,right_elbow_y,right_wrist_x,right_wrist_y,thorax_x,thorax_y,left_shoulder_x,left_shoulder_y,left_elbow_x,left_elbow_y,left_wrist_x,left_wrist_y,pelvis_x,pelvis_y,right_hip_x,right_hip_y,right_knee_x,right_knee_y,right_ankle_x,right_ankle_y,left_hip_x,left_hip_y,left_knee_x,left_knee_y,left_ankle_x,left_ankle_y
0.47690217391304346,0.02712899748472871,0.4008152173913043,0.16798418972332016,0.29483695652173914,0.13061444484369386,0.17527173913043478,0.1766079770032339,0.10461956521739131,0.23122529644268774,0.389945652173913,0.19098095580309019,0.49320652173913043,0.22547610492274525,0.561141304347826,0.39795185052102044,0.6345108695652174,0.5416816385195832,0.26222826086956524,0.4726913402802731,0.2105978260869565,0.48131512756018685,0.360054347826087,0.2628458498023715,0.6399456521739131,0.6997844053180022,0.31657608695652173,0.46119295724038806,0.6019021739130435,0.5244340639597557,0.7024456521739131,0.6882860222781171
