head_top_x,head_top_y,upper_neck_x,upper_neck_y,right_shoulder_x,right_shoulder_y,right_elbow_x,right_elbow_y,right_wrist_x,right_wrist_y,thorax_x,thorax_y,left_shoulder_x,left_shoulder_y,left_elbow_x,left_elbow_y,left_wrist_x,left_wrist_y,pelvis_x,pelvis_y,right_hip_x,right_hip_y,right_knee_x,right_knee_y,right_ankle_x,right_ankle_y,left_hip_x,left_hip_y,left_knee_x,left_knee_y,left_ankle_x,left_ankle_y
0.5632782200449072,0.19157608695652173,0.485711369667279,0.33016304347826086,0.4734639722392325,0.3383152173913043,0.44488671157379056,0.38179347826086957,0.3224127372933252,0.48233695652173914,0.48162890385793017,0.29483695652173914,0.567360685854256,0.2078804347826087,0.5714431516636047,0.20244565217391305,0.5796080832823025,0.28396739130434784,0.4775464380485814,0.5258152173913043,0.4734639722392325,0.5258152173913043,0.5306184935701163,0.360054347826087,0.6326801388038374,0.5149456521739131,0.4775464380485814,0.5149456521739131,0.6490100020412329,0.4008152173913043,0.6285976729944887,0.5149456521739131
