head_top_x,head_top_y,upper_neck_x,upper_neck_y,right_shoulder_x,right_shoulder_y,right_elbow_x,right_elbow_y,right_wrist_x,right_wrist_y,thorax_x,thorax_y,left_shoulder_x,left_shoulder_y,left_elbow_x,left_elbow_y,left_wrist_x,left_wrist_y,pelvis_x,pelvis_y,right_hip_x,right_hip_y,right_knee_x,right_knee_y,right_ankle_x,right_ankle_y,left_hip_x,left_hip_y,left_knee_x,left_knee_y,left_ankle_x,left_ankle_y
0.5910326086956522,0.6323694124834538,0.6453804347826086,0.5020364524997455,0.6535326086956522,0.5224009774971999,0.5720108695652174,0.5916403624885449,0.5720108695652174,0.7749210874656348,0.6453804347826086,0.47759902250280006,0.6453804347826086,0.5142551674982181,0.5502717391304348,0.5957132674880359,0.5692934782608695,0.7789939924651257,0.49592391304347827,0.35133896751858257,0.48233695652173914,0.33097444252112823,0.6725543478260869,0.15583952754302005,0.4361413043478261,0.6445881274819264,0.4796195652173913,0.3228286325221464,0.6725543478260869,0.16398533754200179,0.4633152173913043,0.6730984624783627
