head_top_x,head_top_y,upper_neck_x,upper_neck_y,right_shoulder_x,right_shoulder_y,right_elbow_x,right_elbow_y,right_wrist_x,right_wrist_y,thorax_x,thorax_y,left_shoulder_x,left_shoulder_y,left_elbow_x,left_elbow_y,left_wrist_x,left_wrist_y,pelvis_x,pelvis_y,right_hip_x,right_hip_y,right_knee_x,right_knee_y,right_ankle_x,right_ankle_y,left_hip_x,left_hip_y,left_knee_x,left_knee_y,left_ankle_x,left_ankle_y
0.47146739130434784,0.18342391304347827,0.48233695652173914,0.327445652173913,0.40625,0.35190217391304346,0.3953804347826087,0.46875,0.389945652173913,0.5828804347826086,0.48233695652173914,0.3491847826086957,0.5557065217391305,0.34646739130434784,0.5883152173913043,0.4578804347826087,0.5774456521739131,0.5747282608695652,0.485054347826087,0.5692934782608695,0.4470108695652174,0.5720108695652174,0.4578804347826087,0.7323369565217391,0.46059782608695654,0.9116847826086957,0.5230978260869565,0.5692934782608695,0.5203804347826086,0.7323369565217391,0.5095108695652174,0.8953804347826086
