head_top_x,head_top_y,upper_neck_x,upper_neck_y,right_shoulder_x,right_shoulder_y,right_elbow_x,right_elbow_y,right_wrist_x,right_wrist_y,thorax_x,thorax_y,left_shoulder_x,left_shoulder_y,left_elbow_x,left_elbow_y,left_wrist_x,left_wrist_y,pelvis_x,pelvis_y,right_hip_x,right_hip_y,right_knee_x,right_knee_y,right_ankle_x,right_ankle_y,left_hip_x,left_hip_y,left_knee_x,left_knee_y,left_ankle_x,left_ankle_y
0.5712758374910905,0.3328804347826087,0.587567457489054,0.4904891304347826,0.4694532125038183,0.501358695652174,0.371703492516037,0.5747282608695652,0.29839120252520107,0.5258152173913043,0.5916403624885449,0.5095108695652174,0.7056817024742897,0.5122282608695652,0.7138275124732716,0.6508152173913043,0.5997861724875267,0.6589673913043478,0.5590571224926179,0.7894021739130435,0.5142551674982181,0.751358695652174,0.5305467874961816,0.8301630434782609,0.5224009774971999,0.9823369565217391,0.5794216474900723,0.7622282608695652,0.587567457489054,0.8084239130434783,0.5753487424905814,0.9796195652173914
