head_top_x,head_top_y,upper_neck_x,upper_neck_y,right_shoulder_x,right_shoulder_y,right_elbow_x,right_elbow_y,right_wrist_x,right_wrist_y,thorax_x,thorax_y,left_shoulder_x,left_shoulder_y,left_elbow_x,left_elbow_y,left_wrist_x,left_wrist_y,pelvis_x,pelvis_y,right_hip_x,right_hip_y,right_knee_x,right_knee_y,right_ankle_x,right_ankle_y,left_hip_x,left_hip_y,left_knee_x,left_knee_y,left_ankle_x,left_ankle_y
0.5285326086956522,0.621376811594203,0.561141304347826,0.552536231884058,0.5774456521739131,0.5380434782608696,0.4796195652173913,0.1865942028985507,0.6046195652173914,0.18297101449275366,0.5557065217391305,0.5452898550724637,0.5774456521739131,0.5416666666666666,0.7160326086956522,0.5597826086956522,0.7241847826086957,0.5380434782608696,0.5421195652173914,0.5235507246376812,0.5394021739130435,0.5018115942028986,0.5149456521739131,0.592391304347826,0.5339673913043478,0.6068840579710145,0.5502717391304348,0.5271739130434782,0.5584239130434783,0.5742753623188407,0.5448369565217391,0.6105072463768115
