head_top_x,head_top_y,upper_neck_x,upper_neck_y,right_shoulder_x,right_shoulder_y,right_elbow_x,right_elbow_y,right_wrist_x,right_wrist_y,thorax_x,thorax_y,left_shoulder_x,left_shoulder_y,left_elbow_x,left_elbow_y,left_wrist_x,left_wrist_y,pelvis_x,pelvis_y,right_hip_x,right_hip_y,right_knee_x,right_knee_y,right_ankle_x,right_ankle_y,left_hip_x,left_hip_y,left_knee_x,left_knee_y,left_ankle_x,left_ankle_y
0.6752717391304348,0.13185042957563134,0.6209239130434783,0.32711208018745125,0.561141304347826,0.335247982296277,0.5584239130434783,0.39626724811247077,0.6127717391304348,0.40440315022129664,0.6182065217391305,0.3474518354595158,0.6752717391304348,0.35965568862275454,0.6807065217391305,0.4206749544389482,0.6399456521739131,0.40440315022129664,0.5883152173913043,0.6444122624316584,0.5557065217391305,0.6403443113772456,0.5720108695652174,0.9047611299140849,0.5692934782608695,0.9128970320229107,0.6182065217391305,0.6484802134860714,0.6046195652173914,0.8966252278052591,0.6100543478260869,0.994256053111169
