head_top_x,head_top_y,upper_neck_x,upper_neck_y,right_shoulder_x,right_shoulder_y,right_elbow_x,right_elbow_y,right_wrist_x,right_wrist_y,thorax_x,thorax_y,left_shoulder_x,left_shoulder_y,left_elbow_x,left_elbow_y,left_wrist_x,left_wrist_y,pelvis_x,pelvis_y,right_hip_x,right_hip_y,right_knee_x,right_knee_y,right_ankle_x,right_ankle_y,left_hip_x,left_hip_y,left_knee_x,left_knee_y,left_ankle_x,left_ankle_y
0.4938906425007637,0.5421195652173914,0.5305467874961816,0.6154891304347826,0.5468384074941453,0.6073369565217391,0.5386925974951634,0.5720108695652174,0.8360146624579982,0.4388586956521739,0.5346196924956725,0.6154891304347826,0.5142551674982181,0.6154891304347826,0.47352611750330925,0.5122282608695652,0.4816719275022909,0.37092391304347827,0.5101822624987271,0.5394021739130435,0.5142551674982181,0.561141304347826,0.5427655024946544,0.21331521739130435,0.5101822624987271,0.24592391304347827,0.5101822624987271,0.5421195652173914,0.5386925974951634,0.19157608695652173,0.5142551674982181,0.10461956521739131
