head_top_x,head_top_y,upper_neck_x,upper_neck_y,right_shoulder_x,right_shoulder_y,right_elbow_x,right_elbow_y,right_wrist_x,right_wrist_y,thorax_x,thorax_y,left_shoulder_x,left_shoulder_y,left_elbow_x,left_elbow_y,left_wrist_x,left_wrist_y,pelvis_x,pelvis_y,right_hip_x,right_hip_y,right_knee_x,right_knee_y,right_ankle_x,right_ankle_y,left_hip_x,left_hip_y,left_knee_x,left_knee_y,left_ankle_x,left_ankle_y
0.5285326086956522,0.31875572752265546,0.4279891304347826,0.4287241625089094,0.40353260869565216,0.445015782506873,0.4171195652173913,0.6160777924854903,0.44157608695652173,0.7016087974747989,0.46603260869565216,0.40835963751145493,0.5366847826086957,0.3839222075145097,0.5665760869565217,0.5020364524997455,0.5774456521739131,0.66087974747989,0.44429347826086957,0.4124325425109459,0.40353260869565216,0.42057835250992776,0.43070652173913043,0.518328072497709,0.4279891304347826,0.6730984624783627,0.46059782608695654,0.43279706750840036,0.5203804347826086,0.48574483250178185,0.5883152173913043,0.6771713674778537
