head_top_x,head_top_y,upper_neck_x,upper_neck_y,right_shoulder_x,right_shoulder_y,right_elbow_x,right_elbow_y,right_wrist_x,right_wrist_y,thorax_x,thorax_y,left_shoulder_x,left_shoulder_y,left_elbow_x,left_elbow_y,left_wrist_x,left_wrist_y,pelvis_x,pelvis_y,right_hip_x,right_hip_y,right_knee_x,right_knee_y,right_ankle_x,right_ankle_y,left_hip_x,left_hip_y,left_knee_x,left_knee_y,left_ankle_x,left_ankle_y
0.5232228099600051,0.2703804347826087,0.5129015610888916,0.28125,0.49225906334666497,0.29483695652173914,0.3993678235066443,0.41440217391304346,0.45613469229776793,0.35190217391304346,0.5077409366533351,0.2758152173913043,0.543865307702232,0.2758152173913043,0.4716165656044381,0.3845108695652174,0.6419171719778093,0.49592391304347827,0.3838859501999741,0.48777173913043476,0.35292220358663395,0.48777173913043476,0.3374403302799638,0.6779891304347826,0.37356470132886077,0.8682065217391305,0.404528447942201,0.49320652173913043,0.3787253257644175,0.6725543478260869,0.49741968778222156,0.8573369565217391
