head_top_x,head_top_y,upper_neck_x,upper_neck_y,right_shoulder_x,right_shoulder_y,right_elbow_x,right_elbow_y,right_wrist_x,right_wrist_y,thorax_x,thorax_y,left_shoulder_x,left_shoulder_y,left_elbow_x,left_elbow_y,left_wrist_x,left_wrist_y,pelvis_x,pelvis_y,right_hip_x,right_hip_y,right_knee_x,right_knee_y,right_ankle_x,right_ankle_y,left_hip_x,left_hip_y,left_knee_x,left_knee_y,left_ankle_x,left_ankle_y
0.5475543478260869,0.4734639722392325,0.5448369565217391,0.2979179424372321,0.5285326086956522,0.3020004082465809,0.47690217391304346,0.38773219024290667,0.4171195652173913,0.45305164319248825,0.5448369565217391,0.28975301081853444,0.5529891304347826,0.28567054500918554,0.6290760869565217,0.3714023270055113,0.6942934782608695,0.5020412329046745,0.49320652173913043,0.49387630128597676,0.4741847826086957,0.4979587670953256,0.41983695652173914,0.5755256174729537,0.8355978260869565,0.16319657072872013,0.48777173913043476,0.5102061645233721,0.4116847826086957,0.6000204123290467,0.8573369565217391,0.167279036538069
