head_top_x,head_top_y,upper_neck_x,upper_neck_y,right_shoulder_x,right_shoulder_y,right_elbow_x,right_elbow_y,right_wrist_x,right_wrist_y,thorax_x,thorax_y,left_shoulder_x,left_shoulder_y,left_elbow_x,left_elbow_y,left_wrist_x,left_wrist_y,pelvis_x,pelvis_y,right_hip_x,right_hip_y,right_knee_x,right_knee_y,right_ankle_x,right_ankle_y,left_hip_x,left_hip_y,left_knee_x,left_knee_y,left_ankle_x,left_ankle_y
0.48731884057971014,0.16168478260869565,0.48731884057971014,0.3220108695652174,0.4221014492753623,0.33016304347826086,0.375,0.3845108695652174,0.35326086956521735,0.41983695652173914,0.49094202898550726,0.33016304347826086,0.552536231884058,0.3220108695652174,0.5778985507246377,0.3845108695652174,0.5561594202898551,0.44429347826086957,0.483695652173913,0.4361413043478261,0.4474637681159421,0.4388586956521739,0.4510869565217391,0.49592391304347827,0.4474637681159421,0.6127717391304348,0.5163043478260869,0.4388586956521739,0.4981884057971015,0.5421195652173914,0.5054347826086957,0.623641304347826
