head_top_x,head_top_y,upper_neck_x,upper_neck_y,right_shoulder_x,right_shoulder_y,right_elbow_x,right_elbow_y,right_wrist_x,right_wrist_y,thorax_x,thorax_y,left_shoulder_x,left_shoulder_y,left_elbow_x,left_elbow_y,left_wrist_x,left_wrist_y,pelvis_x,pelvis_y,right_hip_x,right_hip_y,right_knee_x,right_knee_y,right_ankle_x,right_ankle_y,left_hip_x,left_hip_y,left_knee_x,left_knee_y,left_ankle_x,left_ankle_y
0.24048913043478262,0.3635576825170553,0.5883152173913043,0.1314020975460747,0.5855978260869565,0.11511047754811117,0.5095108695652174,0.5794216474900723,0.44157608695652173,0.5997861724875267,0.5883152173913043,0.1314020975460747,0.5910326086956522,0.1354750025455656,0.5176630434782609,0.4938906425007637,0.5285326086956522,0.5631300274921088,0.5747282608695652,0.1843498625394562,0.5095108695652174,0.5386925974951634,0.4986413043478261,0.445015782506873,0.46875,0.8482333774564708,0.5720108695652174,0.13954790754505653,0.5230978260869565,0.4124325425109459,0.46875,0.7667752774666531
