head_top_x,head_top_y,upper_neck_x,upper_neck_y,right_shoulder_x,right_shoulder_y,right_elbow_x,right_elbow_y,right_wrist_x,right_wrist_y,thorax_x,thorax_y,left_shoulder_x,left_shoulder_y,left_elbow_x,left_elbow_y,left_wrist_x,left_wrist_y,pelvis_x,pelvis_y,right_hip_x,right_hip_y,right_knee_x,right_knee_y,right_ankle_x,right_ankle_y,left_hip_x,left_hip_y,left_knee_x,left_knee_y,left_ankle_x,left_ankle_y
0.5855978260869565,0.4221014492753623,0.5176630434782609,0.36775362318840576,0.44157608695652173,0.3894927536231884,0.41983695652173914,0.5815217391304347,0.47690217391304346,0.3894927536231884,0.5176630434782609,0.3605072463768116,0.5665760869565217,0.36775362318840576,0.6508152173913043,0.4692028985507246,0.6345108695652174,0.3713768115942029,0.5665760869565217,0.3278985507246377,0.5475543478260869,0.22644927536231885,0.501358695652174,0.6612318840579711,0.4388586956521739,0.2518115942028985,0.5855978260869565,0.39673913043478265,0.5991847826086957,0.621376811594203,0.6154891304347826,0.6865942028985508
