head_top_x,head_top_y,upper_neck_x,upper_neck_y,right_shoulder_x,right_shoulder_y,right_elbow_x,right_elbow_y,right_wrist_x,right_wrist_y,thorax_x,thorax_y,left_shoulder_x,left_shoulder_y,left_elbow_x,left_elbow_y,left_wrist_x,left_wrist_y,pelvis_x,pelvis_y,right_hip_x,right_hip_y,right_knee_x,right_knee_y,right_ankle_x,right_ankle_y,left_hip_x,left_hip_y,left_knee_x,left_knee_y,left_ankle_x,left_ankle_y
0.3383152173913043,0.07746478873239437,0.4171195652173913,0.2652582159624413,0.3491847826086957,0.21218616044090632,0.2866847826086957,0.2407634211063482,0.21603260869565216,0.3060828740559298,0.40625,0.2448458869156971,0.46875,0.27342314758113906,0.5665760869565217,0.27750561339048785,0.626358695652174,0.36323739538681366,0.5095108695652174,0.3550724637681159,0.47690217391304346,0.3714023270055113,0.41983695652173914,0.542865890998163,0.44429347826086957,0.7429067156562564,0.5421195652173914,0.34282506634006943,0.5149456521739131,0.5061236987140233,0.5366847826086957,0.7714839763216984
