head_top_x,head_top_y,upper_neck_x,upper_neck_y,right_shoulder_x,right_shoulder_y,right_elbow_x,right_elbow_y,right_wrist_x,right_wrist_y,thorax_x,thorax_y,left_shoulder_x,left_shoulder_y,left_elbow_x,left_elbow_y,left_wrist_x,left_wrist_y,pelvis_x,pelvis_y,right_hip_x,right_hip_y,right_knee_x,right_knee_y,right_ankle_x,right_ankle_y,left_hip_x,left_hip_y,left_knee_x,left_knee_y,left_ankle_x,left_ankle_y
0.371703492516037,0.09375,0.4002138275124733,0.264945652173913,0.31875572752265546,0.2866847826086957,0.2698808675287649,0.37907608695652173,0.29431829752571015,0.46875,0.4002138275124733,0.27309782608695654,0.4816719275022909,0.26766304347826086,0.5061093574992364,0.3763586956521739,0.445015782506873,0.41440217391304346,0.4002138275124733,0.46059782608695654,0.3554118725180735,0.4578804347826087,0.4042867325119641,0.563858695652174,0.3879951125140005,0.7051630434782609,0.445015782506873,0.4633152173913043,0.47352611750330925,0.5747282608695652,0.42057835250992776,0.688858695652174
