head_top_x,head_top_y,upper_neck_x,upper_neck_y,right_shoulder_x,right_shoulder_y,right_elbow_x,right_elbow_y,right_wrist_x,right_wrist_y,thorax_x,thorax_y,left_shoulder_x,left_shoulder_y,left_elbow_x,left_elbow_y,left_wrist_x,left_wrist_y,pelvis_x,pelvis_y,right_hip_x,right_hip_y,right_knee_x,right_knee_y,right_ankle_x,right_ankle_y,left_hip_x,left_hip_y,left_knee_x,left_knee_y,left_ankle_x,left_ankle_y
0.3138586956521739,0.27355072463768115,0.28940217391304346,0.43297101449275366,0.297554347826087,0.4365942028985507,0.360054347826087,0.5670289855072465,0.34103260869565216,0.7047101449275363,0.2921195652173913,0.44384057971014496,0.28125,0.43297101449275366,0.3546195652173913,0.5670289855072465,0.34375,0.7047101449275363,0.33559782608695654,0.49094202898550726,0.3845108695652174,0.5054347826086957,0.59375,0.4945652173913044,0.6209239130434783,0.1902173913043478,0.4388586956521739,0.46557971014492755,0.59375,0.483695652173913,0.6182065217391305,0.19384057971014493
