head_top_x,head_top_y,upper_neck_x,upper_neck_y,right_shoulder_x,right_shoulder_y,right_elbow_x,right_elbow_y,right_wrist_x,right_wrist_y,thorax_x,thorax_y,left_shoulder_x,left_shoulder_y,left_elbow_x,left_elbow_y,left_wrist_x,left_wrist_y,pelvis_x,pelvis_y,right_hip_x,right_hip_y,right_knee_x,right_knee_y,right_ankle_x,right_ankle_y,left_hip_x,left_hip_y,left_knee_x,left_knee_y,left_ankle_x,left_ankle_y
0.39662511401641837,0.7975543478260869,0.2628458498023715,0.6942934782608695,0.13717441978311543,0.6970108695652174,0.3723016114320462,0.5720108695652174,0.20609101043883649,0.4796195652173913,0.2831154352893483,0.6942934782608695,0.4331103678929766,0.6915760869565217,0.35608594304246477,0.563858695652174,0.21419884463362726,0.49320652173913043,0.15744400527009222,0.561141304347826,0.11690483429613863,0.49320652173913043,0.05609607783520827,0.4578804347826087,0.24663018141279008,0.46059782608695654,0.20609101043883649,0.5747282608695652,0.25068409851018547,0.47146739130434784,0.25068409851018547,0.4633152173913043
