head_top_x,head_top_y,upper_neck_x,upper_neck_y,right_shoulder_x,right_shoulder_y,right_elbow_x,right_elbow_y,right_wrist_x,right_wrist_y,thorax_x,thorax_y,left_shoulder_x,left_shoulder_y,left_elbow_x,left_elbow_y,left_wrist_x,left_wrist_y,pelvis_x,pelvis_y,right_hip_x,right_hip_y,right_knee_x,right_knee_y,right_ankle_x,right_ankle_y,left_hip_x,left_hip_y,left_knee_x,left_knee_y,left_ankle_x,left_ankle_y
0.4013422048870024,0.15896739130434784,0.41510840885625794,0.3111413043478261,0.29121257313295856,0.34103260869565216,0.23155902259951816,0.4470108695652174,0.31874498107146954,0.452445652173913,0.41510840885625794,0.34103260869565216,0.5435929792359756,0.34103260869565216,0.5940690604565791,0.4633152173913043,0.5022943673282093,0.5203804347826086,0.41510840885625794,0.5665760869565217,0.3462773890099805,0.561141304347826,0.33251118504072497,0.7323369565217391,0.341688654353562,0.8872282608695652,0.47476195938969834,0.5692934782608695,0.5160605712974647,0.6997282608695652,0.4609957554204428,0.90625
