head_top_x,head_top_y,upper_neck_x,upper_neck_y,right_shoulder_x,right_shoulder_y,right_elbow_x,right_elbow_y,right_wrist_x,right_wrist_y,thorax_x,thorax_y,left_shoulder_x,left_shoulder_y,left_elbow_x,left_elbow_y,left_wrist_x,left_wrist_y,pelvis_x,pelvis_y,right_hip_x,right_hip_y,right_knee_x,right_knee_y,right_ankle_x,right_ankle_y,left_hip_x,left_hip_y,left_knee_x,left_knee_y,left_ankle_x,left_ankle_y
0.28940217391304346,0.3228286325221464,0.37092391304347827,0.371703492516037,0.3845108695652174,0.3676305875165462,0.34103260869565216,0.4490886875063638,0.38179347826086957,0.5224009774971999,0.360054347826087,0.3839222075145097,0.37907608695652173,0.3879951125140005,0.33559782608695654,0.4694532125038183,0.3845108695652174,0.550911312493636,0.5529891304347826,0.29839120252520107,0.5529891304347826,0.29431829752571015,0.7540760869565217,0.3106099175236738,0.29483695652173914,0.3146828225231646,0.5692934782608695,0.29431829752571015,0.9116847826086957,0.30653701252418286,0.9442934782608695,0.2250789125343651
