head_top_x,head_top_y,upper_neck_x,upper_neck_y,right_shoulder_x,right_shoulder_y,right_elbow_x,right_elbow_y,right_wrist_x,right_wrist_y,thorax_x,thorax_y,left_shoulder_x,left_shoulder_y,left_elbow_x,left_elbow_y,left_wrist_x,left_wrist_y,pelvis_x,pelvis_y,right_hip_x,right_hip_y,right_knee_x,right_knee_y,right_ankle_x,right_ankle_y,left_hip_x,left_hip_y,left_knee_x,left_knee_y,left_ankle_x,left_ankle_y
0.31702898550724634,0.25407608695652173,0.3134057971014493,0.40896739130434784,0.19746376811594205,0.4116847826086957,0.1684782608695652,0.5203804347826086,0.23731884057971012,0.5067934782608695,0.30978260869565216,0.40896739130434784,0.4039855072463768,0.4008152173913043,0.5126811594202899,0.4796195652173913,0.5887681159420289,0.43342391304347827,0.3278985507246377,0.5801630434782609,0.233695652173913,0.6073369565217391,0.2518115942028985,0.6182065217391305,0.2989130434782609,0.7730978260869565,0.4039855072463768,0.563858695652174,0.4945652173913044,0.6046195652173914,0.4547101449275362,0.751358695652174
