head_top_x,head_top_y,upper_neck_x,upper_neck_y,right_shoulder_x,right_shoulder_y,right_elbow_x,right_elbow_y,right_wrist_x,right_wrist_y,thorax_x,thorax_y,left_shoulder_x,left_shoulder_y,left_elbow_x,left_elbow_y,left_wrist_x,left_wrist_y,pelvis_x,pelvis_y,right_hip_x,right_hip_y,right_knee_x,right_knee_y,right_ankle_x,right_ankle_y,left_hip_x,left_hip_y,left_knee_x,left_knee_y,left_ankle_x,left_ankle_y
0.47206963969835203,0.389945652173913,0.47579368773857184,0.34646739130434784,0.45717344753747324,0.327445652173913,0.39386463085373796,0.36820652173913043,0.47579368773857184,0.3383152173913043,0.47579368773857184,0.34103260869565216,0.47579368773857184,0.327445652173913,0.5465506005027464,0.3736413043478261,0.5353784563820873,0.3736413043478261,0.5018620240201099,0.46875,0.47579368773857184,0.48233695652173914,0.5539986965831859,0.5230978260869565,0.5763429848245043,0.5665760869565217,0.5093101201005492,0.4741847826086957,0.5539986965831859,0.5258152173913043,0.5763429848245043,0.563858695652174
