head_top_x,head_top_y,upper_neck_x,upper_neck_y,right_shoulder_x,right_shoulder_y,right_elbow_x,right_elbow_y,right_wrist_x,right_wrist_y,thorax_x,thorax_y,left_shoulder_x,left_shoulder_y,left_elbow_x,left_elbow_y,left_wrist_x,left_wrist_y,pelvis_x,pelvis_y,right_hip_x,right_hip_y,right_knee_x,right_knee_y,right_ankle_x,right_ankle_y,left_hip_x,left_hip_y,left_knee_x,left_knee_y,left_ankle_x,left_ankle_y
0.5200109150445699,0.15896739130434784,0.5673094415135529,0.33016304347826086,0.5054575222848826,0.3654891304347826,0.31626341640895034,0.46875,0.4181371657267601,0.48233695652173914,0.5818628342732399,0.37092391304347827,0.6691831908313626,0.37092391304347827,0.7601418955794069,0.49592391304347827,0.6036929234127707,0.4633152173913043,0.5090958704748043,0.6725543478260869,0.436328906676369,0.6345108695652174,0.24713480080043665,0.6399456521739131,0.1998362743314535,0.8247282608695652,0.5709477897034746,0.6970108695652174,0.7528651991995634,0.688858695652174,0.385392032017464,0.7894021739130435
