head_top_x,head_top_y,upper_neck_x,upper_neck_y,right_shoulder_x,right_shoulder_y,right_elbow_x,right_elbow_y,right_wrist_x,right_wrist_y,thorax_x,thorax_y,left_shoulder_x,left_shoulder_y,left_elbow_x,left_elbow_y,left_wrist_x,left_wrist_y,pelvis_x,pelvis_y,right_hip_x,right_hip_y,right_knee_x,right_knee_y,right_ankle_x,right_ankle_y,left_hip_x,left_hip_y,left_knee_x,left_knee_y,left_ankle_x,left_ankle_y
0.40625,0.2815880791998367,0.34375,0.4775464380485814,0.31657608695652173,0.43672177995509287,0.25407608695652173,0.5591957542355582,0.23505434782608695,0.7674015105123495,0.3546195652173913,0.45305164319248825,0.37907608695652173,0.461216574811186,0.3383152173913043,0.6285976729944887,0.35733695652173914,0.7469891814656052,0.6209239130434783,0.567360685854256,0.6209239130434783,0.567360685854256,0.626358695652174,0.7143294549908145,0.6290760869565217,0.7469891814656052,0.6182065217391305,0.5632782200449072,0.6290760869565217,0.6816697285160237,0.6290760869565217,0.7388242498469074
