head_top_x,head_top_y,upper_neck_x,upper_neck_y,right_shoulder_x,right_shoulder_y,right_elbow_x,right_elbow_y,right_wrist_x,right_wrist_y,thorax_x,thorax_y,left_shoulder_x,left_shoulder_y,left_elbow_x,left_elbow_y,left_wrist_x,left_wrist_y,pelvis_x,pelvis_y,right_hip_x,right_hip_y,right_knee_x,right_knee_y,right_ankle_x,right_ankle_y,left_hip_x,left_hip_y,left_knee_x,left_knee_y,left_ankle_x,left_ankle_y
0.3676305875165462,0.264945652173913,0.43279706750840036,0.40625,0.3146828225231646,0.4279891304347826,0.3228286325221464,0.5339673913043478,0.34319315751960083,0.4388586956521739,0.445015782506873,0.4171195652173913,0.5794216474900723,0.39809782608695654,0.6079319824865085,0.561141304347826,0.42465125750941857,0.4361413043478261,0.47352611750330925,0.5883152173913043,0.40835963751145493,0.5855978260869565,0.2617350575297831,0.5964673913043478,0.43686997250789117,0.751358695652174,0.5427655024946544,0.6046195652173914,0.445015782506873,0.6073369565217391,0.4898177375012727,0.7432065217391305
