head_top_x,head_top_y,upper_neck_x,upper_neck_y,right_shoulder_x,right_shoulder_y,right_elbow_x,right_elbow_y,right_wrist_x,right_wrist_y,thorax_x,thorax_y,left_shoulder_x,left_shoulder_y,left_elbow_x,left_elbow_y,left_wrist_x,left_wrist_y,pelvis_x,pelvis_y,right_hip_x,right_hip_y,right_knee_x,right_knee_y,right_ankle_x,right_ankle_y,left_hip_x,left_hip_y,left_knee_x,left_knee_y,left_ankle_x,left_ankle_y
0.3953804347826087,0.5342348510783977,0.4470108695652174,0.6027045532351933,0.452445652173913,0.5753166723724752,0.47690217391304346,0.47032979573205524,0.45516304347826086,0.5798813191829282,0.44429347826086957,0.5798813191829282,0.422554347826087,0.5798813191829282,0.4361413043478261,0.4748944425425083,0.5149456521739131,0.3151318041766518,0.46875,0.5616227319411161,0.485054347826087,0.547928791509757,0.5448369565217391,0.2694853360721214,0.7703804347826086,0.5022823234052266,0.47146739130434784,0.5661873787515691,0.5149456521739131,0.2420974552094032,0.7296195652173914,0.4748944425425083
