head_top_x,head_top_y,upper_neck_x,upper_neck_y,right_shoulder_x,right_shoulder_y,right_elbow_x,right_elbow_y,right_wrist_x,right_wrist_y,thorax_x,thorax_y,left_shoulder_x,left_shoulder_y,left_elbow_x,left_elbow_y,left_wrist_x,left_wrist_y,pelvis_x,pelvis_y,right_hip_x,right_hip_y,right_knee_x,right_knee_y,right_ankle_x,right_ankle_y,left_hip_x,left_hip_y,left_knee_x,left_knee_y,left_ankle_x,left_ankle_y
0.78125,0.34423142759329,0.6807065217391305,0.48801780212256074,0.6073369565217391,0.4640534063676824,0.5339673913043478,0.5804519000342349,0.43342391304347827,0.4709003765833618,0.6698369565217391,0.49486477233824033,0.7459239130434783,0.5290996234166382,0.5394021739130435,0.5564875042793564,0.4008152173913043,0.484594317014721,0.44429347826086957,0.5222526532009586,0.44157608695652173,0.5222526532009586,0.3845108695652174,0.5017117425539199,0.3138586956521739,0.5975693255734338,0.43342391304347827,0.515405682985279,0.36820652173913043,0.4914412872304006,0.31657608695652173,0.642074631975351
