head_top_x,head_top_y,upper_neck_x,upper_neck_y,right_shoulder_x,right_shoulder_y,right_elbow_x,right_elbow_y,right_wrist_x,right_wrist_y,thorax_x,thorax_y,left_shoulder_x,left_shoulder_y,left_elbow_x,left_elbow_y,left_wrist_x,left_wrist_y,pelvis_x,pelvis_y,right_hip_x,right_hip_y,right_knee_x,right_knee_y,right_ankle_x,right_ankle_y,left_hip_x,left_hip_y,left_knee_x,left_knee_y,left_ankle_x,left_ankle_y
0.5962149405464283,0.03940217391304348,0.5235998910774258,0.18885869565217392,0.44735408913497327,0.18885869565217392,0.36384678224562045,0.32472826086956524,0.38926204955977123,0.4279891304347826,0.5163383861305255,0.21331521739130435,0.588953435599528,0.23233695652173914,0.5998456930198783,0.36277173913043476,0.6724607424888809,0.4578804347826087,0.4836616138694744,0.47146739130434784,0.44735408913497327,0.47146739130434784,0.4909231188163747,0.6535326086956522,0.4691386039756739,0.8410326086956522,0.5199691386039758,0.46875,0.5707996732322774,0.6399456521739131,0.5671689207588273,0.8192934782608695
