head_top_x,head_top_y,upper_neck_x,upper_neck_y,right_shoulder_x,right_shoulder_y,right_elbow_x,right_elbow_y,right_wrist_x,right_wrist_y,thorax_x,thorax_y,left_shoulder_x,left_shoulder_y,left_elbow_x,left_elbow_y,left_wrist_x,left_wrist_y,pelvis_x,pelvis_y,right_hip_x,right_hip_y,right_knee_x,right_knee_y,right_ankle_x,right_ankle_y,left_hip_x,left_hip_y,left_knee_x,left_knee_y,left_ankle_x,left_ankle_y
0.501358695652174,0.26046698872785823,0.46875,0.4899355877616746,0.4796195652173913,0.5181159420289855,0.452445652173913,0.26046698872785823,0.46875,0.4979871175523349,0.46875,0.5181159420289855,0.47690217391304346,0.4376006441223832,0.47690217391304346,0.29669887278582924,0.46059782608695654,0.4859098228663446,0.4904891304347826,0.44565217391304346,0.485054347826087,0.4335748792270531,0.8057065217391305,0.6147342995169083,0.9660326086956522,0.5181159420289855,0.48777173913043476,0.42954911433172294,0.7975543478260869,0.6147342995169083,0.96875,0.5140901771336555
