head_top_x,head_top_y,upper_neck_x,upper_neck_y,right_shoulder_x,right_shoulder_y,right_elbow_x,right_elbow_y,right_wrist_x,right_wrist_y,thorax_x,thorax_y,left_shoulder_x,left_shoulder_y,left_elbow_x,left_elbow_y,left_wrist_x,left_wrist_y,pelvis_x,pelvis_y,right_hip_x,right_hip_y,right_knee_x,right_knee_y,right_ankle_x,right_ankle_y,left_hip_x,left_hip_y,left_knee_x,left_knee_y,left_ankle_x,left_ankle_y
0.2708578143360752,0.2296195652173913,0.37269878574226406,0.2703804347826087,0.400117508813161,0.3383152173913043,0.3844496670583627,0.485054347826087,0.3100274187230709,0.6345108695652174,0.36878182530356446,0.3111413043478261,0.3374461417939679,0.3220108695652174,0.3570309439874657,0.4796195652173913,0.517626321974148,0.40625,0.3844496670583627,0.5502717391304348,0.3844496670583627,0.5448369565217391,0.7526439482961224,0.327445652173913,0.2982765374069722,0.6317934782608695,0.3922835879357618,0.5448369565217391,0.7565609087348217,0.31657608695652173,0.2982765374069722,0.6317934782608695
