head_top_x,head_top_y,upper_neck_x,upper_neck_y,right_shoulder_x,right_shoulder_y,right_elbow_x,right_elbow_y,right_wrist_x,right_wrist_y,thorax_x,thorax_y,left_shoulder_x,left_shoulder_y,left_elbow_x,left_elbow_y,left_wrist_x,left_wrist_y,pelvis_x,pelvis_y,right_hip_x,right_hip_y,right_knee_x,right_knee_y,right_ankle_x,right_ankle_y,left_hip_x,left_hip_y,left_knee_x,left_knee_y,left_ankle_x,left_ankle_y
0.8410326086956522,0.5126811594202899,0.7921195652173914,0.4039855072463768,0.7730978260869565,0.3786231884057971,0.5285326086956522,0.24094202898550723,0.7894021739130435,0.44384057971014496,0.7975543478260869,0.39673913043478265,0.7866847826086957,0.38224637681159424,0.7839673913043478,0.4076086956521739,0.811141304347826,0.4510869565217391,0.7703804347826086,0.35326086956521735,0.7567934782608695,0.3315217391304348,0.6372282608695652,0.42934782608695654,0.16983695652173914,0.411231884057971,0.7758152173913043,0.3786231884057971,0.688858695652174,0.38224637681159424,0.18885869565217392,0.40036231884057966
