head_top_x,head_top_y,upper_neck_x,upper_neck_y,right_shoulder_x,right_shoulder_y,right_elbow_x,right_elbow_y,right_wrist_x,right_wrist_y,thorax_x,thorax_y,left_shoulder_x,left_shoulder_y,left_elbow_x,left_elbow_y,left_wrist_x,left_wrist_y,pelvis_x,pelvis_y,right_hip_x,right_hip_y,right_knee_x,right_knee_y,right_ankle_x,right_ankle_y,left_hip_x,left_hip_y,left_knee_x,left_knee_y,left_ankle_x,left_ankle_y
0.5584239130434783,0.10190217391304347,0.49320652173913043,0.23233695652173914,0.4279891304347826,0.20516304347826086,0.3546195652173913,0.28940217391304346,0.3845108695652174,0.32472826086956524,0.485054347826087,0.24592391304347827,0.5529891304347826,0.2513586956521739,0.5964673913043478,0.3654891304347826,0.6616847826086957,0.39266304347826086,0.5747282608695652,0.6019021739130435,0.5529891304347826,0.6019021739130435,0.34646739130434784,0.6154891304347826,0.23505434782608695,0.7921195652173914,0.5910326086956522,0.6046195652173914,0.39809782608695654,0.6182065217391305,0.34103260869565216,0.813858695652174
