head_top_x,head_top_y,upper_neck_x,upper_neck_y,right_shoulder_x,right_shoulder_y,right_elbow_x,right_elbow_y,right_wrist_x,right_wrist_y,thorax_x,thorax_y,left_shoulder_x,left_shoulder_y,left_elbow_x,left_elbow_y,left_wrist_x,left_wrist_y,pelvis_x,pelvis_y,right_hip_x,right_hip_y,right_knee_x,right_knee_y,right_ankle_x,right_ankle_y,left_hip_x,left_hip_y,left_knee_x,left_knee_y,left_ankle_x,left_ankle_y
0.5843328335832083,0.08288043478260869,0.4868815592203898,0.19701086956521738,0.4269115442278861,0.17255434782608695,0.46064467766116945,0.2703804347826087,0.5468515742128935,0.3220108695652174,0.4906296851574213,0.19429347826086957,0.5580959520239881,0.22146739130434784,0.5505997001499251,0.297554347826087,0.58808095952024,0.327445652173913,0.3856821589205397,0.3546195652173913,0.35569715142428787,0.3491847826086957,0.3744377811094453,0.5067934782608695,0.28448275862068967,0.59375,0.4231634182908546,0.360054347826087,0.4269115442278861,0.49592391304347827,0.4194152923538231,0.6535326086956522
