head_top_x,head_top_y,upper_neck_x,upper_neck_y,right_shoulder_x,right_shoulder_y,right_elbow_x,right_elbow_y,right_wrist_x,right_wrist_y,thorax_x,thorax_y,left_shoulder_x,left_shoulder_y,left_elbow_x,left_elbow_y,left_wrist_x,left_wrist_y,pelvis_x,pelvis_y,right_hip_x,right_hip_y,right_knee_x,right_knee_y,right_ankle_x,right_ankle_y,left_hip_x,left_hip_y,left_knee_x,left_knee_y,left_ankle_x,left_ankle_y
0.32711208018745125,0.4388586956521739,0.44101470971101275,0.5747282608695652,0.43287880760218694,0.5692934782608695,0.5833929966154648,0.4578804347826087,0.4532185628742515,0.3654891304347826,0.44508266076542563,0.5747282608695652,0.40033519916688365,0.59375,0.3759274928404062,0.44157608695652173,0.4491506118198386,0.3654891304347826,0.5305096329080968,0.6182065217391305,0.5549173392345744,0.6100543478260869,0.8356059619890654,0.6589673913043478,0.6159366050507681,0.6752717391304348,0.518305779744858,0.6182065217391305,0.8315380109346524,0.6508152173913043,0.611868653996355,0.6589673913043478
