head_top_x,head_top_y,upper_neck_x,upper_neck_y,right_shoulder_x,right_shoulder_y,right_elbow_x,right_elbow_y,right_wrist_x,right_wrist_y,thorax_x,thorax_y,left_shoulder_x,left_shoulder_y,left_elbow_x,left_elbow_y,left_wrist_x,left_wrist_y,pelvis_x,pelvis_y,right_hip_x,right_hip_y,right_knee_x,right_knee_y,right_ankle_x,right_ankle_y,left_hip_x,left_hip_y,left_knee_x,left_knee_y,left_ankle_x,left_ankle_y
0.5285326086956522,0.17236341096254312,0.5475543478260869,0.35300628708049236,0.49320652173913043,0.36717435579562563,0.49592391304347827,0.5230231116620916,0.44972826086956524,0.8099265031435402,0.5475543478260869,0.3636323386168423,0.5991847826086957,0.35654830425927564,0.59375,0.5301071460196582,0.5720108695652174,0.5796953865226245,0.5529891304347826,0.49114495705304173,0.5230978260869565,0.484060922695475,0.48233695652173914,0.6221995926680244,0.28396739130434784,0.2892499778623926,0.5801630434782609,0.484060922695475,0.5964673913043478,0.6257416098468077,0.2921195652173913,0.282165943504826
