head_top_x,head_top_y,upper_neck_x,upper_neck_y,right_shoulder_x,right_shoulder_y,right_elbow_x,right_elbow_y,right_wrist_x,right_wrist_y,thorax_x,thorax_y,left_shoulder_x,left_shoulder_y,left_elbow_x,left_elbow_y,left_wrist_x,left_wrist_y,pelvis_x,pelvis_y,right_hip_x,right_hip_y,right_knee_x,right_knee_y,right_ankle_x,right_ankle_y,left_hip_x,left_hip_y,left_knee_x,left_knee_y,left_ankle_x,left_ankle_y
0.3918146560522555,0.09375,0.43672177995509287,0.24592391304347827,0.3183302714839763,0.2595108695652174,0.31016533986527867,0.3383152173913043,0.485711369667279,0.35190217391304346,0.44488671157379056,0.264945652173913,0.5796080832823025,0.2703804347826087,0.644927536231884,0.38722826086956524,0.6898346601347214,0.4904891304347826,0.4489691773831394,0.5040760869565217,0.3754847928148602,0.5040760869565217,0.4285568483363952,0.5801630434782609,0.5306184935701163,0.7866847826086957,0.5183710961420698,0.49592391304347827,0.5551132884262094,0.6671195652173914,0.3346601347213717,0.7078804347826086
