head_top_x,head_top_y,upper_neck_x,upper_neck_y,right_shoulder_x,right_shoulder_y,right_elbow_x,right_elbow_y,right_wrist_x,right_wrist_y,thorax_x,thorax_y,left_shoulder_x,left_shoulder_y,left_elbow_x,left_elbow_y,left_wrist_x,left_wrist_y,pelvis_x,pelvis_y,right_hip_x,right_hip_y,right_knee_x,right_knee_y,right_ankle_x,right_ankle_y,left_hip_x,left_hip_y,left_knee_x,left_knee_y,left_ankle_x,left_ankle_y
0.697999591753419,0.19429347826086957,0.6041028781383955,0.31929347826086957,0.5224535619514187,0.36820652173913043,0.567360685854256,0.2595108695652174,0.46938150642988363,0.26222826086956524,0.6163502755664422,0.3138586956521739,0.6694223310879772,0.26766304347826086,0.5632782200449072,0.264945652173913,0.461216574811186,0.264945652173913,0.5102061645233721,0.563858695652174,0.4979587670953256,0.5339673913043478,0.6408450704225352,0.6209239130434783,0.6081853439477445,0.5122282608695652,0.49387630128597676,0.5584239130434783,0.644927536231884,0.6154891304347826,0.4081445192896509,0.6399456521739131
