head_top_x,head_top_y,upper_neck_x,upper_neck_y,right_shoulder_x,right_shoulder_y,right_elbow_x,right_elbow_y,right_wrist_x,right_wrist_y,thorax_x,thorax_y,left_shoulder_x,left_shoulder_y,left_elbow_x,left_elbow_y,left_wrist_x,left_wrist_y,pelvis_x,pelvis_y,right_hip_x,right_hip_y,right_knee_x,right_knee_y,right_ankle_x,right_ankle_y,left_hip_x,left_hip_y,left_knee_x,left_knee_y,left_ankle_x,left_ankle_y
0.5584239130434783,0.23777173913043478,0.5285326086956522,0.3845108695652174,0.45516304347826086,0.4008152173913043,0.41983695652173914,0.48233695652173914,0.49592391304347827,0.501358695652174,0.5285326086956522,0.4008152173913043,0.5991847826086957,0.40625,0.6127717391304348,0.48777173913043476,0.5801630434782609,0.4904891304347826,0.53125,0.485054347826087,0.48233695652173914,0.5040760869565217,0.501358695652174,0.5910326086956522,0.4986413043478261,0.8328804347826086,0.561141304347826,0.5122282608695652,0.5828804347826086,0.5991847826086957,0.623641304347826,0.8519021739130435
