head_top_x,head_top_y,upper_neck_x,upper_neck_y,right_shoulder_x,right_shoulder_y,right_elbow_x,right_elbow_y,right_wrist_x,right_wrist_y,thorax_x,thorax_y,left_shoulder_x,left_shoulder_y,left_elbow_x,left_elbow_y,left_wrist_x,left_wrist_y,pelvis_x,pelvis_y,right_hip_x,right_hip_y,right_knee_x,right_knee_y,right_ankle_x,right_ankle_y,left_hip_x,left_hip_y,left_knee_x,left_knee_y,left_ankle_x,left_ankle_y
0.7948369565217391,0.4002138275124733,0.6616847826086957,0.4287241625089094,0.7241847826086957,0.3757763975155279,0.7459239130434783,0.42057835250992776,0.7894021739130435,0.48574483250178185,0.6725543478260869,0.42057835250992776,0.6508152173913043,0.3879951125140005,0.48777173913043476,0.6730984624783627,0.48777173913043476,0.7545565624681804,0.48777173913043476,0.4124325425109459,0.48233695652173914,0.42465125750941857,0.24320652173913043,0.554984217493127,0.327445652173913,0.2250789125343651,0.4633152173913043,0.44094287750738215,0.22146739130434784,0.5346196924956725,0.2513586956521739,0.29024539252621934
