head_top_x,head_top_y,upper_neck_x,upper_neck_y,right_shoulder_x,right_shoulder_y,right_elbow_x,right_elbow_y,right_wrist_x,right_wrist_y,thorax_x,thorax_y,left_shoulder_x,left_shoulder_y,left_elbow_x,left_elbow_y,left_wrist_x,left_wrist_y,pelvis_x,pelvis_y,right_hip_x,right_hip_y,right_knee_x,right_knee_y,right_ankle_x,right_ankle_y,left_hip_x,left_hip_y,left_knee_x,left_knee_y,left_ankle_x,left_ankle_y
0.5176630434782609,0.2861724875267284,0.5095108695652174,0.5101822624987271,0.44429347826086957,0.47759902250280006,0.35190217391304346,0.5468384074941453,0.23777173913043478,0.5631300274921088,0.5122282608695652,0.4898177375012727,0.5747282608695652,0.4816719275022909,0.6698369565217391,0.5712758374910905,0.7676630434782609,0.5590571224926179,0.485054347826087,0.8115772324610527,0.4578804347826087,0.807504327461562,0.34375,0.5834945524895633,0.3845108695652174,0.8523062824559616,0.5149456521739131,0.8278688524590164,0.6290760869565217,0.7056817024742897,0.43070652173913043,0.8930353324508705
