head_top_x,head_top_y,upper_neck_x,upper_neck_y,right_shoulder_x,right_shoulder_y,right_elbow_x,right_elbow_y,right_wrist_x,right_wrist_y,thorax_x,thorax_y,left_shoulder_x,left_shoulder_y,left_elbow_x,left_elbow_y,left_wrist_x,left_wrist_y,pelvis_x,pelvis_y,right_hip_x,right_hip_y,right_knee_x,right_knee_y,right_ankle_x,right_ankle_y,left_hip_x,left_hip_y,left_knee_x,left_knee_y,left_ankle_x,left_ankle_y
0.46270487780940234,0.17527173913043478,0.39596623809991166,0.3220108695652174,0.2703405633526352,0.327445652173913,0.25463735400922566,0.48777173913043476,0.388114633428207,0.4171195652173913,0.39596623809991166,0.33016304347826086,0.5176661105113357,0.3328804347826087,0.5215919128471882,0.47690217391304346,0.49411129649622143,0.44157608695652173,0.3763372264206497,0.5258152173913043,0.31745019138286396,0.5285326086956522,0.1721955049563255,0.563858695652174,0.6158111689076455,0.7948369565217391,0.43129845912258324,0.5230978260869565,0.5647757385415645,0.5774456521739131,0.6275885759152027,0.813858695652174
