head_top_x,head_top_y,upper_neck_x,upper_neck_y,right_shoulder_x,right_shoulder_y,right_elbow_x,right_elbow_y,right_wrist_x,right_wrist_y,thorax_x,thorax_y,left_shoulder_x,left_shoulder_y,left_elbow_x,left_elbow_y,left_wrist_x,left_wrist_y,pelvis_x,pelvis_y,right_hip_x,right_hip_y,right_knee_x,right_knee_y,right_ankle_x,right_ankle_y,left_hip_x,left_hip_y,left_knee_x,left_knee_y,left_ankle_x,left_ankle_y
0.23322472253334692,0.2866847826086957,0.33097444252112823,0.4388586956521739,0.4165054475104367,0.4171195652173913,0.5020364524997455,0.5122282608695652,0.46538030750432746,0.44157608695652173,0.33504734752061904,0.44157608695652173,0.2576621525302922,0.45516304347826086,0.29431829752571015,0.5366847826086957,0.371703492516037,0.49592391304347827,0.39206801751349146,0.626358695652174,0.43686997250789117,0.6154891304347826,0.5590571224926179,0.6698369565217391,0.5386925974951634,0.8600543478260869,0.33097444252112823,0.6345108695652174,0.5020364524997455,0.6480978260869565,0.5794216474900723,0.7323369565217391
