head_top_x,head_top_y,upper_neck_x,upper_neck_y,right_shoulder_x,right_shoulder_y,right_elbow_x,right_elbow_y,right_wrist_x,right_wrist_y,thorax_x,thorax_y,left_shoulder_x,left_shoulder_y,left_elbow_x,left_elbow_y,left_wrist_x,left_wrist_y,pelvis_x,pelvis_y,right_hip_x,right_hip_y,right_knee_x,right_knee_y,right_ankle_x,right_ankle_y,left_hip_x,left_hip_y,left_knee_x,left_knee_y,left_ankle_x,left_ankle_y
0.6127717391304348,0.11413043478260869,0.5720108695652174,0.3242753623188406,0.45516304347826086,0.30615942028985504,0.3491847826086957,0.4148550724637681,0.3138586956521739,0.4510869565217391,0.561141304347826,0.35688405797101447,0.6698369565217391,0.5380434782608696,0.59375,0.7300724637681159,0.4470108695652174,0.7590579710144927,0.5230978260869565,0.5996376811594203,0.45516304347826086,0.5634057971014492,0.38179347826086957,0.6068840579710145,0.2595108695652174,0.657608695652174,0.5448369565217391,0.6612318840579711,0.3845108695652174,0.592391304347826,0.4171195652173913,0.7844202898550724
