head_top_x,head_top_y,upper_neck_x,upper_neck_y,right_shoulder_x,right_shoulder_y,right_elbow_x,right_elbow_y,right_wrist_x,right_wrist_y,thorax_x,thorax_y,left_shoulder_x,left_shoulder_y,left_elbow_x,left_elbow_y,left_wrist_x,left_wrist_y,pelvis_x,pelvis_y,right_hip_x,right_hip_y,right_knee_x,right_knee_y,right_ankle_x,right_ankle_y,left_hip_x,left_hip_y,left_knee_x,left_knee_y,left_ankle_x,left_ankle_y
0.2758152173913043,0.542456167937731,0.36820652173913043,0.43867442408994417,0.3953804347826087,0.4606887333909899,0.360054347826087,0.21224152842204574,0.36277173913043476,0.06443116597216762,0.3736413043478261,0.45439893073354826,0.4116847826086957,0.4795581413633147,0.36820652173913043,0.20909662709332497,0.37092391304347827,0.058141363314726004,0.6345108695652174,0.30029876562622854,0.6154891304347826,0.2845742589826244,0.6535326086956522,0.5015724506643604,0.6453804347826086,0.5141520559792436,0.6616847826086957,0.28142935765390364,0.7459239130434783,0.4858479440207564,0.6807065217391305,0.5644704772387767
