head_top_x,head_top_y,upper_neck_x,upper_neck_y,right_shoulder_x,right_shoulder_y,right_elbow_x,right_elbow_y,right_wrist_x,right_wrist_y,thorax_x,thorax_y,left_shoulder_x,left_shoulder_y,left_elbow_x,left_elbow_y,left_wrist_x,left_wrist_y,pelvis_x,pelvis_y,right_hip_x,right_hip_y,right_knee_x,right_knee_y,right_ankle_x,right_ankle_y,left_hip_x,left_hip_y,left_knee_x,left_knee_y,left_ankle_x,left_ankle_y
0.38722826086956524,0.6681279942149507,0.53125,0.6970532405315013,0.5448369565217391,0.704284552110639,0.6942934782608695,0.7006688963210701,0.7649456521739131,0.7549037331646027,0.53125,0.7006688963210701,0.5040760869565217,0.7006688963210701,0.626358695652174,0.7332097984271897,0.6589673913043478,0.7549037331646027,0.5366847826086957,0.2450962668353973,0.5339673913043478,0.2450962668353973,0.6997282608695652,0.3571815963120311,0.751358695652174,0.4584199584199584,0.5366847826086957,0.22701798788755312,0.6970108695652174,0.3463346289433246,0.7540760869565217,0.4584199584199584
