head_top_x,head_top_y,upper_neck_x,upper_neck_y,right_shoulder_x,right_shoulder_y,right_elbow_x,right_elbow_y,right_wrist_x,right_wrist_y,thorax_x,thorax_y,left_shoulder_x,left_shoulder_y,left_elbow_x,left_elbow_y,left_wrist_x,left_wrist_y,pelvis_x,pelvis_y,right_hip_x,right_hip_y,right_knee_x,right_knee_y,right_ankle_x,right_ankle_y,left_hip_x,left_hip_y,left_knee_x,left_knee_y,left_ankle_x,left_ankle_y
0.48162890385793017,0.5747282608695652,0.514288630332721,0.5855978260869565,0.5469483568075117,0.5720108695652174,0.48979383547662786,0.452445652173913,0.5347009593794653,0.27309782608695654,0.5224535619514187,0.5855978260869565,0.5020412329046745,0.5801630434782609,0.5020412329046745,0.47690217391304346,0.5061236987140233,0.5774456521739131,0.514288630332721,0.5366847826086957,0.5020412329046745,0.5502717391304348,0.4979587670953256,0.6453804347826086,0.4775464380485814,0.6317934782608695,0.514288630332721,0.5339673913043478,0.485711369667279,0.6372282608695652,0.4775464380485814,0.6426630434782609
