head_top_x,head_top_y,upper_neck_x,upper_neck_y,right_shoulder_x,right_shoulder_y,right_elbow_x,right_elbow_y,right_wrist_x,right_wrist_y,thorax_x,thorax_y,left_shoulder_x,left_shoulder_y,left_elbow_x,left_elbow_y,left_wrist_x,left_wrist_y,pelvis_x,pelvis_y,right_hip_x,right_hip_y,right_knee_x,right_knee_y,right_ankle_x,right_ankle_y,left_hip_x,left_hip_y,left_knee_x,left_knee_y,left_ankle_x,left_ankle_y
0.4290522102965254,0.35190217391304346,0.5382026559941787,0.4388586956521739,0.3926687283973076,0.4904891304347826,0.40358377296707293,0.5557065217391305,0.4181371657267601,0.6073369565217391,0.5018191740949609,0.44157608695652173,0.5964162270329271,0.40353260869565216,0.6582681462615974,0.4578804347826087,0.5345643078042568,0.5095108695652174,0.6437147535019101,0.4986413043478261,0.5782244860833182,0.5122282608695652,0.48362743314535206,0.5557065217391305,0.40358377296707293,0.9198369565217391,0.7019283245406586,0.48233695652173914,0.6036929234127707,0.5394021739130435,0.6000545752228488,0.9089673913043478
