head_top_x,head_top_y,upper_neck_x,upper_neck_y,right_shoulder_x,right_shoulder_y,right_elbow_x,right_elbow_y,right_wrist_x,right_wrist_y,thorax_x,thorax_y,left_shoulder_x,left_shoulder_y,left_elbow_x,left_elbow_y,left_wrist_x,left_wrist_y,pelvis_x,pelvis_y,right_hip_x,right_hip_y,right_knee_x,right_knee_y,right_ankle_x,right_ankle_y,left_hip_x,left_hip_y,left_knee_x,left_knee_y,left_ankle_x,left_ankle_y
0.49209486166007904,0.360054347826087,0.5205533596837945,0.25407608695652173,0.5363636363636364,0.24320652173913043,0.46679841897233204,0.3736413043478261,0.5300395256916995,0.4741847826086957,0.5237154150197628,0.2513586956521739,0.5237154150197628,0.25679347826086957,0.5490118577075099,0.3953804347826087,0.5426877470355731,0.47690217391304346,0.5079051383399209,0.4741847826086957,0.5079051383399209,0.46875,0.5173913043478261,0.6317934782608695,0.49525691699604746,0.7540760869565217,0.5142292490118576,0.4796195652173913,0.5300395256916995,0.626358695652174,0.533201581027668,0.8084239130434783
