head_top_x,head_top_y,upper_neck_x,upper_neck_y,right_shoulder_x,right_shoulder_y,right_elbow_x,right_elbow_y,right_wrist_x,right_wrist_y,thorax_x,thorax_y,left_shoulder_x,left_shoulder_y,left_elbow_x,left_elbow_y,left_wrist_x,left_wrist_y,pelvis_x,pelvis_y,right_hip_x,right_hip_y,right_knee_x,right_knee_y,right_ankle_x,right_ankle_y,left_hip_x,left_hip_y,left_knee_x,left_knee_y,left_ankle_x,left_ankle_y
0.4981808259050392,0.07472826086956522,0.46179734400582145,0.2296195652173913,0.3672002910678552,0.25407608695652173,0.39630707658722947,0.3763586956521739,0.48362743314535206,0.46059782608695654,0.4545206476259779,0.25679347826086957,0.5418410041841004,0.25679347826086957,0.6036929234127707,0.3491847826086957,0.7128433691104238,0.44157608695652173,0.34537020192832457,0.42527173913043476,0.2980716754593415,0.42527173913043476,0.3781153356376206,0.5475543478260869,0.29443332726941973,0.6779891304347826,0.3926687283973076,0.4279891304347826,0.4290522102965254,0.5339673913043478,0.33809350554848094,0.6535326086956522
