head_top_x,head_top_y,upper_neck_x,upper_neck_y,right_shoulder_x,right_shoulder_y,right_elbow_x,right_elbow_y,right_wrist_x,right_wrist_y,thorax_x,thorax_y,left_shoulder_x,left_shoulder_y,left_elbow_x,left_elbow_y,left_wrist_x,left_wrist_y,pelvis_x,pelvis_y,right_hip_x,right_hip_y,right_knee_x,right_knee_y,right_ankle_x,right_ankle_y,left_hip_x,left_hip_y,left_knee_x,left_knee_y,left_ankle_x,left_ankle_y
0.2866847826086957,0.09367945823927766,0.3111413043478261,0.34100500539797823,0.34375,0.3449308077338306,0.46059782608695654,0.45877907547355,0.297554347826087,0.4038178427716165,0.31929347826086957,0.3017469820394543,0.28940217391304346,0.3449308077338306,0.4578804347826087,0.39596623809991166,0.26766304347826086,0.3802630287565022,0.5067934782608695,0.509814505839631,0.5176630434782609,0.5019629011679262,0.7839673913043478,0.6589949946020217,0.9279891304347826,0.7571400529983315,0.5095108695652174,0.5294435175188928,0.7894021739130435,0.6943272156246934,0.8682065217391305,1.0
