head_top_x,head_top_y,upper_neck_x,upper_neck_y,right_shoulder_x,right_shoulder_y,right_elbow_x,right_elbow_y,right_wrist_x,right_wrist_y,thorax_x,thorax_y,left_shoulder_x,left_shoulder_y,left_elbow_x,left_elbow_y,left_wrist_x,left_wrist_y,pelvis_x,pelvis_y,right_hip_x,right_hip_y,right_knee_x,right_knee_y,right_ankle_x,right_ankle_y,left_hip_x,left_hip_y,left_knee_x,left_knee_y,left_ankle_x,left_ankle_y
0.59375,0.6141304347826088,0.6154891304347826,0.5163043478260869,0.6154891304347826,0.5634057971014492,0.5828804347826086,0.7083333333333334,0.5339673913043478,0.47282608695652173,0.6209239130434783,0.4981884057971015,0.6317934782608695,0.5634057971014492,0.6671195652173914,0.5163043478260869,0.5964673913043478,0.36775362318840576,0.6182065217391305,0.46195652173913043,0.6019021739130435,0.4365942028985507,0.3763586956521739,0.4365942028985507,0.6073369565217391,0.8460144927536232,0.6290760869565217,0.4583333333333333,0.3763586956521739,0.4257246376811594,0.6290760869565217,0.8605072463768115
