head_top_x,head_top_y,upper_neck_x,upper_neck_y,right_shoulder_x,right_shoulder_y,right_elbow_x,right_elbow_y,right_wrist_x,right_wrist_y,thorax_x,thorax_y,left_shoulder_x,left_shoulder_y,left_elbow_x,left_elbow_y,left_wrist_x,left_wrist_y,pelvis_x,pelvis_y,right_hip_x,right_hip_y,right_knee_x,right_knee_y,right_ankle_x,right_ankle_y,left_hip_x,left_hip_y,left_knee_x,left_knee_y,left_ankle_x,left_ankle_y
0.49150815217391297,0.04483695652173913,0.4847146739130434,0.20244565217391305,0.37941576086956513,0.23777173913043478,0.3454483695652173,0.37907608695652173,0.3182744565217391,0.49592391304347827,0.48131793478260865,0.2296195652173913,0.5730298913043478,0.2105978260869565,0.600203804347826,0.35190217391304346,0.6409646739130435,0.45516304347826086,0.5050951086956521,0.45516304347826086,0.4439538043478261,0.4633152173913043,0.5356657608695653,0.6644021739130435,0.5968070652173914,0.8709239130434783,0.5594429347826086,0.44972826086956524,0.5356657608695653,0.6671195652173914,0.5968070652173914,0.8627717391304348
