head_top_x,head_top_y,upper_neck_x,upper_neck_y,right_shoulder_x,right_shoulder_y,right_elbow_x,right_elbow_y,right_wrist_x,right_wrist_y,thorax_x,thorax_y,left_shoulder_x,left_shoulder_y,left_elbow_x,left_elbow_y,left_wrist_x,left_wrist_y,pelvis_x,pelvis_y,right_hip_x,right_hip_y,right_knee_x,right_knee_y,right_ankle_x,right_ankle_y,left_hip_x,left_hip_y,left_knee_x,left_knee_y,left_ankle_x,left_ankle_y
0.5712758374910905,0.11548913043478261,0.5020364524997455,0.2513586956521739,0.4490886875063638,0.24864130434782608,0.39614092251298233,0.2595108695652174,0.42465125750941857,0.6019021739130435,0.4979635475002545,0.25407608695652173,0.5468384074941453,0.28125,0.5590571224926179,0.5067934782608695,0.5427655024946544,0.6019021739130435,0.4898177375012727,0.3383152173913043,0.44094287750738215,0.3383152173913043,0.4124325425109459,0.47690217391304346,0.4287241625089094,0.5883152173913043,0.5386925974951634,0.34375,0.5468384074941453,0.46059782608695654,0.5427655024946544,0.6019021739130435
