head_top_x,head_top_y,upper_neck_x,upper_neck_y,right_shoulder_x,right_shoulder_y,right_elbow_x,right_elbow_y,right_wrist_x,right_wrist_y,thorax_x,thorax_y,left_shoulder_x,left_shoulder_y,left_elbow_x,left_elbow_y,left_wrist_x,left_wrist_y,pelvis_x,pelvis_y,right_hip_x,right_hip_y,right_knee_x,right_knee_y,right_ankle_x,right_ankle_y,left_hip_x,left_hip_y,left_knee_x,left_knee_y,left_ankle_x,left_ankle_y
0.47282608695652173,0.18342391304347827,0.49094202898550726,0.36820652173913043,0.3786231884057971,0.38179347826086957,0.34963768115942034,0.5176630434782609,0.32065217391304346,0.6019021739130435,0.4945652173913044,0.389945652173913,0.6068840579710145,0.4008152173913043,0.6648550724637681,0.53125,0.5742753623188407,0.5557065217391305,0.4583333333333333,0.5991847826086957,0.40036231884057966,0.5720108695652174,0.21195652173913046,0.4904891304347826,0.2807971014492754,0.7105978260869565,0.5344202898550724,0.623641304347826,0.3713768115942029,0.6644021739130435,0.338768115942029,0.8546195652173914
