head_top_x,head_top_y,upper_neck_x,upper_neck_y,right_shoulder_x,right_shoulder_y,right_elbow_x,right_elbow_y,right_wrist_x,right_wrist_y,thorax_x,thorax_y,left_shoulder_x,left_shoulder_y,left_elbow_x,left_elbow_y,left_wrist_x,left_wrist_y,pelvis_x,pelvis_y,right_hip_x,right_hip_y,right_knee_x,right_knee_y,right_ankle_x,right_ankle_y,left_hip_x,left_hip_y,left_knee_x,left_knee_y,left_ankle_x,left_ankle_y
0.5176630434782609,0.5017287578874579,0.5095108695652174,0.46715360013830065,0.5040760869565217,0.4602385685884692,0.5095108695652174,0.5916241680352667,0.5203804347826086,0.5847091364854352,0.5040760869565217,0.4740686316881321,0.5095108695652174,0.4429509897138906,0.48233695652173914,0.612369262684761,0.5067934782608695,0.550133978736278,0.46875,0.6711470308583283,0.4796195652173913,0.6607744835335811,0.4279891304347826,0.36688564266574475,0.9252717391304348,0.7541274094563056,0.4470108695652174,0.674604546633244,0.4361413043478261,0.38071570576540753,0.9171195652173914,0.7541274094563056
