head_top_x,head_top_y,upper_neck_x,upper_neck_y,right_shoulder_x,right_shoulder_y,right_elbow_x,right_elbow_y,right_wrist_x,right_wrist_y,thorax_x,thorax_y,left_shoulder_x,left_shoulder_y,left_elbow_x,left_elbow_y,left_wrist_x,left_wrist_y,pelvis_x,pelvis_y,right_hip_x,right_hip_y,right_knee_x,right_knee_y,right_ankle_x,right_ankle_y,left_hip_x,left_hip_y,left_knee_x,left_knee_y,left_ankle_x,left_ankle_y
0.4904891304347826,0.32907401261201463,0.6752717391304348,0.5149352804513774,0.7540760869565217,0.49170262197145703,0.5883152173913043,0.5547626949883837,0.59375,0.4551941586458679,0.688858695652174,0.5049784268171258,0.7105978260869565,0.49170262197145703,0.5991847826086957,0.5149352804513774,0.5910326086956522,0.4551941586458679,0.4633152173913043,0.5846332558911383,0.4741847826086957,0.5879522071025556,0.7622282608695652,0.4883836707600398,0.8328804347826086,0.4319615001659476,0.44157608695652173,0.5912711583139727,0.7730978260869565,0.47178891470295387,0.8627717391304348,0.4485562562230335
