head_top_x,head_top_y,upper_neck_x,upper_neck_y,right_shoulder_x,right_shoulder_y,right_elbow_x,right_elbow_y,right_wrist_x,right_wrist_y,thorax_x,thorax_y,left_shoulder_x,left_shoulder_y,left_elbow_x,left_elbow_y,left_wrist_x,left_wrist_y,pelvis_x,pelvis_y,right_hip_x,right_hip_y,right_knee_x,right_knee_y,right_ankle_x,right_ankle_y,left_hip_x,left_hip_y,left_knee_x,left_knee_y,left_ankle_x,left_ankle_y
0.3146828225231646,0.15896739130434784,0.2780266775277466,0.31929347826086957,0.1762040525404745,0.327445652173913,0.1802769575399654,0.4279891304347826,0.2739537725282558,0.46875,0.2780266775277466,0.32472826086956524,0.3676305875165462,0.3220108695652174,0.40835963751145493,0.37907608695652173,0.4002138275124733,0.42527173913043476,0.2861724875267284,0.485054347826087,0.23322472253334692,0.485054347826087,0.16805824254149268,0.6209239130434783,0.2372976275328378,0.7296195652173914,0.33504734752061904,0.485054347826087,0.34726606251909176,0.5774456521739131,0.35133896751858257,0.7214673913043478
