head_top_x,head_top_y,upper_neck_x,upper_neck_y,right_shoulder_x,right_shoulder_y,right_elbow_x,right_elbow_y,right_wrist_x,right_wrist_y,thorax_x,thorax_y,left_shoulder_x,left_shoulder_y,left_elbow_x,left_elbow_y,left_wrist_x,left_wrist_y,pelvis_x,pelvis_y,right_hip_x,right_hip_y,right_knee_x,right_knee_y,right_ankle_x,right_ankle_y,left_hip_x,left_hip_y,left_knee_x,left_knee_y,left_ankle_x,left_ankle_y
0.7377717391304348,0.546875,0.5774456521739131,0.5264945652173912,0.5964673913043478,0.5754076086956522,0.7839673913043478,0.591711956521739,0.7377717391304348,0.3349184782608695,0.6046195652173914,0.514266304347826,0.5855978260869565,0.5672554347826086,0.47146739130434784,0.6447010869565216,0.5040760869565217,0.7139945652173912,0.4986413043478261,0.3552989130434782,0.48777173913043476,0.359375,0.29483695652173914,0.2330163043478261,0.21603260869565216,0.40828804347826075,0.5258152173913043,0.36345108695652173,0.28396739130434784,0.2452445652173913,0.2105978260869565,0.41644021739130427
