head_top_x,head_top_y,upper_neck_x,upper_neck_y,right_shoulder_x,right_shoulder_y,right_elbow_x,right_elbow_y,right_wrist_x,right_wrist_y,thorax_x,thorax_y,left_shoulder_x,left_shoulder_y,left_elbow_x,left_elbow_y,left_wrist_x,left_wrist_y,pelvis_x,pelvis_y,right_hip_x,right_hip_y,right_knee_x,right_knee_y,right_ankle_x,right_ankle_y,left_hip_x,left_hip_y,left_knee_x,left_knee_y,left_ankle_x,left_ankle_y
0.25407608695652173,0.25905797101449274,0.33016304347826086,0.43297101449275366,0.3763586956521739,0.5996376811594203,0.3654891304347826,0.6865942028985508,0.34103260869565216,0.5489130434782609,0.33016304347826086,0.44384057971014496,0.28125,0.34963768115942034,0.3111413043478261,0.3858695652173913,0.35190217391304346,0.4474637681159421,0.5339673913043478,0.47644927536231885,0.5448369565217391,0.4510869565217391,0.7269021739130435,0.7336956521739131,0.9442934782608695,0.7735507246376812,0.5122282608695652,0.48731884057971014,0.7296195652173914,0.7336956521739131,0.9415760869565217,0.7916666666666666
