head_top_x,head_top_y,upper_neck_x,upper_neck_y,right_shoulder_x,right_shoulder_y,right_elbow_x,right_elbow_y,right_wrist_x,right_wrist_y,thorax_x,thorax_y,left_shoulder_x,left_shoulder_y,left_elbow_x,left_elbow_y,left_wrist_x,left_wrist_y,pelvis_x,pelvis_y,right_hip_x,right_hip_y,right_knee_x,right_knee_y,right_ankle_x,right_ankle_y,left_hip_x,left_hip_y,left_knee_x,left_knee_y,left_ankle_x,left_ankle_y
0.44272939838220426,0.13994565217391305,0.5296227249747218,0.264945652173913,0.48222636501516686,0.27309782608695654,0.3992827350859455,0.28125,0.3913833417593529,0.26222826086956524,0.5296227249747218,0.26766304347826086,0.5849184782608696,0.25407608695652173,0.4664275783619818,0.26222826086956524,0.38348394843276035,0.264945652173913,0.6481136248736097,0.4171195652173913,0.6046669615773509,0.422554347826087,0.608616658240647,0.5747282608695652,0.6125663549039434,0.6970108695652174,0.6876105915065723,0.4116847826086957,0.6955099848331648,0.5801630434782609,0.7389566481294236,0.7404891304347826
