head_top_x,head_top_y,upper_neck_x,upper_neck_y,right_shoulder_x,right_shoulder_y,right_elbow_x,right_elbow_y,right_wrist_x,right_wrist_y,thorax_x,thorax_y,left_shoulder_x,left_shoulder_y,left_elbow_x,left_elbow_y,left_wrist_x,left_wrist_y,pelvis_x,pelvis_y,right_hip_x,right_hip_y,right_knee_x,right_knee_y,right_ankle_x,right_ankle_y,left_hip_x,left_hip_y,left_knee_x,left_knee_y,left_ankle_x,left_ankle_y
0.5258152173913043,0.44108086143843966,0.4633152173913043,0.35168630637952053,0.47146739130434784,0.323242584315319,0.5421195652173914,0.1891507517269403,0.5529891304347826,0.48577813896789923,0.4578804347826087,0.3354327509142625,0.4470108695652174,0.2947988622511174,0.5366847826086957,0.3354327509142625,0.5122282608695652,0.18508736286062574,0.501358695652174,0.4004469727752946,0.5040760869565217,0.39638358390898015,0.46875,0.16883380739536774,0.44429347826086957,0.4167005282405527,0.49320652173913043,0.31917919544900447,0.4741847826086957,0.1932141405932548,0.46059782608695654,0.7539618041446566
