head_top_x,head_top_y,upper_neck_x,upper_neck_y,right_shoulder_x,right_shoulder_y,right_elbow_x,right_elbow_y,right_wrist_x,right_wrist_y,thorax_x,thorax_y,left_shoulder_x,left_shoulder_y,left_elbow_x,left_elbow_y,left_wrist_x,left_wrist_y,pelvis_x,pelvis_y,right_hip_x,right_hip_y,right_knee_x,right_knee_y,right_ankle_x,right_ankle_y,left_hip_x,left_hip_y,left_knee_x,left_knee_y,left_ankle_x,left_ankle_y
0.39206801751349146,0.15896739130434784,0.3757763975155279,0.32472826086956524,0.29431829752571015,0.34103260869565216,0.20064148253741976,0.40896739130434784,0.1354750025455656,0.46875,0.37984930251501886,0.34103260869565216,0.4490886875063638,0.32472826086956524,0.5468384074941453,0.3845108695652174,0.6364423174829448,0.4633152173913043,0.39206801751349146,0.5122282608695652,0.34319315751960083,0.5095108695652174,0.3106099175236738,0.6019021739130435,0.31875572752265546,0.7078804347826086,0.44094287750738215,0.5122282608695652,0.4287241625089094,0.6100543478260869,0.44094287750738215,0.7350543478260869
