head_top_x,head_top_y,upper_neck_x,upper_neck_y,right_shoulder_x,right_shoulder_y,right_elbow_x,right_elbow_y,right_wrist_x,right_wrist_y,thorax_x,thorax_y,left_shoulder_x,left_shoulder_y,left_elbow_x,left_elbow_y,left_wrist_x,left_wrist_y,pelvis_x,pelvis_y,right_hip_x,right_hip_y,right_knee_x,right_knee_y,right_ankle_x,right_ankle_y,left_hip_x,left_hip_y,left_knee_x,left_knee_y,left_ankle_x,left_ankle_y
0.4388586956521739,0.08083340182460753,0.5067934782608695,0.22877455412180484,0.41983695652173914,0.3109640831758034,0.41983695652173914,0.50164379058108,0.4904891304347826,0.6791731733377169,0.5258152173913043,0.2945261773650037,0.626358695652174,0.28137585271636395,0.6372282608695652,0.47205556012164046,0.5910326086956522,0.6364346182296376,0.5339673913043478,0.5312320210405194,0.45516304347826086,0.560820251499959,0.5040760869565217,0.41287909920276156,0.4986413043478261,0.6758855921755569,0.5828804347826086,0.5443823456891592,0.6671195652173914,0.7219117284457961,0.5747282608695652,0.6364346182296376
