head_top_x,head_top_y,upper_neck_x,upper_neck_y,right_shoulder_x,right_shoulder_y,right_elbow_x,right_elbow_y,right_wrist_x,right_wrist_y,thorax_x,thorax_y,left_shoulder_x,left_shoulder_y,left_elbow_x,left_elbow_y,left_wrist_x,left_wrist_y,pelvis_x,pelvis_y,right_hip_x,right_hip_y,right_knee_x,right_knee_y,right_ankle_x,right_ankle_y,left_hip_x,left_hip_y,left_knee_x,left_knee_y,left_ankle_x,left_ankle_y
0.5224009774971999,0.15625,0.4979635475002545,0.30027173913043476,0.371703492516037,0.3029891304347826,0.35133896751858257,0.4008152173913043,0.3269015375216373,0.4171195652173913,0.4938906425007637,0.30842391304347827,0.6079319824865085,0.33016304347826086,0.44094287750738215,0.4361413043478261,0.3228286325221464,0.40625,0.5224009774971999,0.5149456521739131,0.4694532125038183,0.5149456521739131,0.518328072497709,0.6317934782608695,0.42465125750941857,0.78125,0.5631300274921088,0.5122282608695652,0.550911312493636,0.6290760869565217,0.518328072497709,0.8084239130434783
