head_top_x,head_top_y,upper_neck_x,upper_neck_y,right_shoulder_x,right_shoulder_y,right_elbow_x,right_elbow_y,right_wrist_x,right_wrist_y,thorax_x,thorax_y,left_shoulder_x,left_shoulder_y,left_elbow_x,left_elbow_y,left_wrist_x,left_wrist_y,pelvis_x,pelvis_y,right_hip_x,right_hip_y,right_knee_x,right_knee_y,right_ankle_x,right_ankle_y,left_hip_x,left_hip_y,left_knee_x,left_knee_y,left_ankle_x,left_ankle_y
0.6290760869565217,0.48007246376811596,0.688858695652174,0.3786231884057971,0.6671195652173914,0.42934782608695654,0.6345108695652174,0.4148550724637681,0.6182065217391305,0.48731884057971014,0.6779891304347826,0.43297101449275366,0.6834239130434783,0.4039855072463768,0.6290760869565217,0.44384057971014496,0.6127717391304348,0.4981884057971015,0.46875,0.5344202898550724,0.47690217391304346,0.5416666666666666,0.40353260869565216,0.32065217391304346,0.2296195652173913,0.1865942028985507,0.4796195652173913,0.5163043478260869,0.3953804347826087,0.32065217391304346,0.24048913043478262,0.18297101449275366
