head_top_x,head_top_y,upper_neck_x,upper_neck_y,right_shoulder_x,right_shoulder_y,right_elbow_x,right_elbow_y,right_wrist_x,right_wrist_y,thorax_x,thorax_y,left_shoulder_x,left_shoulder_y,left_elbow_x,left_elbow_y,left_wrist_x,left_wrist_y,pelvis_x,pelvis_y,right_hip_x,right_hip_y,right_knee_x,right_knee_y,right_ankle_x,right_ankle_y,left_hip_x,left_hip_y,left_knee_x,left_knee_y,left_ankle_x,left_ankle_y
0.46603260869565216,0.15991243254251095,0.485054347826087,0.33097444252112823,0.5394021739130435,0.30653701252418286,0.59375,0.3676305875165462,0.5529891304347826,0.19249567253843802,0.47690217391304346,0.30246410752469194,0.40353260869565216,0.29839120252520107,0.43342391304347827,0.4613074025048366,0.5149456521739131,0.19656857753792892,0.5067934782608695,0.3676305875165462,0.5176630434782609,0.34319315751960083,0.5421195652173914,0.554984217493127,0.748641304347826,0.554984217493127,0.48777173913043476,0.37984930251501886,0.48777173913043476,0.5468384074941453,0.7160326086956522,0.518328072497709
