head_top_x,head_top_y,upper_neck_x,upper_neck_y,right_shoulder_x,right_shoulder_y,right_elbow_x,right_elbow_y,right_wrist_x,right_wrist_y,thorax_x,thorax_y,left_shoulder_x,left_shoulder_y,left_elbow_x,left_elbow_y,left_wrist_x,left_wrist_y,pelvis_x,pelvis_y,right_hip_x,right_hip_y,right_knee_x,right_knee_y,right_ankle_x,right_ankle_y,left_hip_x,left_hip_y,left_knee_x,left_knee_y,left_ankle_x,left_ankle_y
0.5285326086956522,0.6405152224824356,0.6290760869565217,0.6405152224824356,0.5964673913043478,0.6282965074839629,0.5828804347826086,0.6486610324814174,0.6399456521739131,0.5590571224926179,0.6154891304347826,0.6282965074839629,0.5910326086956522,0.5427655024946544,0.5747282608695652,0.6201506974849812,0.6589673913043478,0.5386925974951634,0.5040760869565217,0.7097546074737807,0.48233695652173914,0.6893900824763263,0.5855978260869565,0.5794216474900723,0.6100543478260869,0.8685979024539252,0.5176630434782609,0.7016087974747989,0.5774456521739131,0.5712758374910905,0.3328804347826087,0.6405152224824356
