head_top_x,head_top_y,upper_neck_x,upper_neck_y,right_shoulder_x,right_shoulder_y,right_elbow_x,right_elbow_y,right_wrist_x,right_wrist_y,thorax_x,thorax_y,left_shoulder_x,left_shoulder_y,left_elbow_x,left_elbow_y,left_wrist_x,left_wrist_y,pelvis_x,pelvis_y,right_hip_x,right_hip_y,right_knee_x,right_knee_y,right_ankle_x,right_ankle_y,left_hip_x,left_hip_y,left_knee_x,left_knee_y,left_ankle_x,left_ankle_y
0.6644021739130435,0.1322463768115942,0.6426630434782609,0.338768115942029,0.5557065217391305,0.30615942028985504,0.48233695652173914,0.3858695652173913,0.4008152173913043,0.4981884057971015,0.6399456521739131,0.36775362318840576,0.7105978260869565,0.4221014492753623,0.6508152173913043,0.552536231884058,0.5258152173913043,0.5452898550724637,0.5855978260869565,0.4257246376811594,0.5394021739130435,0.3641304347826087,0.49320652173913043,0.38224637681159424,0.9171195652173914,0.19746376811594205,0.6046195652173914,0.49094202898550726,0.561141304347826,0.6032608695652174,0.9279891304347826,0.19384057971014493
