head_top_x,head_top_y,upper_neck_x,upper_neck_y,right_shoulder_x,right_shoulder_y,right_elbow_x,right_elbow_y,right_wrist_x,right_wrist_y,thorax_x,thorax_y,left_shoulder_x,left_shoulder_y,left_elbow_x,left_elbow_y,left_wrist_x,left_wrist_y,pelvis_x,pelvis_y,right_hip_x,right_hip_y,right_knee_x,right_knee_y,right_ankle_x,right_ankle_y,left_hip_x,left_hip_y,left_knee_x,left_knee_y,left_ankle_x,left_ankle_y
0.4039855072463768,0.5774456521739131,0.4547101449275362,0.5883152173913043,0.48007246376811596,0.5747282608695652,0.6467391304347826,0.5122282608695652,0.4510869565217391,0.5747282608695652,0.4547101449275362,0.5855978260869565,0.46195652173913043,0.5747282608695652,0.5561594202898551,0.49592391304347827,0.49094202898550726,0.37092391304347827,0.4510869565217391,0.5584239130434783,0.44021739130434784,0.5557065217391305,0.16123188405797104,0.4986413043478261,0.4076086956521739,0.8220108695652174,0.4365942028985507,0.5394021739130435,0.1431159420289855,0.5448369565217391,0.3605072463768116,0.9660326086956522
