head_top_x,head_top_y,upper_neck_x,upper_neck_y,right_shoulder_x,right_shoulder_y,right_elbow_x,right_elbow_y,right_wrist_x,right_wrist_y,thorax_x,thorax_y,left_shoulder_x,left_shoulder_y,left_elbow_x,left_elbow_y,left_wrist_x,left_wrist_y,pelvis_x,pelvis_y,right_hip_x,right_hip_y,right_knee_x,right_knee_y,right_ankle_x,right_ankle_y,left_hip_x,left_hip_y,left_knee_x,left_knee_y,left_ankle_x,left_ankle_y
0.6372282608695652,0.1467391304347826,0.5828804347826086,0.3242753623188406,0.5285326086956522,0.3315217391304348,0.5040760869565217,0.4039855072463768,0.5149456521739131,0.48731884057971014,0.5828804347826086,0.3242753623188406,0.6372282608695652,0.3242753623188406,0.6290760869565217,0.4257246376811594,0.6209239130434783,0.5090579710144927,0.5692934782608695,0.44021739130434784,0.5394021739130435,0.44021739130434784,0.5448369565217391,0.5452898550724637,0.5149456521739131,0.7264492753623188,0.5964673913043478,0.4474637681159421,0.6046195652173914,0.5561594202898551,0.5910326086956522,0.6539855072463768
