head_top_x,head_top_y,upper_neck_x,upper_neck_y,right_shoulder_x,right_shoulder_y,right_elbow_x,right_elbow_y,right_wrist_x,right_wrist_y,thorax_x,thorax_y,left_shoulder_x,left_shoulder_y,left_elbow_x,left_elbow_y,left_wrist_x,left_wrist_y,pelvis_x,pelvis_y,right_hip_x,right_hip_y,right_knee_x,right_knee_y,right_ankle_x,right_ankle_y,left_hip_x,left_hip_y,left_knee_x,left_knee_y,left_ankle_x,left_ankle_y
0.5203804347826086,0.44394788668383584,0.2703804347826087,0.47727617027723074,0.27309782608695654,0.4621269504620512,0.5692934782608695,0.4621269504620512,0.5067934782608695,0.5348432055749129,0.24048913043478262,0.47727617027723074,0.27309782608695654,0.4712164823511589,0.5339673913043478,0.42273897894258444,0.5176630434782609,0.5136342978336615,0.501358695652174,0.4742463263141948,0.501358695652174,0.4712164823511589,0.7839673913043478,0.3894106953491895,0.2296195652173913,0.4651567944250871,0.5040760869565217,0.4469777306468717,0.27309782608695654,0.5530222693531283,0.2296195652173913,0.4712164823511589
