head_top_x,head_top_y,upper_neck_x,upper_neck_y,right_shoulder_x,right_shoulder_y,right_elbow_x,right_elbow_y,right_wrist_x,right_wrist_y,thorax_x,thorax_y,left_shoulder_x,left_shoulder_y,left_elbow_x,left_elbow_y,left_wrist_x,left_wrist_y,pelvis_x,pelvis_y,right_hip_x,right_hip_y,right_knee_x,right_knee_y,right_ankle_x,right_ankle_y,left_hip_x,left_hip_y,left_knee_x,left_knee_y,left_ankle_x,left_ankle_y
0.3845108695652174,0.03880536367330353,0.3546195652173913,0.15664364079642426,0.3111413043478261,0.20946769605851281,0.3220108695652174,0.4939049167005283,0.297554347826087,0.7052011377488825,0.3546195652173913,0.16883380739536774,0.36277173913043476,0.21759447379114186,0.3953804347826087,0.41263713937423807,0.37092391304347827,0.7539618041446566,0.4633152173913043,0.4167005282405527,0.43342391304347827,0.44514425030475413,0.5692934782608695,0.4776513612352703,0.65625,0.8108492482730597,0.44157608695652173,0.42482730597318175,0.59375,0.4573344169036978,0.6725543478260869,0.7824055262088583
