head_top_x,head_top_y,upper_neck_x,upper_neck_y,right_shoulder_x,right_shoulder_y,right_elbow_x,right_elbow_y,right_wrist_x,right_wrist_y,thorax_x,thorax_y,left_shoulder_x,left_shoulder_y,left_elbow_x,left_elbow_y,left_wrist_x,left_wrist_y,pelvis_x,pelvis_y,right_hip_x,right_hip_y,right_knee_x,right_knee_y,right_ankle_x,right_ankle_y,left_hip_x,left_hip_y,left_knee_x,left_knee_y,left_ankle_x,left_ankle_y
0.4006903233619959,0.08016304347826086,0.4249121957127286,0.24320652173913043,0.29411408501877195,0.2703804347826087,0.33286908077994426,0.41983695652173914,0.4394453191231682,0.5149456521739131,0.42975657018287516,0.264945652173913,0.5702434298171248,0.26766304347826086,0.5653990553469783,0.4008152173913043,0.5072665617052198,0.5040760869565217,0.46851156594404747,0.47690217391304346,0.3861571999515563,0.48233695652173914,0.3958459488918493,0.6345108695652174,0.37646845101126314,0.5285326086956522,0.5411771829962456,0.46603260869565216,0.6283759234588834,0.45516304347826086,0.536332808526099,0.626358695652174
