head_top_x,head_top_y,upper_neck_x,upper_neck_y,right_shoulder_x,right_shoulder_y,right_elbow_x,right_elbow_y,right_wrist_x,right_wrist_y,thorax_x,thorax_y,left_shoulder_x,left_shoulder_y,left_elbow_x,left_elbow_y,left_wrist_x,left_wrist_y,pelvis_x,pelvis_y,right_hip_x,right_hip_y,right_knee_x,right_knee_y,right_ankle_x,right_ankle_y,left_hip_x,left_hip_y,left_knee_x,left_knee_y,left_ankle_x,left_ankle_y
0.6671195652173914,-0.001358695652173913,0.748641304347826,0.16805824254149268,0.7296195652173914,0.21693310253538337,0.6182065217391305,0.3146828225231646,0.5421195652173914,0.5712758374910905,0.7595108695652174,0.20878729253640158,0.7866847826086957,0.2210060075348742,0.7160326086956522,0.5142551674982181,0.7540760869565217,0.6323694124834538,0.5557065217391305,0.5753487424905814,0.5448369565217391,0.5631300274921088,0.4361413043478261,0.2739537725282558,0.28396739130434784,0.8360146624579982,0.5584239130434783,0.5712758374910905,0.5366847826086957,0.554984217493127,0.43070652173913043,0.8930353324508705
