head_top_x,head_top_y,upper_neck_x,upper_neck_y,right_shoulder_x,right_shoulder_y,right_elbow_x,right_elbow_y,right_wrist_x,right_wrist_y,thorax_x,thorax_y,left_shoulder_x,left_shoulder_y,left_elbow_x,left_elbow_y,left_wrist_x,left_wrist_y,pelvis_x,pelvis_y,right_hip_x,right_hip_y,right_knee_x,right_knee_y,right_ankle_x,right_ankle_y,left_hip_x,left_hip_y,left_knee_x,left_knee_y,left_ankle_x,left_ankle_y
0.623641304347826,0.11332858161083394,0.5774456521739131,0.3093371347113329,0.49320652173913043,0.3093371347113329,0.34646739130434784,0.36279401282965085,0.2078804347826087,0.37348538845331436,0.5665760869565217,0.3449750534568782,0.6399456521739131,0.3663578047042053,0.5366847826086957,0.4554526015680685,0.7133152173913043,0.45901639344262296,0.5529891304347826,0.6229508196721312,0.5122282608695652,0.6300784034212402,0.6154891304347826,0.45188880969351386,0.7024456521739131,0.6585887384176764,0.5883152173913043,0.6122594440484675,0.7404891304347826,0.4126870990734141,0.6997282608695652,0.6870990734141126
