head_top_x,head_top_y,upper_neck_x,upper_neck_y,right_shoulder_x,right_shoulder_y,right_elbow_x,right_elbow_y,right_wrist_x,right_wrist_y,thorax_x,thorax_y,left_shoulder_x,left_shoulder_y,left_elbow_x,left_elbow_y,left_wrist_x,left_wrist_y,pelvis_x,pelvis_y,right_hip_x,right_hip_y,right_knee_x,right_knee_y,right_ankle_x,right_ankle_y,left_hip_x,left_hip_y,left_knee_x,left_knee_y,left_ankle_x,left_ankle_y
0.3501488095238095,0.1725,0.4387400793650794,0.2941666666666667,0.4839781746031746,0.2791666666666667,0.4839781746031746,0.3541666666666667,0.37276785714285715,0.3725,0.4330853174603175,0.28583333333333333,0.37842261904761904,0.2941666666666667,0.28229166666666666,0.4191666666666667,0.24270833333333336,0.4175,0.6102678571428573,0.4175,0.6649305555555557,0.4091666666666667,0.6800099206349207,0.5925,0.7704861111111112,0.7558333333333334,0.5574900793650793,0.42916666666666664,0.38030753968253966,0.5958333333333333,0.35203373015873013,0.7991666666666667
