head_top_x,head_top_y,upper_neck_x,upper_neck_y,right_shoulder_x,right_shoulder_y,right_elbow_x,right_elbow_y,right_wrist_x,right_wrist_y,thorax_x,thorax_y,left_shoulder_x,left_shoulder_y,left_elbow_x,left_elbow_y,left_wrist_x,left_wrist_y,pelvis_x,pelvis_y,right_hip_x,right_hip_y,right_knee_x,right_knee_y,right_ankle_x,right_ankle_y,left_hip_x,left_hip_y,left_knee_x,left_knee_y,left_ankle_x,left_ankle_y
0.5467741935483871,0.09583333333333334,0.5403225806451614,0.24416666666666667,0.35645161290322586,0.26916666666666667,0.2209677419354839,0.35583333333333333,0.2661290322580645,0.3925,0.5306451612903227,0.2775,0.7080645161290323,0.2875,0.7790322580645161,0.37916666666666665,0.6661290322580645,0.48083333333333333,0.5338709677419354,0.49916666666666665,0.4532258064516129,0.49583333333333335,0.46935483870967754,0.6641666666666667,0.582258064516129,0.8041666666666667,0.6112903225806452,0.5025,0.5241935483870966,0.6658333333333334,0.4983870967741935,0.8508333333333333
