head_top_x,head_top_y,upper_neck_x,upper_neck_y,right_shoulder_x,right_shoulder_y,right_elbow_x,right_elbow_y,right_wrist_x,right_wrist_y,thorax_x,thorax_y,left_shoulder_x,left_shoulder_y,left_elbow_x,left_elbow_y,left_wrist_x,left_wrist_y,pelvis_x,pelvis_y,right_hip_x,right_hip_y,right_knee_x,right_knee_y,right_ankle_x,right_ankle_y,left_hip_x,left_hip_y,left_knee_x,left_knee_y,left_ankle_x,left_ankle_y
0.4024122807017544,0.16083333333333333,0.4550438596491228,0.30416666666666664,0.4002192982456141,0.35083333333333333,0.33223684210526316,0.4558333333333333,0.23135964912280702,0.4708333333333333,0.4682017543859649,0.33916666666666667,0.5383771929824561,0.3258333333333333,0.700657894736842,0.4175,0.781798245614035,0.5308333333333334,0.5296052631578947,0.5858333333333333,0.48355263157894735,0.5825,0.31469298245614036,0.6508333333333334,0.2839912280701754,0.8208333333333333,0.5734649122807017,0.5858333333333333,0.2883771929824562,0.6441666666666667,0.41557017543859653,0.8108333333333333
