head_top_x,head_top_y,upper_neck_x,upper_neck_y,right_shoulder_x,right_shoulder_y,right_elbow_x,right_elbow_y,right_wrist_x,right_wrist_y,thorax_x,thorax_y,left_shoulder_x,left_shoulder_y,left_elbow_x,left_elbow_y,left_wrist_x,left_wrist_y,pelvis_x,pelvis_y,right_hip_x,right_hip_y,right_knee_x,right_knee_y,right_ankle_x,right_ankle_y,left_hip_x,left_hip_y,left_knee_x,left_knee_y,left_ankle_x,left_ankle_y
0.5544678714859438,0.08916666666666667,0.5202309236947792,0.2375,0.6976405622489961,0.2891666666666667,0.7754518072289156,0.4225,0.7567771084337349,0.5091666666666667,0.5140060240963854,0.2875,0.3334839357429719,0.2775,0.24322289156626506,0.4091666666666667,0.22143574297188756,0.5275,0.4735441767068273,0.5458333333333333,0.5575803212851407,0.5458333333333333,0.5108935742971888,0.7141666666666666,0.33970883534136553,0.8641666666666666,0.38950803212851415,0.5441666666666667,0.420632530120482,0.6875,0.448644578313253,0.8575
