head_top_x,head_top_y,upper_neck_x,upper_neck_y,right_shoulder_x,right_shoulder_y,right_elbow_x,right_elbow_y,right_wrist_x,right_wrist_y,thorax_x,thorax_y,left_shoulder_x,left_shoulder_y,left_elbow_x,left_elbow_y,left_wrist_x,left_wrist_y,pelvis_x,pelvis_y,right_hip_x,right_hip_y,right_knee_x,right_knee_y,right_ankle_x,right_ankle_y,left_hip_x,left_hip_y,left_knee_x,left_knee_y,left_ankle_x,left_ankle_y
0.24230952380952375,0.0725,0.3438809523809524,0.21583333333333332,0.2197380952380953,0.2675,0.3815,0.38083333333333336,0.4868333333333333,0.31416666666666665,0.35516666666666674,0.24416666666666667,0.48307142857142854,0.2225,0.6147380952380951,0.25916666666666666,0.761452380952381,0.21583333333333332,0.5206904761904761,0.4741666666666667,0.4078333333333333,0.48083333333333333,0.43416666666666665,0.7158333333333333,0.21597619047619046,0.8291666666666667,0.6297857142857143,0.46416666666666667,0.7238333333333332,0.6791666666666667,0.7163095238095237,0.8958333333333334
