head_top_x,head_top_y,upper_neck_x,upper_neck_y,right_shoulder_x,right_shoulder_y,right_elbow_x,right_elbow_y,right_wrist_x,right_wrist_y,thorax_x,thorax_y,left_shoulder_x,left_shoulder_y,left_elbow_x,left_elbow_y,left_wrist_x,left_wrist_y,pelvis_x,pelvis_y,right_hip_x,right_hip_y,right_knee_x,right_knee_y,right_ankle_x,right_ankle_y,left_hip_x,left_hip_y,left_knee_x,left_knee_y,left_ankle_x,left_ankle_y
0.6622727272727272,0.1475,0.571060606060606,0.2758333333333333,0.532878787878788,0.2791666666666667,0.4586363636363637,0.36916666666666664,0.5816666666666667,0.4325,0.5583333333333332,0.29083333333333333,0.5859090909090909,0.3025,0.5349999999999999,0.3775,0.4077272727272727,0.4375,0.5371212121212121,0.5058333333333334,0.4968181818181818,0.5075,0.4077272727272727,0.6741666666666667,0.22742424242424242,0.8125,0.5774242424242424,0.5008333333333334,0.7471212121212123,0.5908333333333333,0.7662121212121212,0.7775
