head_top_x,head_top_y,upper_neck_x,upper_neck_y,right_shoulder_x,right_shoulder_y,right_elbow_x,right_elbow_y,right_wrist_x,right_wrist_y,thorax_x,thorax_y,left_shoulder_x,left_shoulder_y,left_elbow_x,left_elbow_y,left_wrist_x,left_wrist_y,pelvis_x,pelvis_y,right_hip_x,right_hip_y,right_knee_x,right_knee_y,right_ankle_x,right_ankle_y,left_hip_x,left_hip_y,left_knee_x,left_knee_y,left_ankle_x,left_ankle_y
0.5292307692307693,0.07916666666666666,0.4184615384615384,0.21916666666666668,0.22769230769230764,0.2841666666666667,0.2184615384615384,0.4791666666666667,0.52,0.43583333333333335,0.3784615384615384,0.2758333333333333,0.5323076923076923,0.2658333333333333,0.5538461538461539,0.39916666666666667,0.7015384615384614,0.4141666666666667,0.5384615384615385,0.5875,0.45846153846153836,0.6041666666666666,0.5169230769230769,0.7641666666666667,0.4892307692307692,0.9458333333333333,0.6307692307692307,0.5708333333333333,0.7261538461538463,0.7408333333333333,0.7723076923076923,0.9041666666666667
