head_top_x,head_top_y,upper_neck_x,upper_neck_y,right_shoulder_x,right_shoulder_y,right_elbow_x,right_elbow_y,right_wrist_x,right_wrist_y,thorax_x,thorax_y,left_shoulder_x,left_shoulder_y,left_elbow_x,left_elbow_y,left_wrist_x,left_wrist_y,pelvis_x,pelvis_y,right_hip_x,right_hip_y,right_knee_x,right_knee_y,right_ankle_x,right_ankle_y,left_hip_x,left_hip_y,left_knee_x,left_knee_y,left_ankle_x,left_ankle_y
0.8114999999999999,0.09083333333333334,0.5972407407407407,0.1825,0.48846296296296293,0.1825,0.39946296296296296,0.30083333333333334,0.4587962962962963,0.44416666666666665,0.5675740740740741,0.1975,0.6400925925925925,0.21083333333333334,0.5675740740740741,0.31416666666666665,0.5510925925925927,0.4058333333333333,0.4950555555555555,0.43083333333333335,0.4587962962962963,0.4275,0.5939444444444444,0.6375,0.24783333333333332,0.7708333333333334,0.5280185185185186,0.4325,0.5873518518518519,0.6275,0.4686851851851852,0.8425
