head_top_x,head_top_y,upper_neck_x,upper_neck_y,right_shoulder_x,right_shoulder_y,right_elbow_x,right_elbow_y,right_wrist_x,right_wrist_y,thorax_x,thorax_y,left_shoulder_x,left_shoulder_y,left_elbow_x,left_elbow_y,left_wrist_x,left_wrist_y,pelvis_x,pelvis_y,right_hip_x,right_hip_y,right_knee_x,right_knee_y,right_ankle_x,right_ankle_y,left_hip_x,left_hip_y,left_knee_x,left_knee_y,left_ankle_x,left_ankle_y
0.5310705128205129,0.024166666666666666,0.504198717948718,0.05416666666666667,0.4823653846153846,0.10416666666666667,0.5361089743589744,0.31583333333333335,0.4521346153846154,0.4658333333333333,0.5193141025641026,0.09916666666666667,0.5344294871794872,0.0975,0.34128846153846154,0.37916666666666665,0.2371602564102564,0.2808333333333333,0.7208525641025642,0.6441666666666667,0.7594807692307692,0.6241666666666666,0.46389102564102563,0.5758333333333333,0.6738269230769232,0.7475,0.7309294871794872,0.6575,0.4622115384615385,0.5658333333333333,0.5948910256410257,0.7675
