head_top_x,head_top_y,upper_neck_x,upper_neck_y,right_shoulder_x,right_shoulder_y,right_elbow_x,right_elbow_y,right_wrist_x,right_wrist_y,thorax_x,thorax_y,left_shoulder_x,left_shoulder_y,left_elbow_x,left_elbow_y,left_wrist_x,left_wrist_y,pelvis_x,pelvis_y,right_hip_x,right_hip_y,right_knee_x,right_knee_y,right_ankle_x,right_ankle_y,left_hip_x,left_hip_y,left_knee_x,left_knee_y,left_ankle_x,left_ankle_y
0.5055182926829267,0.05583333333333333,0.5018394308943089,0.20916666666666667,0.6968191056910569,0.23916666666666667,0.7814329268292682,0.37416666666666665,0.8219004065040652,0.49083333333333334,0.5018394308943089,0.23916666666666667,0.3068597560975609,0.23916666666666667,0.24064024390243902,0.3575,0.23696138211382117,0.41583333333333333,0.49448170731707314,0.48083333333333333,0.6011686991869918,0.48083333333333333,0.6048475609756098,0.6925,0.593810975609756,0.8941666666666667,0.38779471544715444,0.48083333333333333,0.37675813008130077,0.6791666666666667,0.38779471544715444,0.8525
