head_top_x,head_top_y,upper_neck_x,upper_neck_y,right_shoulder_x,right_shoulder_y,right_elbow_x,right_elbow_y,right_wrist_x,right_wrist_y,thorax_x,thorax_y,left_shoulder_x,left_shoulder_y,left_elbow_x,left_elbow_y,left_wrist_x,left_wrist_y,pelvis_x,pelvis_y,right_hip_x,right_hip_y,right_knee_x,right_knee_y,right_ankle_x,right_ankle_y,left_hip_x,left_hip_y,left_knee_x,left_knee_y,left_ankle_x,left_ankle_y
0.581904761904762,0.07416666666666667,0.5514285714285714,0.22416666666666665,0.3609523809523809,0.2675,0.22761904761904767,0.3908333333333333,0.3076190476190476,0.33416666666666667,0.5476190476190477,0.26416666666666666,0.7304761904761905,0.25916666666666666,0.7723809523809523,0.3425,0.7838095238095237,0.36083333333333334,0.5323809523809524,0.49916666666666665,0.4219047619047619,0.5008333333333334,0.4485714285714285,0.7241666666666666,0.42952380952380953,0.8891666666666667,0.639047619047619,0.49916666666666665,0.6161904761904761,0.6875,0.62,0.8191666666666667
