head_top_x,head_top_y,upper_neck_x,upper_neck_y,right_shoulder_x,right_shoulder_y,right_elbow_x,right_elbow_y,right_wrist_x,right_wrist_y,thorax_x,thorax_y,left_shoulder_x,left_shoulder_y,left_elbow_x,left_elbow_y,left_wrist_x,left_wrist_y,pelvis_x,pelvis_y,right_hip_x,right_hip_y,right_knee_x,right_knee_y,right_ankle_x,right_ankle_y,left_hip_x,left_hip_y,left_knee_x,left_knee_y,left_ankle_x,left_ankle_y
0.6208841463414633,0.08083333333333333,0.48612804878048776,0.21916666666666668,0.5971036585365855,0.20583333333333334,0.696189024390244,0.30583333333333335,0.7635670731707318,0.3858333333333333,0.47820121951219513,0.22583333333333333,0.3592987804878049,0.2375,0.3513719512195122,0.3375,0.5495426829268294,0.4008333333333333,0.41874999999999996,0.4575,0.4663109756097561,0.4575,0.43856707317073174,0.6625,0.2522865853658536,0.8808333333333334,0.3672256097560975,0.4558333333333333,0.5297256097560975,0.6591666666666667,0.5138719512195122,0.8691666666666666
