head_top_x,head_top_y,upper_neck_x,upper_neck_y,right_shoulder_x,right_shoulder_y,right_elbow_x,right_elbow_y,right_wrist_x,right_wrist_y,thorax_x,thorax_y,left_shoulder_x,left_shoulder_y,left_elbow_x,left_elbow_y,left_wrist_x,left_wrist_y,pelvis_x,pelvis_y,right_hip_x,right_hip_y,right_knee_x,right_knee_y,right_ankle_x,right_ankle_y,left_hip_x,left_hip_y,left_knee_x,left_knee_y,left_ankle_x,left_ankle_y
0.4134615384615385,0.07583333333333334,0.3634615384615385,0.21416666666666667,0.4673076923076923,0.2275,0.7826923076923078,0.2025,0.6173076923076922,0.1275,0.35961538461538456,0.22416666666666665,0.24423076923076922,0.21916666666666668,0.348076923076923,0.1675,0.4750000000000001,0.14916666666666667,0.39807692307692305,0.45916666666666667,0.4865384615384615,0.45916666666666667,0.49423076923076925,0.6625,0.49807692307692303,0.8791666666666667,0.30961538461538457,0.4575,0.30192307692307696,0.6625,0.2596153846153846,0.8675
