head_top_x,head_top_y,upper_neck_x,upper_neck_y,right_shoulder_x,right_shoulder_y,right_elbow_x,right_elbow_y,right_wrist_x,right_wrist_y,thorax_x,thorax_y,left_shoulder_x,left_shoulder_y,left_elbow_x,left_elbow_y,left_wrist_x,left_wrist_y,pelvis_x,pelvis_y,right_hip_x,right_hip_y,right_knee_x,right_knee_y,right_ankle_x,right_ankle_y,left_hip_x,left_hip_y,left_knee_x,left_knee_y,left_ankle_x,left_ankle_y
0.4522191011235955,0.0525,0.49469101123595505,0.20583333333333334,0.30002808988764046,0.21416666666666667,0.27525280898876403,0.35583333333333333,0.22924157303370787,0.47583333333333333,0.4911516853932585,0.2075,0.6893539325842696,0.1975,0.770758426966292,0.3125,0.7389044943820225,0.4025,0.5123876404494383,0.47583333333333333,0.3991292134831461,0.4741666666666667,0.4132865168539326,0.6758333333333333,0.4309831460674158,0.8341666666666666,0.618567415730337,0.4741666666666667,0.6079494382022471,0.6908333333333333,0.5831741573033709,0.8925
