head_top_x,head_top_y,upper_neck_x,upper_neck_y,right_shoulder_x,right_shoulder_y,right_elbow_x,right_elbow_y,right_wrist_x,right_wrist_y,thorax_x,thorax_y,left_shoulder_x,left_shoulder_y,left_elbow_x,left_elbow_y,left_wrist_x,left_wrist_y,pelvis_x,pelvis_y,right_hip_x,right_hip_y,right_knee_x,right_knee_y,right_ankle_x,right_ankle_y,left_hip_x,left_hip_y,left_knee_x,left_knee_y,left_ankle_x,left_ankle_y
0.538883495145631,0.09416666666666666,0.5187216828478964,0.24416666666666667,0.6483333333333333,0.2875,0.7116990291262137,0.4025,0.760663430420712,0.5191666666666667,0.5100809061488674,0.2758333333333333,0.377588996763754,0.25916666666666666,0.2335760517799353,0.35083333333333333,0.26813915857605186,0.38083333333333336,0.5072006472491909,0.5141666666666667,0.5792071197411003,0.5075,0.6512135922330098,0.6491666666666667,0.7664239482200648,0.8108333333333333,0.43231391585760515,0.5208333333333334,0.5158414239482201,0.6825,0.5993689320388349,0.8475
