head_top_x,head_top_y,upper_neck_x,upper_neck_y,right_shoulder_x,right_shoulder_y,right_elbow_x,right_elbow_y,right_wrist_x,right_wrist_y,thorax_x,thorax_y,left_shoulder_x,left_shoulder_y,left_elbow_x,left_elbow_y,left_wrist_x,left_wrist_y,pelvis_x,pelvis_y,right_hip_x,right_hip_y,right_knee_x,right_knee_y,right_ankle_x,right_ankle_y,left_hip_x,left_hip_y,left_knee_x,left_knee_y,left_ankle_x,left_ankle_y
0.7143877551020408,0.15083333333333335,0.6245918367346939,0.28583333333333333,0.6335714285714286,0.2975,0.651530612244898,0.38083333333333336,0.768265306122449,0.4175,0.6156122448979592,0.30083333333333334,0.5976530612244898,0.3025,0.5931632653061225,0.42916666666666664,0.6807142857142857,0.4425,0.4764285714285714,0.4708333333333333,0.5101020408163265,0.4691666666666667,0.644795918367347,0.6441666666666667,0.6425510204081633,0.8075,0.43826530612244896,0.4708333333333333,0.4337755102040816,0.6675,0.22275510204081636,0.7225
