head_top_x,head_top_y,upper_neck_x,upper_neck_y,right_shoulder_x,right_shoulder_y,right_elbow_x,right_elbow_y,right_wrist_x,right_wrist_y,thorax_x,thorax_y,left_shoulder_x,left_shoulder_y,left_elbow_x,left_elbow_y,left_wrist_x,left_wrist_y,pelvis_x,pelvis_y,right_hip_x,right_hip_y,right_knee_x,right_knee_y,right_ankle_x,right_ankle_y,left_hip_x,left_hip_y,left_knee_x,left_knee_y,left_ankle_x,left_ankle_y
0.47912621359223306,0.09083333333333334,0.4846925566343042,0.24416666666666667,0.33161812297734633,0.27416666666666667,0.2620388349514563,0.39916666666666667,0.22307443365695795,0.48083333333333333,0.4846925566343042,0.2775,0.6433333333333333,0.2791666666666667,0.7073462783171521,0.4058333333333333,0.763009708737864,0.5141666666666667,0.47355987055016197,0.5191666666666667,0.3956310679611651,0.5175,0.3928478964401295,0.6891666666666667,0.3511003236245955,0.8641666666666666,0.5514886731391586,0.5208333333333334,0.5514886731391586,0.6991666666666667,0.534789644012945,0.8358333333333333
