head_top_x,head_top_y,upper_neck_x,upper_neck_y,right_shoulder_x,right_shoulder_y,right_elbow_x,right_elbow_y,right_wrist_x,right_wrist_y,thorax_x,thorax_y,left_shoulder_x,left_shoulder_y,left_elbow_x,left_elbow_y,left_wrist_x,left_wrist_y,pelvis_x,pelvis_y,right_hip_x,right_hip_y,right_knee_x,right_knee_y,right_ankle_x,right_ankle_y,left_hip_x,left_hip_y,left_knee_x,left_knee_y,left_ankle_x,left_ankle_y
0.6375,0.07332175925925925,0.6491666666666667,0.22709490740740743,0.5741666666666667,0.2507523148148148,0.5608333333333333,0.4079050925925926,0.6758333333333333,0.4062152777777778,0.6491666666666667,0.2473726851851852,0.7308333333333333,0.24230324074074075,0.7675,0.34200231481481486,0.7491666666666666,0.37241898148148145,0.5675,0.5109837962962963,0.5158333333333334,0.5059143518518519,0.4091666666666667,0.7424884259259259,0.23083333333333333,0.7898032407407408,0.6191666666666666,0.5126736111111111,0.7791666666666667,0.5920949074074074,0.7758333333333334,0.8320486111111112
