head_top_x,head_top_y,upper_neck_x,upper_neck_y,right_shoulder_x,right_shoulder_y,right_elbow_x,right_elbow_y,right_wrist_x,right_wrist_y,thorax_x,thorax_y,left_shoulder_x,left_shoulder_y,left_elbow_x,left_elbow_y,left_wrist_x,left_wrist_y,pelvis_x,pelvis_y,right_hip_x,right_hip_y,right_knee_x,right_knee_y,right_ankle_x,right_ankle_y,left_hip_x,left_hip_y,left_knee_x,left_knee_y,left_ankle_x,left_ankle_y
0.5065942028985506,0.049166666666666664,0.546159420289855,0.20583333333333334,0.32635265700483085,0.21416666666666667,0.2120531400966183,0.3541666666666667,0.4802173913043478,0.3725,0.5505555555555556,0.22416666666666665,0.7747584541062801,0.23416666666666666,0.6692512077294687,0.3775,0.3703140096618357,0.3525,0.5373671497584541,0.4608333333333333,0.3966908212560386,0.46416666666666667,0.29997584541062805,0.6691666666666667,0.35712560386473435,0.8808333333333334,0.6780434782608696,0.4608333333333333,0.7264009661835749,0.6691666666666667,0.7747584541062801,0.8675
