head_top_x,head_top_y,upper_neck_x,upper_neck_y,right_shoulder_x,right_shoulder_y,right_elbow_x,right_elbow_y,right_wrist_x,right_wrist_y,thorax_x,thorax_y,left_shoulder_x,left_shoulder_y,left_elbow_x,left_elbow_y,left_wrist_x,left_wrist_y,pelvis_x,pelvis_y,right_hip_x,right_hip_y,right_knee_x,right_knee_y,right_ankle_x,right_ankle_y,left_hip_x,left_hip_y,left_knee_x,left_knee_y,left_ankle_x,left_ankle_y
0.4241666666666667,0.11271164021164021,0.38916666666666666,0.29705026455026456,0.41083333333333333,0.27046296296296296,0.38916666666666666,0.47607142857142853,0.2658333333333333,0.7951190476190476,0.4225,0.2757804232804233,0.4241666666666667,0.21374338624338624,0.5375,0.3165476190476191,0.4125,0.09853174603174603,0.4075,0.4140343915343916,0.3641666666666667,0.4282142857142857,0.37416666666666665,0.6036904761904762,0.2325,0.8518386243386243,0.4658333333333333,0.39276455026455026,0.5675,0.3803571428571429,0.8391666666666666,0.4353042328042328
