head_top_x,head_top_y,upper_neck_x,upper_neck_y,right_shoulder_x,right_shoulder_y,right_elbow_x,right_elbow_y,right_wrist_x,right_wrist_y,thorax_x,thorax_y,left_shoulder_x,left_shoulder_y,left_elbow_x,left_elbow_y,left_wrist_x,left_wrist_y,pelvis_x,pelvis_y,right_hip_x,right_hip_y,right_knee_x,right_knee_y,right_ankle_x,right_ankle_y,left_hip_x,left_hip_y,left_knee_x,left_knee_y,left_ankle_x,left_ankle_y
0.6175,0.11416666666666667,0.5580421686746988,0.25916666666666666,0.45611445783132526,0.3025,0.507078313253012,0.39916666666666667,0.7307530120481928,0.41083333333333333,0.5467168674698795,0.29083333333333333,0.6401506024096386,0.2791666666666667,0.5891867469879518,0.3858333333333333,0.866656626506024,0.36583333333333334,0.3485240963855421,0.5258333333333334,0.30322289156626503,0.5191666666666667,0.36551204819277106,0.6025,0.32304216867469876,0.8341666666666666,0.396656626506024,0.5358333333333334,0.3371987951807229,0.6358333333333334,0.30322289156626503,0.8058333333333333
