head_top_x,head_top_y,upper_neck_x,upper_neck_y,right_shoulder_x,right_shoulder_y,right_elbow_x,right_elbow_y,right_wrist_x,right_wrist_y,thorax_x,thorax_y,left_shoulder_x,left_shoulder_y,left_elbow_x,left_elbow_y,left_wrist_x,left_wrist_y,pelvis_x,pelvis_y,right_hip_x,right_hip_y,right_knee_x,right_knee_y,right_ankle_x,right_ankle_y,left_hip_x,left_hip_y,left_knee_x,left_knee_y,left_ankle_x,left_ankle_y
0.4846785714285714,0.08083333333333333,0.4778690476190477,0.2325,0.2735833333333333,0.29083333333333333,0.23613095238095239,0.4725,0.501702380952381,0.49583333333333335,0.47446428571428567,0.2841666666666667,0.6787500000000001,0.2775,0.6447023809523809,0.43583333333333335,0.45403571428571426,0.5008333333333334,0.4472261904761905,0.5275,0.33146428571428566,0.5325,0.60725,0.5958333333333333,0.7638690476190476,0.8458333333333333,0.5459642857142857,0.5241666666666667,0.5459642857142857,0.6775,0.498297619047619,0.8875
