head_top_x,head_top_y,upper_neck_x,upper_neck_y,right_shoulder_x,right_shoulder_y,right_elbow_x,right_elbow_y,right_wrist_x,right_wrist_y,thorax_x,thorax_y,left_shoulder_x,left_shoulder_y,left_elbow_x,left_elbow_y,left_wrist_x,left_wrist_y,pelvis_x,pelvis_y,right_hip_x,right_hip_y,right_knee_x,right_knee_y,right_ankle_x,right_ankle_y,left_hip_x,left_hip_y,left_knee_x,left_knee_y,left_ankle_x,left_ankle_y
0.6134560723514212,0.2608333333333333,0.46384366925064596,0.3525,0.4164664082687339,0.32083333333333336,0.5386498708010337,0.2225,0.6708074935400516,0.14416666666666667,0.46384366925064596,0.3408333333333333,0.47132428940568477,0.3475,0.6458720930232559,0.35583333333333333,0.7705490956072351,0.2841666666666667,0.27433462532299746,0.5875,0.2369315245478036,0.5775,0.4164664082687339,0.6191666666666666,0.2444121447028424,0.7675,0.2793217054263566,0.5891666666666666,0.3416602067183463,0.7158333333333333,0.28929586563307497,0.8325
