head_top_x,head_top_y,upper_neck_x,upper_neck_y,right_shoulder_x,right_shoulder_y,right_elbow_x,right_elbow_y,right_wrist_x,right_wrist_y,thorax_x,thorax_y,left_shoulder_x,left_shoulder_y,left_elbow_x,left_elbow_y,left_wrist_x,left_wrist_y,pelvis_x,pelvis_y,right_hip_x,right_hip_y,right_knee_x,right_knee_y,right_ankle_x,right_ankle_y,left_hip_x,left_hip_y,left_knee_x,left_knee_y,left_ankle_x,left_ankle_y
0.4810655737704918,0.0575,0.4852732240437158,0.20916666666666667,0.2328142076502732,0.2775,0.2538524590163935,0.4058333333333333,0.4011202185792349,0.4658333333333333,0.4810655737704918,0.2725,0.7209016393442623,0.26916666666666667,0.7587704918032788,0.3958333333333333,0.6409562841530053,0.4558333333333333,0.4810655737704918,0.5191666666666667,0.3506284153005465,0.5158333333333334,0.30013661202185793,0.6991666666666667,0.2706830601092896,0.8958333333333334,0.607295081967213,0.5191666666666667,0.6662021857923497,0.7158333333333333,0.691448087431694,0.9175
