head_top_x,head_top_y,upper_neck_x,upper_neck_y,right_shoulder_x,right_shoulder_y,right_elbow_x,right_elbow_y,right_wrist_x,right_wrist_y,thorax_x,thorax_y,left_shoulder_x,left_shoulder_y,left_elbow_x,left_elbow_y,left_wrist_x,left_wrist_y,pelvis_x,pelvis_y,right_hip_x,right_hip_y,right_knee_x,right_knee_y,right_ankle_x,right_ankle_y,left_hip_x,left_hip_y,left_knee_x,left_knee_y,left_ankle_x,left_ankle_y
0.5699558823529413,0.1575,0.4852205882352941,0.2725,0.42216176470588235,0.23583333333333334,0.27633823529411766,0.22916666666666666,0.1738676470588235,0.19416666666666665,0.5029558823529411,0.2475,0.5798088235294118,0.2658333333333333,0.6566617647058822,0.3475,0.7473088235294116,0.4475,0.44975000000000004,0.45916666666666667,0.40245588235294116,0.4475,0.33742647058823527,0.6075,0.2940735294117647,0.7808333333333334,0.4990147058823529,0.4691666666666667,0.500985294117647,0.6358333333333334,0.4359558823529412,0.8141666666666667
