head_top_x,head_top_y,upper_neck_x,upper_neck_y,right_shoulder_x,right_shoulder_y,right_elbow_x,right_elbow_y,right_wrist_x,right_wrist_y,thorax_x,thorax_y,left_shoulder_x,left_shoulder_y,left_elbow_x,left_elbow_y,left_wrist_x,left_wrist_y,pelvis_x,pelvis_y,right_hip_x,right_hip_y,right_knee_x,right_knee_y,right_ankle_x,right_ankle_y,left_hip_x,left_hip_y,left_knee_x,left_knee_y,left_ankle_x,left_ankle_y
0.6961202185792349,0.03916666666666667,0.582896174863388,0.1825,0.5303278688524589,0.23416666666666666,0.49393442622950817,0.39416666666666667,0.6314207650273225,0.5225,0.5384153005464482,0.2275,0.5424590163934425,0.22416666666666665,0.49393442622950817,0.36916666666666664,0.5667213114754097,0.48083333333333333,0.39688524590163937,0.4708333333333333,0.42923497267759564,0.4725,0.6071584699453553,0.6741666666666667,0.6718579234972677,0.9125,0.36857923497267764,0.4675,0.35644808743169404,0.6908333333333333,0.295792349726776,0.9191666666666667
