head_top_x,head_top_y,upper_neck_x,upper_neck_y,right_shoulder_x,right_shoulder_y,right_elbow_x,right_elbow_y,right_wrist_x,right_wrist_y,thorax_x,thorax_y,left_shoulder_x,left_shoulder_y,left_elbow_x,left_elbow_y,left_wrist_x,left_wrist_y,pelvis_x,pelvis_y,right_hip_x,right_hip_y,right_knee_x,right_knee_y,right_ankle_x,right_ankle_y,left_hip_x,left_hip_y,left_knee_x,left_knee_y,left_ankle_x,left_ankle_y
0.16916666666666666,0.42238505747126437,0.30916666666666665,0.32456896551724135,0.35583333333333333,0.36709770114942525,0.3541666666666667,0.5563505747126437,0.3258333333333333,0.732844827586207,0.33916666666666667,0.32669540229885063,0.3525,0.3777298850574713,0.3525,0.5648563218390804,0.3175,0.7519827586206896,0.6675,0.22675287356321838,0.6808333333333333,0.21824712643678162,0.6775,0.5414655172413793,0.8708333333333333,0.5733620689655172,0.6558333333333334,0.22675287356321838,0.6208333333333333,0.5499712643678161,0.8691666666666666,0.581867816091954
