head_top_x,head_top_y,upper_neck_x,upper_neck_y,right_shoulder_x,right_shoulder_y,right_elbow_x,right_elbow_y,right_wrist_x,right_wrist_y,thorax_x,thorax_y,left_shoulder_x,left_shoulder_y,left_elbow_x,left_elbow_y,left_wrist_x,left_wrist_y,pelvis_x,pelvis_y,right_hip_x,right_hip_y,right_knee_x,right_knee_y,right_ankle_x,right_ankle_y,left_hip_x,left_hip_y,left_knee_x,left_knee_y,left_ankle_x,left_ankle_y
0.2941666666666667,0.23203125000000005,0.43083333333333335,0.34228125000000004,0.4325,0.48928124999999995,0.3075,0.6515937500000001,0.1625,0.64853125,0.4525,0.36371875000000004,0.47583333333333333,0.22590625,0.3025,0.7526562499999999,0.14916666666666667,0.6852812500000001,0.7558333333333334,0.54440625,0.8058333333333333,0.51990625,0.5308333333333334,0.77103125,0.5575,0.72203125,0.7025,0.5505312499999999,0.5308333333333334,0.7771562500000001,0.5525,0.8139062499999999
