head_top_x,head_top_y,upper_neck_x,upper_neck_y,right_shoulder_x,right_shoulder_y,right_elbow_x,right_elbow_y,right_wrist_x,right_wrist_y,thorax_x,thorax_y,left_shoulder_x,left_shoulder_y,left_elbow_x,left_elbow_y,left_wrist_x,left_wrist_y,pelvis_x,pelvis_y,right_hip_x,right_hip_y,right_knee_x,right_knee_y,right_ankle_x,right_ankle_y,left_hip_x,left_hip_y,left_knee_x,left_knee_y,left_ankle_x,left_ankle_y
0.521472602739726,0.06583333333333333,0.4863356164383561,0.21416666666666667,0.27160958904109594,0.25416666666666665,0.23647260273972606,0.39916666666666667,0.23647260273972606,0.5375,0.47462328767123296,0.2425,0.6854452054794522,0.2275,0.7401027397260275,0.3541666666666667,0.7674315068493149,0.4525,0.5605136986301371,0.48583333333333334,0.4433904109589041,0.49583333333333335,0.5136643835616439,0.7158333333333333,0.3692123287671233,0.8658333333333333,0.6698287671232876,0.4775,0.7674315068493149,0.7075,0.7947602739726027,0.9375
