head_top_x,head_top_y,upper_neck_x,upper_neck_y,right_shoulder_x,right_shoulder_y,right_elbow_x,right_elbow_y,right_wrist_x,right_wrist_y,thorax_x,thorax_y,left_shoulder_x,left_shoulder_y,left_elbow_x,left_elbow_y,left_wrist_x,left_wrist_y,pelvis_x,pelvis_y,right_hip_x,right_hip_y,right_knee_x,right_knee_y,right_ankle_x,right_ankle_y,left_hip_x,left_hip_y,left_knee_x,left_knee_y,left_ankle_x,left_ankle_y
0.4325,0.06916666666666667,0.49807142857142855,0.21583333333333332,0.6677857142857143,0.23583333333333334,0.7680714285714286,0.36916666666666664,0.571357142857143,0.4091666666666667,0.5057857142857142,0.2325,0.3437857142857143,0.22416666666666665,0.3360714285714285,0.36083333333333334,0.2435,0.49416666666666664,0.5443571428571429,0.4741666666666667,0.6407857142857142,0.4691666666666667,0.5327857142857143,0.6558333333333334,0.5250714285714286,0.8858333333333334,0.44407142857142856,0.4741666666666667,0.2897857142857143,0.6641666666666667,0.617642857142857,0.8258333333333333
