head_top_x,head_top_y,upper_neck_x,upper_neck_y,right_shoulder_x,right_shoulder_y,right_elbow_x,right_elbow_y,right_wrist_x,right_wrist_y,thorax_x,thorax_y,left_shoulder_x,left_shoulder_y,left_elbow_x,left_elbow_y,left_wrist_x,left_wrist_y,pelvis_x,pelvis_y,right_hip_x,right_hip_y,right_knee_x,right_knee_y,right_ankle_x,right_ankle_y,left_hip_x,left_hip_y,left_knee_x,left_knee_y,left_ankle_x,left_ankle_y
0.5398754789272031,0.08583333333333333,0.5745498084291188,0.2375,0.7479214559386973,0.2608333333333333,0.7929980842911878,0.3908333333333333,0.8242049808429119,0.5158333333333334,0.5814846743295019,0.2608333333333333,0.41851532567049804,0.2575,0.32489463601532564,0.37583333333333335,0.23474137931034483,0.4625,0.5745498084291188,0.46416666666666667,0.6681704980842912,0.4658333333333333,0.5572126436781608,0.6725,0.4635919540229885,0.8625,0.4913314176245211,0.46416666666666667,0.515603448275862,0.6941666666666667,0.7201819923371647,0.8608333333333333
