head_top_x,head_top_y,upper_neck_x,upper_neck_y,right_shoulder_x,right_shoulder_y,right_elbow_x,right_elbow_y,right_wrist_x,right_wrist_y,thorax_x,thorax_y,left_shoulder_x,left_shoulder_y,left_elbow_x,left_elbow_y,left_wrist_x,left_wrist_y,pelvis_x,pelvis_y,right_hip_x,right_hip_y,right_knee_x,right_knee_y,right_ankle_x,right_ankle_y,left_hip_x,left_hip_y,left_knee_x,left_knee_y,left_ankle_x,left_ankle_y
0.46901433691756284,0.06916666666666667,0.4461827956989247,0.21916666666666668,0.579910394265233,0.24916666666666668,0.6777598566308244,0.3775,0.7788709677419354,0.4891666666666667,0.43965949820788536,0.2625,0.28962365591397854,0.2675,0.25048387096774194,0.4125,0.2243906810035843,0.5391666666666667,0.44292114695340506,0.47583333333333333,0.5244623655913978,0.4741666666666667,0.6353584229390682,0.6725,0.4168279569892474,0.8391666666666666,0.36790322580645163,0.4825,0.4559677419354839,0.6741666666666667,0.46901433691756284,0.8558333333333333
