head_top_x,head_top_y,upper_neck_x,upper_neck_y,right_shoulder_x,right_shoulder_y,right_elbow_x,right_elbow_y,right_wrist_x,right_wrist_y,thorax_x,thorax_y,left_shoulder_x,left_shoulder_y,left_elbow_x,left_elbow_y,left_wrist_x,left_wrist_y,pelvis_x,pelvis_y,right_hip_x,right_hip_y,right_knee_x,right_knee_y,right_ankle_x,right_ankle_y,left_hip_x,left_hip_y,left_knee_x,left_knee_y,left_ankle_x,left_ankle_y
0.7620765027322405,0.21416666666666667,0.5456830601092897,0.3308333333333333,0.4110382513661202,0.2941666666666667,0.3100546448087431,0.18916666666666668,0.4543169398907104,0.08583333333333333,0.531256830601093,0.3408333333333333,0.6562841530054646,0.3858333333333333,0.5072131147540982,0.4691666666666667,0.23311475409836055,0.38916666666666666,0.35814207650273217,0.5558333333333333,0.2475409836065573,0.5608333333333333,0.2812021857923498,0.7691666666666667,0.6226229508196721,0.9025,0.47355191256830603,0.5525,0.5697267759562842,0.7291666666666666,0.7957377049180329,0.9241666666666667
