head_top_x,head_top_y,upper_neck_x,upper_neck_y,right_shoulder_x,right_shoulder_y,right_elbow_x,right_elbow_y,right_wrist_x,right_wrist_y,thorax_x,thorax_y,left_shoulder_x,left_shoulder_y,left_elbow_x,left_elbow_y,left_wrist_x,left_wrist_y,pelvis_x,pelvis_y,right_hip_x,right_hip_y,right_knee_x,right_knee_y,right_ankle_x,right_ankle_y,left_hip_x,left_hip_y,left_knee_x,left_knee_y,left_ankle_x,left_ankle_y
0.533075,0.09416666666666666,0.4858250000000001,0.2425,0.6118250000000001,0.26916666666666667,0.6685249999999999,0.37083333333333335,0.747275,0.4625,0.473225,0.2625,0.3283250000000001,0.25916666666666666,0.19287500000000007,0.3541666666666667,0.17082499999999998,0.4675,0.4291250000000001,0.46416666666666667,0.5110250000000001,0.4608333333333333,0.6433249999999999,0.6158333333333333,0.6023750000000001,0.7875,0.34722500000000006,0.4691666666666667,0.394475,0.6675,0.34722500000000006,0.8708333333333333
