head_top_x,head_top_y,upper_neck_x,upper_neck_y,right_shoulder_x,right_shoulder_y,right_elbow_x,right_elbow_y,right_wrist_x,right_wrist_y,thorax_x,thorax_y,left_shoulder_x,left_shoulder_y,left_elbow_x,left_elbow_y,left_wrist_x,left_wrist_y,pelvis_x,pelvis_y,right_hip_x,right_hip_y,right_knee_x,right_knee_y,right_ankle_x,right_ankle_y,left_hip_x,left_hip_y,left_knee_x,left_knee_y,left_ankle_x,left_ankle_y
0.6319444444444444,0.13083333333333333,0.5981666666666667,0.2808333333333333,0.4757222222222222,0.2925,0.29838888888888887,0.2991666666666667,0.31316666666666665,0.21083333333333334,0.5939444444444445,0.30583333333333335,0.7142777777777778,0.3175,0.7227222222222222,0.39916666666666667,0.7501666666666666,0.4241666666666667,0.5390555555555556,0.5025,0.48416666666666663,0.5025,0.3617222222222222,0.6641666666666667,0.20127777777777778,0.7475,0.5939444444444445,0.5008333333333334,0.7079444444444445,0.6208333333333333,0.7311666666666666,0.8158333333333333
