head_top_x,head_top_y,upper_neck_x,upper_neck_y,right_shoulder_x,right_shoulder_y,right_elbow_x,right_elbow_y,right_wrist_x,right_wrist_y,thorax_x,thorax_y,left_shoulder_x,left_shoulder_y,left_elbow_x,left_elbow_y,left_wrist_x,left_wrist_y,pelvis_x,pelvis_y,right_hip_x,right_hip_y,right_knee_x,right_knee_y,right_ankle_x,right_ankle_y,left_hip_x,left_hip_y,left_knee_x,left_knee_y,left_ankle_x,left_ankle_y
0.762037037037037,0.21083333333333334,0.7287037037037036,0.35083333333333333,0.6879629629629629,0.3725,0.3805555555555556,0.4675,0.6435185185185185,0.26416666666666666,0.7287037037037036,0.39916666666666667,0.7712962962962961,0.44583333333333336,0.7824074074074073,0.5075,0.7453703703703703,0.6275,0.462037037037037,0.5341666666666667,0.46944444444444444,0.5441666666666667,0.4787037037037037,0.7925,0.4305555555555556,0.7775,0.44722222222222224,0.5491666666666667,0.4953703703703704,0.7775,0.3916666666666667,0.7408333333333333
