head_top_x,head_top_y,upper_neck_x,upper_neck_y,right_shoulder_x,right_shoulder_y,right_elbow_x,right_elbow_y,right_wrist_x,right_wrist_y,thorax_x,thorax_y,left_shoulder_x,left_shoulder_y,left_elbow_x,left_elbow_y,left_wrist_x,left_wrist_y,pelvis_x,pelvis_y,right_hip_x,right_hip_y,right_knee_x,right_knee_y,right_ankle_x,right_ankle_y,left_hip_x,left_hip_y,left_knee_x,left_knee_y,left_ankle_x,left_ankle_y
0.4980855855855855,0.06583333333333333,0.49042792792792794,0.21916666666666668,0.31047297297297294,0.2625,0.2262387387387388,0.38916666666666666,0.29898648648648646,0.47583333333333333,0.48659909909909904,0.2575,0.6588963963963965,0.2525,0.6359234234234235,0.3775,0.7699324324324326,0.4225,0.5057432432432432,0.4775,0.4061936936936937,0.4791666666666667,0.4138513513513514,0.6841666666666667,0.3602477477477477,0.8758333333333334,0.6091216216216215,0.47583333333333333,0.64740990990991,0.6991666666666667,0.6167792792792791,0.8608333333333333
