head_top_x,head_top_y,upper_neck_x,upper_neck_y,right_shoulder_x,right_shoulder_y,right_elbow_x,right_elbow_y,right_wrist_x,right_wrist_y,thorax_x,thorax_y,left_shoulder_x,left_shoulder_y,left_elbow_x,left_elbow_y,left_wrist_x,left_wrist_y,pelvis_x,pelvis_y,right_hip_x,right_hip_y,right_knee_x,right_knee_y,right_ankle_x,right_ankle_y,left_hip_x,left_hip_y,left_knee_x,left_knee_y,left_ankle_x,left_ankle_y
0.5614787581699348,0.1075,0.4814133986928105,0.24916666666666668,0.5214460784313725,0.26916666666666667,0.6758578431372549,0.31916666666666665,0.7673611111111112,0.23416666666666666,0.4814133986928105,0.26416666666666666,0.4442401960784314,0.2575,0.6129493464052287,0.2808333333333333,0.7387663398692811,0.23916666666666667,0.28982843137254904,0.4775,0.312704248366013,0.48083333333333333,0.5157271241830065,0.6608333333333334,0.4470996732026144,0.8458333333333333,0.266952614379085,0.4741666666666667,0.38991013071895425,0.6408333333333334,0.22977941176470593,0.7958333333333333
