head_top_x,head_top_y,upper_neck_x,upper_neck_y,right_shoulder_x,right_shoulder_y,right_elbow_x,right_elbow_y,right_wrist_x,right_wrist_y,thorax_x,thorax_y,left_shoulder_x,left_shoulder_y,left_elbow_x,left_elbow_y,left_wrist_x,left_wrist_y,pelvis_x,pelvis_y,right_hip_x,right_hip_y,right_knee_x,right_knee_y,right_ankle_x,right_ankle_y,left_hip_x,left_hip_y,left_knee_x,left_knee_y,left_ankle_x,left_ankle_y
0.5560598705501618,0.11083333333333334,0.5505906148867314,0.26416666666666666,0.375574433656958,0.26416666666666666,0.29900485436893204,0.3858333333333333,0.2361084142394822,0.4875,0.5478559870550161,0.26916666666666667,0.7201375404530744,0.27416666666666667,0.7447491909385113,0.4041666666666667,0.7775647249190939,0.5158333333333334,0.49042880258899674,0.5075,0.38377831715210353,0.5091666666666667,0.3427588996763754,0.6791666666666667,0.3017394822006472,0.8641666666666666,0.59707928802589,0.5008333333333334,0.610752427184466,0.6191666666666666,0.5697330097087379,0.8291666666666667
