head_top_x,head_top_y,upper_neck_x,upper_neck_y,right_shoulder_x,right_shoulder_y,right_elbow_x,right_elbow_y,right_wrist_x,right_wrist_y,thorax_x,thorax_y,left_shoulder_x,left_shoulder_y,left_elbow_x,left_elbow_y,left_wrist_x,left_wrist_y,pelvis_x,pelvis_y,right_hip_x,right_hip_y,right_knee_x,right_knee_y,right_ankle_x,right_ankle_y,left_hip_x,left_hip_y,left_knee_x,left_knee_y,left_ankle_x,left_ankle_y
0.2275,0.2411178861788618,0.30916666666666665,0.3825,0.3025,0.41115853658536583,0.39416666666666667,0.6385162601626017,0.5141666666666667,0.6843699186991871,0.32916666666666666,0.41115853658536583,0.3575,0.4092479674796748,0.39916666666666667,0.5601829268292683,0.4975,0.5926626016260162,0.38916666666666666,0.6805487804878049,0.3858333333333333,0.6805487804878049,0.4058333333333333,0.19335365853658537,0.5625,0.2984349593495935,0.4008333333333333,0.6767276422764228,0.3958333333333333,0.21436991869918703,0.5808333333333333,0.2984349593495935
