head_top_x,head_top_y,upper_neck_x,upper_neck_y,right_shoulder_x,right_shoulder_y,right_elbow_x,right_elbow_y,right_wrist_x,right_wrist_y,thorax_x,thorax_y,left_shoulder_x,left_shoulder_y,left_elbow_x,left_elbow_y,left_wrist_x,left_wrist_y,pelvis_x,pelvis_y,right_hip_x,right_hip_y,right_knee_x,right_knee_y,right_ankle_x,right_ankle_y,left_hip_x,left_hip_y,left_knee_x,left_knee_y,left_ankle_x,left_ankle_y
0.4139102564102564,0.0925,0.5590811965811966,0.22083333333333333,0.7110042735042734,0.23083333333333333,0.653611111111111,0.3575,0.4544230769230769,0.37083333333333335,0.6063461538461539,0.25583333333333336,0.5084401709401709,0.2791666666666667,0.4341666666666667,0.4141666666666667,0.2248504273504274,0.4558333333333333,0.6907478632478632,0.5091666666666667,0.7177564102564103,0.5025,0.5084401709401709,0.6858333333333333,0.5827136752136753,0.8975,0.653611111111111,0.5125,0.6569871794871796,0.7325,0.7177564102564103,0.9408333333333333
