head_top_x,head_top_y,upper_neck_x,upper_neck_y,right_shoulder_x,right_shoulder_y,right_elbow_x,right_elbow_y,right_wrist_x,right_wrist_y,thorax_x,thorax_y,left_shoulder_x,left_shoulder_y,left_elbow_x,left_elbow_y,left_wrist_x,left_wrist_y,pelvis_x,pelvis_y,right_hip_x,right_hip_y,right_knee_x,right_knee_y,right_ankle_x,right_ankle_y,left_hip_x,left_hip_y,left_knee_x,left_knee_y,left_ankle_x,left_ankle_y
0.4404356060606061,0.08916666666666667,0.453314393939394,0.2375,0.2826704545454546,0.2608333333333333,0.2504734848484849,0.36583333333333334,0.16676136363636368,0.3875,0.453314393939394,0.25916666666666666,0.6175189393939393,0.25416666666666665,0.7752840909090909,0.33916666666666667,0.659375,0.41083333333333333,0.47585227272727276,0.5158333333333334,0.3985795454545455,0.5175,0.41145833333333337,0.7125,0.5241477272727272,0.8658333333333333,0.556344696969697,0.5125,0.5048295454545454,0.7025,0.6110795454545455,0.8008333333333333
