head_top_x,head_top_y,upper_neck_x,upper_neck_y,right_shoulder_x,right_shoulder_y,right_elbow_x,right_elbow_y,right_wrist_x,right_wrist_y,thorax_x,thorax_y,left_shoulder_x,left_shoulder_y,left_elbow_x,left_elbow_y,left_wrist_x,left_wrist_y,pelvis_x,pelvis_y,right_hip_x,right_hip_y,right_knee_x,right_knee_y,right_ankle_x,right_ankle_y,left_hip_x,left_hip_y,left_knee_x,left_knee_y,left_ankle_x,left_ankle_y
0.5062289562289563,0.0575,0.5062289562289563,0.21083333333333334,0.3617171717171717,0.25083333333333335,0.22966329966329965,0.30916666666666665,0.2396296296296296,0.44583333333333336,0.5087205387205388,0.2608333333333333,0.6582154882154883,0.2725,0.7628619528619528,0.4041666666666667,0.6607070707070708,0.3475,0.4788215488215488,0.5341666666666667,0.39909090909090905,0.5275,0.45888888888888896,0.7291666666666666,0.45888888888888896,0.9475,0.5585521885521886,0.5391666666666667,0.5211784511784512,0.7525,0.45639730639730636,0.9258333333333333
