head_top_x,head_top_y,upper_neck_x,upper_neck_y,right_shoulder_x,right_shoulder_y,right_elbow_x,right_elbow_y,right_wrist_x,right_wrist_y,thorax_x,thorax_y,left_shoulder_x,left_shoulder_y,left_elbow_x,left_elbow_y,left_wrist_x,left_wrist_y,pelvis_x,pelvis_y,right_hip_x,right_hip_y,right_knee_x,right_knee_y,right_ankle_x,right_ankle_y,left_hip_x,left_hip_y,left_knee_x,left_knee_y,left_ankle_x,left_ankle_y
0.5574253731343283,0.05416666666666667,0.4680970149253731,0.2025,0.5446641791044775,0.25416666666666665,0.5404104477611941,0.4141666666666667,0.7701119402985075,0.5258333333333334,0.4468283582089553,0.24416666666666667,0.35324626865671643,0.2325,0.387276119402985,0.37583333333333335,0.5659328358208956,0.48083333333333333,0.4340671641791045,0.5041666666666667,0.5319029850746267,0.5025,0.7148134328358208,0.6608333333333334,0.672276119402985,0.8908333333333334,0.3489925373134329,0.5041666666666667,0.3064552238805971,0.6858333333333333,0.2554104477611941,0.8808333333333334
