head_top_x,head_top_y,upper_neck_x,upper_neck_y,right_shoulder_x,right_shoulder_y,right_elbow_x,right_elbow_y,right_wrist_x,right_wrist_y,thorax_x,thorax_y,left_shoulder_x,left_shoulder_y,left_elbow_x,left_elbow_y,left_wrist_x,left_wrist_y,pelvis_x,pelvis_y,right_hip_x,right_hip_y,right_knee_x,right_knee_y,right_ankle_x,right_ankle_y,left_hip_x,left_hip_y,left_knee_x,left_knee_y,left_ankle_x,left_ankle_y
0.19204444444444446,0.06583333333333333,0.36697777777777774,0.19416666666666665,0.523688888888889,0.2125,0.6548888888888889,0.3408333333333333,0.6184444444444446,0.41083333333333333,0.4034222222222222,0.21416666666666667,0.28680000000000005,0.2175,0.3487555555555556,0.32416666666666666,0.2758666666666667,0.4375,0.5455555555555557,0.45916666666666667,0.6293777777777778,0.4508333333333333,0.6548888888888889,0.6408333333333334,0.7642222222222222,0.8375,0.4508,0.46416666666666667,0.26857777777777775,0.6591666666666667,0.31959999999999994,0.8858333333333334
