head_top_x,head_top_y,upper_neck_x,upper_neck_y,right_shoulder_x,right_shoulder_y,right_elbow_x,right_elbow_y,right_wrist_x,right_wrist_y,thorax_x,thorax_y,left_shoulder_x,left_shoulder_y,left_elbow_x,left_elbow_y,left_wrist_x,left_wrist_y,pelvis_x,pelvis_y,right_hip_x,right_hip_y,right_knee_x,right_knee_y,right_ankle_x,right_ankle_y,left_hip_x,left_hip_y,left_knee_x,left_knee_y,left_ankle_x,left_ankle_y
0.36931318681318687,0.7791666666666667,0.5092032967032967,0.6675,0.6233241758241758,0.6775,0.7705769230769232,0.7691666666666667,0.7742582417582416,0.8725,0.5239285714285715,0.6591666666666667,0.424532967032967,0.6425,0.29936813186813194,0.7308333333333333,0.22574175824175832,0.8291666666666667,0.5717857142857142,0.4425,0.6380494505494505,0.4275,0.5791483516483518,0.29083333333333333,0.5496978021978021,0.1225,0.538653846153846,0.45416666666666666,0.4576648351648352,0.2975,0.5202472527472527,0.1025
