head_top_x,head_top_y,upper_neck_x,upper_neck_y,right_shoulder_x,right_shoulder_y,right_elbow_x,right_elbow_y,right_wrist_x,right_wrist_y,thorax_x,thorax_y,left_shoulder_x,left_shoulder_y,left_elbow_x,left_elbow_y,left_wrist_x,left_wrist_y,pelvis_x,pelvis_y,right_hip_x,right_hip_y,right_knee_x,right_knee_y,right_ankle_x,right_ankle_y,left_hip_x,left_hip_y,left_knee_x,left_knee_y,left_ankle_x,left_ankle_y
0.46998633879781426,0.0325,0.5577185792349728,0.18416666666666667,0.46998633879781426,0.23583333333333334,0.4607513661202186,0.3525,0.3360792349726776,0.4425,0.5669535519125684,0.23083333333333333,0.6454508196721311,0.22083333333333333,0.6593032786885246,0.3591666666666667,0.5808060109289618,0.5008333333333334,0.5623360655737704,0.4691666666666667,0.49769125683060106,0.4675,0.5300136612021858,0.6758333333333333,0.6454508196721311,0.8941666666666667,0.6177459016393442,0.4725,0.5669535519125684,0.6775,0.6593032786885246,0.9108333333333334
