head_top_x,head_top_y,upper_neck_x,upper_neck_y,right_shoulder_x,right_shoulder_y,right_elbow_x,right_elbow_y,right_wrist_x,right_wrist_y,thorax_x,thorax_y,left_shoulder_x,left_shoulder_y,left_elbow_x,left_elbow_y,left_wrist_x,left_wrist_y,pelvis_x,pelvis_y,right_hip_x,right_hip_y,right_knee_x,right_knee_y,right_ankle_x,right_ankle_y,left_hip_x,left_hip_y,left_knee_x,left_knee_y,left_ankle_x,left_ankle_y
0.33234472049689445,0.17916666666666667,0.36715838509316767,0.3258333333333333,0.33234472049689445,0.3575,0.2828726708074534,0.4275,0.3763198757763976,0.49583333333333335,0.3708229813664597,0.3458333333333333,0.4093012422360248,0.33416666666666667,0.4349534161490684,0.39416666666666667,0.4606055900621119,0.5008333333333334,0.46427018633540373,0.5375,0.4349534161490684,0.5425,0.2920341614906833,0.6425,0.22790372670807454,0.8241666666666667,0.48809006211180134,0.5291666666666667,0.5687111801242236,0.7208333333333333,0.5229037267080746,0.8008333333333333
