head_top_x,head_top_y,upper_neck_x,upper_neck_y,right_shoulder_x,right_shoulder_y,right_elbow_x,right_elbow_y,right_wrist_x,right_wrist_y,thorax_x,thorax_y,left_shoulder_x,left_shoulder_y,left_elbow_x,left_elbow_y,left_wrist_x,left_wrist_y,pelvis_x,pelvis_y,right_hip_x,right_hip_y,right_knee_x,right_knee_y,right_ankle_x,right_ankle_y,left_hip_x,left_hip_y,left_knee_x,left_knee_y,left_ankle_x,left_ankle_y
0.5847602739726028,0.13583333333333333,0.5259931506849315,0.2808333333333333,0.39715753424657535,0.2875,0.2773630136986301,0.37916666666666665,0.2276369863013699,0.45916666666666667,0.5259931506849315,0.2925,0.6616095890410959,0.29583333333333334,0.7316780821917807,0.41583333333333333,0.7768835616438357,0.5391666666666667,0.5282534246575343,0.4925,0.46496575342465757,0.49583333333333335,0.39715753424657535,0.6508333333333334,0.39263698630136984,0.7991666666666667,0.5892808219178082,0.4891666666666667,0.6141438356164383,0.6475,0.6729109589041096,0.8308333333333333
