head_top_x,head_top_y,upper_neck_x,upper_neck_y,right_shoulder_x,right_shoulder_y,right_elbow_x,right_elbow_y,right_wrist_x,right_wrist_y,thorax_x,thorax_y,left_shoulder_x,left_shoulder_y,left_elbow_x,left_elbow_y,left_wrist_x,left_wrist_y,pelvis_x,pelvis_y,right_hip_x,right_hip_y,right_knee_x,right_knee_y,right_ankle_x,right_ankle_y,left_hip_x,left_hip_y,left_knee_x,left_knee_y,left_ankle_x,left_ankle_y
0.6209699453551911,0.059166666666666666,0.5329918032786884,0.20583333333333334,0.7089480874316941,0.2475,0.7045491803278688,0.3975,0.7177459016393443,0.5425,0.5109972677595628,0.2475,0.32184426229508195,0.23916666666666667,0.23386612021857928,0.3591666666666667,0.4010245901639345,0.3441666666666667,0.4626092896174864,0.5341666666666667,0.5549863387978143,0.5341666666666667,0.49780054644808736,0.7075,0.7969262295081968,0.8425,0.3702322404371584,0.5308333333333334,0.4054234972677596,0.7108333333333333,0.37463114754098364,0.8991666666666667
