head_top_x,head_top_y,upper_neck_x,upper_neck_y,right_shoulder_x,right_shoulder_y,right_elbow_x,right_elbow_y,right_wrist_x,right_wrist_y,thorax_x,thorax_y,left_shoulder_x,left_shoulder_y,left_elbow_x,left_elbow_y,left_wrist_x,left_wrist_y,pelvis_x,pelvis_y,right_hip_x,right_hip_y,right_knee_x,right_knee_y,right_ankle_x,right_ankle_y,left_hip_x,left_hip_y,left_knee_x,left_knee_y,left_ankle_x,left_ankle_y
0.5348566878980892,0.1575,0.5306316348195329,0.3125,0.642595541401274,0.33416666666666667,0.6700583864118896,0.4508333333333333,0.5940074309978769,0.4508333333333333,0.5327441613588111,0.3308333333333333,0.42289278131634817,0.32916666666666666,0.36796709129511673,0.43916666666666665,0.42711783439490447,0.5258333333333334,0.5242940552016985,0.46416666666666667,0.6045700636942676,0.4691666666666667,0.7228715498938428,0.6508333333333334,0.788359872611465,0.8475,0.4397929936305733,0.4741666666666667,0.29402866242038217,0.6591666666666667,0.22431528662420377,0.8558333333333333
