head_top_x,head_top_y,upper_neck_x,upper_neck_y,right_shoulder_x,right_shoulder_y,right_elbow_x,right_elbow_y,right_wrist_x,right_wrist_y,thorax_x,thorax_y,left_shoulder_x,left_shoulder_y,left_elbow_x,left_elbow_y,left_wrist_x,left_wrist_y,pelvis_x,pelvis_y,right_hip_x,right_hip_y,right_knee_x,right_knee_y,right_ankle_x,right_ankle_y,left_hip_x,left_hip_y,left_knee_x,left_knee_y,left_ankle_x,left_ankle_y
0.5648753894080998,0.17416666666666666,0.42453271028037387,0.28583333333333333,0.4457165109034268,0.3275,0.5860591900311527,0.4558333333333333,0.7475856697819315,0.5475,0.3874610591900311,0.3075,0.3292056074766355,0.2875,0.37157320872274147,0.4075,0.5436915887850466,0.4608333333333333,0.1888629283489096,0.5141666666666667,0.2126947040498442,0.5141666666666667,0.48014018691588783,0.6608333333333334,0.3689252336448598,0.8841666666666667,0.15443925233644853,0.5158333333333334,0.3662772585669782,0.6875,0.12001557632398749,0.8008333333333333
