head_top_x,head_top_y,upper_neck_x,upper_neck_y,right_shoulder_x,right_shoulder_y,right_elbow_x,right_elbow_y,right_wrist_x,right_wrist_y,thorax_x,thorax_y,left_shoulder_x,left_shoulder_y,left_elbow_x,left_elbow_y,left_wrist_x,left_wrist_y,pelvis_x,pelvis_y,right_hip_x,right_hip_y,right_knee_x,right_knee_y,right_ankle_x,right_ankle_y,left_hip_x,left_hip_y,left_knee_x,left_knee_y,left_ankle_x,left_ankle_y
0.609421052631579,0.11083333333333334,0.501421052631579,0.2425,0.3962631578947369,0.22416666666666665,0.3706842105263159,0.20583333333333334,0.5412105263157895,0.21583333333333332,0.4786842105263159,0.2608333333333333,0.5611052631578948,0.2991666666666667,0.6350000000000001,0.38416666666666666,0.7600526315789473,0.3675,0.3223684210526316,0.49083333333333334,0.30815789473684213,0.4891666666666667,0.44742105263157905,0.6708333333333333,0.4616315789473685,0.8775,0.3422631578947368,0.49416666666666664,0.30815789473684213,0.6841666666666667,0.22857894736842105,0.8458333333333333
