head_top_x,head_top_y,upper_neck_x,upper_neck_y,right_shoulder_x,right_shoulder_y,right_elbow_x,right_elbow_y,right_wrist_x,right_wrist_y,thorax_x,thorax_y,left_shoulder_x,left_shoulder_y,left_elbow_x,left_elbow_y,left_wrist_x,left_wrist_y,pelvis_x,pelvis_y,right_hip_x,right_hip_y,right_knee_x,right_knee_y,right_ankle_x,right_ankle_y,left_hip_x,left_hip_y,left_knee_x,left_knee_y,left_ankle_x,left_ankle_y
0.41083333333333333,0.1908011049723757,0.4841666666666667,0.3215193370165746,0.4058333333333333,0.3382780847145488,0.3075,0.38855432780847143,0.2225,0.33660220994475143,0.4891666666666667,0.32989871086556166,0.5758333333333333,0.31649171270718235,0.6908333333333333,0.4053130755064457,0.6241666666666666,0.4086648250460405,0.5408333333333334,0.5578176795580111,0.4925,0.5678729281767956,0.5425,0.7019429097605893,0.6541666666666667,0.8645027624309393,0.5875,0.5477624309392265,0.6541666666666667,0.68853591160221,0.7791666666666667,0.8628268876611418
