head_top_x,head_top_y,upper_neck_x,upper_neck_y,right_shoulder_x,right_shoulder_y,right_elbow_x,right_elbow_y,right_wrist_x,right_wrist_y,thorax_x,thorax_y,left_shoulder_x,left_shoulder_y,left_elbow_x,left_elbow_y,left_wrist_x,left_wrist_y,pelvis_x,pelvis_y,right_hip_x,right_hip_y,right_knee_x,right_knee_y,right_ankle_x,right_ankle_y,left_hip_x,left_hip_y,left_knee_x,left_knee_y,left_ankle_x,left_ankle_y
0.5739344262295081,0.034166666666666665,0.6187431693989072,0.1875,0.5246448087431693,0.23583333333333334,0.3991803278688525,0.3408333333333333,0.18857923497267756,0.35583333333333333,0.6366666666666665,0.24083333333333334,0.748688524590164,0.2425,0.5918579234972678,0.37416666666666665,0.23338797814207646,0.3575,0.5604918032786884,0.4825,0.49327868852459017,0.48083333333333333,0.47983606557377045,0.6841666666666667,0.5425683060109291,0.8858333333333334,0.6142622950819672,0.4841666666666667,0.6545901639344263,0.6941666666666667,0.7083606557377049,0.9075
