head_top_x,head_top_y,upper_neck_x,upper_neck_y,right_shoulder_x,right_shoulder_y,right_elbow_x,right_elbow_y,right_wrist_x,right_wrist_y,thorax_x,thorax_y,left_shoulder_x,left_shoulder_y,left_elbow_x,left_elbow_y,left_wrist_x,left_wrist_y,pelvis_x,pelvis_y,right_hip_x,right_hip_y,right_knee_x,right_knee_y,right_ankle_x,right_ankle_y,left_hip_x,left_hip_y,left_knee_x,left_knee_y,left_ankle_x,left_ankle_y
0.46123076923076917,0.025833333333333333,0.5166153846153845,0.17916666666666667,0.6938461538461539,0.21416666666666667,0.7307692307692307,0.3358333333333333,0.6532307692307694,0.42583333333333334,0.524,0.21583333333333332,0.3467692307692308,0.2125,0.36153846153846153,0.37083333333333335,0.47230769230769226,0.4625,0.6569230769230768,0.4675,0.7676923076923078,0.4725,0.5867692307692308,0.6941666666666667,0.6421538461538463,0.8825,0.5424615384615384,0.46416666666666667,0.19538461538461532,0.6208333333333333,0.36153846153846153,0.7408333333333333
