head_top_x,head_top_y,upper_neck_x,upper_neck_y,right_shoulder_x,right_shoulder_y,right_elbow_x,right_elbow_y,right_wrist_x,right_wrist_y,thorax_x,thorax_y,left_shoulder_x,left_shoulder_y,left_elbow_x,left_elbow_y,left_wrist_x,left_wrist_y,pelvis_x,pelvis_y,right_hip_x,right_hip_y,right_knee_x,right_knee_y,right_ankle_x,right_ankle_y,left_hip_x,left_hip_y,left_knee_x,left_knee_y,left_ankle_x,left_ankle_y
0.5225208333333333,0.0825,0.4853125,0.23083333333333333,0.3736875,0.19583333333333333,0.23268750000000002,0.22083333333333333,0.22877083333333334,0.31083333333333335,0.4872708333333334,0.20916666666666667,0.6008541666666667,0.21916666666666668,0.7673125,0.3375,0.7105208333333333,0.44583333333333336,0.5362291666666668,0.45916666666666667,0.4618125,0.46416666666666667,0.4676875,0.6808333333333333,0.5029374999999999,0.7925,0.6067291666666665,0.44916666666666666,0.7653541666666666,0.6341666666666667,0.6948541666666668,0.7858333333333334
