head_top_x,head_top_y,upper_neck_x,upper_neck_y,right_shoulder_x,right_shoulder_y,right_elbow_x,right_elbow_y,right_wrist_x,right_wrist_y,thorax_x,thorax_y,left_shoulder_x,left_shoulder_y,left_elbow_x,left_elbow_y,left_wrist_x,left_wrist_y,pelvis_x,pelvis_y,right_hip_x,right_hip_y,right_knee_x,right_knee_y,right_ankle_x,right_ankle_y,left_hip_x,left_hip_y,left_knee_x,left_knee_y,left_ankle_x,left_ankle_y
0.48107421875,0.12916666666666668,0.5434179687499999,0.2725,0.4588085937500001,0.30416666666666664,0.3630664062500001,0.3408333333333333,0.21611328124999998,0.2675,0.5545507812500001,0.2941666666666667,0.64806640625,0.2841666666666667,0.7482617187499999,0.3875,0.7282226562499999,0.42083333333333334,0.56791015625,0.5175,0.5100195312499999,0.5258333333333334,0.47662109375000006,0.7458333333333333,0.37197265625,0.7658333333333334,0.6258007812499999,0.5108333333333334,0.7638476562500001,0.6791666666666667,0.78388671875,0.8341666666666666
