head_top_x,head_top_y,upper_neck_x,upper_neck_y,right_shoulder_x,right_shoulder_y,right_elbow_x,right_elbow_y,right_wrist_x,right_wrist_y,thorax_x,thorax_y,left_shoulder_x,left_shoulder_y,left_elbow_x,left_elbow_y,left_wrist_x,left_wrist_y,pelvis_x,pelvis_y,right_hip_x,right_hip_y,right_knee_x,right_knee_y,right_ankle_x,right_ankle_y,left_hip_x,left_hip_y,left_knee_x,left_knee_y,left_ankle_x,left_ankle_y
0.6425255102040817,0.13083333333333333,0.5680527210884354,0.2725,0.5423724489795918,0.31916666666666665,0.5731887755102041,0.4741666666666667,0.7092942176870749,0.5358333333333334,0.5423724489795918,0.31416666666666665,0.5398044217687076,0.3125,0.5860289115646258,0.4508333333333333,0.7324064625850341,0.4875,0.41910714285714284,0.5525,0.4268112244897959,0.5508333333333333,0.5577806122448979,0.7841666666666667,0.7015901360544218,0.9875,0.4114030612244898,0.5508333333333333,0.434515306122449,0.7825,0.21366496598639453,0.9708333333333333
