head_top_x,head_top_y,upper_neck_x,upper_neck_y,right_shoulder_x,right_shoulder_y,right_elbow_x,right_elbow_y,right_wrist_x,right_wrist_y,thorax_x,thorax_y,left_shoulder_x,left_shoulder_y,left_elbow_x,left_elbow_y,left_wrist_x,left_wrist_y,pelvis_x,pelvis_y,right_hip_x,right_hip_y,right_knee_x,right_knee_y,right_ankle_x,right_ankle_y,left_hip_x,left_hip_y,left_knee_x,left_knee_y,left_ankle_x,left_ankle_y
0.5345200421940929,0.15583333333333332,0.5286023206751055,0.30583333333333335,0.43391877637130793,0.33916666666666667,0.2997837552742616,0.3625,0.30372890295358645,0.22583333333333333,0.530574894514768,0.3258333333333333,0.6232858649789029,0.31083333333333335,0.6883808016877637,0.37583333333333335,0.7100791139240507,0.35583333333333333,0.5739715189873418,0.5425,0.5325474683544303,0.5408333333333334,0.4280010548523206,0.7208333333333333,0.21299050632911393,0.8608333333333333,0.6173681434599155,0.5425,0.7515031645569621,0.6908333333333333,0.7732014767932489,0.8725
