head_top_x,head_top_y,upper_neck_x,upper_neck_y,right_shoulder_x,right_shoulder_y,right_elbow_x,right_elbow_y,right_wrist_x,right_wrist_y,thorax_x,thorax_y,left_shoulder_x,left_shoulder_y,left_elbow_x,left_elbow_y,left_wrist_x,left_wrist_y,pelvis_x,pelvis_y,right_hip_x,right_hip_y,right_knee_x,right_knee_y,right_ankle_x,right_ankle_y,left_hip_x,left_hip_y,left_knee_x,left_knee_y,left_ankle_x,left_ankle_y
0.7007919254658386,0.1675,0.5988354037267082,0.2808333333333333,0.6238043478260868,0.2841666666666667,0.5905124223602485,0.37916666666666665,0.7007919254658386,0.4075,0.6092391304347826,0.2808333333333333,0.5884316770186335,0.2725,0.46150621118012425,0.30583333333333335,0.5176863354037267,0.39916666666666667,0.5468167701863353,0.4775,0.5176863354037267,0.4741666666666667,0.421972049689441,0.6441666666666667,0.19933229813664596,0.5725,0.575947204968944,0.4775,0.6841459627329192,0.6208333333333333,0.7694565217391304,0.7991666666666667
