head_top_x,head_top_y,upper_neck_x,upper_neck_y,right_shoulder_x,right_shoulder_y,right_elbow_x,right_elbow_y,right_wrist_x,right_wrist_y,thorax_x,thorax_y,left_shoulder_x,left_shoulder_y,left_elbow_x,left_elbow_y,left_wrist_x,left_wrist_y,pelvis_x,pelvis_y,right_hip_x,right_hip_y,right_knee_x,right_knee_y,right_ankle_x,right_ankle_y,left_hip_x,left_hip_y,left_knee_x,left_knee_y,left_ankle_x,left_ankle_y
0.3275,0.20122040072859743,0.41083333333333333,0.32963570127504555,0.42583333333333334,0.34846994535519127,0.4925,0.3792896174863388,0.5208333333333334,0.34846994535519127,0.4225,0.34846994535519127,0.42583333333333334,0.35018214936247727,0.5141666666666667,0.3827140255009107,0.5175,0.34846994535519127,0.4675,0.564207650273224,0.48583333333333334,0.5573588342440801,0.5858333333333333,0.6891985428051002,0.7741666666666667,0.6686520947176684,0.44916666666666666,0.567632058287796,0.2875,0.699471766848816,0.2275,0.8535701275045536
