head_top_x,head_top_y,upper_neck_x,upper_neck_y,right_shoulder_x,right_shoulder_y,right_elbow_x,right_elbow_y,right_wrist_x,right_wrist_y,thorax_x,thorax_y,left_shoulder_x,left_shoulder_y,left_elbow_x,left_elbow_y,left_wrist_x,left_wrist_y,pelvis_x,pelvis_y,right_hip_x,right_hip_y,right_knee_x,right_knee_y,right_ankle_x,right_ankle_y,left_hip_x,left_hip_y,left_knee_x,left_knee_y,left_ankle_x,left_ankle_y
0.511421052631579,0.0625,0.531,0.2175,0.35152631578947374,0.22416666666666665,0.24057894736842103,0.3225,0.36131578947368415,0.30083333333333334,0.5277368421052632,0.2325,0.7039473684210525,0.24083333333333334,0.7887894736842105,0.3591666666666667,0.593,0.30416666666666664,0.5342631578947368,0.4725,0.4331052631578947,0.47583333333333333,0.39394736842105266,0.6691666666666667,0.4298421052631579,0.8641666666666666,0.6321578947368421,0.4691666666666667,0.6321578947368421,0.6658333333333334,0.612578947368421,0.8691666666666666
