head_top_x,head_top_y,upper_neck_x,upper_neck_y,right_shoulder_x,right_shoulder_y,right_elbow_x,right_elbow_y,right_wrist_x,right_wrist_y,thorax_x,thorax_y,left_shoulder_x,left_shoulder_y,left_elbow_x,left_elbow_y,left_wrist_x,left_wrist_y,pelvis_x,pelvis_y,right_hip_x,right_hip_y,right_knee_x,right_knee_y,right_ankle_x,right_ankle_y,left_hip_x,left_hip_y,left_knee_x,left_knee_y,left_ankle_x,left_ankle_y
0.2854166666666667,0.060833333333333336,0.41875000000000007,0.2075,0.5895833333333335,0.23416666666666666,0.7729166666666666,0.3425,0.6729166666666667,0.43083333333333335,0.44791666666666674,0.23916666666666667,0.30624999999999997,0.2475,0.40625000000000006,0.38416666666666666,0.2854166666666667,0.5258333333333334,0.60625,0.4725,0.6979166666666667,0.4691666666666667,0.5062499999999999,0.6941666666666667,0.5812499999999999,0.8808333333333334,0.5062499999999999,0.4775,0.20208333333333342,0.7041666666666667,0.5687499999999999,0.8841666666666667
