head_top_x,head_top_y,upper_neck_x,upper_neck_y,right_shoulder_x,right_shoulder_y,right_elbow_x,right_elbow_y,right_wrist_x,right_wrist_y,thorax_x,thorax_y,left_shoulder_x,left_shoulder_y,left_elbow_x,left_elbow_y,left_wrist_x,left_wrist_y,pelvis_x,pelvis_y,right_hip_x,right_hip_y,right_knee_x,right_knee_y,right_ankle_x,right_ankle_y,left_hip_x,left_hip_y,left_knee_x,left_knee_y,left_ankle_x,left_ankle_y
0.7306007751937985,0.13583333333333333,0.5919573643410854,0.25583333333333336,0.549515503875969,0.2975,0.40521317829457365,0.4041666666666667,0.2524224806201551,0.4891666666666667,0.5438565891472869,0.2925,0.5353682170542636,0.28583333333333333,0.351453488372093,0.36583333333333334,0.24676356589147289,0.4891666666666667,0.481608527131783,0.5475,0.4731201550387597,0.5458333333333333,0.7815310077519381,0.7425,0.5664922480620155,0.9425,0.4957558139534884,0.5441666666666667,0.49009689922480615,0.7408333333333333,0.2693992248062016,0.9458333333333333
