head_top_x,head_top_y,upper_neck_x,upper_neck_y,right_shoulder_x,right_shoulder_y,right_elbow_x,right_elbow_y,right_wrist_x,right_wrist_y,thorax_x,thorax_y,left_shoulder_x,left_shoulder_y,left_elbow_x,left_elbow_y,left_wrist_x,left_wrist_y,pelvis_x,pelvis_y,right_hip_x,right_hip_y,right_knee_x,right_knee_y,right_ankle_x,right_ankle_y,left_hip_x,left_hip_y,left_knee_x,left_knee_y,left_ankle_x,left_ankle_y
0.6524045801526718,0.12083333333333333,0.5768320610687022,0.26416666666666666,0.4685114503816795,0.2425,0.40553435114503816,0.3225,0.4760687022900765,0.38416666666666666,0.5642366412213741,0.2825,0.6624809160305344,0.32083333333333336,0.6725572519083969,0.45416666666666666,0.7456106870229008,0.43083333333333335,0.4206488549618321,0.46416666666666667,0.35767175572519083,0.4425,0.23927480916030539,0.6008333333333333,0.13347328244274811,0.7725,0.48362595419847343,0.4791666666666667,0.5314885496183207,0.6741666666666667,0.5113358778625954,0.8808333333333334
