head_top_x,head_top_y,upper_neck_x,upper_neck_y,right_shoulder_x,right_shoulder_y,right_elbow_x,right_elbow_y,right_wrist_x,right_wrist_y,thorax_x,thorax_y,left_shoulder_x,left_shoulder_y,left_elbow_x,left_elbow_y,left_wrist_x,left_wrist_y,pelvis_x,pelvis_y,right_hip_x,right_hip_y,right_knee_x,right_knee_y,right_ankle_x,right_ankle_y,left_hip_x,left_hip_y,left_knee_x,left_knee_y,left_ankle_x,left_ankle_y
0.5010403726708075,0.14916666666666667,0.5176863354037267,0.2991666666666667,0.4386180124223602,0.31583333333333335,0.47190993788819874,0.4225,0.5905124223602485,0.3675,0.5176863354037267,0.2975,0.6029968944099379,0.2791666666666667,0.6695807453416149,0.3408333333333333,0.6903881987577639,0.36583333333333334,0.5218478260869565,0.49416666666666664,0.46774844720496894,0.49583333333333335,0.3886801242236025,0.6808333333333333,0.19309006211180124,0.7825,0.5717857142857142,0.49083333333333334,0.6737422360248447,0.6441666666666667,0.7819409937888199,0.8075
