head_top_x,head_top_y,upper_neck_x,upper_neck_y,right_shoulder_x,right_shoulder_y,right_elbow_x,right_elbow_y,right_wrist_x,right_wrist_y,thorax_x,thorax_y,left_shoulder_x,left_shoulder_y,left_elbow_x,left_elbow_y,left_wrist_x,left_wrist_y,pelvis_x,pelvis_y,right_hip_x,right_hip_y,right_knee_x,right_knee_y,right_ankle_x,right_ankle_y,left_hip_x,left_hip_y,left_knee_x,left_knee_y,left_ankle_x,left_ankle_y
0.8353865979381443,0.12583333333333332,0.6582560137457044,0.22583333333333333,0.6408333333333333,0.25916666666666666,0.5159707903780069,0.38083333333333336,0.6901975945017181,0.43916666666666665,0.6176030927835051,0.24916666666666668,0.5914690721649485,0.2375,0.43176116838487966,0.3258333333333333,0.46079896907216483,0.4141666666666667,0.43466494845360826,0.4675,0.42885738831615117,0.4691666666666667,0.5508161512027492,0.6758333333333333,0.3039948453608247,0.8641666666666666,0.4375687285223367,0.46416666666666667,0.5682388316151203,0.6541666666666667,0.2139776632302405,0.7291666666666666
