head_top_x,head_top_y,upper_neck_x,upper_neck_y,right_shoulder_x,right_shoulder_y,right_elbow_x,right_elbow_y,right_wrist_x,right_wrist_y,thorax_x,thorax_y,left_shoulder_x,left_shoulder_y,left_elbow_x,left_elbow_y,left_wrist_x,left_wrist_y,pelvis_x,pelvis_y,right_hip_x,right_hip_y,right_knee_x,right_knee_y,right_ankle_x,right_ankle_y,left_hip_x,left_hip_y,left_knee_x,left_knee_y,left_ankle_x,left_ankle_y
0.45049999999999996,0.06416666666666666,0.6081666666666667,0.19916666666666666,0.7841666666666666,0.20583333333333334,0.6448333333333333,0.33916666666666667,0.4468333333333333,0.33416666666666667,0.6558333333333333,0.23416666666666666,0.5348333333333334,0.2675,0.3845,0.37416666666666665,0.23050000000000004,0.2991666666666667,0.7768333333333334,0.5025,0.8648333333333335,0.49916666666666665,0.38816666666666666,0.6741666666666667,0.2598333333333333,0.8875,0.6851666666666665,0.5075,0.49083333333333334,0.7141666666666666,0.6595,0.9125
