head_top_x,head_top_y,upper_neck_x,upper_neck_y,right_shoulder_x,right_shoulder_y,right_elbow_x,right_elbow_y,right_wrist_x,right_wrist_y,thorax_x,thorax_y,left_shoulder_x,left_shoulder_y,left_elbow_x,left_elbow_y,left_wrist_x,left_wrist_y,pelvis_x,pelvis_y,right_hip_x,right_hip_y,right_knee_x,right_knee_y,right_ankle_x,right_ankle_y,left_hip_x,left_hip_y,left_knee_x,left_knee_y,left_ankle_x,left_ankle_y
0.49416666666666664,0.34359939759036146,0.5141666666666667,0.5252259036144579,0.43083333333333335,0.5332981927710843,0.30583333333333335,0.44853915662650606,0.17916666666666667,0.3718524096385542,0.5141666666666667,0.5171536144578314,0.6008333333333333,0.49697289156626506,0.7008333333333333,0.3779066265060241,0.7825,0.24471385542168678,0.5391666666666667,0.7290512048192771,0.4775,0.741159638554217,0.3425,0.7653765060240963,0.20583333333333334,0.7694126506024097,0.5958333333333333,0.7209789156626506,0.31416666666666665,0.7694126506024097,0.2025,0.7310692771084337
