head_top_x,head_top_y,upper_neck_x,upper_neck_y,right_shoulder_x,right_shoulder_y,right_elbow_x,right_elbow_y,right_wrist_x,right_wrist_y,thorax_x,thorax_y,left_shoulder_x,left_shoulder_y,left_elbow_x,left_elbow_y,left_wrist_x,left_wrist_y,pelvis_x,pelvis_y,right_hip_x,right_hip_y,right_knee_x,right_knee_y,right_ankle_x,right_ankle_y,left_hip_x,left_hip_y,left_knee_x,left_knee_y,left_ankle_x,left_ankle_y
0.4388532110091744,0.10083333333333333,0.5071100917431193,0.25083333333333335,0.46160550458715605,0.2925,0.41610091743119265,0.39416666666666667,0.23977064220183483,0.3441666666666667,0.5156422018348624,0.2725,0.5583027522935781,0.25083333333333335,0.6464678899082569,0.3541666666666667,0.44738532110091755,0.39416666666666667,0.6038073394495412,0.48583333333333334,0.5838990825688074,0.48583333333333334,0.5639908256880733,0.6658333333333334,0.7602293577981651,0.8008333333333333,0.6237155963302753,0.48583333333333334,0.5213302752293577,0.6641666666666667,0.5241743119266055,0.8625
