head_top_x,head_top_y,upper_neck_x,upper_neck_y,right_shoulder_x,right_shoulder_y,right_elbow_x,right_elbow_y,right_wrist_x,right_wrist_y,thorax_x,thorax_y,left_shoulder_x,left_shoulder_y,left_elbow_x,left_elbow_y,left_wrist_x,left_wrist_y,pelvis_x,pelvis_y,right_hip_x,right_hip_y,right_knee_x,right_knee_y,right_ankle_x,right_ankle_y,left_hip_x,left_hip_y,left_knee_x,left_knee_y,left_ankle_x,left_ankle_y
0.31817434210526313,0.7058333333333333,0.3600493421052632,0.7558333333333334,0.4878782894736842,0.3975,0.8383059210526317,0.39916666666666667,0.8140625000000001,0.3725,0.3600493421052632,0.6391666666666667,0.3754769736842105,0.6208333333333333,0.8405098684210525,0.4075,0.7986348684210527,0.38416666666666666,0.4371875,0.4375,0.4371875,0.4241666666666667,0.3600493421052632,0.30083333333333334,0.23001644736842106,0.1775,0.4371875,0.4475,0.3578453947368421,0.6341666666666667,0.23222039473684208,0.18583333333333332
