head_top_x,head_top_y,upper_neck_x,upper_neck_y,right_shoulder_x,right_shoulder_y,right_elbow_x,right_elbow_y,right_wrist_x,right_wrist_y,thorax_x,thorax_y,left_shoulder_x,left_shoulder_y,left_elbow_x,left_elbow_y,left_wrist_x,left_wrist_y,pelvis_x,pelvis_y,right_hip_x,right_hip_y,right_knee_x,right_knee_y,right_ankle_x,right_ankle_y,left_hip_x,left_hip_y,left_knee_x,left_knee_y,left_ankle_x,left_ankle_y
0.7030464480874317,0.2025,0.5595765027322405,0.30583333333333335,0.46960382513661203,0.26416666666666666,0.36260928961748634,0.21083333333333334,0.20941256830601093,0.13583333333333333,0.5498497267759563,0.30916666666666665,0.6349590163934427,0.35583333333333333,0.7273633879781422,0.3958333333333333,0.6908879781420766,0.2825,0.45744535519125684,0.5375,0.40637978142076503,0.5408333333333334,0.42826502732240435,0.6658333333333334,0.4623087431693989,0.7958333333333333,0.5133743169398907,0.5325,0.5693032786885246,0.6491666666666667,0.6106420765027322,0.7291666666666666
