head_top_x,head_top_y,upper_neck_x,upper_neck_y,right_shoulder_x,right_shoulder_y,right_elbow_x,right_elbow_y,right_wrist_x,right_wrist_y,thorax_x,thorax_y,left_shoulder_x,left_shoulder_y,left_elbow_x,left_elbow_y,left_wrist_x,left_wrist_y,pelvis_x,pelvis_y,right_hip_x,right_hip_y,right_knee_x,right_knee_y,right_ankle_x,right_ankle_y,left_hip_x,left_hip_y,left_knee_x,left_knee_y,left_ankle_x,left_ankle_y
0.5164814814814813,0.07916666666666666,0.4212551440329218,0.2225,0.23812757201646095,0.22916666666666666,0.223477366255144,0.3675,0.27475308641975316,0.32083333333333336,0.4175925925925926,0.2275,0.6007201646090534,0.2225,0.6226954732510287,0.35583333333333333,0.4835185185185185,0.30083333333333334,0.4468930041152263,0.4675,0.35532921810699586,0.4691666666666667,0.3260288065843622,0.6741666666666667,0.3260288065843622,0.8708333333333333,0.5384567901234567,0.46416666666666667,0.6483333333333333,0.6675,0.7691975308641976,0.8725
