head_top_x,head_top_y,upper_neck_x,upper_neck_y,right_shoulder_x,right_shoulder_y,right_elbow_x,right_elbow_y,right_wrist_x,right_wrist_y,thorax_x,thorax_y,left_shoulder_x,left_shoulder_y,left_elbow_x,left_elbow_y,left_wrist_x,left_wrist_y,pelvis_x,pelvis_y,right_hip_x,right_hip_y,right_knee_x,right_knee_y,right_ankle_x,right_ankle_y,left_hip_x,left_hip_y,left_knee_x,left_knee_y,left_ankle_x,left_ankle_y
0.6216578947368421,0.22916666666666666,0.455921052631579,0.33416666666666667,0.5229210526315791,0.33416666666666667,0.4488684210526316,0.22416666666666665,0.4100789473684211,0.13916666666666666,0.47355263157894734,0.3225,0.40655263157894733,0.30916666666666665,0.31134210526315786,0.2225,0.29723684210526313,0.10916666666666666,0.2796052631578947,0.5441666666666667,0.31134210526315786,0.5425,0.4312368421052632,0.7091666666666666,0.7556578947368422,0.7808333333333334,0.2408157894736842,0.5425,0.27607894736842103,0.7325,0.46297368421052626,0.8825
