head_top_x,head_top_y,upper_neck_x,upper_neck_y,right_shoulder_x,right_shoulder_y,right_elbow_x,right_elbow_y,right_wrist_x,right_wrist_y,thorax_x,thorax_y,left_shoulder_x,left_shoulder_y,left_elbow_x,left_elbow_y,left_wrist_x,left_wrist_y,pelvis_x,pelvis_y,right_hip_x,right_hip_y,right_knee_x,right_knee_y,right_ankle_x,right_ankle_y,left_hip_x,left_hip_y,left_knee_x,left_knee_y,left_ankle_x,left_ankle_y
0.2713851351351351,0.7091666666666666,0.4751013513513514,0.6141666666666666,0.6109121621621623,0.6275,0.6063851351351351,0.20083333333333334,0.7150337837837839,0.09916666666666667,0.5294256756756758,0.6275,0.5746959459459459,0.6125,0.3438175675675676,0.7791666666666667,0.23516891891891897,0.8891666666666667,0.6923986486486485,0.38416666666666666,0.7331418918918918,0.38083333333333336,0.7195608108108108,0.23083333333333333,0.7286148648648647,0.09416666666666666,0.6697635135135135,0.38416666666666666,0.6561824324324325,0.2175,0.7150337837837839,0.10583333333333333
