head_top_x,head_top_y,upper_neck_x,upper_neck_y,right_shoulder_x,right_shoulder_y,right_elbow_x,right_elbow_y,right_wrist_x,right_wrist_y,thorax_x,thorax_y,left_shoulder_x,left_shoulder_y,left_elbow_x,left_elbow_y,left_wrist_x,left_wrist_y,pelvis_x,pelvis_y,right_hip_x,right_hip_y,right_knee_x,right_knee_y,right_ankle_x,right_ankle_y,left_hip_x,left_hip_y,left_knee_x,left_knee_y,left_ankle_x,left_ankle_y
0.4526641414141414,0.060833333333333336,0.5267550505050506,0.21083333333333334,0.35387626262626265,0.2375,0.26743686868686867,0.36583333333333334,0.24685606060606066,0.4841666666666667,0.5432196969696969,0.24916666666666668,0.7325631313131312,0.2575,0.7860732323232323,0.4075,0.6790530303030303,0.5075,0.5185227272727272,0.49083333333333334,0.4073863636363637,0.49416666666666664,0.30036616161616164,0.6875,0.30036616161616164,0.8825,0.6214267676767677,0.4891666666666667,0.6049621212121211,0.7008333333333333,0.6584722222222223,0.8908333333333334
