head_top_x,head_top_y,upper_neck_x,upper_neck_y,right_shoulder_x,right_shoulder_y,right_elbow_x,right_elbow_y,right_wrist_x,right_wrist_y,thorax_x,thorax_y,left_shoulder_x,left_shoulder_y,left_elbow_x,left_elbow_y,left_wrist_x,left_wrist_y,pelvis_x,pelvis_y,right_hip_x,right_hip_y,right_knee_x,right_knee_y,right_ankle_x,right_ankle_y,left_hip_x,left_hip_y,left_knee_x,left_knee_y,left_ankle_x,left_ankle_y
0.2490573770491804,0.0725,0.4935655737704918,0.18916666666666668,0.5579098360655736,0.20916666666666667,0.6179644808743168,0.32416666666666666,0.38203551912568307,0.3125,0.5278825136612022,0.20916666666666667,0.5064344262295081,0.2075,0.5193032786885244,0.33416666666666667,0.21474043715846994,0.2675,0.5493306010928962,0.48583333333333334,0.6179644808743168,0.4841666666666667,0.5922267759562843,0.6808333333333333,0.6093852459016393,0.8775,0.48498633879781416,0.4891666666666667,0.3391393442622951,0.7008333333333333,0.2747950819672131,0.9091666666666667
