head_top_x,head_top_y,upper_neck_x,upper_neck_y,right_shoulder_x,right_shoulder_y,right_elbow_x,right_elbow_y,right_wrist_x,right_wrist_y,thorax_x,thorax_y,left_shoulder_x,left_shoulder_y,left_elbow_x,left_elbow_y,left_wrist_x,left_wrist_y,pelvis_x,pelvis_y,right_hip_x,right_hip_y,right_knee_x,right_knee_y,right_ankle_x,right_ankle_y,left_hip_x,left_hip_y,left_knee_x,left_knee_y,left_ankle_x,left_ankle_y
0.5301912568306012,0.03916666666666667,0.5209016393442621,0.1925,0.31653005464480866,0.2275,0.21434426229508197,0.36583333333333334,0.2654371584699453,0.5125,0.516256830601093,0.2225,0.7206284153005467,0.21916666666666668,0.7670765027322405,0.3408333333333333,0.646311475409836,0.37083333333333335,0.5255464480874317,0.4741666666666667,0.41407103825136615,0.4775,0.3211748633879782,0.7041666666666667,0.26079234972677595,0.9058333333333334,0.6416666666666666,0.4708333333333333,0.7159836065573771,0.6941666666666667,0.7670765027322405,0.8791666666666667
