head_top_x,head_top_y,upper_neck_x,upper_neck_y,right_shoulder_x,right_shoulder_y,right_elbow_x,right_elbow_y,right_wrist_x,right_wrist_y,thorax_x,thorax_y,left_shoulder_x,left_shoulder_y,left_elbow_x,left_elbow_y,left_wrist_x,left_wrist_y,pelvis_x,pelvis_y,right_hip_x,right_hip_y,right_knee_x,right_knee_y,right_ankle_x,right_ankle_y,left_hip_x,left_hip_y,left_knee_x,left_knee_y,left_ankle_x,left_ankle_y
0.2681554878048781,0.16416666666666666,0.3171798780487805,0.3075,0.24772865853658538,0.32416666666666666,0.1925762195121951,0.4041666666666667,0.1864481707317073,0.4608333333333333,0.3151371951219512,0.30583333333333335,0.3805030487804878,0.2875,0.5071493902439025,0.3675,0.4622103658536585,0.4625,0.43361280487804876,0.4875,0.39071646341463406,0.49583333333333335,0.13538109756097563,0.5891666666666666,0.5602591463414635,0.7408333333333333,0.4765091463414634,0.4825,0.3028810975609756,0.6158333333333333,0.34577743902439023,0.8025
