head_top_x,head_top_y,upper_neck_x,upper_neck_y,right_shoulder_x,right_shoulder_y,right_elbow_x,right_elbow_y,right_wrist_x,right_wrist_y,thorax_x,thorax_y,left_shoulder_x,left_shoulder_y,left_elbow_x,left_elbow_y,left_wrist_x,left_wrist_y,pelvis_x,pelvis_y,right_hip_x,right_hip_y,right_knee_x,right_knee_y,right_ankle_x,right_ankle_y,left_hip_x,left_hip_y,left_knee_x,left_knee_y,left_ankle_x,left_ankle_y
0.6477380952380951,0.0725,0.5020238095238095,0.2075,0.6436904761904763,0.23416666666666666,0.7651190476190476,0.3458333333333333,0.708452380952381,0.43416666666666665,0.4736904761904763,0.24083333333333334,0.30369047619047623,0.24083333333333334,0.22273809523809515,0.3575,0.24297619047619046,0.4658333333333333,0.4615476190476191,0.4925,0.5627380952380954,0.4875,0.6315476190476191,0.6675,0.6234523809523809,0.8841666666666667,0.36440476190476184,0.49416666666666664,0.34011904761904754,0.6675,0.26726190476190476,0.8758333333333334
