head_top_x,head_top_y,upper_neck_x,upper_neck_y,right_shoulder_x,right_shoulder_y,right_elbow_x,right_elbow_y,right_wrist_x,right_wrist_y,thorax_x,thorax_y,left_shoulder_x,left_shoulder_y,left_elbow_x,left_elbow_y,left_wrist_x,left_wrist_y,pelvis_x,pelvis_y,right_hip_x,right_hip_y,right_knee_x,right_knee_y,right_ankle_x,right_ankle_y,left_hip_x,left_hip_y,left_knee_x,left_knee_y,left_ankle_x,left_ankle_y
0.39158256880733944,0.11583333333333333,0.39905963302752295,0.2725,0.26945718654434253,0.3125,0.23207186544342512,0.4008333333333333,0.4364449541284404,0.4058333333333333,0.40155198776758405,0.3025,0.5336467889908256,0.2925,0.6358333333333334,0.3591666666666667,0.767928134556575,0.44416666666666665,0.4264755351681957,0.5225,0.3616743119266055,0.5375,0.4588761467889908,0.7008333333333333,0.5635550458715596,0.8191666666666667,0.49626146788990827,0.5108333333333334,0.5062308868501528,0.6858333333333333,0.4862920489296636,0.8858333333333334
