head_top_x,head_top_y,upper_neck_x,upper_neck_y,right_shoulder_x,right_shoulder_y,right_elbow_x,right_elbow_y,right_wrist_x,right_wrist_y,thorax_x,thorax_y,left_shoulder_x,left_shoulder_y,left_elbow_x,left_elbow_y,left_wrist_x,left_wrist_y,pelvis_x,pelvis_y,right_hip_x,right_hip_y,right_knee_x,right_knee_y,right_ankle_x,right_ankle_y,left_hip_x,left_hip_y,left_knee_x,left_knee_y,left_ankle_x,left_ankle_y
0.4837617508813161,0.15625,0.46014247943595765,0.30027173913043476,0.5487147473560516,0.31929347826086957,0.6609062867215041,0.39809782608695654,0.7553833725029376,0.4633152173913043,0.46014247943595765,0.3029891304347826,0.3745226204465335,0.3111413043478261,0.2741407168037603,0.4171195652173913,0.24461662749706226,0.5339673913043478,0.4247135722679201,0.4796195652173913,0.4010943008225617,0.48233695652173914,0.3479509400705053,0.7133152173913043,0.2091877203290247,0.7894021739130435,0.4010943008225617,0.48233695652173914,0.5693816098707403,0.5339673913043478,0.21214012925969444,0.7839673913043478
