head_top_x,head_top_y,upper_neck_x,upper_neck_y,right_shoulder_x,right_shoulder_y,right_elbow_x,right_elbow_y,right_wrist_x,right_wrist_y,thorax_x,thorax_y,left_shoulder_x,left_shoulder_y,left_elbow_x,left_elbow_y,left_wrist_x,left_wrist_y,pelvis_x,pelvis_y,right_hip_x,right_hip_y,right_knee_x,right_knee_y,right_ankle_x,right_ankle_y,left_hip_x,left_hip_y,left_knee_x,left_knee_y,left_ankle_x,left_ankle_y
0.5630160936973374,0.30027173913043476,0.729703825412875,0.12092391304347826,0.6321305190428042,0.13722826086956522,0.5223605493764746,0.23777173913043478,0.7622282608695653,0.27853260869565216,0.729703825412875,0.15081521739130435,0.843539349511291,0.13994565217391305,0.9085882204246715,0.33016304347826086,0.7825560330299967,0.27853260869565216,0.25809951129086617,0.563858695652174,0.20524730367374452,0.5720108695652174,0.3963283619817999,0.6182065217391305,0.24183729356252107,0.7839673913043478,0.27436172901921135,0.5529891304347826,0.33127949106841936,0.6997282608695652,0.2865583923154702,0.8301630434782609
