head_top_x,head_top_y,upper_neck_x,upper_neck_y,right_shoulder_x,right_shoulder_y,right_elbow_x,right_elbow_y,right_wrist_x,right_wrist_y,thorax_x,thorax_y,left_shoulder_x,left_shoulder_y,left_elbow_x,left_elbow_y,left_wrist_x,left_wrist_y,pelvis_x,pelvis_y,right_hip_x,right_hip_y,right_knee_x,right_knee_y,right_ankle_x,right_ankle_y,left_hip_x,left_hip_y,left_knee_x,left_knee_y,left_ankle_x,left_ankle_y
0.7513870018115941,0.09375,0.6480129076086957,0.2296195652173913,0.5963258605072465,0.24592391304347827,0.49765058876811596,0.36820652173913043,0.6715070199275363,0.4171195652173913,0.6292176177536232,0.24592391304347827,0.6527117300724637,0.24048913043478262,0.5117470561594202,0.3383152173913043,0.6339164402173914,0.39266304347826086,0.46475883152173914,0.44972826086956524,0.4130717844202899,0.45516304347826086,0.47885529891304346,0.6698369565217391,0.21572124094202902,0.8084239130434783,0.5211447010869564,0.452445652173913,0.746688179347826,0.6426630434782609,0.7419893568840581,0.84375
