head_top_x,head_top_y,upper_neck_x,upper_neck_y,right_shoulder_x,right_shoulder_y,right_elbow_x,right_elbow_y,right_wrist_x,right_wrist_y,thorax_x,thorax_y,left_shoulder_x,left_shoulder_y,left_elbow_x,left_elbow_y,left_wrist_x,left_wrist_y,pelvis_x,pelvis_y,right_hip_x,right_hip_y,right_knee_x,right_knee_y,right_ankle_x,right_ankle_y,left_hip_x,left_hip_y,left_knee_x,left_knee_y,left_ankle_x,left_ankle_y
0.4394082804103566,0.042119565217391304,0.48557340009770394,0.19429347826086957,0.28937164142647775,0.2105978260869565,0.26051844162188575,0.3546195652173913,0.22012396189545677,0.4796195652173913,0.48557340009770394,0.20244565217391305,0.6760045188080116,0.19972826086956522,0.7683347581827065,0.30842391304347827,0.7163989985344406,0.3953804347826087,0.4913440400586224,0.46603260869565216,0.39324316072300936,0.46603260869565216,0.4047844406448461,0.6725543478260869,0.4278670004885198,0.8355978260869565,0.5894449193942356,0.46603260869565216,0.6009861993160722,0.688858695652174,0.5721329995114801,0.8872282608695652
