head_top_x,head_top_y,upper_neck_x,upper_neck_y,right_shoulder_x,right_shoulder_y,right_elbow_x,right_elbow_y,right_wrist_x,right_wrist_y,thorax_x,thorax_y,left_shoulder_x,left_shoulder_y,left_elbow_x,left_elbow_y,left_wrist_x,left_wrist_y,pelvis_x,pelvis_y,right_hip_x,right_hip_y,right_knee_x,right_knee_y,right_ankle_x,right_ankle_y,left_hip_x,left_hip_y,left_knee_x,left_knee_y,left_ankle_x,left_ankle_y
0.532608695652174,0.07472826086956522,0.407190635451505,0.2296195652173913,0.21655518394648832,0.27309782608695654,0.20652173913043476,0.46603260869565216,0.487458193979933,0.4361413043478261,0.38210702341137126,0.264945652173913,0.5275919732441472,0.264945652173913,0.5677257525083612,0.3953804347826087,0.6981605351170569,0.40896739130434784,0.5025083612040134,0.5747282608695652,0.4172240802675585,0.5991847826086957,0.4673913043478261,0.78125,0.47742474916387945,0.9605978260869565,0.5827759197324415,0.5502717391304348,0.7282608695652173,0.7350543478260869,0.7633779264214047,0.9035326086956522
