head_top_x,head_top_y,upper_neck_x,upper_neck_y,right_shoulder_x,right_shoulder_y,right_elbow_x,right_elbow_y,right_wrist_x,right_wrist_y,thorax_x,thorax_y,left_shoulder_x,left_shoulder_y,left_elbow_x,left_elbow_y,left_wrist_x,left_wrist_y,pelvis_x,pelvis_y,right_hip_x,right_hip_y,right_knee_x,right_knee_y,right_ankle_x,right_ankle_y,left_hip_x,left_hip_y,left_knee_x,left_knee_y,left_ankle_x,left_ankle_y
0.489842132505176,0.06657608695652174,0.4695263975155279,0.2269021739130435,0.6929994824016564,0.264945652173913,0.7810343340234646,0.40625,0.5914208074534162,0.39809782608695654,0.4695263975155279,0.25679347826086957,0.23250948930296755,0.2513586956521739,0.20542184265010355,0.40625,0.35440389924085575,0.4633152173913043,0.462754485852312,0.4741847826086957,0.5778769841269841,0.48233695652173914,0.6252803657694963,0.7296195652173914,0.6659118357487922,0.9660326086956522,0.3408600759144238,0.47146739130434784,0.22573757763975152,0.748641304347826,0.2663690476190476,0.9415760869565217
