head_top_x,head_top_y,upper_neck_x,upper_neck_y,right_shoulder_x,right_shoulder_y,right_elbow_x,right_elbow_y,right_wrist_x,right_wrist_y,thorax_x,thorax_y,left_shoulder_x,left_shoulder_y,left_elbow_x,left_elbow_y,left_wrist_x,left_wrist_y,pelvis_x,pelvis_y,right_hip_x,right_hip_y,right_knee_x,right_knee_y,right_ankle_x,right_ankle_y,left_hip_x,left_hip_y,left_knee_x,left_knee_y,left_ankle_x,left_ankle_y
0.7562435300207039,0.07744565217391304,0.6180447722567288,0.21331521739130435,0.7562435300207039,0.23233695652173914,0.6353196169772257,0.30842391304347827,0.37619694616977223,0.3763586956521739,0.6122864906832298,0.2269021739130435,0.4683294513457557,0.21331521739130435,0.22648162525879922,0.2703804347826087,0.34740553830227744,0.3845108695652174,0.5431871118012421,0.4279891304347826,0.5662202380952381,0.4279891304347826,0.5259122670807452,0.6508152173913043,0.4798460144927536,0.8709239130434783,0.5028791407867496,0.43070652173913043,0.5143957039337473,0.6372282608695652,0.4740877329192546,0.8519021739130435
