head_top_x,head_top_y,upper_neck_x,upper_neck_y,right_shoulder_x,right_shoulder_y,right_elbow_x,right_elbow_y,right_wrist_x,right_wrist_y,thorax_x,thorax_y,left_shoulder_x,left_shoulder_y,left_elbow_x,left_elbow_y,left_wrist_x,left_wrist_y,pelvis_x,pelvis_y,right_hip_x,right_hip_y,right_knee_x,right_knee_y,right_ankle_x,right_ankle_y,left_hip_x,left_hip_y,left_knee_x,left_knee_y,left_ankle_x,left_ankle_y
0.4642940626460963,0.07201086956521739,0.49176016830294533,0.23505434782608695,0.3214703132304816,0.28396739130434784,0.2280855539971949,0.4116847826086957,0.39288218793828894,0.38722826086956524,0.49725338943431513,0.264945652173913,0.6620500233754091,0.2513586956521739,0.7664212248714352,0.3383152173913043,0.7389551192145863,0.4116847826086957,0.5466923796166433,0.49592391304347827,0.4588008415147265,0.501358695652174,0.557678821879383,0.6942934782608695,0.6016245909303414,0.8872282608695652,0.63458391771856,0.4904891304347826,0.7389551192145863,0.6834239130434783,0.6455703599812997,0.7350543478260869
