head_top_x,head_top_y,upper_neck_x,upper_neck_y,right_shoulder_x,right_shoulder_y,right_elbow_x,right_elbow_y,right_wrist_x,right_wrist_y,thorax_x,thorax_y,left_shoulder_x,left_shoulder_y,left_elbow_x,left_elbow_y,left_wrist_x,left_wrist_y,pelvis_x,pelvis_y,right_hip_x,right_hip_y,right_knee_x,right_knee_y,right_ankle_x,right_ankle_y,left_hip_x,left_hip_y,left_knee_x,left_knee_y,left_ankle_x,left_ankle_y
0.47205812854442336,0.08016304347826086,0.4517367674858223,0.24048913043478262,0.3044068998109641,0.26766304347826086,0.16215737240075614,0.3491847826086957,0.19771975425330807,0.41983695652173914,0.446656427221172,0.25407608695652173,0.5939862948960303,0.23777173913043478,0.6854324196597353,0.33016304347826086,0.7463965028355386,0.28940217391304346,0.482218809073724,0.5067934782608695,0.4060137051039698,0.5040760869565217,0.6397093572778827,0.6508152173913043,0.5228615311909263,0.8328804347826086,0.5431828922495274,0.5040760869565217,0.4314154064272211,0.688858695652174,0.25868383742911155,0.8410326086956522
