head_top_x,head_top_y,upper_neck_x,upper_neck_y,right_shoulder_x,right_shoulder_y,right_elbow_x,right_elbow_y,right_wrist_x,right_wrist_y,thorax_x,thorax_y,left_shoulder_x,left_shoulder_y,left_elbow_x,left_elbow_y,left_wrist_x,left_wrist_y,pelvis_x,pelvis_y,right_hip_x,right_hip_y,right_knee_x,right_knee_y,right_ankle_x,right_ankle_y,left_hip_x,left_hip_y,left_knee_x,left_knee_y,left_ankle_x,left_ankle_y
0.5747282608695652,0.16264953691793152,0.5394021739130435,0.3400356959094417,0.452445652173913,0.31786242603550297,0.3491847826086957,0.3368680859274505,0.2105978260869565,0.3273652559814767,0.5366847826086957,0.34320330589143294,0.6209239130434783,0.35904135580138924,0.6970108695652174,0.4097231155132493,0.7975543478260869,0.4033878955492668,0.48233695652173914,0.5522655647028557,0.4361413043478261,0.5522655647028557,0.4388586956521739,0.6156177643426808,0.4279891304347826,0.7866687033702084,0.5258152173913043,0.5554331746848469,0.5448369565217391,0.6156177643426808,0.501358695652174,0.7708306534602521
