head_top_x,head_top_y,upper_neck_x,upper_neck_y,right_shoulder_x,right_shoulder_y,right_elbow_x,right_elbow_y,right_wrist_x,right_wrist_y,thorax_x,thorax_y,left_shoulder_x,left_shoulder_y,left_elbow_x,left_elbow_y,left_wrist_x,left_wrist_y,pelvis_x,pelvis_y,right_hip_x,right_hip_y,right_knee_x,right_knee_y,right_ankle_x,right_ankle_y,left_hip_x,left_hip_y,left_knee_x,left_knee_y,left_ankle_x,left_ankle_y
0.4968786721504113,0.06114130434782609,0.47815070505287893,0.22146739130434784,0.2971136897767333,0.264945652173913,0.22844447708578144,0.3953804347826087,0.2908710340775558,0.47690217391304346,0.47815070505287893,0.2595108695652174,0.6591877203290245,0.25407608695652173,0.6279744418331376,0.37907608695652173,0.7465849001175088,0.4171195652173913,0.4968786721504113,0.485054347826087,0.40323883666274973,0.485054347826087,0.40323883666274973,0.6834239130434783,0.3595402467685076,0.8709239130434783,0.5842758519388954,0.485054347826087,0.6279744418331376,0.6942934782608695,0.5967611633372504,0.8600543478260869
