head_top_x,head_top_y,upper_neck_x,upper_neck_y,right_shoulder_x,right_shoulder_y,right_elbow_x,right_elbow_y,right_wrist_x,right_wrist_y,thorax_x,thorax_y,left_shoulder_x,left_shoulder_y,left_elbow_x,left_elbow_y,left_wrist_x,left_wrist_y,pelvis_x,pelvis_y,right_hip_x,right_hip_y,right_knee_x,right_knee_y,right_ankle_x,right_ankle_y,left_hip_x,left_hip_y,left_knee_x,left_knee_y,left_ankle_x,left_ankle_y
0.4910027836691411,0.06385869565217392,0.49700092788971373,0.2105978260869565,0.6949396871686108,0.24864130434782608,0.76091927359491,0.38179347826086957,0.8029062831389183,0.48777173913043476,0.49700092788971373,0.24320652173913043,0.2990621686108165,0.24320652173913043,0.23908072640509012,0.35733695652173914,0.22708443796394479,0.41440217391304346,0.4790064952279957,0.4904891304347826,0.5809749469777307,0.49320652173913043,0.5929712354188761,0.686141304347826,0.5809749469777307,0.8872282608695652,0.3710398992576882,0.4904891304347826,0.35904361081654296,0.6752717391304348,0.37703804347826086,0.8519021739130435
