head_top_x,head_top_y,upper_neck_x,upper_neck_y,right_shoulder_x,right_shoulder_y,right_elbow_x,right_elbow_y,right_wrist_x,right_wrist_y,thorax_x,thorax_y,left_shoulder_x,left_shoulder_y,left_elbow_x,left_elbow_y,left_wrist_x,left_wrist_y,pelvis_x,pelvis_y,right_hip_x,right_hip_y,right_knee_x,right_knee_y,right_ankle_x,right_ankle_y,left_hip_x,left_hip_y,left_knee_x,left_knee_y,left_ankle_x,left_ankle_y
0.8054170954463595,0.15896739130434784,0.7052273604322099,0.2703804347826087,0.747242410599434,0.2921195652173913,0.7440104836634936,0.39266304347826086,0.7213869951119114,0.46059782608695654,0.7019954334962696,0.2758152173913043,0.6599803833290455,0.26766304347826086,0.592109917674299,0.3546195652173913,0.6308930409055826,0.41440217391304346,0.5662545021867765,0.4361413043478261,0.5856460638024183,0.44972826086956524,0.6082695523540006,0.6154891304347826,0.6373568947774633,0.7921195652173914,0.5468629405711345,0.42527173913043476,0.40465815538976074,0.5557065217391305,0.21397446616928223,0.5448369565217391
