head_top_x,head_top_y,upper_neck_x,upper_neck_y,right_shoulder_x,right_shoulder_y,right_elbow_x,right_elbow_y,right_wrist_x,right_wrist_y,thorax_x,thorax_y,left_shoulder_x,left_shoulder_y,left_elbow_x,left_elbow_y,left_wrist_x,left_wrist_y,pelvis_x,pelvis_y,right_hip_x,right_hip_y,right_knee_x,right_knee_y,right_ankle_x,right_ankle_y,left_hip_x,left_hip_y,left_knee_x,left_knee_y,left_ankle_x,left_ankle_y
0.5310938280859571,0.07744565217391304,0.5593609445277362,0.23777173913043478,0.7402704897551224,0.2595108695652174,0.785497876061969,0.38179347826086957,0.8250718390804598,0.5040760869565217,0.5650143678160919,0.2595108695652174,0.3897582458770615,0.25679347826086957,0.30495689655172414,0.3763586956521739,0.2088487006496752,0.4633152173913043,0.5593609445277362,0.47146739130434784,0.627202023988006,0.47146739130434784,0.5197869815092454,0.6644021739130435,0.4462924787606197,0.8573369565217391,0.4915198650674663,0.47146739130434784,0.4915198650674663,0.6834239130434783,0.7063499500249876,0.8627717391304348
