head_top_x,head_top_y,upper_neck_x,upper_neck_y,right_shoulder_x,right_shoulder_y,right_elbow_x,right_elbow_y,right_wrist_x,right_wrist_y,thorax_x,thorax_y,left_shoulder_x,left_shoulder_y,left_elbow_x,left_elbow_y,left_wrist_x,left_wrist_y,pelvis_x,pelvis_y,right_hip_x,right_hip_y,right_knee_x,right_knee_y,right_ankle_x,right_ankle_y,left_hip_x,left_hip_y,left_knee_x,left_knee_y,left_ankle_x,left_ankle_y
0.7819499341238471,0.09375,0.6080368906455864,0.21603260869565216,0.7134387351778655,0.25679347826086957,0.6976284584980237,0.422554347826087,0.824110671936759,0.5203804347826086,0.5816864295125166,0.23505434782608695,0.4657444005270092,0.21603260869565216,0.2707509881422925,0.3220108695652174,0.3919631093544137,0.39266304347826086,0.36561264822134387,0.41983695652173914,0.4341238471673254,0.42527173913043476,0.6818181818181818,0.6209239130434783,0.644927536231884,0.8546195652173914,0.2971014492753623,0.41983695652173914,0.502635046113307,0.6154891304347826,0.2285902503293808,0.7703804347826086
