head_top_x,head_top_y,upper_neck_x,upper_neck_y,right_shoulder_x,right_shoulder_y,right_elbow_x,right_elbow_y,right_wrist_x,right_wrist_y,thorax_x,thorax_y,left_shoulder_x,left_shoulder_y,left_elbow_x,left_elbow_y,left_wrist_x,left_wrist_y,pelvis_x,pelvis_y,right_hip_x,right_hip_y,right_knee_x,right_knee_y,right_ankle_x,right_ankle_y,left_hip_x,left_hip_y,left_knee_x,left_knee_y,left_ankle_x,left_ankle_y
0.4795799915576193,0.08288043478260869,0.4795799915576193,0.24592391304347827,0.32529548332629804,0.2703804347826087,0.2617665681722246,0.39266304347826086,0.2254643309413255,0.4578804347826087,0.4795799915576193,0.2703804347826087,0.6338644997889404,0.2703804347826087,0.7019311945968764,0.40625,0.7563845504432251,0.5067934782608695,0.46596665259603215,0.5149456521739131,0.3842866188265091,0.5149456521739131,0.38882439848037154,0.6834239130434783,0.3434466019417476,0.8600543478260869,0.5431089067116927,0.5122282608695652,0.5521844660194175,0.6997282608695652,0.5294955677501055,0.8274456521739131
