head_top_x,head_top_y,upper_neck_x,upper_neck_y,right_shoulder_x,right_shoulder_y,right_elbow_x,right_elbow_y,right_wrist_x,right_wrist_y,thorax_x,thorax_y,left_shoulder_x,left_shoulder_y,left_elbow_x,left_elbow_y,left_wrist_x,left_wrist_y,pelvis_x,pelvis_y,right_hip_x,right_hip_y,right_knee_x,right_knee_y,right_ankle_x,right_ankle_y,left_hip_x,left_hip_y,left_knee_x,left_knee_y,left_ankle_x,left_ankle_y
0.5855978260869565,0.08293212429111531,0.6127717391304348,0.24322867438563323,0.5421195652173914,0.2283864012287334,0.53125,0.32040849480151234,0.47146739130434784,0.3975883152173913,0.6127717391304348,0.24026021975425332,0.6807065217391305,0.2461971290170132,0.7649456521739131,0.33525076795841213,0.7269021739130435,0.40946213374291107,0.5720108695652174,0.49257886342155005,0.5258152173913043,0.4717996810018904,0.38179347826086957,0.643970049621928,0.17798913043478262,0.7448975070888469,0.623641304347826,0.5103895912098299,0.5774456521739131,0.6706861413043478,0.5475543478260869,0.8636356923440452
