head_top_x,head_top_y,upper_neck_x,upper_neck_y,right_shoulder_x,right_shoulder_y,right_elbow_x,right_elbow_y,right_wrist_x,right_wrist_y,thorax_x,thorax_y,left_shoulder_x,left_shoulder_y,left_elbow_x,left_elbow_y,left_wrist_x,left_wrist_y,pelvis_x,pelvis_y,right_hip_x,right_hip_y,right_knee_x,right_knee_y,right_ankle_x,right_ankle_y,left_hip_x,left_hip_y,left_knee_x,left_knee_y,left_ankle_x,left_ankle_y
0.7141193433895296,0.1453804347826087,0.6116348713398402,0.2703804347826087,0.6299356699201419,0.28940217391304346,0.6592169476486247,0.39266304347826086,0.750720940550133,0.4116847826086957,0.6043145519077197,0.28125,0.575033274179237,0.27309782608695654,0.5786934338952973,0.37092391304347827,0.6775177462289262,0.40625,0.4725488021295475,0.4633152173913043,0.5054902395740904,0.46603260869565216,0.6372559893522626,0.6426630434782609,0.6335958296362023,0.811141304347826,0.43960736468500444,0.46059782608695654,0.42130656610470274,0.6616847826086957,0.20901730257320322,0.71875
