head_top_x,head_top_y,upper_neck_x,upper_neck_y,right_shoulder_x,right_shoulder_y,right_elbow_x,right_elbow_y,right_wrist_x,right_wrist_y,thorax_x,thorax_y,left_shoulder_x,left_shoulder_y,left_elbow_x,left_elbow_y,left_wrist_x,left_wrist_y,pelvis_x,pelvis_y,right_hip_x,right_hip_y,right_knee_x,right_knee_y,right_ankle_x,right_ankle_y,left_hip_x,left_hip_y,left_knee_x,left_knee_y,left_ankle_x,left_ankle_y
0.5512478894048123,0.08831521739130435,0.4877981215702828,0.23233695652173914,0.47315586745462224,0.24592391304347827,0.556128640776699,0.3029891304347826,0.7562394470240608,0.24864130434782608,0.47803661882650905,0.24592391304347827,0.47315586745462224,0.24320652173913043,0.5219633811734908,0.28940217391304346,0.5414863866610384,0.5258152173913043,0.44387135922330095,0.48233695652173914,0.4145868509919797,0.48233695652173914,0.43410985647952716,0.6698369565217391,0.20959529337273106,0.813858695652174,0.47803661882650905,0.48233695652173914,0.5317248839172647,0.6698369565217391,0.5219633811734908,0.8546195652173914
