head_top_x,head_top_y,upper_neck_x,upper_neck_y,right_shoulder_x,right_shoulder_y,right_elbow_x,right_elbow_y,right_wrist_x,right_wrist_y,thorax_x,thorax_y,left_shoulder_x,left_shoulder_y,left_elbow_x,left_elbow_y,left_wrist_x,left_wrist_y,pelvis_x,pelvis_y,right_hip_x,right_hip_y,right_knee_x,right_knee_y,right_ankle_x,right_ankle_y,left_hip_x,left_hip_y,left_knee_x,left_knee_y,left_ankle_x,left_ankle_y
0.48057065217391304,0.08016304347826086,0.4694681677018634,0.24592391304347827,0.2751746894409937,0.27853260869565216,0.24186723602484475,0.47690217391304346,0.48057065217391304,0.4904891304347826,0.4639169254658385,0.27309782608695654,0.6526591614906831,0.26766304347826086,0.6082492236024845,0.44429347826086957,0.7636840062111802,0.297554347826087,0.4139557453416149,0.5339673913043478,0.2973796583850931,0.5421195652173914,0.5804930124223602,0.5910326086956522,0.7525815217391304,0.8464673913043478,0.513878105590062,0.53125,0.5249805900621117,0.686141304347826,0.48612189440993786,0.8899456521739131
