head_top_x,head_top_y,upper_neck_x,upper_neck_y,right_shoulder_x,right_shoulder_y,right_elbow_x,right_elbow_y,right_wrist_x,right_wrist_y,thorax_x,thorax_y,left_shoulder_x,left_shoulder_y,left_elbow_x,left_elbow_y,left_wrist_x,left_wrist_y,pelvis_x,pelvis_y,right_hip_x,right_hip_y,right_knee_x,right_knee_y,right_ankle_x,right_ankle_y,left_hip_x,left_hip_y,left_knee_x,left_knee_y,left_ankle_x,left_ankle_y
0.5608178053830227,0.08559782608695653,0.5121635610766044,0.24320652173913043,0.4002587991718426,0.2078804347826087,0.25916149068322974,0.23777173913043478,0.25916149068322974,0.24592391304347827,0.5170289855072464,0.24320652173913043,0.6289337474120082,0.26222826086956524,0.9500517598343685,0.4578804347826087,0.7894927536231884,0.4470108695652174,0.4829710144927536,0.452445652173913,0.40512422360248446,0.45516304347826086,0.42945134575569355,0.7105978260869565,0.4781055900621117,0.8899456521739131,0.555952380952381,0.452445652173913,0.5802795031055901,0.6426630434782609,0.7797619047619048,0.8301630434782609
