head_top_x,head_top_y,upper_neck_x,upper_neck_y,right_shoulder_x,right_shoulder_y,right_elbow_x,right_elbow_y,right_wrist_x,right_wrist_y,thorax_x,thorax_y,left_shoulder_x,left_shoulder_y,left_elbow_x,left_elbow_y,left_wrist_x,left_wrist_y,pelvis_x,pelvis_y,right_hip_x,right_hip_y,right_knee_x,right_knee_y,right_ankle_x,right_ankle_y,left_hip_x,left_hip_y,left_knee_x,left_knee_y,left_ankle_x,left_ankle_y
0.15896739130434784,0.4081240629685157,0.30842391304347827,0.3387837331334333,0.33559782608695654,0.3907889805097451,0.34646739130434784,0.5641398050974513,0.3138586956521739,0.751358695652174,0.3328804347826087,0.31798163418290853,0.3491847826086957,0.34225074962518737,0.4741847826086957,0.1758339580209895,0.30842391304347827,0.7652267616191903,0.65625,0.21743815592203897,0.6644021739130435,0.21050412293853074,0.6019021739130435,0.5364036731634183,0.8301630434782609,0.3075805847076462,0.6616847826086957,0.2209051724137931,0.6100543478260869,0.5676068215892054,0.8627717391304348,0.5953429535232383
