head_top_x,head_top_y,upper_neck_x,upper_neck_y,right_shoulder_x,right_shoulder_y,right_elbow_x,right_elbow_y,right_wrist_x,right_wrist_y,thorax_x,thorax_y,left_shoulder_x,left_shoulder_y,left_elbow_x,left_elbow_y,left_wrist_x,left_wrist_y,pelvis_x,pelvis_y,right_hip_x,right_hip_y,right_knee_x,right_knee_y,right_ankle_x,right_ankle_y,left_hip_x,left_hip_y,left_knee_x,left_knee_y,left_ankle_x,left_ankle_y
0.421389751552795,0.06657608695652174,0.49056677018633543,0.21331521739130435,0.6540760869565218,0.23777173913043478,0.7421195652173914,0.36277173913043476,0.5848990683229814,0.360054347826087,0.49685559006211183,0.2296195652173913,0.33963509316770185,0.22418478260869565,0.327057453416149,0.3736413043478261,0.2201475155279503,0.49320652173913043,0.5220108695652175,0.46875,0.5848990683229814,0.4741847826086957,0.5157220496894409,0.6616847826086957,0.5597437888198757,0.8546195652173914,0.452833850931677,0.46603260869565216,0.28932453416149073,0.6725543478260869,0.5597437888198757,0.8573369565217391
