head_top_x,head_top_y,upper_neck_x,upper_neck_y,right_shoulder_x,right_shoulder_y,right_elbow_x,right_elbow_y,right_wrist_x,right_wrist_y,thorax_x,thorax_y,left_shoulder_x,left_shoulder_y,left_elbow_x,left_elbow_y,left_wrist_x,left_wrist_y,pelvis_x,pelvis_y,right_hip_x,right_hip_y,right_knee_x,right_knee_y,right_ankle_x,right_ankle_y,left_hip_x,left_hip_y,left_knee_x,left_knee_y,left_ankle_x,left_ankle_y
0.42346014492753625,0.05298913043478261,0.4817762249827467,0.2105978260869565,0.35056504485852313,0.24864130434782608,0.44532867494824013,0.36277173913043476,0.4599076949620428,0.4578804347826087,0.5036447550034507,0.2513586956521739,0.649434955141477,0.2513586956521739,0.7514880952380952,0.38179347826086957,0.7514880952380952,0.5149456521739131,0.4526181849551415,0.485054347826087,0.3651440648723258,0.48233695652173914,0.2849594547964113,0.6970108695652174,0.5838293650793651,0.8165760869565217,0.5328027950310559,0.48777173913043476,0.4088811249137336,0.7105978260869565,0.34327553485162177,0.9116847826086957
