head_top_x,head_top_y,upper_neck_x,upper_neck_y,right_shoulder_x,right_shoulder_y,right_elbow_x,right_elbow_y,right_wrist_x,right_wrist_y,thorax_x,thorax_y,left_shoulder_x,left_shoulder_y,left_elbow_x,left_elbow_y,left_wrist_x,left_wrist_y,pelvis_x,pelvis_y,right_hip_x,right_hip_y,right_knee_x,right_knee_y,right_ankle_x,right_ankle_y,left_hip_x,left_hip_y,left_knee_x,left_knee_y,left_ankle_x,left_ankle_y
0.6469861660079052,0.13994565217391305,0.5570652173913043,0.2703804347826087,0.5190217391304348,0.27309782608695654,0.45331027667984186,0.36277173913043476,0.5812747035573123,0.4279891304347826,0.5432312252964426,0.2758152173913043,0.5639822134387352,0.28940217391304346,0.4948122529644269,0.3845108695652174,0.3945158102766798,0.452445652173913,0.5190217391304348,0.4986413043478261,0.5017292490118578,0.4986413043478261,0.3945158102766798,0.6779891304347826,0.20775691699604742,0.8220108695652174,0.5397727272727273,0.4986413043478261,0.736907114624506,0.5855978260869565,0.7507411067193677,0.78125
