head_top_x,head_top_y,upper_neck_x,upper_neck_y,right_shoulder_x,right_shoulder_y,right_elbow_x,right_elbow_y,right_wrist_x,right_wrist_y,thorax_x,thorax_y,left_shoulder_x,left_shoulder_y,left_elbow_x,left_elbow_y,left_wrist_x,left_wrist_y,pelvis_x,pelvis_y,right_hip_x,right_hip_y,right_knee_x,right_knee_y,right_ankle_x,right_ankle_y,left_hip_x,left_hip_y,left_knee_x,left_knee_y,left_ankle_x,left_ankle_y
0.42820827489481067,0.07472826086956522,0.46011570827489484,0.23233695652173914,0.6356065918653575,0.25407608695652173,0.7100572697522207,0.3845108695652174,0.7685542309490415,0.44157608695652173,0.4654336138382422,0.25679347826086957,0.3058964469378214,0.26222826086956524,0.2793069191210847,0.39809782608695654,0.23144576905095837,0.5040760869565217,0.47606942496493687,0.5040760869565217,0.5611559139784946,0.4986413043478261,0.566473819541842,0.6752717391304348,0.5824275362318841,0.8573369565217391,0.3909829359513792,0.501358695652174,0.37502921926133714,0.6725543478260869,0.34843969144460035,0.8546195652173914
