head_top_x,head_top_y,upper_neck_x,upper_neck_y,right_shoulder_x,right_shoulder_y,right_elbow_x,right_elbow_y,right_wrist_x,right_wrist_y,thorax_x,thorax_y,left_shoulder_x,left_shoulder_y,left_elbow_x,left_elbow_y,left_wrist_x,left_wrist_y,pelvis_x,pelvis_y,right_hip_x,right_hip_y,right_knee_x,right_knee_y,right_ankle_x,right_ankle_y,left_hip_x,left_hip_y,left_knee_x,left_knee_y,left_ankle_x,left_ankle_y
0.4846014492753623,0.11277173913043478,0.4230072463768116,0.264945652173913,0.4934006211180124,0.264945652173913,0.5813923395445135,0.34375,0.7705745341614908,0.34375,0.41420807453416153,0.27853260869565216,0.3262163561076605,0.30842391304347827,0.33061594202898553,0.44429347826086957,0.47580227743271225,0.4388586956521739,0.49780020703933753,0.5095108695652174,0.5197981366459626,0.5067934782608695,0.5109989648033125,0.7160326086956522,0.22942546583850934,0.8491847826086957,0.46260351966873703,0.5149456521739131,0.6429865424430642,0.6616847826086957,0.6253881987577641,0.8546195652173914
