head_top_x,head_top_y,upper_neck_x,upper_neck_y,right_shoulder_x,right_shoulder_y,right_elbow_x,right_elbow_y,right_wrist_x,right_wrist_y,thorax_x,thorax_y,left_shoulder_x,left_shoulder_y,left_elbow_x,left_elbow_y,left_wrist_x,left_wrist_y,pelvis_x,pelvis_y,right_hip_x,right_hip_y,right_knee_x,right_knee_y,right_ankle_x,right_ankle_y,left_hip_x,left_hip_y,left_knee_x,left_knee_y,left_ankle_x,left_ankle_y
0.48767767558528424,0.18885869565217392,0.5123223244147157,0.3491847826086957,0.5287520903010035,0.36277173913043476,0.4274352006688963,0.36820652173913043,0.4301734949832776,0.44972826086956524,0.5177989130434784,0.36820652173913043,0.4986308528428094,0.37907608695652173,0.3151651337792642,0.360054347826087,0.2302780100334448,0.264945652173913,0.7396007525083613,0.6290760869565217,0.7697219899665553,0.626358695652174,0.5013691471571907,0.5584239130434783,0.6711433946488295,0.7269021739130435,0.7204326923076924,0.6399456521739131,0.44660326086956526,0.5774456521739131,0.5835179765886288,0.7649456521739131
