head_top_x,head_top_y,upper_neck_x,upper_neck_y,right_shoulder_x,right_shoulder_y,right_elbow_x,right_elbow_y,right_wrist_x,right_wrist_y,thorax_x,thorax_y,left_shoulder_x,left_shoulder_y,left_elbow_x,left_elbow_y,left_wrist_x,left_wrist_y,pelvis_x,pelvis_y,right_hip_x,right_hip_y,right_knee_x,right_knee_y,right_ankle_x,right_ankle_y,left_hip_x,left_hip_y,left_knee_x,left_knee_y,left_ankle_x,left_ankle_y
0.6956762216237015,0.13994565217391305,0.5398951519815314,0.24864130434782608,0.5322960754136207,0.26766304347826086,0.6006877645248172,0.3546195652173913,0.722272989611389,0.32472826086956524,0.5208974605617546,0.25407608695652173,0.49810023085802224,0.23505434782608695,0.5968882262408618,0.2921195652173913,0.6956762216237015,0.3138586956521739,0.26632839553674487,0.45516304347826086,0.3005242400923432,0.4633152173913043,0.3575173143516738,0.6698369565217391,0.41451038861100414,0.9307065217391305,0.22073393612928044,0.44429347826086957,0.23593208926510198,0.6616847826086957,0.23593208926510198,0.873641304347826
