head_top_x,head_top_y,upper_neck_x,upper_neck_y,right_shoulder_x,right_shoulder_y,right_elbow_x,right_elbow_y,right_wrist_x,right_wrist_y,thorax_x,thorax_y,left_shoulder_x,left_shoulder_y,left_elbow_x,left_elbow_y,left_wrist_x,left_wrist_y,pelvis_x,pelvis_y,right_hip_x,right_hip_y,right_knee_x,right_knee_y,right_ankle_x,right_ankle_y,left_hip_x,left_hip_y,left_knee_x,left_knee_y,left_ankle_x,left_ankle_y
0.6453804347826086,0.07157684178743962,0.6480978260869565,0.22310914855072467,0.5747282608695652,0.24790534420289853,0.5692934782608695,0.41045818236714976,0.6807065217391305,0.40219278381642515,0.6508152173913043,0.24515021135265702,0.7323369565217391,0.24239507850241548,0.7703804347826086,0.35535552536231885,0.7459239130434783,0.3773965881642512,0.5774456521739131,0.4986224335748793,0.53125,0.4876019021739131,0.4279891304347826,0.730053592995169,0.2269021739130435,0.78515625,0.6209239130434783,0.5041326992753623,0.7730978260869565,0.5895418176328502,0.78125,0.8347486413043479
