head_top_x,head_top_y,upper_neck_x,upper_neck_y,right_shoulder_x,right_shoulder_y,right_elbow_x,right_elbow_y,right_wrist_x,right_wrist_y,thorax_x,thorax_y,left_shoulder_x,left_shoulder_y,left_elbow_x,left_elbow_y,left_wrist_x,left_wrist_y,pelvis_x,pelvis_y,right_hip_x,right_hip_y,right_knee_x,right_knee_y,right_ankle_x,right_ankle_y,left_hip_x,left_hip_y,left_knee_x,left_knee_y,left_ankle_x,left_ankle_y
0.2817875059722886,0.09103260869565218,0.419896679407549,0.2269021739130435,0.32045807453416153,0.2595108695652174,0.30940934065934067,0.389945652173913,0.2154951027233636,0.45516304347826086,0.44199414715719065,0.2513586956521739,0.5690545867176301,0.24048913043478262,0.7126881270903012,0.360054347826087,0.7458343287147635,0.4633152173913043,0.486189082656474,0.4796195652173913,0.4364697802197802,0.48233695652173914,0.3425555422838032,0.6779891304347826,0.7458343287147635,0.7894021739130435,0.5359083850931677,0.48233695652173914,0.3922748447204969,0.6834239130434783,0.4806647157190635,0.873641304347826
