head_top_x,head_top_y,upper_neck_x,upper_neck_y,right_shoulder_x,right_shoulder_y,right_elbow_x,right_elbow_y,right_wrist_x,right_wrist_y,thorax_x,thorax_y,left_shoulder_x,left_shoulder_y,left_elbow_x,left_elbow_y,left_wrist_x,left_wrist_y,pelvis_x,pelvis_y,right_hip_x,right_hip_y,right_knee_x,right_knee_y,right_ankle_x,right_ankle_y,left_hip_x,left_hip_y,left_knee_x,left_knee_y,left_ankle_x,left_ankle_y
0.5423570071760236,0.10461956521739131,0.5423570071760236,0.264945652173913,0.3684703461376108,0.26222826086956524,0.2792976994512452,0.40353260869565216,0.21687684677078933,0.4904891304347826,0.5423570071760236,0.26222826086956524,0.7207023005487547,0.26766304347826086,0.7385368298860278,0.41440217391304346,0.7697472562262557,0.5203804347826086,0.4710188898269312,0.5149456521739131,0.37292897847192913,0.5122282608695652,0.33725991979738285,0.6807065217391305,0.2971322287885183,0.873641304347826,0.5735674335162516,0.5122282608695652,0.595860595187843,0.623641304347826,0.5601915365132968,0.8247282608695652
