head_top_x,head_top_y,upper_neck_x,upper_neck_y,right_shoulder_x,right_shoulder_y,right_elbow_x,right_elbow_y,right_wrist_x,right_wrist_y,thorax_x,thorax_y,left_shoulder_x,left_shoulder_y,left_elbow_x,left_elbow_y,left_wrist_x,left_wrist_y,pelvis_x,pelvis_y,right_hip_x,right_hip_y,right_knee_x,right_knee_y,right_ankle_x,right_ankle_y,left_hip_x,left_hip_y,left_knee_x,left_knee_y,left_ankle_x,left_ankle_y
0.23233695652173914,0.2212022799575822,0.297554347826087,0.39564554612937436,0.24864130434782608,0.49532741251325557,0.3953804347826087,0.6541953870625663,0.5366847826086957,0.6822309119830328,0.30842391304347827,0.4330262460233298,0.36277173913043476,0.4049907211028632,0.41440217391304346,0.5825490455991517,0.501358695652174,0.5918942205726405,0.4008152173913043,0.6323899787910923,0.389945652173913,0.6479652704135737,0.5285326086956522,0.6853459703075292,0.5366847826086957,0.7102664369034994,0.4279891304347826,0.6136996288441146,0.5801630434782609,0.6199297454931072,0.8029891304347826,0.7943730116648992
