head_top_x,head_top_y,upper_neck_x,upper_neck_y,right_shoulder_x,right_shoulder_y,right_elbow_x,right_elbow_y,right_wrist_x,right_wrist_y,thorax_x,thorax_y,left_shoulder_x,left_shoulder_y,left_elbow_x,left_elbow_y,left_wrist_x,left_wrist_y,pelvis_x,pelvis_y,right_hip_x,right_hip_y,right_knee_x,right_knee_y,right_ankle_x,right_ankle_y,left_hip_x,left_hip_y,left_knee_x,left_knee_y,left_ankle_x,left_ankle_y
0.6330919785360485,0.050271739130434784,0.6780321271326363,0.19157608695652173,0.7229722757292241,0.2269021739130435,0.501728467253715,0.561141304347826,0.34616641441937257,0.5584239130434783,0.6918598651623555,0.2269021739130435,0.6676613236103467,0.21875,0.5051854017611447,0.5584239130434783,0.3427094799119427,0.5557065217391305,0.743713882773803,0.5584239130434783,0.7644554898183819,0.5475543478260869,0.6192642405063291,0.7758152173913043,0.23554451018161804,0.19972826086956522,0.7264292102366539,0.563858695652174,0.5639532883874518,0.7866847826086957,0.23554451018161804,0.2105978260869565
