head_top_x,head_top_y,upper_neck_x,upper_neck_y,right_shoulder_x,right_shoulder_y,right_elbow_x,right_elbow_y,right_wrist_x,right_wrist_y,thorax_x,thorax_y,left_shoulder_x,left_shoulder_y,left_elbow_x,left_elbow_y,left_wrist_x,left_wrist_y,pelvis_x,pelvis_y,right_hip_x,right_hip_y,right_knee_x,right_knee_y,right_ankle_x,right_ankle_y,left_hip_x,left_hip_y,left_knee_x,left_knee_y,left_ankle_x,left_ankle_y
0.8358997584541062,0.08559782608695653,0.588677536231884,0.18342391304347827,0.49193840579710146,0.18342391304347827,0.3844504830917874,0.3029891304347826,0.46506642512077295,0.4388586956521739,0.55643115942029,0.19429347826086957,0.6209239130434782,0.2078804347826087,0.51881038647343,0.31657608695652173,0.534933574879227,0.40625,0.4758152173913043,0.4279891304347826,0.4489432367149759,0.4279891304347826,0.588677536231884,0.6426630434782609,0.2554649758454106,0.7622282608695652,0.5080615942028985,0.4279891304347826,0.5779287439613526,0.626358695652174,0.4704408212560387,0.8383152173913043
