head_top_x,head_top_y,upper_neck_x,upper_neck_y,right_shoulder_x,right_shoulder_y,right_elbow_x,right_elbow_y,right_wrist_x,right_wrist_y,thorax_x,thorax_y,left_shoulder_x,left_shoulder_y,left_elbow_x,left_elbow_y,left_wrist_x,left_wrist_y,pelvis_x,pelvis_y,right_hip_x,right_hip_y,right_knee_x,right_knee_y,right_ankle_x,right_ankle_y,left_hip_x,left_hip_y,left_knee_x,left_knee_y,left_ankle_x,left_ankle_y
0.4291316699604743,0.08288043478260869,0.4396306818181819,0.24048913043478262,0.28214550395256927,0.25679347826086957,0.24014945652173914,0.3654891304347826,0.12466032608695653,0.38722826086956524,0.4396306818181819,0.2513586956521739,0.6023653656126482,0.24864130434782608,0.7651000494071146,0.33559782608695654,0.6443614130434783,0.40625,0.4658782114624507,0.5067934782608695,0.3871356225296443,0.5067934782608695,0.4133831521739131,0.7051630434782609,0.5078742588932806,0.8682065217391305,0.544620800395257,0.5067934782608695,0.4973752470355733,0.6997282608695652,0.6076148715415021,0.8084239130434783
