head_top_x,head_top_y,upper_neck_x,upper_neck_y,right_shoulder_x,right_shoulder_y,right_elbow_x,right_elbow_y,right_wrist_x,right_wrist_y,thorax_x,thorax_y,left_shoulder_x,left_shoulder_y,left_elbow_x,left_elbow_y,left_wrist_x,left_wrist_y,pelvis_x,pelvis_y,right_hip_x,right_hip_y,right_knee_x,right_knee_y,right_ankle_x,right_ankle_y,left_hip_x,left_hip_y,left_knee_x,left_knee_y,left_ankle_x,left_ankle_y
0.5465872762148337,0.1480978260869565,0.4791160485933504,0.2758152173913043,0.411644820971867,0.23505434782608695,0.27348945012787723,0.2269021739130435,0.17388906649616365,0.20244565217391305,0.4951806265984655,0.24864130434782608,0.5722906010230179,0.2595108695652174,0.6494005754475703,0.34646739130434784,0.7490009590792839,0.4633152173913043,0.4437739769820972,0.4578804347826087,0.3891544117647059,0.44429347826086957,0.32810901534526854,0.6019021739130435,0.28955402813299236,0.7839673913043478,0.4951806265984655,0.46603260869565216,0.49196771099744246,0.6426630434782609,0.4212835677749361,0.8220108695652174
