head_top_x,head_top_y,upper_neck_x,upper_neck_y,right_shoulder_x,right_shoulder_y,right_elbow_x,right_elbow_y,right_wrist_x,right_wrist_y,thorax_x,thorax_y,left_shoulder_x,left_shoulder_y,left_elbow_x,left_elbow_y,left_wrist_x,left_wrist_y,pelvis_x,pelvis_y,right_hip_x,right_hip_y,right_knee_x,right_knee_y,right_ankle_x,right_ankle_y,left_hip_x,left_hip_y,left_knee_x,left_knee_y,left_ankle_x,left_ankle_y
0.22705745341614905,0.07201086956521739,0.34972826086956527,0.22146739130434784,0.20252329192546586,0.264945652173913,0.41106366459627336,0.39266304347826086,0.5153338509316769,0.30027173913043476,0.3619953416149068,0.24320652173913043,0.49079968944099384,0.21875,0.6196040372670807,0.25679347826086957,0.7484083850931676,0.21875,0.4785326086956521,0.44972826086956524,0.36812888198757765,0.4578804347826087,0.41106366459627336,0.71875,0.2086568322981367,0.813858695652174,0.5828027950310559,0.4388586956521739,0.7116071428571429,0.65625,0.6993400621118012,0.8845108695652174
