head_top_x,head_top_y,upper_neck_x,upper_neck_y,right_shoulder_x,right_shoulder_y,right_elbow_x,right_elbow_y,right_wrist_x,right_wrist_y,thorax_x,thorax_y,left_shoulder_x,left_shoulder_y,left_elbow_x,left_elbow_y,left_wrist_x,left_wrist_y,pelvis_x,pelvis_y,right_hip_x,right_hip_y,right_knee_x,right_knee_y,right_ankle_x,right_ankle_y,left_hip_x,left_hip_y,left_knee_x,left_knee_y,left_ankle_x,left_ankle_y
0.38883399209486164,0.06929347826086957,0.5095285149632975,0.21331521739130435,0.4142433653303218,0.23505434782608695,0.4650621118012423,0.32472826086956524,0.43965273856578213,0.41440217391304346,0.5285855448898926,0.24048913043478262,0.6429277244494634,0.23505434782608695,0.7255081874647091,0.3491847826086957,0.6365753811405985,0.48777173913043476,0.4841191417278374,0.4904891304347826,0.4205957086391869,0.49320652173913043,0.3380152456239413,0.7105978260869565,0.2363777526821006,0.876358695652174,0.5349378881987579,0.485054347826087,0.6683370976849238,0.6915760869565217,0.7763269339356297,0.8654891304347826
