head_top_x,head_top_y,upper_neck_x,upper_neck_y,right_shoulder_x,right_shoulder_y,right_elbow_x,right_elbow_y,right_wrist_x,right_wrist_y,thorax_x,thorax_y,left_shoulder_x,left_shoulder_y,left_elbow_x,left_elbow_y,left_wrist_x,left_wrist_y,pelvis_x,pelvis_y,right_hip_x,right_hip_y,right_knee_x,right_knee_y,right_ankle_x,right_ankle_y,left_hip_x,left_hip_y,left_knee_x,left_knee_y,left_ankle_x,left_ankle_y
0.16983695652173914,0.07472826086956522,0.41662549407114624,0.18342391304347827,0.6300642292490118,0.18614130434782608,0.703433794466403,0.29483695652173914,0.5566946640316206,0.39266304347826086,0.4366353754940712,0.19701086956521738,0.24320652173913046,0.19972826086956522,0.2632164031620553,0.3383152173913043,0.26988636363636365,0.4578804347826087,0.6567440711462451,0.4361413043478261,0.7834733201581027,0.43342391304347827,0.67675395256917,0.6644021739130435,0.5967144268774703,0.8845108695652174,0.5433547430830039,0.44429347826086957,0.41662549407114624,0.6752717391304348,0.3499258893280632,0.8845108695652174
