head_top_x,head_top_y,upper_neck_x,upper_neck_y,right_shoulder_x,right_shoulder_y,right_elbow_x,right_elbow_y,right_wrist_x,right_wrist_y,thorax_x,thorax_y,left_shoulder_x,left_shoulder_y,left_elbow_x,left_elbow_y,left_wrist_x,left_wrist_y,pelvis_x,pelvis_y,right_hip_x,right_hip_y,right_knee_x,right_knee_y,right_ankle_x,right_ankle_y,left_hip_x,left_hip_y,left_knee_x,left_knee_y,left_ankle_x,left_ankle_y
0.3328804347826087,0.20269066286528864,0.40896739130434784,0.33389760038013777,0.42527173913043476,0.35343905915894513,0.5176630434782609,0.3785637918745545,0.53125,0.29481468282252316,0.422554347826087,0.35343905915894513,0.41983695652173914,0.347855785222143,0.5095108695652174,0.3813554288429556,0.5176630434782609,0.283648134948919,0.4578804347826087,0.5739783796626277,0.4633152173913043,0.5739783796626277,0.5910326086956522,0.6940187693038726,0.22146739130434784,0.8559337134711331,0.45516304347826086,0.5767700166310287,0.28940217391304346,0.7023936802090758,0.2269021739130435,0.8615169874079353
