head_top_x,head_top_y,upper_neck_x,upper_neck_y,right_shoulder_x,right_shoulder_y,right_elbow_x,right_elbow_y,right_wrist_x,right_wrist_y,thorax_x,thorax_y,left_shoulder_x,left_shoulder_y,left_elbow_x,left_elbow_y,left_wrist_x,left_wrist_y,pelvis_x,pelvis_y,right_hip_x,right_hip_y,right_knee_x,right_knee_y,right_ankle_x,right_ankle_y,left_hip_x,left_hip_y,left_knee_x,left_knee_y,left_ankle_x,left_ankle_y
0.17021739130434785,0.06114130434782609,0.3484782608695652,0.19429347826086957,0.5029710144927537,0.2105978260869565,0.6396376811594203,0.327445652173913,0.5742753623188405,0.3763586956521739,0.390072463768116,0.21331521739130435,0.27717391304347827,0.21331521739130435,0.3306521739130435,0.31657608695652173,0.27717391304347827,0.43070652173913043,0.5267391304347826,0.44972826086956524,0.5980434782608696,0.4470108695652174,0.6396376811594203,0.6372282608695652,0.7644202898550725,0.8328804347826086,0.45543478260869563,0.44972826086956524,0.24746376811594203,0.6616847826086957,0.30094202898550726,0.8845108695652174
