head_top_x,head_top_y,upper_neck_x,upper_neck_y,right_shoulder_x,right_shoulder_y,right_elbow_x,right_elbow_y,right_wrist_x,right_wrist_y,thorax_x,thorax_y,left_shoulder_x,left_shoulder_y,left_elbow_x,left_elbow_y,left_wrist_x,left_wrist_y,pelvis_x,pelvis_y,right_hip_x,right_hip_y,right_knee_x,right_knee_y,right_ankle_x,right_ankle_y,left_hip_x,left_hip_y,left_knee_x,left_knee_y,left_ankle_x,left_ankle_y
0.21583064042303174,0.7024456521739131,0.4889284665099883,0.6209239130434783,0.5922627790834312,0.5991847826086957,0.7915503819036428,0.5149456521739131,0.7029781139835487,0.48777173913043476,0.4889284665099883,0.623641304347826,0.3486890423031727,0.6535326086956522,0.3265459753231493,0.7894021739130435,0.6439299353701528,0.8057065217391305,0.6808350470035253,0.39266304347826086,0.7251211809635721,0.3953804347826087,0.6291678907168037,0.24592391304347827,0.7103591363102234,0.08831521739130435,0.6365489130434784,0.3953804347826087,0.6070248237367802,0.25679347826086957,0.7251211809635721,0.09103260869565218
