head_top_x,head_top_y,upper_neck_x,upper_neck_y,right_shoulder_x,right_shoulder_y,right_elbow_x,right_elbow_y,right_wrist_x,right_wrist_y,thorax_x,thorax_y,left_shoulder_x,left_shoulder_y,left_elbow_x,left_elbow_y,left_wrist_x,left_wrist_y,pelvis_x,pelvis_y,right_hip_x,right_hip_y,right_knee_x,right_knee_y,right_ankle_x,right_ankle_y,left_hip_x,left_hip_y,left_knee_x,left_knee_y,left_ankle_x,left_ankle_y
0.7413224637681161,0.16983695652173914,0.5282065217391304,0.27309782608695654,0.48432971014492754,0.264945652173913,0.5344746376811595,0.12635869565217392,0.7350543478260869,0.07472826086956522,0.5031340579710146,0.27309782608695654,0.5094021739130434,0.28125,0.5344746376811595,0.12635869565217392,0.7099818840579711,0.08288043478260869,0.27121376811594194,0.5122282608695652,0.20226449275362318,0.5067934782608695,0.277481884057971,0.7160326086956522,0.5219384057971015,0.8926630434782609,0.3276268115942028,0.5176630434782609,0.277481884057971,0.7051630434782609,0.6786413043478262,0.7459239130434783
