head_top_x,head_top_y,upper_neck_x,upper_neck_y,right_shoulder_x,right_shoulder_y,right_elbow_x,right_elbow_y,right_wrist_x,right_wrist_y,thorax_x,thorax_y,left_shoulder_x,left_shoulder_y,left_elbow_x,left_elbow_y,left_wrist_x,left_wrist_y,pelvis_x,pelvis_y,right_hip_x,right_hip_y,right_knee_x,right_knee_y,right_ankle_x,right_ankle_y,left_hip_x,left_hip_y,left_knee_x,left_knee_y,left_ankle_x,left_ankle_y
0.6035378851836218,0.07201086956521739,0.4405207893626002,0.19157608695652173,0.4757677289995779,0.24592391304347827,0.6211613550021106,0.360054347826087,0.8062077880962432,0.389945652173913,0.41408558463486705,0.22146739130434784,0.3568093077247784,0.20516304347826086,0.5903202828197552,0.35190217391304346,0.6740317644575771,0.23505434782608695,0.3524034402701562,0.4633152173913043,0.370026910088645,0.46875,0.39205624736175604,0.6616847826086957,0.3876503799071338,0.8627717391304348,0.33037410299704517,0.4578804347826087,0.3744327775432672,0.6426630434782609,0.20260394681300123,0.811141304347826
