head_top_x,head_top_y,upper_neck_x,upper_neck_y,right_shoulder_x,right_shoulder_y,right_elbow_x,right_elbow_y,right_wrist_x,right_wrist_y,thorax_x,thorax_y,left_shoulder_x,left_shoulder_y,left_elbow_x,left_elbow_y,left_wrist_x,left_wrist_y,pelvis_x,pelvis_y,right_hip_x,right_hip_y,right_knee_x,right_knee_y,right_ankle_x,right_ankle_y,left_hip_x,left_hip_y,left_knee_x,left_knee_y,left_ankle_x,left_ankle_y
0.8240980225248822,0.5067934782608695,0.6431295835515978,0.4986413043478261,0.6299682425353589,0.43070652173913043,0.6069358957569407,0.33559782608695654,0.6365489130434783,0.22418478260869565,0.6299682425353589,0.49320652173913043,0.6398392482975379,0.5448369565217391,0.5970648899947616,0.6046195652173914,0.5378388554216867,0.7024456521739131,0.4226771215295967,0.5366847826086957,0.42596745678365633,0.5448369565217391,0.2647410293347302,0.6589673913043478,0.09693393137768463,0.7839673913043478,0.4160964510214772,0.5339673913043478,0.1693213069669984,0.49592391304347827,0.18906331849135674,0.6644021739130435
