head_top_x,head_top_y,upper_neck_x,upper_neck_y,right_shoulder_x,right_shoulder_y,right_elbow_x,right_elbow_y,right_wrist_x,right_wrist_y,thorax_x,thorax_y,left_shoulder_x,left_shoulder_y,left_elbow_x,left_elbow_y,left_wrist_x,left_wrist_y,pelvis_x,pelvis_y,right_hip_x,right_hip_y,right_knee_x,right_knee_y,right_ankle_x,right_ankle_y,left_hip_x,left_hip_y,left_knee_x,left_knee_y,left_ankle_x,left_ankle_y
0.5626015847216579,0.16983695652173914,0.407176960585128,0.27853260869565216,0.44171576594880124,0.32472826086956524,0.5798709874034945,0.45516304347826086,0.7396129622104836,0.5448369565217391,0.3726381552214547,0.30027173913043476,0.303560544494108,0.27309782608695654,0.47193722064201543,0.4171195652173913,0.5323801300284436,0.49320652173913043,0.15245327102803738,0.5230978260869565,0.169722673709874,0.5258152173913043,0.47193722064201543,0.6508152173913043,0.36400345388053634,0.8790760869565217,0.12654916700528238,0.5230978260869565,0.3424167005282405,0.686141304347826,0.11791446566436409,0.7948369565217391
