head_top_x,head_top_y,upper_neck_x,upper_neck_y,right_shoulder_x,right_shoulder_y,right_elbow_x,right_elbow_y,right_wrist_x,right_wrist_y,thorax_x,thorax_y,left_shoulder_x,left_shoulder_y,left_elbow_x,left_elbow_y,left_wrist_x,left_wrist_y,pelvis_x,pelvis_y,right_hip_x,right_hip_y,right_knee_x,right_knee_y,right_ankle_x,right_ankle_y,left_hip_x,left_hip_y,left_knee_x,left_knee_y,left_ankle_x,left_ankle_y
0.6777885176539247,0.1644021739130435,0.545821782900496,0.24864130434782608,0.4835041581558213,0.21331521739130435,0.4468467318354246,0.297554347826087,0.5641504960606945,0.23505434782608695,0.5531532681645754,0.24592391304347827,0.641131091333528,0.264945652173913,0.5751477239568136,0.360054347826087,0.5494875255325358,0.44429347826086957,0.4945013860519405,0.4470108695652174,0.4798384155237817,0.44429347826086957,0.4835041581558213,0.7051630434782609,0.7730978260869565,0.813858695652174,0.5091643565800992,0.4470108695652174,0.6301338634374087,0.6508152173913043,0.7767635687189962,0.811141304347826
