head_top_x,head_top_y,upper_neck_x,upper_neck_y,right_shoulder_x,right_shoulder_y,right_elbow_x,right_elbow_y,right_wrist_x,right_wrist_y,thorax_x,thorax_y,left_shoulder_x,left_shoulder_y,left_elbow_x,left_elbow_y,left_wrist_x,left_wrist_y,pelvis_x,pelvis_y,right_hip_x,right_hip_y,right_knee_x,right_knee_y,right_ankle_x,right_ankle_y,left_hip_x,left_hip_y,left_knee_x,left_knee_y,left_ankle_x,left_ankle_y
0.5401817533856024,0.03125,0.5986279401282966,0.19157608695652173,0.5036528866714185,0.23777173913043478,0.44520669992872414,0.34646739130434784,0.25525659301496795,0.35733695652173914,0.6278510334996436,0.24320652173913043,0.7447434069850322,0.24592391304347827,0.5182644333570918,0.4008152173913043,0.2333392729864575,0.36820652173913043,0.547487526728439,0.4904891304347826,0.5182644333570918,0.48777173913043476,0.45981824661439774,0.686141304347826,0.5401817533856024,0.8899456521739131,0.5767106200997862,0.49320652173913043,0.6351568068424804,0.688858695652174,0.6716856735566644,0.9334239130434783
