head_top_x,head_top_y,upper_neck_x,upper_neck_y,right_shoulder_x,right_shoulder_y,right_elbow_x,right_elbow_y,right_wrist_x,right_wrist_y,thorax_x,thorax_y,left_shoulder_x,left_shoulder_y,left_elbow_x,left_elbow_y,left_wrist_x,left_wrist_y,pelvis_x,pelvis_y,right_hip_x,right_hip_y,right_knee_x,right_knee_y,right_ankle_x,right_ankle_y,left_hip_x,left_hip_y,left_knee_x,left_knee_y,left_ankle_x,left_ankle_y
0.5902881179273377,0.12907608695652173,0.5165835318642048,0.27309782608695654,0.38760050625372244,0.2758152173913043,0.26967316855270995,0.37092391304347827,0.2143947290053603,0.452445652173913,0.5202687611673615,0.27309782608695654,0.6529370160810006,0.28125,0.7266416021441335,0.4116847826086957,0.7745495830851699,0.5421195652173914,0.5165835318642048,0.4904891304347826,0.453934633710542,0.48777173913043476,0.3691743597379392,0.6698369565217391,0.35811867182846935,0.8301630434782609,0.5755472007147112,0.48777173913043476,0.6087142644431209,0.6535326086956522,0.6676779332936271,0.8355978260869565
