head_top_x,head_top_y,upper_neck_x,upper_neck_y,right_shoulder_x,right_shoulder_y,right_elbow_x,right_elbow_y,right_wrist_x,right_wrist_y,thorax_x,thorax_y,left_shoulder_x,left_shoulder_y,left_elbow_x,left_elbow_y,left_wrist_x,left_wrist_y,pelvis_x,pelvis_y,right_hip_x,right_hip_y,right_knee_x,right_knee_y,right_ankle_x,right_ankle_y,left_hip_x,left_hip_y,left_knee_x,left_knee_y,left_ankle_x,left_ankle_y
0.5814393939393939,0.06657608695652174,0.5885210803689064,0.21331521739130435,0.43980566534914356,0.24048913043478262,0.2840085638998682,0.2866847826086957,0.1990283267457181,0.34375,0.5885210803689064,0.24864130434782608,0.772644927536232,0.24864130434782608,0.5177042160737811,0.31929347826086957,0.3052536231884057,0.32472826086956524,0.6310111989459817,0.4904891304347826,0.4822957839262187,0.5067934782608695,0.34066205533596833,0.6698369565217391,0.4114789196310935,0.8410326086956522,0.7513998682476942,0.48233695652173914,0.4822957839262187,0.6426630434782609,0.4114789196310935,0.8464673913043478
