head_top_x,head_top_y,upper_neck_x,upper_neck_y,right_shoulder_x,right_shoulder_y,right_elbow_x,right_elbow_y,right_wrist_x,right_wrist_y,thorax_x,thorax_y,left_shoulder_x,left_shoulder_y,left_elbow_x,left_elbow_y,left_wrist_x,left_wrist_y,pelvis_x,pelvis_y,right_hip_x,right_hip_y,right_knee_x,right_knee_y,right_ankle_x,right_ankle_y,left_hip_x,left_hip_y,left_knee_x,left_knee_y,left_ankle_x,left_ankle_y
0.5651597496706193,0.15081521739130435,0.5111248353096179,0.297554347826087,0.4443758234519104,0.24864130434782608,0.3267704216073781,0.2703804347826087,0.20280797101449277,0.27853260869565216,0.5206604084321476,0.27853260869565216,0.6033020421607377,0.3328804347826087,0.6859436758893279,0.452445652173913,0.7781208827404479,0.5720108695652174,0.4380187747035573,0.4904891304347826,0.38716238471673253,0.4633152173913043,0.24730731225296446,0.6372282608695652,0.21870059288537552,0.7758152173913043,0.49205368906455865,0.5122282608695652,0.3458415678524374,0.7078804347826086,0.3140563241106719,0.8274456521739131
