head_top_x,head_top_y,upper_neck_x,upper_neck_y,right_shoulder_x,right_shoulder_y,right_elbow_x,right_elbow_y,right_wrist_x,right_wrist_y,thorax_x,thorax_y,left_shoulder_x,left_shoulder_y,left_elbow_x,left_elbow_y,left_wrist_x,left_wrist_y,pelvis_x,pelvis_y,right_hip_x,right_hip_y,right_knee_x,right_knee_y,right_ankle_x,right_ankle_y,left_hip_x,left_hip_y,left_knee_x,left_knee_y,left_ankle_x,left_ankle_y
0.8079386645962733,0.07201086956521739,0.6004852484472051,0.20244565217391305,0.5421389751552795,0.23777173913043478,0.431929347826087,0.3763586956521739,0.3671001552795031,0.49320652173913043,0.5551048136645963,0.23505434782608695,0.5615877329192546,0.2296195652173913,0.5486218944099378,0.3736413043478261,0.717177795031056,0.47146739130434784,0.4643439440993789,0.4741847826086957,0.4773097826086956,0.4741847826086957,0.7949728260869564,0.6535326086956522,0.7366265527950311,0.8682065217391305,0.4643439440993789,0.47146739130434784,0.3411684782608696,0.6807065217391305,0.22447593167701865,0.8790760869565217
