head_top_x,head_top_y,upper_neck_x,upper_neck_y,right_shoulder_x,right_shoulder_y,right_elbow_x,right_elbow_y,right_wrist_x,right_wrist_y,thorax_x,thorax_y,left_shoulder_x,left_shoulder_y,left_elbow_x,left_elbow_y,left_wrist_x,left_wrist_y,pelvis_x,pelvis_y,right_hip_x,right_hip_y,right_knee_x,right_knee_y,right_ankle_x,right_ankle_y,left_hip_x,left_hip_y,left_knee_x,left_knee_y,left_ankle_x,left_ankle_y
0.648795871559633,0.876358695652174,0.5970407857997606,0.7051630434782609,0.6186054048663742,0.7404891304347826,0.661734642999601,0.5230978260869565,0.69192510969286,0.41440217391304346,0.592727861986438,0.7024456521739131,0.6142924810530515,0.7160326086956522,0.35982997606701245,0.5665760869565217,0.22181641404068614,0.4741847826086957,0.506469385719984,0.5258152173913043,0.5107823095333066,0.5394021739130435,0.37708167132030324,0.25407608695652173,0.6703604906262465,0.13994565217391305,0.4805918428400479,0.5285326086956522,0.36845582369365776,0.25407608695652173,0.6660475668129239,0.15081521739130435
