head_top_x,head_top_y,upper_neck_x,upper_neck_y,right_shoulder_x,right_shoulder_y,right_elbow_x,right_elbow_y,right_wrist_x,right_wrist_y,thorax_x,thorax_y,left_shoulder_x,left_shoulder_y,left_elbow_x,left_elbow_y,left_wrist_x,left_wrist_y,pelvis_x,pelvis_y,right_hip_x,right_hip_y,right_knee_x,right_knee_y,right_ankle_x,right_ankle_y,left_hip_x,left_hip_y,left_knee_x,left_knee_y,left_ankle_x,left_ankle_y
0.6286878881987578,0.07201086956521739,0.4901009316770187,0.2078804347826087,0.6286878881987578,0.23233695652173914,0.7672748447204968,0.34646739130434784,0.6880822981366461,0.4361413043478261,0.4703027950310558,0.23505434782608695,0.2987189440993789,0.23505434782608695,0.1931288819875777,0.360054347826087,0.23272515527950305,0.46059782608695654,0.46370341614906835,0.4904891304347826,0.5560947204968945,0.48777173913043476,0.6154891304347825,0.6807065217391305,0.6220885093167703,0.8872282608695652,0.3581133540372671,0.4904891304347826,0.3185170807453415,0.6834239130434783,0.24592391304347827,0.873641304347826
