head_top_x,head_top_y,upper_neck_x,upper_neck_y,right_shoulder_x,right_shoulder_y,right_elbow_x,right_elbow_y,right_wrist_x,right_wrist_y,thorax_x,thorax_y,left_shoulder_x,left_shoulder_y,left_elbow_x,left_elbow_y,left_wrist_x,left_wrist_y,pelvis_x,pelvis_y,right_hip_x,right_hip_y,right_knee_x,right_knee_y,right_ankle_x,right_ankle_y,left_hip_x,left_hip_y,left_knee_x,left_knee_y,left_ankle_x,left_ankle_y
0.4813411423170403,0.15353260869565216,0.5220513772616797,0.2866847826086957,0.44063090737240074,0.30842391304347827,0.46437854442344045,0.4171195652173913,0.5932942884147988,0.36820652173913043,0.5186588576829598,0.27853260869565216,0.6000793275722387,0.26766304347826086,0.6781072778827977,0.35190217391304346,0.6882848366189576,0.3736413043478261,0.5186588576829598,0.485054347826087,0.46777106400216045,0.48777173913043476,0.3829580745341615,0.6807065217391305,0.18958445854712394,0.7730978260869565,0.5695466513637591,0.48777173913043476,0.6781072778827977,0.6508152173913043,0.7798828652443964,0.811141304347826
