head_top_x,head_top_y,upper_neck_x,upper_neck_y,right_shoulder_x,right_shoulder_y,right_elbow_x,right_elbow_y,right_wrist_x,right_wrist_y,thorax_x,thorax_y,left_shoulder_x,left_shoulder_y,left_elbow_x,left_elbow_y,left_wrist_x,left_wrist_y,pelvis_x,pelvis_y,right_hip_x,right_hip_y,right_knee_x,right_knee_y,right_ankle_x,right_ankle_y,left_hip_x,left_hip_y,left_knee_x,left_knee_y,left_ankle_x,left_ankle_y
0.6507133152173912,0.07472826086956522,0.6211616847826088,0.2269021739130435,0.47931385869565213,0.264945652173913,0.42612092391304346,0.37092391304347827,0.2665421195652174,0.40896739130434784,0.6152513586956522,0.264945652173913,0.7334578804347827,0.2595108695652174,0.7157269021739131,0.19429347826086957,0.7570991847826088,0.11548913043478261,0.6507133152173912,0.4904891304347826,0.5620584239130436,0.49592391304347827,0.5797894021739131,0.6970108695652174,0.6388926630434784,0.8709239130434783,0.7452785326086957,0.48777173913043476,0.6743546195652174,0.6970108695652174,0.6743546195652174,0.8845108695652174
