head_top_x,head_top_y,upper_neck_x,upper_neck_y,right_shoulder_x,right_shoulder_y,right_elbow_x,right_elbow_y,right_wrist_x,right_wrist_y,thorax_x,thorax_y,left_shoulder_x,left_shoulder_y,left_elbow_x,left_elbow_y,left_wrist_x,left_wrist_y,pelvis_x,pelvis_y,right_hip_x,right_hip_y,right_knee_x,right_knee_y,right_ankle_x,right_ankle_y,left_hip_x,left_hip_y,left_knee_x,left_knee_y,left_ankle_x,left_ankle_y
0.45637763504611334,0.06385869565217392,0.5033555665349144,0.2105978260869565,0.33557723978919635,0.23505434782608695,0.2550436429512516,0.36277173913043476,0.21477684453227935,0.4904891304347826,0.5167778326745717,0.24592391304347827,0.7248229578392623,0.25679347826086957,0.63086709486166,0.37907608695652173,0.6174448287220026,0.4904891304347826,0.4630887681159421,0.5149456521739131,0.36913290513833996,0.5095108695652174,0.2885993083003952,0.6997282608695652,0.2818881752305666,0.8817934782608695,0.5302000988142291,0.5203804347826086,0.6174448287220026,0.6942934782608695,0.63086709486166,0.8926630434782609
