head_top_x,head_top_y,upper_neck_x,upper_neck_y,right_shoulder_x,right_shoulder_y,right_elbow_x,right_elbow_y,right_wrist_x,right_wrist_y,thorax_x,thorax_y,left_shoulder_x,left_shoulder_y,left_elbow_x,left_elbow_y,left_wrist_x,left_wrist_y,pelvis_x,pelvis_y,right_hip_x,right_hip_y,right_knee_x,right_knee_y,right_ankle_x,right_ankle_y,left_hip_x,left_hip_y,left_knee_x,left_knee_y,left_ankle_x,left_ankle_y
0.6540200796548291,0.10733695652173914,0.5595544307998672,0.2595108695652174,0.45276717557251905,0.23777173913043478,0.3911591437105874,0.35190217391304346,0.49383919681380684,0.37907608695652173,0.5513400265516096,0.26766304347826086,0.6458056754065715,0.3111413043478261,0.6663416860272153,0.44429347826086957,0.7402713242615333,0.41440217391304346,0.4158023564553602,0.46059782608695654,0.345979920345171,0.44429347826086957,0.21865665449717886,0.6046195652173914,0.12008380351808828,0.7649456521739131,0.48151759044142056,0.4796195652173913,0.5184824095585795,0.6779891304347826,0.49794639893793574,0.8790760869565217
