head_top_x,head_top_y,upper_neck_x,upper_neck_y,right_shoulder_x,right_shoulder_y,right_elbow_x,right_elbow_y,right_wrist_x,right_wrist_y,thorax_x,thorax_y,left_shoulder_x,left_shoulder_y,left_elbow_x,left_elbow_y,left_wrist_x,left_wrist_y,pelvis_x,pelvis_y,right_hip_x,right_hip_y,right_knee_x,right_knee_y,right_ankle_x,right_ankle_y,left_hip_x,left_hip_y,left_knee_x,left_knee_y,left_ankle_x,left_ankle_y
0.5111752717391305,0.06929347826086957,0.49201766304347827,0.2269021739130435,0.3770720108695652,0.19701086956521738,0.22700407608695652,0.2078804347826087,0.23019701086956523,0.3029891304347826,0.49201766304347827,0.2078804347826087,0.5973845108695651,0.21875,0.766610054347826,0.33016304347826086,0.7059442934782608,0.4388586956521739,0.5239470108695652,0.4470108695652174,0.4600883152173913,0.45516304347826086,0.45689538043478256,0.6942934782608695,0.5335258152173914,0.8410326086956522,0.587805706521739,0.44157608695652173,0.7634171195652175,0.6290760869565217,0.6963654891304347,0.7839673913043478
