head_top_x,head_top_y,upper_neck_x,upper_neck_y,right_shoulder_x,right_shoulder_y,right_elbow_x,right_elbow_y,right_wrist_x,right_wrist_y,thorax_x,thorax_y,left_shoulder_x,left_shoulder_y,left_elbow_x,left_elbow_y,left_wrist_x,left_wrist_y,pelvis_x,pelvis_y,right_hip_x,right_hip_y,right_knee_x,right_knee_y,right_ankle_x,right_ankle_y,left_hip_x,left_hip_y,left_knee_x,left_knee_y,left_ankle_x,left_ankle_y
0.4486989459815547,0.10190217391304347,0.4144982433025911,0.25679347826086957,0.30212450592885376,0.24592391304347827,0.2092940272288098,0.3546195652173913,0.25815217391304346,0.34375,0.4144982433025911,0.2513586956521739,0.5317577953447519,0.2513586956521739,0.6148166447079491,0.33559782608695654,0.7516194554238033,0.44157608695652173,0.3558684672815108,0.4578804347826087,0.2874670619235837,0.4578804347826087,0.2874670619235837,0.6671195652173914,0.2776954325867369,0.8328804347826086,0.42915568730786124,0.46059782608695654,0.4486989459815547,0.6698369565217391,0.48778546332894157,0.8519021739130435
