head_top_x,head_top_y,upper_neck_x,upper_neck_y,right_shoulder_x,right_shoulder_y,right_elbow_x,right_elbow_y,right_wrist_x,right_wrist_y,thorax_x,thorax_y,left_shoulder_x,left_shoulder_y,left_elbow_x,left_elbow_y,left_wrist_x,left_wrist_y,pelvis_x,pelvis_y,right_hip_x,right_hip_y,right_knee_x,right_knee_y,right_ankle_x,right_ankle_y,left_hip_x,left_hip_y,left_knee_x,left_knee_y,left_ankle_x,left_ankle_y
0.31328483661895756,0.17798913043478262,0.37303368890089117,0.32472826086956524,0.34913414798811776,0.34103260869565216,0.34913414798811776,0.4279891304347826,0.2266490008101539,0.41440217391304346,0.37900857412908456,0.34375,0.411870442884148,0.3383152173913043,0.42382021334053477,0.48233695652173914,0.44473231163921156,0.5040760869565217,0.4566820820955982,0.5394021739130435,0.43875742641101817,0.5366847826086957,0.29237273832028093,0.6182065217391305,0.2176866729678639,0.8247282608695652,0.4716192951660816,0.5394021739130435,0.28938529570618415,0.6209239130434783,0.2206741155819606,0.8301630434782609
