head_top_x,head_top_y,upper_neck_x,upper_neck_y,right_shoulder_x,right_shoulder_y,right_elbow_x,right_elbow_y,right_wrist_x,right_wrist_y,thorax_x,thorax_y,left_shoulder_x,left_shoulder_y,left_elbow_x,left_elbow_y,left_wrist_x,left_wrist_y,pelvis_x,pelvis_y,right_hip_x,right_hip_y,right_knee_x,right_knee_y,right_ankle_x,right_ankle_y,left_hip_x,left_hip_y,left_knee_x,left_knee_y,left_ankle_x,left_ankle_y
0.5683846210340775,0.14266304347826086,0.5403293918918919,0.2866847826086957,0.48421893360752055,0.31657608695652173,0.5718915246768508,0.4279891304347826,0.6735917303172737,0.44157608695652173,0.5438362955346651,0.27853260869565216,0.6069605611045827,0.2595108695652174,0.610467464747356,0.36277173913043476,0.6876193448883665,0.4171195652173913,0.4561637044653349,0.4633152173913043,0.39303943889541715,0.4633152173913043,0.3509565951821387,0.6616847826086957,0.21769425675675677,0.8328804347826086,0.508767259106933,0.47146739130434784,0.6315088866039953,0.65625,0.7647712250293771,0.8274456521739131
