head_top_x,head_top_y,upper_neck_x,upper_neck_y,right_shoulder_x,right_shoulder_y,right_elbow_x,right_elbow_y,right_wrist_x,right_wrist_y,thorax_x,thorax_y,left_shoulder_x,left_shoulder_y,left_elbow_x,left_elbow_y,left_wrist_x,left_wrist_y,pelvis_x,pelvis_y,right_hip_x,right_hip_y,right_knee_x,right_knee_y,right_ankle_x,right_ankle_y,left_hip_x,left_hip_y,left_knee_x,left_knee_y,left_ankle_x,left_ankle_y
0.5133009153318077,0.06385869565217392,0.5133009153318077,0.2105978260869565,0.3483695652173913,0.22418478260869565,0.21004004576659036,0.3220108695652174,0.3909324942791762,0.2866847826086957,0.5239416475972539,0.2296195652173913,0.6995137299771167,0.24048913043478262,0.7846395881006865,0.3491847826086957,0.61970823798627,0.3138586956521739,0.5133009153318077,0.485054347826087,0.4068935926773455,0.48777173913043476,0.38561212814645307,0.6698369565217391,0.4175343249427918,0.8654891304347826,0.6143878718535469,0.4741847826086957,0.61970823798627,0.6752717391304348,0.6037471395881007,0.8654891304347826
