head_top_x,head_top_y,upper_neck_x,upper_neck_y,right_shoulder_x,right_shoulder_y,right_elbow_x,right_elbow_y,right_wrist_x,right_wrist_y,thorax_x,thorax_y,left_shoulder_x,left_shoulder_y,left_elbow_x,left_elbow_y,left_wrist_x,left_wrist_y,pelvis_x,pelvis_y,right_hip_x,right_hip_y,right_knee_x,right_knee_y,right_ankle_x,right_ankle_y,left_hip_x,left_hip_y,left_knee_x,left_knee_y,left_ankle_x,left_ankle_y
0.5082756916996047,0.19701086956521738,0.46413866930171277,0.33559782608695654,0.3703474967061924,0.297554347826087,0.28759057971014496,0.20244565217391305,0.24897068511198941,0.10461956521739131,0.48069005270092224,0.3111413043478261,0.5910326086956522,0.36277173913043476,0.7068922924901185,0.44972826086956524,0.7565464426877471,0.34646739130434784,0.3703474967061924,0.501358695652174,0.3151762187088274,0.49320652173913043,0.3041419631093544,0.6942934782608695,0.26552206851119897,0.8709239130434783,0.42551877470355726,0.5149456521739131,0.33172760210803687,0.6970108695652174,0.2765563241106719,0.8410326086956522
