head_top_x,head_top_y,upper_neck_x,upper_neck_y,right_shoulder_x,right_shoulder_y,right_elbow_x,right_elbow_y,right_wrist_x,right_wrist_y,thorax_x,thorax_y,left_shoulder_x,left_shoulder_y,left_elbow_x,left_elbow_y,left_wrist_x,left_wrist_y,pelvis_x,pelvis_y,right_hip_x,right_hip_y,right_knee_x,right_knee_y,right_ankle_x,right_ankle_y,left_hip_x,left_hip_y,left_knee_x,left_knee_y,left_ankle_x,left_ankle_y
0.5207932030820033,0.15625,0.5271911117226197,0.297554347826087,0.45681411667583927,0.30842391304347827,0.3768402586681343,0.327445652173913,0.2936674463401211,0.25679347826086957,0.5367879746835443,0.31929347826086957,0.6263586956521738,0.32472826086956524,0.75751582278481,0.3383152173913043,0.6967356906989544,0.40353260869565216,0.5207932030820033,0.5366847826086957,0.4664109796367639,0.5394021739130435,0.3768402586681343,0.7078804347826086,0.2296883599339571,0.813858695652174,0.5719764722069345,0.5366847826086957,0.6999346450192625,0.6644021739130435,0.7543168684645019,0.8654891304347826
