head_top_x,head_top_y,upper_neck_x,upper_neck_y,right_shoulder_x,right_shoulder_y,right_elbow_x,right_elbow_y,right_wrist_x,right_wrist_y,thorax_x,thorax_y,left_shoulder_x,left_shoulder_y,left_elbow_x,left_elbow_y,left_wrist_x,left_wrist_y,pelvis_x,pelvis_y,right_hip_x,right_hip_y,right_knee_x,right_knee_y,right_ankle_x,right_ankle_y,left_hip_x,left_hip_y,left_knee_x,left_knee_y,left_ankle_x,left_ankle_y
0.4142876770884221,0.1671195652173913,0.4684217757694187,0.29483695652173914,0.5766899731314118,0.3138586956521739,0.7030028700537372,0.40896739130434784,0.6578911211529067,0.5176630434782609,0.4714292256961407,0.31657608695652173,0.3691759281875916,0.3138586956521739,0.2849673302393747,0.38722826086956524,0.3571461284807035,0.4633152173913043,0.4894739252564729,0.5176630434782609,0.5586452735710796,0.5095108695652174,0.6939805202735712,0.5747282608695652,0.7631518685881779,0.7540760869565217,0.42331002686858815,0.5040760869565217,0.23384068148510015,0.5801630434782609,0.22782578163165607,0.78125
