head_top_x,head_top_y,upper_neck_x,upper_neck_y,right_shoulder_x,right_shoulder_y,right_elbow_x,right_elbow_y,right_wrist_x,right_wrist_y,thorax_x,thorax_y,left_shoulder_x,left_shoulder_y,left_elbow_x,left_elbow_y,left_wrist_x,left_wrist_y,pelvis_x,pelvis_y,right_hip_x,right_hip_y,right_knee_x,right_knee_y,right_ankle_x,right_ankle_y,left_hip_x,left_hip_y,left_knee_x,left_knee_y,left_ankle_x,left_ankle_y
0.26187201749734884,0.15625,0.3184898594909862,0.28940217391304346,0.2485501723223754,0.31929347826086957,0.20525417550371156,0.39809782608695654,0.1886018690349947,0.4633152173913043,0.3184898594909862,0.29483695652173914,0.3751077014846236,0.27309782608695654,0.49833476935312826,0.36277173913043476,0.45503877253446445,0.4578804347826087,0.4283950821845175,0.501358695652174,0.3850990853658537,0.5040760869565217,0.3051680143160127,0.6154891304347826,0.3384726272534464,0.811141304347826,0.468360617709438,0.4986413043478261,0.5849267629904559,0.65625,0.6915015243902439,0.7105978260869565
