head_top_x,head_top_y,upper_neck_x,upper_neck_y,right_shoulder_x,right_shoulder_y,right_elbow_x,right_elbow_y,right_wrist_x,right_wrist_y,thorax_x,thorax_y,left_shoulder_x,left_shoulder_y,left_elbow_x,left_elbow_y,left_wrist_x,left_wrist_y,pelvis_x,pelvis_y,right_hip_x,right_hip_y,right_knee_x,right_knee_y,right_ankle_x,right_ankle_y,left_hip_x,left_hip_y,left_knee_x,left_knee_y,left_ankle_x,left_ankle_y
0.5416518175338562,0.04755434782608696,0.5037865288667143,0.19701086956521738,0.29931397006414817,0.22418478260869565,0.20843727726300781,0.3736413043478261,0.2538756236635781,0.5067934782608695,0.5037865288667143,0.22146739130434784,0.70825908766928,0.21331521739130435,0.7385513186029937,0.33016304347826086,0.6476746258018532,0.36820652173913043,0.5113595866001426,0.46603260869565216,0.39776372059871695,0.46875,0.29931397006414817,0.7051630434782609,0.24630256593014968,0.90625,0.6325285103349964,0.46603260869565216,0.7006860299358518,0.6752717391304348,0.7612704918032788,0.876358695652174
