head_top_x,head_top_y,upper_neck_x,upper_neck_y,right_shoulder_x,right_shoulder_y,right_elbow_x,right_elbow_y,right_wrist_x,right_wrist_y,thorax_x,thorax_y,left_shoulder_x,left_shoulder_y,left_elbow_x,left_elbow_y,left_wrist_x,left_wrist_y,pelvis_x,pelvis_y,right_hip_x,right_hip_y,right_knee_x,right_knee_y,right_ankle_x,right_ankle_y,left_hip_x,left_hip_y,left_knee_x,left_knee_y,left_ankle_x,left_ankle_y
0.46046318057187624,0.12364130434782608,0.5187279670975322,0.2703804347826087,0.6310957696827262,0.26222826086956524,0.7476253427340385,0.35733695652173914,0.6227722287504897,0.37907608695652173,0.514566196631414,0.26766304347826086,0.39803662358010183,0.2758152173913043,0.3356100665883274,0.41983695652173914,0.23988934586760674,0.4578804347826087,0.643581081081081,0.48233695652173914,0.7143311790050921,0.4796195652173913,0.6560663924794359,0.65625,0.755948883666275,0.8383152173913043,0.5686692126909518,0.48777173913043476,0.3813895417156287,0.6426630434782609,0.4396543282412848,0.8464673913043478
