head_top_x,head_top_y,upper_neck_x,upper_neck_y,right_shoulder_x,right_shoulder_y,right_elbow_x,right_elbow_y,right_wrist_x,right_wrist_y,thorax_x,thorax_y,left_shoulder_x,left_shoulder_y,left_elbow_x,left_elbow_y,left_wrist_x,left_wrist_y,pelvis_x,pelvis_y,right_hip_x,right_hip_y,right_knee_x,right_knee_y,right_ankle_x,right_ankle_y,left_hip_x,left_hip_y,left_knee_x,left_knee_y,left_ankle_x,left_ankle_y
0.44420289855072465,0.06657608695652174,0.4548309178743961,0.2296195652173913,0.29541062801932366,0.2595108695652174,0.2688405797101449,0.3546195652173913,0.2157004830917874,0.38179347826086957,0.4601449275362319,0.25679347826086957,0.6089371980676329,0.25679347826086957,0.7842995169082124,0.34103260869565216,0.6195652173913043,0.4116847826086957,0.46545893719806763,0.4904891304347826,0.3857487922705314,0.485054347826087,0.35917874396135263,0.6807065217391305,0.3963768115942029,0.8709239130434783,0.5451690821256039,0.4904891304347826,0.5292270531400967,0.6589673913043478,0.49734299516908215,0.7567934782608695
