head_top_x,head_top_y,upper_neck_x,upper_neck_y,right_shoulder_x,right_shoulder_y,right_elbow_x,right_elbow_y,right_wrist_x,right_wrist_y,thorax_x,thorax_y,left_shoulder_x,left_shoulder_y,left_elbow_x,left_elbow_y,left_wrist_x,left_wrist_y,pelvis_x,pelvis_y,right_hip_x,right_hip_y,right_knee_x,right_knee_y,right_ankle_x,right_ankle_y,left_hip_x,left_hip_y,left_knee_x,left_knee_y,left_ankle_x,left_ankle_y
0.6883241268709908,0.18885869565217392,0.5654178545972915,0.30570652173913043,0.632818068424804,0.360054347826087,0.724006593014968,0.3953804347826087,0.7002182822523164,0.3138586956521739,0.5574884176764077,0.31929347826086957,0.49801764076977906,0.2703804347826087,0.35528777619387025,0.20516304347826086,0.19669903777619385,0.13994565217391305,0.4385468638631504,0.5394021739130435,0.46233517462580187,0.5448369565217391,0.5733472915181754,0.7404891304347826,0.767618496079829,0.8682065217391305,0.4028643977191732,0.5339673913043478,0.43061742694226657,0.7785326086956522,0.7477949037776193,0.8654891304347826
