head_top_x,head_top_y,upper_neck_x,upper_neck_y,right_shoulder_x,right_shoulder_y,right_elbow_x,right_elbow_y,right_wrist_x,right_wrist_y,thorax_x,thorax_y,left_shoulder_x,left_shoulder_y,left_elbow_x,left_elbow_y,left_wrist_x,left_wrist_y,pelvis_x,pelvis_y,right_hip_x,right_hip_y,right_knee_x,right_knee_y,right_ankle_x,right_ankle_y,left_hip_x,left_hip_y,left_knee_x,left_knee_y,left_ankle_x,left_ankle_y
0.7163561076604557,0.036684782608695655,0.5948930296756383,0.20244565217391305,0.5113871635610766,0.24592391304347827,0.4810213940648723,0.3953804347826087,0.5873015873015873,0.5230978260869565,0.549344375431332,0.23233695652173914,0.5721187025534851,0.2296195652173913,0.5569358178053829,0.3736413043478261,0.6783988957902003,0.4796195652173913,0.6556245686680471,0.4796195652173913,0.6556245686680471,0.4796195652173913,0.7011732229123534,0.6942934782608695,0.7163561076604557,0.8926630434782609,0.663216011042098,0.47690217391304346,0.670807453416149,0.6834239130434783,0.23050379572118695,0.813858695652174
