head_top_x,head_top_y,upper_neck_x,upper_neck_y,right_shoulder_x,right_shoulder_y,right_elbow_x,right_elbow_y,right_wrist_x,right_wrist_y,thorax_x,thorax_y,left_shoulder_x,left_shoulder_y,left_elbow_x,left_elbow_y,left_wrist_x,left_wrist_y,pelvis_x,pelvis_y,right_hip_x,right_hip_y,right_knee_x,right_knee_y,right_ankle_x,right_ankle_y,left_hip_x,left_hip_y,left_knee_x,left_knee_y,left_ankle_x,left_ankle_y
0.18759263833992096,0.18614130434782608,0.38620923913043476,0.27853260869565216,0.37379570158102765,0.29483695652173914,0.4027606225296443,0.16168478260869565,0.3986227766798419,0.47146739130434784,0.4027606225296443,0.28396739130434784,0.43586338932806323,0.27309782608695654,0.3903470849802371,0.17527173913043478,0.31172801383399207,0.13722826086956522,0.5268959980237155,0.48233695652173914,0.49379323122529645,0.4904891304347826,0.6179286067193677,0.6535326086956522,0.7793045948616601,0.8464673913043478,0.5517230731225296,0.47690217391304346,0.6965476778656127,0.6480978260869565,0.7834424407114623,0.8491847826086957
