head_top_x,head_top_y,upper_neck_x,upper_neck_y,right_shoulder_x,right_shoulder_y,right_elbow_x,right_elbow_y,right_wrist_x,right_wrist_y,thorax_x,thorax_y,left_shoulder_x,left_shoulder_y,left_elbow_x,left_elbow_y,left_wrist_x,left_wrist_y,pelvis_x,pelvis_y,right_hip_x,right_hip_y,right_knee_x,right_knee_y,right_ankle_x,right_ankle_y,left_hip_x,left_hip_y,left_knee_x,left_knee_y,left_ankle_x,left_ankle_y
0.7145159251769465,0.12635869565217392,0.5761185540950455,0.26766304347826086,0.5299860970677452,0.2758152173913043,0.3915887259858443,0.40896739130434784,0.21628538928210317,0.5040760869565217,0.5345993427704752,0.27309782608695654,0.5392125884732053,0.2758152173913043,0.35468276036400403,0.37092391304347827,0.2393516177957533,0.4904891304347826,0.4792403943377148,0.5475543478260869,0.44694767441860467,0.5502717391304348,0.48385364004044484,0.751358695652174,0.27625758341759354,0.9307065217391305,0.5161463599595552,0.5502717391304348,0.7791013650151668,0.7377717391304348,0.5622788169868554,0.936141304347826
