head_top_x,head_top_y,upper_neck_x,upper_neck_y,right_shoulder_x,right_shoulder_y,right_elbow_x,right_elbow_y,right_wrist_x,right_wrist_y,thorax_x,thorax_y,left_shoulder_x,left_shoulder_y,left_elbow_x,left_elbow_y,left_wrist_x,left_wrist_y,pelvis_x,pelvis_y,right_hip_x,right_hip_y,right_knee_x,right_knee_y,right_ankle_x,right_ankle_y,left_hip_x,left_hip_y,left_knee_x,left_knee_y,left_ankle_x,left_ankle_y
0.6039959016393442,0.05570652173913043,0.5251024590163935,0.2105978260869565,0.697233606557377,0.24592391304347827,0.682889344262295,0.39809782608695654,0.7044057377049181,0.5421195652173914,0.5035860655737706,0.24320652173913043,0.3099385245901639,0.23777173913043478,0.23821721311475408,0.35733695652173914,0.4175204918032787,0.34646739130434784,0.45338114754098363,0.5285326086956522,0.5322745901639343,0.5285326086956522,0.5753073770491804,0.6997282608695652,0.7761270491803279,0.8383152173913043,0.3601434426229509,0.5258152173913043,0.3960040983606558,0.7133152173913043,0.3601434426229509,0.8926630434782609
