head_top_x,head_top_y,upper_neck_x,upper_neck_y,right_shoulder_x,right_shoulder_y,right_elbow_x,right_elbow_y,right_wrist_x,right_wrist_y,thorax_x,thorax_y,left_shoulder_x,left_shoulder_y,left_elbow_x,left_elbow_y,left_wrist_x,left_wrist_y,pelvis_x,pelvis_y,right_hip_x,right_hip_y,right_knee_x,right_knee_y,right_ankle_x,right_ankle_y,left_hip_x,left_hip_y,left_knee_x,left_knee_y,left_ankle_x,left_ankle_y
0.46319706994328924,0.06657608695652174,0.49474243856332706,0.2269021739130435,0.5998936672967864,0.23505434782608695,0.6454591997479521,0.35190217391304346,0.5262878071833648,0.38722826086956524,0.505257561436673,0.24048913043478262,0.41062145557655955,0.24048913043478262,0.28443998109640833,0.26766304347826086,0.23186436672967864,0.18342391304347827,0.5368029300567109,0.48233695652173914,0.5928835853812224,0.48777173913043476,0.505257561436673,0.6616847826086957,0.46319706994328924,0.8654891304347826,0.48072227473219914,0.4796195652173913,0.4491769061121613,0.6508152173913043,0.4561869880277252,0.8845108695652174
