head_top_x,head_top_y,upper_neck_x,upper_neck_y,right_shoulder_x,right_shoulder_y,right_elbow_x,right_elbow_y,right_wrist_x,right_wrist_y,thorax_x,thorax_y,left_shoulder_x,left_shoulder_y,left_elbow_x,left_elbow_y,left_wrist_x,left_wrist_y,pelvis_x,pelvis_y,right_hip_x,right_hip_y,right_knee_x,right_knee_y,right_ankle_x,right_ankle_y,left_hip_x,left_hip_y,left_knee_x,left_knee_y,left_ankle_x,left_ankle_y
0.511025481111903,0.06114130434782609,0.386070028510335,0.2105978260869565,0.41547131147540983,0.25407608695652173,0.511025481111903,0.37092391304347827,0.7756370277975765,0.42527173913043476,0.36401906628652897,0.23777173913043478,0.2978661796151104,0.21875,0.37871970776906627,0.3220108695652174,0.5551274055595152,0.34646739130434784,0.4081209907341411,0.452445652173913,0.4595732359230221,0.45516304347826086,0.42282163221667857,0.6698369565217391,0.3493184248039915,0.8546195652173914,0.36401906628652897,0.44972826086956524,0.3934203492516038,0.6290760869565217,0.36401906628652897,0.7567934782608695
