head_top_x,head_top_y,upper_neck_x,upper_neck_y,right_shoulder_x,right_shoulder_y,right_elbow_x,right_elbow_y,right_wrist_x,right_wrist_y,thorax_x,thorax_y,left_shoulder_x,left_shoulder_y,left_elbow_x,left_elbow_y,left_wrist_x,left_wrist_y,pelvis_x,pelvis_y,right_hip_x,right_hip_y,right_knee_x,right_knee_y,right_ankle_x,right_ankle_y,left_hip_x,left_hip_y,left_knee_x,left_knee_y,left_ankle_x,left_ankle_y
0.35294732441471577,0.7785326086956522,0.49099677496416627,0.6671195652173914,0.4189709746774964,0.6508152173913043,0.2929258241758242,0.7296195652173914,0.20889572384137603,0.8220108695652174,0.5030010750119447,0.6589673913043478,0.5810290253225037,0.6616847826086957,0.4669881748686097,0.25407608695652173,0.7670956760630674,0.876358695652174,0.557020425226947,0.44157608695652173,0.5690247252747253,0.44157608695652173,0.49099677496416627,0.2866847826086957,0.4669881748686097,0.13179347826086957,0.5390139751552795,0.4361413043478261,0.5090032250358337,0.2866847826086957,0.521007525083612,0.12907608695652173
