head_top_x,head_top_y,upper_neck_x,upper_neck_y,right_shoulder_x,right_shoulder_y,right_elbow_x,right_elbow_y,right_wrist_x,right_wrist_y,thorax_x,thorax_y,left_shoulder_x,left_shoulder_y,left_elbow_x,left_elbow_y,left_wrist_x,left_wrist_y,pelvis_x,pelvis_y,right_hip_x,right_hip_y,right_knee_x,right_knee_y,right_ankle_x,right_ankle_y,left_hip_x,left_hip_y,left_knee_x,left_knee_y,left_ankle_x,left_ankle_y
0.30179512516469037,0.07201086956521739,0.42481884057971014,0.2078804347826087,0.32457729468599034,0.23777173913043478,0.29723869126043034,0.34375,0.22889218269653047,0.43342391304347827,0.43848814229249006,0.22418478260869565,0.54784255599473,0.2078804347826087,0.5934068950373299,0.3546195652173913,0.39292380324989024,0.39266304347826086,0.5842940272288099,0.47690217391304346,0.49772178304787,0.4796195652173913,0.32913372859025036,0.6616847826086957,0.45215744400527014,0.78125,0.6708662714097496,0.46875,0.7392127799736495,0.7133152173913043,0.8257850241545893,0.8654891304347826
