head_top_x,head_top_y,upper_neck_x,upper_neck_y,right_shoulder_x,right_shoulder_y,right_elbow_x,right_elbow_y,right_wrist_x,right_wrist_y,thorax_x,thorax_y,left_shoulder_x,left_shoulder_y,left_elbow_x,left_elbow_y,left_wrist_x,left_wrist_y,pelvis_x,pelvis_y,right_hip_x,right_hip_y,right_knee_x,right_knee_y,right_ankle_x,right_ankle_y,left_hip_x,left_hip_y,left_knee_x,left_knee_y,left_ankle_x,left_ankle_y
0.4691427479619565,0.12092391304347826,0.5308572520380435,0.26766304347826086,0.43647036345108703,0.29483695652173914,0.35660453464673914,0.3383152173913043,0.2150242017663044,0.264945652173913,0.5381177819293479,0.2758152173913043,0.6361349354619565,0.27309782608695654,0.7414126188858696,0.38722826086956524,0.708740234375,0.41983695652173914,0.5490085767663044,0.5122282608695652,0.4909243376358696,0.5176630434782609,0.4655124830163044,0.7323369565217391,0.35660453464673914,0.7622282608695652,0.603462550951087,0.5067934782608695,0.7523034137228262,0.6725543478260869,0.770454738451087,0.8383152173913043
