head_top_x,head_top_y,upper_neck_x,upper_neck_y,right_shoulder_x,right_shoulder_y,right_elbow_x,right_elbow_y,right_wrist_x,right_wrist_y,thorax_x,thorax_y,left_shoulder_x,left_shoulder_y,left_elbow_x,left_elbow_y,left_wrist_x,left_wrist_y,pelvis_x,pelvis_y,right_hip_x,right_hip_y,right_knee_x,right_knee_y,right_ankle_x,right_ankle_y,left_hip_x,left_hip_y,left_knee_x,left_knee_y,left_ankle_x,left_ankle_y
0.512413537549407,0.08831521739130435,0.4577939723320158,0.23233695652173914,0.2790390316205534,0.23777173913043478,0.20952322134387352,0.3546195652173913,0.37834733201581033,0.3383152173913043,0.4528285573122531,0.23505434782608695,0.6315834980237155,0.23505434782608695,0.7308917984189724,0.32472826086956524,0.6365489130434783,0.34375,0.4577939723320158,0.44972826086956524,0.3684165019762846,0.452445652173913,0.35352025691699607,0.6644021739130435,0.2691082015810277,0.8546195652173914,0.5422060276679842,0.44972826086956524,0.5223443675889328,0.6725543478260869,0.4925518774703557,0.8573369565217391
