head_top_x,head_top_y,upper_neck_x,upper_neck_y,right_shoulder_x,right_shoulder_y,right_elbow_x,right_elbow_y,right_wrist_x,right_wrist_y,thorax_x,thorax_y,left_shoulder_x,left_shoulder_y,left_elbow_x,left_elbow_y,left_wrist_x,left_wrist_y,pelvis_x,pelvis_y,right_hip_x,right_hip_y,right_knee_x,right_knee_y,right_ankle_x,right_ankle_y,left_hip_x,left_hip_y,left_knee_x,left_knee_y,left_ankle_x,left_ankle_y
0.30156361368496076,0.04755434782608696,0.4360967569493942,0.19972826086956522,0.4697300427655024,0.2296195652173913,0.45627672843905914,0.35733695652173914,0.2881102993585174,0.4361413043478261,0.4899100142551675,0.23777173913043478,0.5168166429080541,0.23777173913043478,0.6580764433357092,0.3654891304347826,0.5033633285816109,0.47146739130434784,0.5302699572344974,0.5095108695652174,0.49663667141838924,0.5067934782608695,0.39573681397006416,0.7078804347826086,0.4831833570919458,0.9116847826086957,0.5504499287241624,0.5095108695652174,0.3890101568068425,0.7241847826086957,0.7118897006414826,0.8872282608695652
