head_top_x,head_top_y,upper_neck_x,upper_neck_y,right_shoulder_x,right_shoulder_y,right_elbow_x,right_elbow_y,right_wrist_x,right_wrist_y,thorax_x,thorax_y,left_shoulder_x,left_shoulder_y,left_elbow_x,left_elbow_y,left_wrist_x,left_wrist_y,pelvis_x,pelvis_y,right_hip_x,right_hip_y,right_knee_x,right_knee_y,right_ankle_x,right_ankle_y,left_hip_x,left_hip_y,left_knee_x,left_knee_y,left_ankle_x,left_ankle_y
0.6011147480237155,0.04755434782608696,0.5464581274703558,0.19701086956521738,0.3824882658102767,0.21331521739130435,0.1747931077075098,0.26222826086956524,0.33876296936758893,0.1671195652173913,0.5409924654150197,0.22418478260869565,0.7049623270750988,0.23505434782608695,0.7541532855731227,0.37092391304347827,0.7596189476284585,0.4904891304347826,0.5191298171936759,0.4796195652173913,0.42621356225296436,0.4796195652173913,0.39341958992094866,0.6834239130434783,0.3551599555335968,0.876358695652174,0.6229773962450592,0.4741847826086957,0.6393743824110671,0.686141304347826,0.661237030632411,0.8790760869565217
