head_top_x,head_top_y,upper_neck_x,upper_neck_y,right_shoulder_x,right_shoulder_y,right_elbow_x,right_elbow_y,right_wrist_x,right_wrist_y,thorax_x,thorax_y,left_shoulder_x,left_shoulder_y,left_elbow_x,left_elbow_y,left_wrist_x,left_wrist_y,pelvis_x,pelvis_y,right_hip_x,right_hip_y,right_knee_x,right_knee_y,right_ankle_x,right_ankle_y,left_hip_x,left_hip_y,left_knee_x,left_knee_y,left_ankle_x,left_ankle_y
0.6927083333333334,-0.0010416666666666667,0.7552083333333334,0.18618266978922718,0.7489583333333333,0.21428571428571427,0.7427083333333333,0.43286494925839186,0.703125,0.598360655737705,0.7739583333333333,0.2236533957845433,0.815625,0.2236533957845433,0.946875,0.5046838407494146,0.8135416666666667,0.626463700234192,0.7322916666666667,0.6139734582357533,0.7239583333333334,0.5952380952380953,0.49895833333333334,0.6639344262295082,0.28020833333333334,0.8263075722092115,0.7302083333333333,0.6202185792349727,0.540625,0.5421545667447306,0.4322916666666667,0.9043715846994536
