head_top_x,head_top_y,upper_neck_x,upper_neck_y,right_shoulder_x,right_shoulder_y,right_elbow_x,right_elbow_y,right_wrist_x,right_wrist_y,thorax_x,thorax_y,left_shoulder_x,left_shoulder_y,left_elbow_x,left_elbow_y,left_wrist_x,left_wrist_y,pelvis_x,pelvis_y,right_hip_x,right_hip_y,right_knee_x,right_knee_y,right_ankle_x,right_ankle_y,left_hip_x,left_hip_y,left_knee_x,left_knee_y,left_ankle_x,left_ankle_y
0.4643112062812276,0.48020833333333335,0.4129193433261955,0.36354166666666665,0.4186295503211991,0.41770833333333335,0.4643112062812276,0.4322916666666667,0.46145610278372584,0.515625,0.4300499643112063,0.38229166666666664,0.4528907922912205,0.41770833333333335,0.44432548179871517,0.4427083333333333,0.44718058529621696,0.4947916666666667,0.5613847251962883,0.5510416666666667,0.5870806566738045,0.5947916666666667,0.4700214132762313,0.509375,0.2701641684511063,0.10520833333333333,0.5471092077087795,0.559375,0.4785867237687366,0.5072916666666667,0.28443968593861524,0.08229166666666667
