head_top_x,head_top_y,upper_neck_x,upper_neck_y,right_shoulder_x,right_shoulder_y,right_elbow_x,right_elbow_y,right_wrist_x,right_wrist_y,thorax_x,thorax_y,left_shoulder_x,left_shoulder_y,left_elbow_x,left_elbow_y,left_wrist_x,left_wrist_y,pelvis_x,pelvis_y,right_hip_x,right_hip_y,right_knee_x,right_knee_y,right_ankle_x,right_ankle_y,left_hip_x,left_hip_y,left_knee_x,left_knee_y,left_ankle_x,left_ankle_y
0.31979166666666664,0.29583333333333334,0.2864583333333333,0.46527777777777773,0.28020833333333334,0.41805555555555557,0.365625,0.5152777777777778,0.365625,0.4902777777777778,0.284375,0.43472222222222223,0.284375,0.43194444444444446,0.31354166666666666,0.49583333333333335,0.346875,0.501388888888889,0.259375,0.5402777777777777,0.23020833333333332,0.5569444444444445,0.371875,0.5458333333333334,0.34479166666666666,0.6902777777777778,0.265625,0.5291666666666667,0.3614583333333333,0.5430555555555556,0.340625,0.6597222222222222
