head_top_x,head_top_y,upper_neck_x,upper_neck_y,right_shoulder_x,right_shoulder_y,right_elbow_x,right_elbow_y,right_wrist_x,right_wrist_y,thorax_x,thorax_y,left_shoulder_x,left_shoulder_y,left_elbow_x,left_elbow_y,left_wrist_x,left_wrist_y,pelvis_x,pelvis_y,right_hip_x,right_hip_y,right_knee_x,right_knee_y,right_ankle_x,right_ankle_y,left_hip_x,left_hip_y,left_knee_x,left_knee_y,left_ankle_x,left_ankle_y
0.4032541776605101,0.165625,0.41380826737027265,0.315625,0.2906772207563764,0.346875,0.23087071240105542,0.4427083333333333,0.30826737027264733,0.4510416666666667,0.4173262972735268,0.34479166666666666,0.540457343887423,0.34479166666666666,0.5932277924362357,0.45729166666666665,0.5158311345646438,0.5239583333333333,0.41380826737027265,0.5739583333333333,0.33992963940193494,0.578125,0.3434476693051891,0.7239583333333334,0.33641160949868076,0.9114583333333334,0.4876868953386104,0.5697916666666667,0.49472295514511877,0.7427083333333333,0.4595426561125769,0.909375
