head_top_x,head_top_y,upper_neck_x,upper_neck_y,right_shoulder_x,right_shoulder_y,right_elbow_x,right_elbow_y,right_wrist_x,right_wrist_y,thorax_x,thorax_y,left_shoulder_x,left_shoulder_y,left_elbow_x,left_elbow_y,left_wrist_x,left_wrist_y,pelvis_x,pelvis_y,right_hip_x,right_hip_y,right_knee_x,right_knee_y,right_ankle_x,right_ankle_y,left_hip_x,left_hip_y,left_knee_x,left_knee_y,left_ankle_x,left_ankle_y
0.40788446526151434,0.14479166666666668,0.39851678376268534,0.296875,0.3173302107728337,0.2947916666666667,0.2736143637782982,0.38229166666666664,0.2829820452771272,0.465625,0.40163934426229503,0.28854166666666664,0.4859484777517564,0.2864583333333333,0.5140515222482436,0.3802083333333333,0.42661982825917255,0.415625,0.38914910226385635,0.45729166666666665,0.3454332552693208,0.4552083333333333,0.40163934426229503,0.5697916666666667,0.39539422326307566,0.7052083333333333,0.43286494925839186,0.45729166666666665,0.4640905542544886,0.578125,0.411007025761124,0.6885416666666667
