head_top_x,head_top_y,upper_neck_x,upper_neck_y,right_shoulder_x,right_shoulder_y,right_elbow_x,right_elbow_y,right_wrist_x,right_wrist_y,thorax_x,thorax_y,left_shoulder_x,left_shoulder_y,left_elbow_x,left_elbow_y,left_wrist_x,left_wrist_y,pelvis_x,pelvis_y,right_hip_x,right_hip_y,right_knee_x,right_knee_y,right_ankle_x,right_ankle_y,left_hip_x,left_hip_y,left_knee_x,left_knee_y,left_ankle_x,left_ankle_y
0.7125,0.37604166666666666,0.6458333333333334,0.515625,0.6986111111111111,0.453125,0.6597222222222222,0.41354166666666664,0.5680555555555555,0.4197916666666667,0.6652777777777777,0.49895833333333334,0.6569444444444444,0.5239583333333333,0.6847222222222222,0.640625,0.6902777777777778,0.7385416666666667,0.6486111111111111,0.465625,0.6486111111111111,0.446875,0.37916666666666665,0.4822916666666667,0.6430555555555556,0.4239583333333333,0.44027777777777777,0.48854166666666665,0.44027777777777777,0.490625,0.5763888888888888,0.43645833333333334
