head_top_x,head_top_y,upper_neck_x,upper_neck_y,right_shoulder_x,right_shoulder_y,right_elbow_x,right_elbow_y,right_wrist_x,right_wrist_y,thorax_x,thorax_y,left_shoulder_x,left_shoulder_y,left_elbow_x,left_elbow_y,left_wrist_x,left_wrist_y,pelvis_x,pelvis_y,right_hip_x,right_hip_y,right_knee_x,right_knee_y,right_ankle_x,right_ankle_y,left_hip_x,left_hip_y,left_knee_x,left_knee_y,left_ankle_x,left_ankle_y
0.5197916666666667,0.08597883597883597,0.5364583333333334,0.27380952380952384,0.4739583333333333,0.294973544973545,0.4510416666666667,0.4087301587301587,0.43020833333333336,0.4801587301587302,0.5364583333333334,0.27645502645502645,0.5989583333333334,0.2632275132275132,0.6510416666666666,0.369047619047619,0.6302083333333334,0.44576719576719576,0.5489583333333333,0.5251322751322751,0.509375,0.5251322751322751,0.490625,0.6547619047619048,0.48854166666666665,0.8452380952380953,0.5864583333333333,0.5251322751322751,0.5989583333333334,0.6917989417989419,0.5697916666666667,0.8505291005291006
