head_top_x,head_top_y,upper_neck_x,upper_neck_y,right_shoulder_x,right_shoulder_y,right_elbow_x,right_elbow_y,right_wrist_x,right_wrist_y,thorax_x,thorax_y,left_shoulder_x,left_shoulder_y,left_elbow_x,left_elbow_y,left_wrist_x,left_wrist_y,pelvis_x,pelvis_y,right_hip_x,right_hip_y,right_knee_x,right_knee_y,right_ankle_x,right_ankle_y,left_hip_x,left_hip_y,left_knee_x,left_knee_y,left_ankle_x,left_ankle_y
0.340625,0.3058690744920993,0.5447916666666667,0.5015048908954102,0.565625,0.5436418359668923,0.546875,0.6851015801354402,0.5447916666666667,0.8235515425131679,0.5572916666666666,0.5255831452219714,0.559375,0.5767494356659142,0.546875,0.6971407072987209,0.5427083333333333,0.8566591422121895,0.5114583333333333,0.45033860045146734,0.490625,0.4653875094055681,0.39479166666666665,0.3961625282167042,0.33645833333333336,0.4172310007524455,0.503125,0.4292701279157261,0.38229166666666664,0.3871331828442438,0.33229166666666665,0.42024078254326563
