head_top_x,head_top_y,upper_neck_x,upper_neck_y,right_shoulder_x,right_shoulder_y,right_elbow_x,right_elbow_y,right_wrist_x,right_wrist_y,thorax_x,thorax_y,left_shoulder_x,left_shoulder_y,left_elbow_x,left_elbow_y,left_wrist_x,left_wrist_y,pelvis_x,pelvis_y,right_hip_x,right_hip_y,right_knee_x,right_knee_y,right_ankle_x,right_ankle_y,left_hip_x,left_hip_y,left_knee_x,left_knee_y,left_ankle_x,left_ankle_y
0.7885416666666667,0.44196078431372554,0.565625,0.7776470588235294,0.671875,0.6145098039215686,0.7447916666666666,0.6176470588235294,0.7635416666666667,0.5894117647058823,0.578125,0.7839215686274511,0.659375,0.6396078431372548,0.628125,0.507843137254902,0.753125,0.595686274509804,0.46979166666666666,0.4513725490196078,0.5010416666666667,0.4576470588235294,0.396875,0.41058823529411764,0.7260416666666667,0.6835294117647058,0.43854166666666666,0.45450980392156864,0.4114583333333333,0.3917647058823529,0.371875,0.6490196078431373
