head_top_x,head_top_y,upper_neck_x,upper_neck_y,right_shoulder_x,right_shoulder_y,right_elbow_x,right_elbow_y,right_wrist_x,right_wrist_y,thorax_x,thorax_y,left_shoulder_x,left_shoulder_y,left_elbow_x,left_elbow_y,left_wrist_x,left_wrist_y,pelvis_x,pelvis_y,right_hip_x,right_hip_y,right_knee_x,right_knee_y,right_ankle_x,right_ankle_y,left_hip_x,left_hip_y,left_knee_x,left_knee_y,left_ankle_x,left_ankle_y
0.5197916666666667,0.2861046057767369,0.5135416666666667,0.5046838407494146,0.440625,0.48282591725214674,0.33645833333333336,0.5359094457455112,0.22395833333333334,0.5640124902419985,0.5135416666666667,0.48907103825136605,0.5864583333333333,0.4953161592505854,0.6739583333333333,0.5608899297423888,0.7697916666666667,0.5577673692427791,0.49895833333333334,0.7701014832162373,0.4635416666666667,0.773224043715847,0.3489583333333333,0.5702576112412178,0.396875,0.860655737704918,0.534375,0.7638563622170179,0.6260416666666667,0.6982825917252147,0.5802083333333333,1.0
