head_top_x,head_top_y,upper_neck_x,upper_neck_y,right_shoulder_x,right_shoulder_y,right_elbow_x,right_elbow_y,right_wrist_x,right_wrist_y,thorax_x,thorax_y,left_shoulder_x,left_shoulder_y,left_elbow_x,left_elbow_y,left_wrist_x,left_wrist_y,pelvis_x,pelvis_y,right_hip_x,right_hip_y,right_knee_x,right_knee_y,right_ankle_x,right_ankle_y,left_hip_x,left_hip_y,left_knee_x,left_knee_y,left_ankle_x,left_ankle_y
0.5197916666666667,0.2892271662763466,0.4427083333333333,0.47033567525370806,0.3885416666666667,0.44223263075722086,0.41354166666666664,0.5858704137392662,0.45729166666666665,0.7201405152224823,0.46979166666666666,0.4172521467603434,0.5364583333333334,0.39539422326307566,0.5677083333333334,0.5296643247462919,0.5927083333333333,0.6639344262295082,0.459375,0.4609679937548789,0.4197916666666667,0.4609679937548789,0.39479166666666665,0.6139734582357533,0.3885416666666667,0.7544886807181889,0.5010416666666667,0.47345823575331775,0.5510416666666667,0.5827478532396565,0.5989583333333334,0.7076502732240437
