head_top_x,head_top_y,upper_neck_x,upper_neck_y,right_shoulder_x,right_shoulder_y,right_elbow_x,right_elbow_y,right_wrist_x,right_wrist_y,thorax_x,thorax_y,left_shoulder_x,left_shoulder_y,left_elbow_x,left_elbow_y,left_wrist_x,left_wrist_y,pelvis_x,pelvis_y,right_hip_x,right_hip_y,right_knee_x,right_knee_y,right_ankle_x,right_ankle_y,left_hip_x,left_hip_y,left_knee_x,left_knee_y,left_ankle_x,left_ankle_y
0.6739583333333333,0.1513888888888889,0.5885416666666666,0.2986111111111111,0.590625,0.29305555555555557,0.5635416666666667,0.4513888888888889,0.540625,0.5680555555555555,0.6052083333333333,0.3013888888888889,0.578125,0.27638888888888885,0.590625,0.4513888888888889,0.5697916666666667,0.4791666666666667,0.565625,0.49583333333333335,0.5447916666666667,0.501388888888889,0.4427083333333333,0.5625,0.43020833333333336,0.6458333333333334,0.584375,0.4875,0.4114583333333333,0.5541666666666667,0.259375,0.5902777777777778
