head_top_x,head_top_y,upper_neck_x,upper_neck_y,right_shoulder_x,right_shoulder_y,right_elbow_x,right_elbow_y,right_wrist_x,right_wrist_y,thorax_x,thorax_y,left_shoulder_x,left_shoulder_y,left_elbow_x,left_elbow_y,left_wrist_x,left_wrist_y,pelvis_x,pelvis_y,right_hip_x,right_hip_y,right_knee_x,right_knee_y,right_ankle_x,right_ankle_y,left_hip_x,left_hip_y,left_knee_x,left_knee_y,left_ankle_x,left_ankle_y
0.5078247261345853,0.2635416666666667,0.582942097026604,0.409375,0.5579029733959312,0.3927083333333333,0.5015649452269171,0.43645833333333334,0.4420970266040689,0.403125,0.5798122065727699,0.396875,0.582942097026604,0.3802083333333333,0.5610328638497653,0.43854166666666666,0.48278560250391234,0.39895833333333336,0.604851330203443,0.5135416666666667,0.5954616588419406,0.5135416666666667,0.5359937402190923,0.6260416666666667,0.5735524256651017,0.7385416666666667,0.6111111111111112,0.509375,0.5641627543035994,0.628125,0.6705790297339593,0.715625
