head_top_x,head_top_y,upper_neck_x,upper_neck_y,right_shoulder_x,right_shoulder_y,right_elbow_x,right_elbow_y,right_wrist_x,right_wrist_y,thorax_x,thorax_y,left_shoulder_x,left_shoulder_y,left_elbow_x,left_elbow_y,left_wrist_x,left_wrist_y,pelvis_x,pelvis_y,right_hip_x,right_hip_y,right_knee_x,right_knee_y,right_ankle_x,right_ankle_y,left_hip_x,left_hip_y,left_knee_x,left_knee_y,left_ankle_x,left_ankle_y
0.4406060606060606,0.19270833333333334,0.5303030303030303,0.3385416666666667,0.5496969696969697,0.36770833333333336,0.5690909090909091,0.4635416666666667,0.5230303030303031,0.559375,0.5375757575757576,0.365625,0.5206060606060606,0.36770833333333336,0.5084848484848485,0.478125,0.5375757575757576,0.5572916666666666,0.5206060606060606,0.490625,0.5181818181818182,0.484375,0.5254545454545454,0.578125,0.4115151515151515,0.6572916666666667,0.5230303030303031,0.49270833333333336,0.31696969696969696,0.484375,0.33636363636363636,0.5864583333333333
