head_top_x,head_top_y,upper_neck_x,upper_neck_y,right_shoulder_x,right_shoulder_y,right_elbow_x,right_elbow_y,right_wrist_x,right_wrist_y,thorax_x,thorax_y,left_shoulder_x,left_shoulder_y,left_elbow_x,left_elbow_y,left_wrist_x,left_wrist_y,pelvis_x,pelvis_y,right_hip_x,right_hip_y,right_knee_x,right_knee_y,right_ankle_x,right_ankle_y,left_hip_x,left_hip_y,left_knee_x,left_knee_y,left_ankle_x,left_ankle_y
0.21979166666666666,0.14551422319474835,0.296875,0.3176513493800146,0.31354166666666666,0.3409919766593727,0.396875,0.44894237782640406,0.390625,0.47228300510576227,0.309375,0.3264040846097739,0.321875,0.30598103574033547,0.42604166666666665,0.40517870167760756,0.37604166666666666,0.5043763676148797,0.3385416666666667,0.5773158278628737,0.33645833333333336,0.5102115244347192,0.3697916666666667,0.7261123267687819,0.18229166666666666,0.9070021881838074,0.3572916666666667,0.536469730123997,0.37395833333333334,0.7290299051787017,0.3927083333333333,0.9215900802334063
