head_top_x,head_top_y,upper_neck_x,upper_neck_y,right_shoulder_x,right_shoulder_y,right_elbow_x,right_elbow_y,right_wrist_x,right_wrist_y,thorax_x,thorax_y,left_shoulder_x,left_shoulder_y,left_elbow_x,left_elbow_y,left_wrist_x,left_wrist_y,pelvis_x,pelvis_y,right_hip_x,right_hip_y,right_knee_x,right_knee_y,right_ankle_x,right_ankle_y,left_hip_x,left_hip_y,left_knee_x,left_knee_y,left_ankle_x,left_ankle_y
0.42604166666666665,0.7222222222222222,0.4947916666666667,0.5425531914893617,0.40520833333333334,0.5204885736800631,0.365625,0.6055949566587865,0.30520833333333336,0.7411347517730498,0.49895833333333334,0.5173364854215918,0.578125,0.5362490149724192,0.553125,0.64026792750197,0.44479166666666664,0.27777777777777785,0.5072916666666667,0.39125295508274227,0.4510416666666667,0.3975571315996849,0.4510416666666667,0.2084318360914106,0.47604166666666664,0.21788810086682428,0.5635416666666667,0.3282111899133176,0.48020833333333335,0.21788810086682428,0.503125,0.21158392434988182
