head_top_x,head_top_y,upper_neck_x,upper_neck_y,right_shoulder_x,right_shoulder_y,right_elbow_x,right_elbow_y,right_wrist_x,right_wrist_y,thorax_x,thorax_y,left_shoulder_x,left_shoulder_y,left_elbow_x,left_elbow_y,left_wrist_x,left_wrist_y,pelvis_x,pelvis_y,right_hip_x,right_hip_y,right_knee_x,right_knee_y,right_ankle_x,right_ankle_y,left_hip_x,left_hip_y,left_knee_x,left_knee_y,left_ankle_x,left_ankle_y
0.5109546165884195,0.09270833333333334,0.49530516431924887,0.215625,0.42331768388106417,0.228125,0.4139280125195618,0.2864583333333333,0.4389671361502347,0.3260416666666667,0.498435054773083,0.215625,0.5798122065727699,0.203125,0.6111111111111112,0.24270833333333333,0.5985915492957747,0.278125,0.5046948356807512,0.359375,0.45461658841940533,0.36354166666666665,0.36697965571205005,0.465625,0.25117370892018775,0.5385416666666667,0.554773082942097,0.35104166666666664,0.6737089201877934,0.40520833333333334,0.636150234741784,0.48020833333333335
