head_top_x,head_top_y,upper_neck_x,upper_neck_y,right_shoulder_x,right_shoulder_y,right_elbow_x,right_elbow_y,right_wrist_x,right_wrist_y,thorax_x,thorax_y,left_shoulder_x,left_shoulder_y,left_elbow_x,left_elbow_y,left_wrist_x,left_wrist_y,pelvis_x,pelvis_y,right_hip_x,right_hip_y,right_knee_x,right_knee_y,right_ankle_x,right_ankle_y,left_hip_x,left_hip_y,left_knee_x,left_knee_y,left_ankle_x,left_ankle_y
0.7052083333333333,0.7009345794392524,0.43645833333333334,0.4018691588785048,0.48020833333333335,0.41744548286604366,0.40520833333333334,0.41744548286604366,0.453125,0.41433021806853587,0.9260416666666667,0.6697819314641744,0.8614583333333333,0.691588785046729,0.39895833333333336,0.42679127725856697,0.46145833333333336,0.4018691588785048,0.409375,0.4766355140186916,0.41354166666666664,0.4735202492211838,0.46770833333333334,0.42679127725856697,0.390625,0.691588785046729,0.40729166666666666,0.4485981308411216,0.5072916666666667,0.3707165109034268,0.38645833333333335,0.7320872274143302
