head_top_x,head_top_y,upper_neck_x,upper_neck_y,right_shoulder_x,right_shoulder_y,right_elbow_x,right_elbow_y,right_wrist_x,right_wrist_y,thorax_x,thorax_y,left_shoulder_x,left_shoulder_y,left_elbow_x,left_elbow_y,left_wrist_x,left_wrist_y,pelvis_x,pelvis_y,right_hip_x,right_hip_y,right_knee_x,right_knee_y,right_ankle_x,right_ankle_y,left_hip_x,left_hip_y,left_knee_x,left_knee_y,left_ankle_x,left_ankle_y
0.416323731138546,0.20729166666666668,0.42455418381344306,0.36770833333333336,0.30658436213991774,0.409375,0.26817558299039784,0.5239583333333333,0.3395061728395062,0.5822916666666667,0.42729766803840874,0.390625,0.5452674897119342,0.37604166666666666,0.6193415637860081,0.5052083333333334,0.5754458161865569,0.5885416666666666,0.46021947873799723,0.5989583333333334,0.3916323731138546,0.6010416666666667,0.2873799725651578,0.6885416666666667,0.3340192043895748,0.921875,0.5233196159122085,0.596875,0.6193415637860081,0.6760416666666667,0.6220850480109739,0.9010416666666666
