head_top_x,head_top_y,upper_neck_x,upper_neck_y,right_shoulder_x,right_shoulder_y,right_elbow_x,right_elbow_y,right_wrist_x,right_wrist_y,thorax_x,thorax_y,left_shoulder_x,left_shoulder_y,left_elbow_x,left_elbow_y,left_wrist_x,left_wrist_y,pelvis_x,pelvis_y,right_hip_x,right_hip_y,right_knee_x,right_knee_y,right_ankle_x,right_ankle_y,left_hip_x,left_hip_y,left_knee_x,left_knee_y,left_ankle_x,left_ankle_y
0.5766823161189358,0.40520833333333334,0.48278560250391234,0.40729166666666666,0.4483568075117371,0.35520833333333335,0.39827856025039127,0.31979166666666664,0.310641627543036,0.2635416666666667,0.48278560250391234,0.40520833333333334,0.554773082942097,0.378125,0.5892018779342723,0.353125,0.6455399061032865,0.35104166666666664,0.5172143974960877,0.540625,0.5015649452269171,0.5510416666666667,0.6017214397496088,0.496875,0.6298904538341158,0.490625,0.5453834115805946,0.515625,0.5704225352112676,0.415625,0.6236306729264476,0.4864583333333333
