head_top_x,head_top_y,upper_neck_x,upper_neck_y,right_shoulder_x,right_shoulder_y,right_elbow_x,right_elbow_y,right_wrist_x,right_wrist_y,thorax_x,thorax_y,left_shoulder_x,left_shoulder_y,left_elbow_x,left_elbow_y,left_wrist_x,left_wrist_y,pelvis_x,pelvis_y,right_hip_x,right_hip_y,right_knee_x,right_knee_y,right_ankle_x,right_ankle_y,left_hip_x,left_hip_y,left_knee_x,left_knee_y,left_ankle_x,left_ankle_y
0.628125,0.26190476190476186,0.5885416666666666,0.343205574912892,0.5885416666666666,0.4036004645760743,0.22604166666666667,0.48722415795586527,0.25729166666666664,0.44308943089430897,0.528125,0.4059233449477352,0.246875,0.5522648083623694,0.253125,0.4268292682926829,0.2552083333333333,0.4245063879210221,0.5364583333333334,0.39663182346109177,0.011458333333333333,1.0,0.203125,0.4849012775842044,0.30520833333333336,0.6219512195121952,0.011458333333333333,1.0,0.46145833333333336,0.5011614401858305,0.30520833333333336,0.6312427409988386
