head_top_x,head_top_y,upper_neck_x,upper_neck_y,right_shoulder_x,right_shoulder_y,right_elbow_x,right_elbow_y,right_wrist_x,right_wrist_y,thorax_x,thorax_y,left_shoulder_x,left_shoulder_y,left_elbow_x,left_elbow_y,left_wrist_x,left_wrist_y,pelvis_x,pelvis_y,right_hip_x,right_hip_y,right_knee_x,right_knee_y,right_ankle_x,right_ankle_y,left_hip_x,left_hip_y,left_knee_x,left_knee_y,left_ankle_x,left_ankle_y
0.7302083333333333,0.3360655737704918,0.628125,0.2673692427790788,0.6552083333333333,0.2736143637782982,0.7572916666666667,0.2923497267759562,0.7552083333333334,0.1768149882903981,0.6260416666666667,0.2642466822794691,0.615625,0.2736143637782982,0.5072916666666667,0.32045277127244337,0.809375,0.19242779078844652,0.409375,0.16432474629195942,0.4114583333333333,0.15495706479313032,0.6697916666666667,0.3173302107728337,0.7114583333333333,0.2923497267759562,0.4010416666666667,0.18306010928961744,0.6635416666666667,0.3266978922716628,0.721875,0.2798594847775176
