head_top_x,head_top_y,upper_neck_x,upper_neck_y,right_shoulder_x,right_shoulder_y,right_elbow_x,right_elbow_y,right_wrist_x,right_wrist_y,thorax_x,thorax_y,left_shoulder_x,left_shoulder_y,left_elbow_x,left_elbow_y,left_wrist_x,left_wrist_y,pelvis_x,pelvis_y,right_hip_x,right_hip_y,right_knee_x,right_knee_y,right_ankle_x,right_ankle_y,left_hip_x,left_hip_y,left_knee_x,left_knee_y,left_ankle_x,left_ankle_y
0.39479166666666665,0.6372141372141372,0.5239583333333333,0.7314622314622313,0.546875,0.7536382536382537,0.6114583333333333,0.6288981288981289,0.6614583333333334,0.7065142065142064,0.503125,0.7065142065142064,0.5052083333333334,0.7370062370062369,0.396875,0.6483021483021483,0.334375,0.676022176022176,0.46770833333333334,0.29625779625779625,0.48854166666666665,0.3018018018018018,0.35520833333333335,0.33506583506583504,0.334375,0.676022176022176,0.44895833333333335,0.2768537768537768,0.34479166666666666,0.34338184338184335,0.33645833333333336,0.6621621621621621
