head_top_x,head_top_y,upper_neck_x,upper_neck_y,right_shoulder_x,right_shoulder_y,right_elbow_x,right_elbow_y,right_wrist_x,right_wrist_y,thorax_x,thorax_y,left_shoulder_x,left_shoulder_y,left_elbow_x,left_elbow_y,left_wrist_x,left_wrist_y,pelvis_x,pelvis_y,right_hip_x,right_hip_y,right_knee_x,right_knee_y,right_ankle_x,right_ankle_y,left_hip_x,left_hip_y,left_knee_x,left_knee_y,left_ankle_x,left_ankle_y
0.628125,0.15694444444444444,0.6364583333333333,0.3541666666666667,0.528125,0.32916666666666666,0.478125,0.3958333333333333,0.403125,0.49583333333333335,0.634375,0.3347222222222222,0.721875,0.3958333333333333,0.6510416666666666,0.5347222222222222,0.5239583333333333,0.5402777777777777,0.6197916666666666,0.08194444444444444,0.571875,0.07638888888888888,0.5260416666666666,0.3458333333333334,0.921875,0.1791666666666667,0.659375,0.06805555555555558,0.659375,0.2597222222222222,0.903125,0.18194444444444446
