head_top_x,head_top_y,upper_neck_x,upper_neck_y,right_shoulder_x,right_shoulder_y,right_elbow_x,right_elbow_y,right_wrist_x,right_wrist_y,thorax_x,thorax_y,left_shoulder_x,left_shoulder_y,left_elbow_x,left_elbow_y,left_wrist_x,left_wrist_y,pelvis_x,pelvis_y,right_hip_x,right_hip_y,right_knee_x,right_knee_y,right_ankle_x,right_ankle_y,left_hip_x,left_hip_y,left_knee_x,left_knee_y,left_ankle_x,left_ankle_y
0.553125,0.05086071987480441,0.578125,0.2699530516431925,0.5010416666666667,0.23865414710485136,0.4552083333333333,0.33568075117370894,0.4114583333333333,0.4327073552425665,0.565625,0.21987480438184664,0.6364583333333333,0.22926447574334896,0.7010416666666667,0.33255086071987483,0.409375,0.445226917057903,0.609375,0.42644757433489827,0.5760416666666667,0.4170579029733959,0.540625,0.5203442879499217,0.5760416666666667,0.8145539906103286,0.6302083333333334,0.4295774647887324,0.5760416666666667,0.5923317683881063,0.578125,0.8145539906103286
