head_top_x,head_top_y,upper_neck_x,upper_neck_y,right_shoulder_x,right_shoulder_y,right_elbow_x,right_elbow_y,right_wrist_x,right_wrist_y,thorax_x,thorax_y,left_shoulder_x,left_shoulder_y,left_elbow_x,left_elbow_y,left_wrist_x,left_wrist_y,pelvis_x,pelvis_y,right_hip_x,right_hip_y,right_knee_x,right_knee_y,right_ankle_x,right_ankle_y,left_hip_x,left_hip_y,left_knee_x,left_knee_y,left_ankle_x,left_ankle_y
0.559375,0.221875,0.521875,0.3885416666666667,0.44895833333333335,0.39895833333333336,0.41354166666666664,0.48020833333333335,0.484375,0.5010416666666667,0.5197916666666667,0.40520833333333334,0.590625,0.4114583333333333,0.6135416666666667,0.46770833333333334,0.5489583333333333,0.478125,0.353125,0.23229166666666667,0.32395833333333335,0.215625,0.4947916666666667,0.653125,0.49895833333333334,0.8364583333333333,0.39479166666666665,0.23645833333333333,0.590625,0.671875,0.6177083333333333,0.8427083333333333
