head_top_x,head_top_y,upper_neck_x,upper_neck_y,right_shoulder_x,right_shoulder_y,right_elbow_x,right_elbow_y,right_wrist_x,right_wrist_y,thorax_x,thorax_y,left_shoulder_x,left_shoulder_y,left_elbow_x,left_elbow_y,left_wrist_x,left_wrist_y,pelvis_x,pelvis_y,right_hip_x,right_hip_y,right_knee_x,right_knee_y,right_ankle_x,right_ankle_y,left_hip_x,left_hip_y,left_knee_x,left_knee_y,left_ankle_x,left_ankle_y
0.5291666666666667,0.303125,0.5041666666666668,0.47604166666666664,0.3513888888888889,0.45729166666666665,0.18194444444444446,0.5677083333333334,0.3458333333333334,0.540625,0.501388888888889,0.46979166666666666,0.6375000000000001,0.503125,0.6847222222222222,0.6447916666666667,0.5847222222222223,0.6197916666666666,0.40972222222222227,0.771875,0.3236111111111111,0.7635416666666667,0.43472222222222223,0.328125,0.23194444444444443,0.9052083333333333,0.5069444444444445,0.7760416666666666,0.6152777777777777,0.27395833333333336,0.5319444444444444,0.4427083333333333
