head_top_x,head_top_y,upper_neck_x,upper_neck_y,right_shoulder_x,right_shoulder_y,right_elbow_x,right_elbow_y,right_wrist_x,right_wrist_y,thorax_x,thorax_y,left_shoulder_x,left_shoulder_y,left_elbow_x,left_elbow_y,left_wrist_x,left_wrist_y,pelvis_x,pelvis_y,right_hip_x,right_hip_y,right_knee_x,right_knee_y,right_ankle_x,right_ankle_y,left_hip_x,left_hip_y,left_knee_x,left_knee_y,left_ankle_x,left_ankle_y
0.578125,0.33881064162754304,0.4635416666666667,0.445226917057903,0.4739583333333333,0.45461658841940533,0.559375,0.42331768388106417,0.5822916666666667,0.36071987480438183,0.471875,0.4671361502347418,0.459375,0.42018779342723006,0.5489583333333333,0.48904538341158066,0.5614583333333333,0.4107981220657277,0.5677083333333334,0.5266040688575899,0.5635416666666667,0.5234741784037559,0.621875,0.08528951486697968,0.8114583333333333,0.1447574334898279,0.5760416666666667,0.5672926447574335,0.6322916666666667,0.08841940532081378,0.696875,0.10406885758998435
