head_top_x,head_top_y,upper_neck_x,upper_neck_y,right_shoulder_x,right_shoulder_y,right_elbow_x,right_elbow_y,right_wrist_x,right_wrist_y,thorax_x,thorax_y,left_shoulder_x,left_shoulder_y,left_elbow_x,left_elbow_y,left_wrist_x,left_wrist_y,pelvis_x,pelvis_y,right_hip_x,right_hip_y,right_knee_x,right_knee_y,right_ankle_x,right_ankle_y,left_hip_x,left_hip_y,left_knee_x,left_knee_y,left_ankle_x,left_ankle_y
0.5260416666666666,0.2597222222222222,0.559375,0.43194444444444446,0.5822916666666667,0.41805555555555557,0.5864583333333333,0.3263888888888889,0.5739583333333333,0.24861111111111112,0.5489583333333333,0.43472222222222223,0.46145833333333336,0.31805555555555554,0.4552083333333333,0.34027777777777773,0.553125,0.3458333333333334,0.546875,0.5152777777777778,0.5489583333333333,0.4875,0.5822916666666667,0.3847222222222222,0.578125,0.3958333333333333,0.5385416666666667,0.5152777777777778,0.5489583333333333,0.3458333333333334,0.5802083333333333,0.3958333333333333
