head_top_x,head_top_y,upper_neck_x,upper_neck_y,right_shoulder_x,right_shoulder_y,right_elbow_x,right_elbow_y,right_wrist_x,right_wrist_y,thorax_x,thorax_y,left_shoulder_x,left_shoulder_y,left_elbow_x,left_elbow_y,left_wrist_x,left_wrist_y,pelvis_x,pelvis_y,right_hip_x,right_hip_y,right_knee_x,right_knee_y,right_ankle_x,right_ankle_y,left_hip_x,left_hip_y,left_knee_x,left_knee_y,left_ankle_x,left_ankle_y
0.5124740124740125,0.04895833333333333,0.4930699930699931,0.18229166666666666,0.5540540540540541,0.203125,0.6205821205821205,0.346875,0.5762300762300762,0.44479166666666664,0.44317394317394315,0.20729166666666668,0.5152460152460152,0.20104166666666667,0.5540540540540541,0.371875,0.6122661122661123,0.4197916666666667,0.5263340263340263,0.5197916666666667,0.5235620235620235,0.496875,0.4126819126819127,0.6635416666666667,0.3766458766458766,0.728125,0.48752598752598747,0.515625,0.6067221067221067,0.6322916666666667,0.38218988218988215,0.7239583333333334
