head_top_x,head_top_y,upper_neck_x,upper_neck_y,right_shoulder_x,right_shoulder_y,right_elbow_x,right_elbow_y,right_wrist_x,right_wrist_y,thorax_x,thorax_y,left_shoulder_x,left_shoulder_y,left_elbow_x,left_elbow_y,left_wrist_x,left_wrist_y,pelvis_x,pelvis_y,right_hip_x,right_hip_y,right_knee_x,right_knee_y,right_ankle_x,right_ankle_y,left_hip_x,left_hip_y,left_knee_x,left_knee_y,left_ankle_x,left_ankle_y
0.803125,0.4953161592505854,0.6927083333333334,0.6046057767369243,0.7135416666666666,0.5327868852459016,0.6197916666666666,0.6014832162373146,0.5614583333333333,0.6545667447306792,0.696875,0.5952380952380953,0.696875,0.6389539422326307,0.628125,0.7701014832162373,0.5802083333333333,0.7107728337236534,0.5510416666666667,0.5546448087431695,0.559375,0.5702576112412178,0.41354166666666664,0.3423106947697111,0.40729166666666666,0.5858704137392662,0.5364583333333334,0.5390320062451209,0.4114583333333333,0.3423106947697111,0.41354166666666664,0.5765027322404371
