head_top_x,head_top_y,upper_neck_x,upper_neck_y,right_shoulder_x,right_shoulder_y,right_elbow_x,right_elbow_y,right_wrist_x,right_wrist_y,thorax_x,thorax_y,left_shoulder_x,left_shoulder_y,left_elbow_x,left_elbow_y,left_wrist_x,left_wrist_y,pelvis_x,pelvis_y,right_hip_x,right_hip_y,right_knee_x,right_knee_y,right_ankle_x,right_ankle_y,left_hip_x,left_hip_y,left_knee_x,left_knee_y,left_ankle_x,left_ankle_y
0.5296643247462919,0.15520833333333334,0.49219359875097574,0.30520833333333336,0.36729117876658857,0.31354166666666666,0.3516783762685402,0.42604166666666665,0.3391881342701014,0.434375,0.48907103825136605,0.3177083333333333,0.6108508977361436,0.334375,0.4609679937548789,0.4239583333333333,0.3110850897736143,0.39895833333333336,0.5483996877439501,0.5072916666666667,0.5046838407494146,0.515625,0.5483996877439501,0.6510416666666666,0.4765807962529274,0.796875,0.5952380952380953,0.503125,0.5483996877439501,0.640625,0.5202966432474629,0.8114583333333333
