head_top_x,head_top_y,upper_neck_x,upper_neck_y,right_shoulder_x,right_shoulder_y,right_elbow_x,right_elbow_y,right_wrist_x,right_wrist_y,thorax_x,thorax_y,left_shoulder_x,left_shoulder_y,left_elbow_x,left_elbow_y,left_wrist_x,left_wrist_y,pelvis_x,pelvis_y,right_hip_x,right_hip_y,right_knee_x,right_knee_y,right_ankle_x,right_ankle_y,left_hip_x,left_hip_y,left_knee_x,left_knee_y,left_ankle_x,left_ankle_y
0.40729166666666666,0.2887323943661972,0.33645833333333336,0.4765258215962441,0.31145833333333334,0.4389671361502347,0.26979166666666665,0.5860719874804381,0.23854166666666668,0.7613458528951488,0.353125,0.445226917057903,0.390625,0.45461658841940533,0.3489583333333333,0.6236306729264476,0.35520833333333335,0.742566510172144,0.30520833333333336,0.5610328638497653,0.278125,0.551643192488263,0.28854166666666664,0.5485133020344288,0.24479166666666666,0.7363067292644758,0.3302083333333333,0.5672926447574335,0.346875,0.6517996870109547,0.584375,0.5140845070422535
