head_top_x,head_top_y,upper_neck_x,upper_neck_y,right_shoulder_x,right_shoulder_y,right_elbow_x,right_elbow_y,right_wrist_x,right_wrist_y,thorax_x,thorax_y,left_shoulder_x,left_shoulder_y,left_elbow_x,left_elbow_y,left_wrist_x,left_wrist_y,pelvis_x,pelvis_y,right_hip_x,right_hip_y,right_knee_x,right_knee_y,right_ankle_x,right_ankle_y,left_hip_x,left_hip_y,left_knee_x,left_knee_y,left_ankle_x,left_ankle_y
0.6322916666666667,0.07807807807807808,0.6947916666666667,0.27627627627627627,0.6635416666666667,0.27927927927927926,0.609375,0.39639639639639634,0.5427083333333333,0.3273273273273273,0.6947916666666667,0.28528528528528524,0.734375,0.2882882882882883,0.640625,0.4084084084084084,0.6489583333333333,0.27927927927927926,0.753125,0.5015015015015015,0.721875,0.48648648648648646,0.5677083333333334,0.48348348348348347,0.5697916666666667,0.7357357357357359,0.7864583333333334,0.5225225225225225,0.6510416666666666,0.4714714714714715,0.6489583333333333,0.7417417417417419
