head_top_x,head_top_y,upper_neck_x,upper_neck_y,right_shoulder_x,right_shoulder_y,right_elbow_x,right_elbow_y,right_wrist_x,right_wrist_y,thorax_x,thorax_y,left_shoulder_x,left_shoulder_y,left_elbow_x,left_elbow_y,left_wrist_x,left_wrist_y,pelvis_x,pelvis_y,right_hip_x,right_hip_y,right_knee_x,right_knee_y,right_ankle_x,right_ankle_y,left_hip_x,left_hip_y,left_knee_x,left_knee_y,left_ankle_x,left_ankle_y
0.32916666666666666,0.2552083333333333,0.3041666666666667,0.40729166666666666,0.20138888888888892,0.409375,0.15694444444444444,0.503125,0.2041666666666667,0.5010416666666667,0.30694444444444446,0.4010416666666667,0.40138888888888885,0.39479166666666665,0.5041666666666668,0.43854166666666666,0.6097222222222222,0.409375,0.37916666666666665,0.5927083333333333,0.29583333333333334,0.5989583333333334,0.20694444444444446,0.6197916666666666,0.3013888888888889,0.7677083333333333,0.4513888888888889,0.5822916666666667,0.5541666666666667,0.46979166666666666,0.45694444444444443,0.753125
