head_top_x,head_top_y,upper_neck_x,upper_neck_y,right_shoulder_x,right_shoulder_y,right_elbow_x,right_elbow_y,right_wrist_x,right_wrist_y,thorax_x,thorax_y,left_shoulder_x,left_shoulder_y,left_elbow_x,left_elbow_y,left_wrist_x,left_wrist_y,pelvis_x,pelvis_y,right_hip_x,right_hip_y,right_knee_x,right_knee_y,right_ankle_x,right_ankle_y,left_hip_x,left_hip_y,left_knee_x,left_knee_y,left_ankle_x,left_ankle_y
0.6260416666666667,0.1768149882903981,0.6135416666666667,0.40163934426229503,0.5572916666666666,0.39227166276346603,0.5635416666666667,0.5234192037470726,0.6614583333333334,0.5390320062451209,0.615625,0.38602654176424667,0.6739583333333333,0.382903981264637,0.7427083333333333,0.4859484777517564,0.7072916666666667,0.5265417642466823,0.6197916666666666,0.6202185792349727,0.590625,0.6233411397345823,0.584375,0.5796252927400468,0.6135416666666667,0.8481654957064793,0.6552083333333333,0.6108508977361436,0.7677083333333333,0.5515222482435598,0.7614583333333333,0.84192037470726
