head_top_x,head_top_y,upper_neck_x,upper_neck_y,right_shoulder_x,right_shoulder_y,right_elbow_x,right_elbow_y,right_wrist_x,right_wrist_y,thorax_x,thorax_y,left_shoulder_x,left_shoulder_y,left_elbow_x,left_elbow_y,left_wrist_x,left_wrist_y,pelvis_x,pelvis_y,right_hip_x,right_hip_y,right_knee_x,right_knee_y,right_ankle_x,right_ankle_y,left_hip_x,left_hip_y,left_knee_x,left_knee_y,left_ankle_x,left_ankle_y
0.24934383202099739,0.12395833333333334,0.30971128608923887,0.271875,0.2598425196850394,0.29270833333333335,0.28346456692913385,0.40520833333333334,0.2887139107611549,0.4822916666666667,0.32020997375328086,0.28854166666666664,0.38582677165354334,0.2864583333333333,0.44881889763779526,0.40520833333333334,0.32545931758530183,0.4822916666666667,0.4120734908136484,0.4822916666666667,0.38582677165354334,0.4947916666666667,0.4068241469816273,0.665625,0.5328083989501312,0.834375,0.4435695538057743,0.4739583333333333,0.38582677165354334,0.659375,0.3805774278215224,0.8614583333333333
