head_top_x,head_top_y,upper_neck_x,upper_neck_y,right_shoulder_x,right_shoulder_y,right_elbow_x,right_elbow_y,right_wrist_x,right_wrist_y,thorax_x,thorax_y,left_shoulder_x,left_shoulder_y,left_elbow_x,left_elbow_y,left_wrist_x,left_wrist_y,pelvis_x,pelvis_y,right_hip_x,right_hip_y,right_knee_x,right_knee_y,right_ankle_x,right_ankle_y,left_hip_x,left_hip_y,left_knee_x,left_knee_y,left_ankle_x,left_ankle_y
0.5938743038981702,0.2989583333333333,0.6066030230708036,0.4510416666666667,0.5684168655529037,0.434375,0.46976929196499606,0.403125,0.41567223548130466,0.39479166666666665,0.6066030230708036,0.44895833333333335,0.6575178997613366,0.4635416666666667,0.5079554494828958,0.4739583333333333,0.44112967382657126,0.3885416666666667,0.34884645982498014,0.409375,0.35521081941129673,0.40520833333333334,0.46022275258552103,0.453125,0.4379474940334129,0.771875,0.3615751789976133,0.41770833333333335,0.520684168655529,0.6802083333333333,0.4443118536197295,0.7697916666666667
