head_top_x,head_top_y,upper_neck_x,upper_neck_y,right_shoulder_x,right_shoulder_y,right_elbow_x,right_elbow_y,right_wrist_x,right_wrist_y,thorax_x,thorax_y,left_shoulder_x,left_shoulder_y,left_elbow_x,left_elbow_y,left_wrist_x,left_wrist_y,pelvis_x,pelvis_y,right_hip_x,right_hip_y,right_knee_x,right_knee_y,right_ankle_x,right_ankle_y,left_hip_x,left_hip_y,left_knee_x,left_knee_y,left_ankle_x,left_ankle_y
0.5239583333333333,0.17820773930753564,0.5427083333333333,0.36286490156143925,0.48854166666666665,0.36286490156143925,0.496875,0.4904955872369315,0.5114583333333333,0.5610997963340122,0.5427083333333333,0.36014935505770534,0.6010416666666667,0.36014935505770534,0.6072916666666667,0.4823489477257298,0.559375,0.588255261371351,0.553125,0.5393754243041411,0.521875,0.5393754243041411,0.47604166666666664,0.6425661914460286,0.4427083333333333,0.8054989816700611,0.5864583333333333,0.5366598778004072,0.6114583333333333,0.6588594704684316,0.6489583333333333,0.8136456211812626
