head_top_x,head_top_y,upper_neck_x,upper_neck_y,right_shoulder_x,right_shoulder_y,right_elbow_x,right_elbow_y,right_wrist_x,right_wrist_y,thorax_x,thorax_y,left_shoulder_x,left_shoulder_y,left_elbow_x,left_elbow_y,left_wrist_x,left_wrist_y,pelvis_x,pelvis_y,right_hip_x,right_hip_y,right_knee_x,right_knee_y,right_ankle_x,right_ankle_y,left_hip_x,left_hip_y,left_knee_x,left_knee_y,left_ankle_x,left_ankle_y
0.49270833333333336,0.2552083333333333,0.478125,0.4114583333333333,0.409375,0.415625,0.3927083333333333,0.496875,0.4510416666666667,0.465625,0.478125,0.4114583333333333,0.5489583333333333,0.4114583333333333,0.5697916666666667,0.49895833333333334,0.5427083333333333,0.48020833333333335,0.46979166666666666,0.5697916666666667,0.43645833333333334,0.571875,0.440625,0.7364583333333333,0.4510416666666667,0.865625,0.5052083333333334,0.5677083333333334,0.5135416666666667,0.7364583333333333,0.509375,0.8635416666666667
