head_top_x,head_top_y,upper_neck_x,upper_neck_y,right_shoulder_x,right_shoulder_y,right_elbow_x,right_elbow_y,right_wrist_x,right_wrist_y,thorax_x,thorax_y,left_shoulder_x,left_shoulder_y,left_elbow_x,left_elbow_y,left_wrist_x,left_wrist_y,pelvis_x,pelvis_y,right_hip_x,right_hip_y,right_knee_x,right_knee_y,right_ankle_x,right_ankle_y,left_hip_x,left_hip_y,left_knee_x,left_knee_y,left_ankle_x,left_ankle_y
0.5291666666666667,0.05520833333333333,0.5208333333333334,0.221875,0.40138888888888885,0.23229166666666667,0.3625,0.353125,0.2819444444444445,0.459375,0.5208333333333334,0.24270833333333333,0.6347222222222223,0.25729166666666664,0.6486111111111111,0.371875,0.6680555555555556,0.4635416666666667,0.5069444444444445,0.459375,0.43472222222222223,0.46145833333333336,0.4847222222222222,0.6427083333333333,0.4708333333333334,0.7135416666666666,0.5736111111111111,0.45729166666666665,0.5986111111111111,0.6385416666666667,0.5180555555555556,0.715625
