head_top_x,head_top_y,upper_neck_x,upper_neck_y,right_shoulder_x,right_shoulder_y,right_elbow_x,right_elbow_y,right_wrist_x,right_wrist_y,thorax_x,thorax_y,left_shoulder_x,left_shoulder_y,left_elbow_x,left_elbow_y,left_wrist_x,left_wrist_y,pelvis_x,pelvis_y,right_hip_x,right_hip_y,right_knee_x,right_knee_y,right_ankle_x,right_ankle_y,left_hip_x,left_hip_y,left_knee_x,left_knee_y,left_ankle_x,left_ankle_y
0.7489583333333333,0.25742154368108566,0.709375,0.47116200169635286,0.671875,0.41348600508905853,0.715625,0.26759966072943175,0.8177083333333334,0.2743850720949958,0.7135416666666666,0.45759117896522483,0.7552083333333334,0.4915182357930451,0.834375,0.3625954198473283,0.8239583333333333,0.2913486005089059,0.5572916666666666,0.5525869380831214,0.534375,0.4983036471586091,0.3927083333333333,0.6441899915182357,0.19895833333333332,0.7324003392705682,0.5885416666666666,0.6170483460559797,0.440625,0.688295165394402,0.22604166666666667,0.7527565733672603
