head_top_x,head_top_y,upper_neck_x,upper_neck_y,right_shoulder_x,right_shoulder_y,right_elbow_x,right_elbow_y,right_wrist_x,right_wrist_y,thorax_x,thorax_y,left_shoulder_x,left_shoulder_y,left_elbow_x,left_elbow_y,left_wrist_x,left_wrist_y,pelvis_x,pelvis_y,right_hip_x,right_hip_y,right_knee_x,right_knee_y,right_ankle_x,right_ankle_y,left_hip_x,left_hip_y,left_knee_x,left_knee_y,left_ankle_x,left_ankle_y
0.4739583333333333,0.3726591760299625,0.571875,0.2558052434456929,0.5510416666666667,0.2917602996254682,0.43645833333333334,0.2737827715355805,0.440625,0.48651685393258426,0.5447916666666667,0.2258426966292135,0.5385416666666667,0.25280898876404495,0.409375,0.28876404494382024,0.42604166666666665,0.4925093632958802,0.35520833333333335,0.13295880149812733,0.36354166666666665,0.12397003745318354,0.25104166666666666,0.3816479400749064,0.246875,0.42359550561797754,0.29270833333333335,0.10299625468164796,0.24895833333333334,0.3636704119850187,0.253125,0.4146067415730337
