head_top_x,head_top_y,upper_neck_x,upper_neck_y,right_shoulder_x,right_shoulder_y,right_elbow_x,right_elbow_y,right_wrist_x,right_wrist_y,thorax_x,thorax_y,left_shoulder_x,left_shoulder_y,left_elbow_x,left_elbow_y,left_wrist_x,left_wrist_y,pelvis_x,pelvis_y,right_hip_x,right_hip_y,right_knee_x,right_knee_y,right_ankle_x,right_ankle_y,left_hip_x,left_hip_y,left_knee_x,left_knee_y,left_ankle_x,left_ankle_y
0.471875,0.48075240594925633,0.5052083333333334,0.631233595800525,0.48020833333333335,0.5787401574803149,0.471875,0.5157480314960631,0.41354166666666664,0.42825896762904636,0.4947916666666667,0.6417322834645669,0.478125,0.5822397200349956,0.45729166666666665,0.536745406824147,0.478125,0.5997375328083989,0.7239583333333334,0.3162729658792651,0.7239583333333334,0.29177602799650043,0.7052083333333333,0.2567804024496938,0.44895833333333335,0.5822397200349956,0.6989583333333333,0.3127734033245844,0.49270833333333336,0.5647419072615923,0.37604166666666666,0.568241469816273
