head_top_x,head_top_y,upper_neck_x,upper_neck_y,right_shoulder_x,right_shoulder_y,right_elbow_x,right_elbow_y,right_wrist_x,right_wrist_y,thorax_x,thorax_y,left_shoulder_x,left_shoulder_y,left_elbow_x,left_elbow_y,left_wrist_x,left_wrist_y,pelvis_x,pelvis_y,right_hip_x,right_hip_y,right_knee_x,right_knee_y,right_ankle_x,right_ankle_y,left_hip_x,left_hip_y,left_knee_x,left_knee_y,left_ankle_x,left_ankle_y
0.703125,0.08938329430132708,0.6322916666666667,0.3079625292740047,0.684375,0.37978142076502736,0.6635416666666667,0.5671350507416081,0.6489583333333333,0.7982045277127244,0.6364583333333333,0.32045277127244337,0.6072916666666667,0.24238875878220137,0.6635416666666667,0.5359094457455112,0.5739583333333333,0.7107728337236534,0.4739583333333333,0.373536299765808,0.46979166666666666,0.37665886026541767,0.528125,0.5640124902419985,0.4864583333333333,0.7014051522248244,0.4552083333333333,0.3641686182669789,0.5177083333333333,0.5702576112412178,0.4739583333333333,0.7388758782201406
