head_top_x,head_top_y,upper_neck_x,upper_neck_y,right_shoulder_x,right_shoulder_y,right_elbow_x,right_elbow_y,right_wrist_x,right_wrist_y,thorax_x,thorax_y,left_shoulder_x,left_shoulder_y,left_elbow_x,left_elbow_y,left_wrist_x,left_wrist_y,pelvis_x,pelvis_y,right_hip_x,right_hip_y,right_knee_x,right_knee_y,right_ankle_x,right_ankle_y,left_hip_x,left_hip_y,left_knee_x,left_knee_y,left_ankle_x,left_ankle_y
0.5864583333333333,0.41805555555555557,0.46770833333333334,0.41250000000000003,0.4739583333333333,0.4041666666666666,0.459375,0.35694444444444445,0.453125,0.3430555555555555,0.4947916666666667,0.42083333333333334,0.5177083333333333,0.4597222222222222,0.5177083333333333,0.5597222222222222,0.628125,0.6430555555555556,0.43645833333333334,0.46249999999999997,0.421875,0.4486111111111111,0.4239583333333333,0.5819444444444444,0.421875,0.6736111111111112,0.4427083333333333,0.4708333333333334,0.49895833333333334,0.5236111111111111,0.44479166666666664,0.6791666666666667
