head_top_x,head_top_y,upper_neck_x,upper_neck_y,right_shoulder_x,right_shoulder_y,right_elbow_x,right_elbow_y,right_wrist_x,right_wrist_y,thorax_x,thorax_y,left_shoulder_x,left_shoulder_y,left_elbow_x,left_elbow_y,left_wrist_x,left_wrist_y,pelvis_x,pelvis_y,right_hip_x,right_hip_y,right_knee_x,right_knee_y,right_ankle_x,right_ankle_y,left_hip_x,left_hip_y,left_knee_x,left_knee_y,left_ankle_x,left_ankle_y
0.5171339563862929,0.14895833333333333,0.43613707165109034,0.303125,0.36137071651090347,0.29270833333333335,0.2928348909657321,0.34479166666666666,0.28348909657320875,0.38645833333333335,0.43613707165109034,0.296875,0.5140186915887851,0.296875,0.5295950155763239,0.35104166666666664,0.5794392523364486,0.378125,0.398753894080997,0.4322916666666667,0.3426791277258567,0.4322916666666667,0.31775700934579443,0.565625,0.2959501557632399,0.6739583333333333,0.4517133956386294,0.434375,0.4454828660436138,0.5635416666666667,0.4454828660436138,0.6614583333333334
