head_top_x,head_top_y,upper_neck_x,upper_neck_y,right_shoulder_x,right_shoulder_y,right_elbow_x,right_elbow_y,right_wrist_x,right_wrist_y,thorax_x,thorax_y,left_shoulder_x,left_shoulder_y,left_elbow_x,left_elbow_y,left_wrist_x,left_wrist_y,pelvis_x,pelvis_y,right_hip_x,right_hip_y,right_knee_x,right_knee_y,right_ankle_x,right_ankle_y,left_hip_x,left_hip_y,left_knee_x,left_knee_y,left_ankle_x,left_ankle_y
0.6427083333333333,0.12916666666666665,0.5864583333333333,0.3263888888888889,0.534375,0.3125,0.503125,0.3958333333333333,0.5135416666666667,0.4763888888888889,0.5864583333333333,0.3208333333333333,0.640625,0.3347222222222222,0.6322916666666667,0.43472222222222223,0.628125,0.5069444444444445,0.5614583333333333,0.44305555555555554,0.528125,0.44027777777777777,0.5322916666666667,0.5819444444444444,0.509375,0.7236111111111111,0.590625,0.4513888888888889,0.6114583333333333,0.5458333333333334,0.603125,0.6319444444444445
