head_top_x,head_top_y,upper_neck_x,upper_neck_y,right_shoulder_x,right_shoulder_y,right_elbow_x,right_elbow_y,right_wrist_x,right_wrist_y,thorax_x,thorax_y,left_shoulder_x,left_shoulder_y,left_elbow_x,left_elbow_y,left_wrist_x,left_wrist_y,pelvis_x,pelvis_y,right_hip_x,right_hip_y,right_knee_x,right_knee_y,right_ankle_x,right_ankle_y,left_hip_x,left_hip_y,left_knee_x,left_knee_y,left_ankle_x,left_ankle_y
0.36354166666666665,0.2902777777777778,0.33229166666666665,0.4375,0.340625,0.42083333333333334,0.490625,0.2041666666666667,0.6114583333333333,0.28472222222222227,0.3489583333333333,0.4041666666666666,0.309375,0.4291666666666667,0.3260416666666667,0.5791666666666666,0.30104166666666665,0.6930555555555555,0.5364583333333334,0.24583333333333335,0.5572916666666666,0.22916666666666666,0.6177083333333333,0.5430555555555556,0.565625,0.7791666666666667,0.534375,0.2402777777777778,0.5552083333333333,0.49583333333333335,0.584375,0.3125
