head_top_x,head_top_y,upper_neck_x,upper_neck_y,right_shoulder_x,right_shoulder_y,right_elbow_x,right_elbow_y,right_wrist_x,right_wrist_y,thorax_x,thorax_y,left_shoulder_x,left_shoulder_y,left_elbow_x,left_elbow_y,left_wrist_x,left_wrist_y,pelvis_x,pelvis_y,right_hip_x,right_hip_y,right_knee_x,right_knee_y,right_ankle_x,right_ankle_y,left_hip_x,left_hip_y,left_knee_x,left_knee_y,left_ankle_x,left_ankle_y
0.4739583333333333,0.07788161993769473,0.378125,0.2461059190031153,0.3385416666666667,0.17133956386292837,0.253125,0.22118380062305298,0.2635416666666667,0.23987538940809972,0.39479166666666665,0.22741433021806853,0.44895833333333335,0.2429906542056075,0.49270833333333336,0.28660436137071654,0.5489583333333333,0.2679127725856698,0.37604166666666666,0.42990654205607476,0.3614583333333333,0.42679127725856697,0.41770833333333335,0.5295950155763239,0.40729166666666666,0.6230529595015576,0.39479166666666665,0.42679127725856697,0.434375,0.5576323987538941,0.453125,0.632398753894081
