head_top_x,head_top_y,upper_neck_x,upper_neck_y,right_shoulder_x,right_shoulder_y,right_elbow_x,right_elbow_y,right_wrist_x,right_wrist_y,thorax_x,thorax_y,left_shoulder_x,left_shoulder_y,left_elbow_x,left_elbow_y,left_wrist_x,left_wrist_y,pelvis_x,pelvis_y,right_hip_x,right_hip_y,right_knee_x,right_knee_y,right_ankle_x,right_ankle_y,left_hip_x,left_hip_y,left_knee_x,left_knee_y,left_ankle_x,left_ankle_y
0.6097222222222222,0.20520833333333333,0.49583333333333335,0.19479166666666667,0.46249999999999997,0.196875,0.2125,0.48854166666666665,0.20694444444444446,0.640625,0.5152777777777778,0.215625,0.4875,0.19895833333333332,0.5513888888888889,0.31979166666666664,0.5652777777777778,0.37604166666666666,0.5069444444444445,0.41770833333333335,0.48194444444444445,0.428125,0.2902777777777778,0.6135416666666667,0.3736111111111111,0.8614583333333333,0.5263888888888889,0.4197916666666667,0.46527777777777773,0.6114583333333333,0.3763888888888889,0.8677083333333333
