head_top_x,head_top_y,upper_neck_x,upper_neck_y,right_shoulder_x,right_shoulder_y,right_elbow_x,right_elbow_y,right_wrist_x,right_wrist_y,thorax_x,thorax_y,left_shoulder_x,left_shoulder_y,left_elbow_x,left_elbow_y,left_wrist_x,left_wrist_y,pelvis_x,pelvis_y,right_hip_x,right_hip_y,right_knee_x,right_knee_y,right_ankle_x,right_ankle_y,left_hip_x,left_hip_y,left_knee_x,left_knee_y,left_ankle_x,left_ankle_y
0.5239583333333333,0.139937106918239,0.521875,0.3506289308176101,0.46770833333333334,0.3034591194968554,0.3927083333333333,0.3003144654088051,0.41770833333333335,0.15566037735849053,0.5239583333333333,0.30974842767295596,0.5760416666666667,0.32232704402515716,0.5802083333333333,0.4072327044025157,0.5572916666666666,0.4481132075471698,0.5364583333333334,0.4827044025157233,0.496875,0.48584905660377353,0.4552083333333333,0.5141509433962265,0.453125,0.7845911949685535,0.5739583333333333,0.47327044025157233,0.5177083333333333,0.5267295597484276,0.5427083333333333,0.7751572327044024
