head_top_x,head_top_y,upper_neck_x,upper_neck_y,right_shoulder_x,right_shoulder_y,right_elbow_x,right_elbow_y,right_wrist_x,right_wrist_y,thorax_x,thorax_y,left_shoulder_x,left_shoulder_y,left_elbow_x,left_elbow_y,left_wrist_x,left_wrist_y,pelvis_x,pelvis_y,right_hip_x,right_hip_y,right_knee_x,right_knee_y,right_ankle_x,right_ankle_y,left_hip_x,left_hip_y,left_knee_x,left_knee_y,left_ankle_x,left_ankle_y
0.303125,0.707497771836007,0.2947916666666667,0.5821635472370765,0.28854166666666664,0.5988747771836007,0.38645833333333335,0.6601492869875223,0.415625,0.763201871657754,0.303125,0.5905191622103387,0.303125,0.6100155971479501,0.396875,0.6796457219251337,0.4197916666666667,0.7659870766488414,0.35104166666666664,0.33428030303030304,0.34479166666666666,0.33706550802139035,0.346875,0.2952874331550802,0.6052083333333333,0.4094808377896613,0.34479166666666666,0.325924688057041,0.3572916666666667,0.2869318181818182,0.39895833333333336,0.7130681818181819
