head_top_x,head_top_y,upper_neck_x,upper_neck_y,right_shoulder_x,right_shoulder_y,right_elbow_x,right_elbow_y,right_wrist_x,right_wrist_y,thorax_x,thorax_y,left_shoulder_x,left_shoulder_y,left_elbow_x,left_elbow_y,left_wrist_x,left_wrist_y,pelvis_x,pelvis_y,right_hip_x,right_hip_y,right_knee_x,right_knee_y,right_ankle_x,right_ankle_y,left_hip_x,left_hip_y,left_knee_x,left_knee_y,left_ankle_x,left_ankle_y
0.40529247910863514,0.08229166666666667,0.42014856081708446,0.23854166666666668,0.2790157845868152,0.26145833333333335,0.3310120705663881,0.41770833333333335,0.4127205199628598,0.515625,0.4238625812441968,0.259375,0.5724233983286908,0.2677083333333333,0.5649953574744662,0.403125,0.4907149489322192,0.503125,0.4572887650882079,0.4739583333333333,0.36443825441039923,0.4739583333333333,0.39415041782729804,0.6302083333333334,0.4535747446610956,0.5239583333333333,0.5464252553389043,0.46979166666666666,0.520427112349118,0.621875,0.5278551532033426,0.578125
