head_top_x,head_top_y,upper_neck_x,upper_neck_y,right_shoulder_x,right_shoulder_y,right_elbow_x,right_elbow_y,right_wrist_x,right_wrist_y,thorax_x,thorax_y,left_shoulder_x,left_shoulder_y,left_elbow_x,left_elbow_y,left_wrist_x,left_wrist_y,pelvis_x,pelvis_y,right_hip_x,right_hip_y,right_knee_x,right_knee_y,right_ankle_x,right_ankle_y,left_hip_x,left_hip_y,left_knee_x,left_knee_y,left_ankle_x,left_ankle_y
0.49583333333333335,0.146875,0.48194444444444445,0.315625,0.41805555555555557,0.32395833333333335,0.3875,0.36354166666666665,0.3597222222222222,0.4114583333333333,0.48194444444444445,0.32395833333333335,0.5486111111111112,0.31979166666666664,0.5708333333333333,0.38229166666666664,0.5541666666666667,0.4427083333333333,0.4763888888888889,0.44479166666666664,0.44305555555555554,0.440625,0.4291666666666667,0.5322916666666667,0.43194444444444446,0.6239583333333333,0.5097222222222223,0.44895833333333335,0.5041666666666668,0.534375,0.5097222222222223,0.6239583333333333
