head_top_x,head_top_y,upper_neck_x,upper_neck_y,right_shoulder_x,right_shoulder_y,right_elbow_x,right_elbow_y,right_wrist_x,right_wrist_y,thorax_x,thorax_y,left_shoulder_x,left_shoulder_y,left_elbow_x,left_elbow_y,left_wrist_x,left_wrist_y,pelvis_x,pelvis_y,right_hip_x,right_hip_y,right_knee_x,right_knee_y,right_ankle_x,right_ankle_y,left_hip_x,left_hip_y,left_knee_x,left_knee_y,left_ankle_x,left_ankle_y
0.26979166666666665,0.5397830018083183,0.396875,0.4939722724532852,0.4197916666666667,0.5084388185654009,0.365625,0.2383966244725739,0.371875,0.057564798071127195,0.390625,0.4819168173598553,0.340625,0.40235081374321885,0.353125,0.23116335141651598,0.353125,0.05274261603375528,0.6510416666666666,0.31555153707052447,0.7052083333333333,0.2962628089210368,0.3572916666666667,0.23598553345388787,0.33645833333333336,0.06479807112718507,0.6177083333333333,0.3059071729957806,0.36354166666666665,0.2383966244725739,0.321875,0.06479807112718507
