head_top_x,head_top_y,upper_neck_x,upper_neck_y,right_shoulder_x,right_shoulder_y,right_elbow_x,right_elbow_y,right_wrist_x,right_wrist_y,thorax_x,thorax_y,left_shoulder_x,left_shoulder_y,left_elbow_x,left_elbow_y,left_wrist_x,left_wrist_y,pelvis_x,pelvis_y,right_hip_x,right_hip_y,right_knee_x,right_knee_y,right_ankle_x,right_ankle_y,left_hip_x,left_hip_y,left_knee_x,left_knee_y,left_ankle_x,left_ankle_y
0.7635416666666667,0.2582260371959943,0.6760416666666667,0.41845493562231756,0.709375,0.39842632331902716,0.721875,0.4728183118741059,0.7072916666666667,0.5071530758226037,0.6822916666666666,0.41273247496423465,0.659375,0.3927038626609442,0.609375,0.44706723891273253,0.6010416666666667,0.4670958512160229,0.515625,0.42131616595135907,0.5447916666666667,0.43276108726752505,0.36770833333333336,0.44706723891273253,0.353125,0.44420600858369097,0.490625,0.4041487839771102,0.37604166666666666,0.44420600858369097,0.5489583333333333,0.678826895565093
