head_top_x,head_top_y,upper_neck_x,upper_neck_y,right_shoulder_x,right_shoulder_y,right_elbow_x,right_elbow_y,right_wrist_x,right_wrist_y,thorax_x,thorax_y,left_shoulder_x,left_shoulder_y,left_elbow_x,left_elbow_y,left_wrist_x,left_wrist_y,pelvis_x,pelvis_y,right_hip_x,right_hip_y,right_knee_x,right_knee_y,right_ankle_x,right_ankle_y,left_hip_x,left_hip_y,left_knee_x,left_knee_y,left_ankle_x,left_ankle_y
0.4623430962343097,0.259375,0.48744769874476984,0.40520833333333334,0.4456066945606694,0.3697916666666667,0.4093444909344492,0.39895833333333336,0.403765690376569,0.41354166666666664,0.49023709902371,0.37395833333333334,0.5348675034867503,0.38645833333333335,0.5237099023709902,0.446875,0.4316596931659693,0.43854166666666666,0.47629009762900976,0.4822916666666667,0.4456066945606694,0.4739583333333333,0.4260808926080893,0.5385416666666667,0.44839609483960957,0.646875,0.5013947001394701,0.4822916666666667,0.49581589958159006,0.571875,0.5069735006973501,0.665625
