head_top_x,head_top_y,upper_neck_x,upper_neck_y,right_shoulder_x,right_shoulder_y,right_elbow_x,right_elbow_y,right_wrist_x,right_wrist_y,thorax_x,thorax_y,left_shoulder_x,left_shoulder_y,left_elbow_x,left_elbow_y,left_wrist_x,left_wrist_y,pelvis_x,pelvis_y,right_hip_x,right_hip_y,right_knee_x,right_knee_y,right_ankle_x,right_ankle_y,left_hip_x,left_hip_y,left_knee_x,left_knee_y,left_ankle_x,left_ankle_y
0.6013888888888889,0.265625,0.6319444444444445,0.4114583333333333,0.5513888888888889,0.4322916666666667,0.5263888888888889,0.5197916666666667,0.5458333333333334,0.5739583333333333,0.6347222222222223,0.421875,0.7152777777777778,0.4197916666666667,0.7208333333333333,0.5114583333333333,0.6069444444444444,0.5427083333333333,0.6347222222222223,0.6010416666666667,0.5986111111111111,0.6010416666666667,0.5958333333333333,0.7114583333333333,0.6430555555555556,0.809375,0.6708333333333334,0.5989583333333334,0.6513888888888889,0.721875,0.6763888888888889,0.8447916666666667
