head_top_x,head_top_y,upper_neck_x,upper_neck_y,right_shoulder_x,right_shoulder_y,right_elbow_x,right_elbow_y,right_wrist_x,right_wrist_y,thorax_x,thorax_y,left_shoulder_x,left_shoulder_y,left_elbow_x,left_elbow_y,left_wrist_x,left_wrist_y,pelvis_x,pelvis_y,right_hip_x,right_hip_y,right_knee_x,right_knee_y,right_ankle_x,right_ankle_y,left_hip_x,left_hip_y,left_knee_x,left_knee_y,left_ankle_x,left_ankle_y
0.41839557399723365,0.021875,0.43775933609958506,0.190625,0.28561549100968187,0.23229166666666667,0.18326417704011067,0.4010416666666667,0.2883817427385892,0.471875,0.446058091286307,0.221875,0.6065006915629322,0.221875,0.6673582295988936,0.390625,0.7060857538035961,0.3072916666666667,0.4405255878284924,0.496875,0.32987551867219916,0.5072916666666667,0.40456431535269705,0.6635416666666667,0.3492392807745505,0.784375,0.5484094052558783,0.48854166666666665,0.5677731673582296,0.628125,0.5428769017980637,0.8510416666666667
