head_top_x,head_top_y,upper_neck_x,upper_neck_y,right_shoulder_x,right_shoulder_y,right_elbow_x,right_elbow_y,right_wrist_x,right_wrist_y,thorax_x,thorax_y,left_shoulder_x,left_shoulder_y,left_elbow_x,left_elbow_y,left_wrist_x,left_wrist_y,pelvis_x,pelvis_y,right_hip_x,right_hip_y,right_knee_x,right_knee_y,right_ankle_x,right_ankle_y,left_hip_x,left_hip_y,left_knee_x,left_knee_y,left_ankle_x,left_ankle_y
0.6016005567153793,0.034375,0.5264439805149617,0.184375,0.44850382741823247,0.18854166666666666,0.3677800974251914,0.31979166666666664,0.39004871259568547,0.4239583333333333,0.5180932498260264,0.20729166666666668,0.5821155184411969,0.22395833333333334,0.6043841336116911,0.35104166666666664,0.6823242867084204,0.4510416666666667,0.47633959638135004,0.44895833333333335,0.4373695198329854,0.44895833333333335,0.5069589422407794,0.640625,0.45963813500347944,0.8364583333333333,0.5180932498260264,0.4510416666666667,0.5709812108559499,0.6260416666666667,0.5709812108559499,0.8072916666666666
