head_top_x,head_top_y,upper_neck_x,upper_neck_y,right_shoulder_x,right_shoulder_y,right_elbow_x,right_elbow_y,right_wrist_x,right_wrist_y,thorax_x,thorax_y,left_shoulder_x,left_shoulder_y,left_elbow_x,left_elbow_y,left_wrist_x,left_wrist_y,pelvis_x,pelvis_y,right_hip_x,right_hip_y,right_knee_x,right_knee_y,right_ankle_x,right_ankle_y,left_hip_x,left_hip_y,left_knee_x,left_knee_y,left_ankle_x,left_ankle_y
0.415625,-0.0010416666666666667,0.465625,0.18113244514106588,0.415625,0.18407131661442008,0.4010416666666667,0.2487264890282132,0.31354166666666666,0.2310932601880878,0.4635416666666667,0.17231583072100312,0.515625,0.16349921630094047,0.615625,0.1223550156739812,0.665625,0.2487264890282132,0.4822916666666667,0.4985305642633229,0.43854166666666666,0.5014694357366772,0.340625,0.7013126959247649,0.16979166666666667,0.8129898119122257,0.5260416666666666,0.4926528213166144,0.659375,0.6337186520376177,0.7552083333333334,0.89233934169279
