head_top_x,head_top_y,upper_neck_x,upper_neck_y,right_shoulder_x,right_shoulder_y,right_elbow_x,right_elbow_y,right_wrist_x,right_wrist_y,thorax_x,thorax_y,left_shoulder_x,left_shoulder_y,left_elbow_x,left_elbow_y,left_wrist_x,left_wrist_y,pelvis_x,pelvis_y,right_hip_x,right_hip_y,right_knee_x,right_knee_y,right_ankle_x,right_ankle_y,left_hip_x,left_hip_y,left_knee_x,left_knee_y,left_ankle_x,left_ankle_y
0.4405255878284924,0.12395833333333334,0.4405255878284924,0.2760416666666667,0.3464730290456432,0.26979166666666665,0.32987551867219916,0.38229166666666664,0.3575380359612725,0.3697916666666667,0.4432918395573997,0.2760416666666667,0.5345781466113416,0.2760416666666667,0.6120331950207468,0.371875,0.6867219917012448,0.46770833333333334,0.4322268326417704,0.5072916666666667,0.38243430152143837,0.509375,0.33540802213001375,0.684375,0.4322268326417704,0.8135416666666667,0.4847856154910097,0.5052083333333334,0.4709543568464731,0.6927083333333334,0.454356846473029,0.8677083333333333
