head_top_x,head_top_y,upper_neck_x,upper_neck_y,right_shoulder_x,right_shoulder_y,right_elbow_x,right_elbow_y,right_wrist_x,right_wrist_y,thorax_x,thorax_y,left_shoulder_x,left_shoulder_y,left_elbow_x,left_elbow_y,left_wrist_x,left_wrist_y,pelvis_x,pelvis_y,right_hip_x,right_hip_y,right_knee_x,right_knee_y,right_ankle_x,right_ankle_y,left_hip_x,left_hip_y,left_knee_x,left_knee_y,left_ankle_x,left_ankle_y
0.18854166666666666,0.5697916666666667,0.321875,0.5239583333333333,0.328125,0.571875,0.37604166666666666,0.4552083333333333,0.3489583333333333,0.5364583333333334,0.321875,0.5197916666666667,0.309375,0.4635416666666667,0.3697916666666667,0.4510416666666667,0.434375,0.46770833333333334,0.490625,0.5010416666666667,0.48854166666666665,0.5052083333333334,0.5760416666666667,0.578125,0.6760416666666667,0.559375,0.49270833333333336,0.49270833333333336,0.5677083333333334,0.5697916666666667,0.6052083333333333,0.640625
