head_top_x,head_top_y,upper_neck_x,upper_neck_y,right_shoulder_x,right_shoulder_y,right_elbow_x,right_elbow_y,right_wrist_x,right_wrist_y,thorax_x,thorax_y,left_shoulder_x,left_shoulder_y,left_elbow_x,left_elbow_y,left_wrist_x,left_wrist_y,pelvis_x,pelvis_y,right_hip_x,right_hip_y,right_knee_x,right_knee_y,right_ankle_x,right_ankle_y,left_hip_x,left_hip_y,left_knee_x,left_knee_y,left_ankle_x,left_ankle_y
0.501561280249805,0.078125,0.5452771272443403,0.221875,0.44535519125683054,0.19479166666666667,0.36729117876658857,0.14270833333333333,0.2798594847775176,0.06770833333333333,0.5390320062451209,0.20104166666666667,0.635831381733021,0.19895833333333332,0.6639344262295082,0.23645833333333333,0.6545667447306792,0.24479166666666666,0.5546448087431695,0.43645833333333334,0.4984387197501951,0.43854166666666666,0.3423106947697111,0.565625,0.373536299765808,0.728125,0.607728337236534,0.43645833333333334,0.7794691647150662,0.46145833333333336,0.7170179547228727,0.6572916666666667
