head_top_x,head_top_y,upper_neck_x,upper_neck_y,right_shoulder_x,right_shoulder_y,right_elbow_x,right_elbow_y,right_wrist_x,right_wrist_y,thorax_x,thorax_y,left_shoulder_x,left_shoulder_y,left_elbow_x,left_elbow_y,left_wrist_x,left_wrist_y,pelvis_x,pelvis_y,right_hip_x,right_hip_y,right_knee_x,right_knee_y,right_ankle_x,right_ankle_y,left_hip_x,left_hip_y,left_knee_x,left_knee_y,left_ankle_x,left_ankle_y
0.5614583333333333,0.03975535168195721,0.6135416666666667,0.23547400611620792,0.5322916666666667,0.19266055045871563,0.48020833333333335,0.3211009174311926,0.43854166666666666,0.4617737003058104,0.6072916666666667,0.19266055045871563,0.6802083333333333,0.19266055045871563,0.7385416666666667,0.26911314984709483,0.778125,0.39143730886850153,0.6197916666666666,0.39449541284403666,0.5802083333333333,0.39143730886850153,0.5447916666666667,0.581039755351682,0.5447916666666667,0.8073394495412844,0.659375,0.39143730886850153,0.7114583333333333,0.6238532110091742,0.7677083333333333,0.7400611620795107
