head_top_x,head_top_y,upper_neck_x,upper_neck_y,right_shoulder_x,right_shoulder_y,right_elbow_x,right_elbow_y,right_wrist_x,right_wrist_y,thorax_x,thorax_y,left_shoulder_x,left_shoulder_y,left_elbow_x,left_elbow_y,left_wrist_x,left_wrist_y,pelvis_x,pelvis_y,right_hip_x,right_hip_y,right_knee_x,right_knee_y,right_ankle_x,right_ankle_y,left_hip_x,left_hip_y,left_knee_x,left_knee_y,left_ankle_x,left_ankle_y
0.7419984387197502,0.428125,0.7576112412177985,0.584375,0.7076502732240437,0.5760416666666667,0.635831381733021,0.6385416666666667,0.5733801717408274,0.6677083333333333,0.7544886807181889,0.5802083333333333,0.8044496487119438,0.5927083333333333,0.6514441842310695,0.6572916666666667,0.5452771272443403,0.6614583333333334,0.7482435597189696,0.790625,0.7388758782201406,0.6947916666666667,0.5046838407494146,0.3385416666666667,0.38602654176424667,0.09270833333333334,-0.0010416666666666667,0.9885416666666667,0.4609679937548789,0.328125,0.7950819672131147,0.796875
