head_top_x,head_top_y,upper_neck_x,upper_neck_y,right_shoulder_x,right_shoulder_y,right_elbow_x,right_elbow_y,right_wrist_x,right_wrist_y,thorax_x,thorax_y,left_shoulder_x,left_shoulder_y,left_elbow_x,left_elbow_y,left_wrist_x,left_wrist_y,pelvis_x,pelvis_y,right_hip_x,right_hip_y,right_knee_x,right_knee_y,right_ankle_x,right_ankle_y,left_hip_x,left_hip_y,left_knee_x,left_knee_y,left_ankle_x,left_ankle_y
0.43854166666666666,0.07025834908632643,0.509375,0.2542533081285444,0.421875,0.30718336483931946,0.41770833333333335,0.5012602394454947,0.4864583333333333,0.6726528040327663,0.5239583333333333,0.2895400126023945,0.628125,0.276937618147448,0.6364583333333333,0.4861373660995589,0.590625,0.6474480151228733,0.5177083333333333,0.5264650283553874,0.446875,0.5592312539382482,0.503125,0.4054820415879017,0.490625,0.6776937618147448,0.5802083333333333,0.5239445494643982,0.653125,0.7533081285444235,0.6927083333333334,0.9625078764965345
