head_top_x,head_top_y,upper_neck_x,upper_neck_y,right_shoulder_x,right_shoulder_y,right_elbow_x,right_elbow_y,right_wrist_x,right_wrist_y,thorax_x,thorax_y,left_shoulder_x,left_shoulder_y,left_elbow_x,left_elbow_y,left_wrist_x,left_wrist_y,pelvis_x,pelvis_y,right_hip_x,right_hip_y,right_knee_x,right_knee_y,right_ankle_x,right_ankle_y,left_hip_x,left_hip_y,left_knee_x,left_knee_y,left_ankle_x,left_ankle_y
0.5876436781609197,0.08020833333333334,0.47844827586206895,0.20104166666666667,0.42385057471264365,0.17395833333333333,0.4439655172413793,0.2677083333333333,0.5474137931034483,0.321875,0.4899425287356322,0.190625,0.5445402298850576,0.209375,0.55316091954023,0.26979166666666665,0.5761494252873562,0.30520833333333336,0.3692528735632184,0.353125,0.34913793103448276,0.3489583333333333,0.41235632183908044,0.5010416666666667,0.42672413793103453,0.6635416666666667,0.3922413793103448,0.35520833333333335,0.41235632183908044,0.5052083333333334,0.27729885057471265,0.596875
