head_top_x,head_top_y,upper_neck_x,upper_neck_y,right_shoulder_x,right_shoulder_y,right_elbow_x,right_elbow_y,right_wrist_x,right_wrist_y,thorax_x,thorax_y,left_shoulder_x,left_shoulder_y,left_elbow_x,left_elbow_y,left_wrist_x,left_wrist_y,pelvis_x,pelvis_y,right_hip_x,right_hip_y,right_knee_x,right_knee_y,right_ankle_x,right_ankle_y,left_hip_x,left_hip_y,left_knee_x,left_knee_y,left_ankle_x,left_ankle_y
0.3614583333333333,0.3329430132708821,0.3072916666666667,0.5078064012490242,0.33645833333333336,0.4172521467603434,0.36770833333333336,0.3704137392661982,0.3302083333333333,0.3017174082747853,0.3177083333333333,0.47033567525370806,0.30104166666666665,0.47345823575331775,0.3572916666666667,0.4172521467603434,0.403125,0.5483996877439501,0.5947916666666667,0.22989851678376264,0.590625,0.21740827478532396,0.7114583333333333,0.3110850897736143,0.7072916666666667,0.4609679937548789,0.578125,0.2392661982825917,0.696875,0.3516783762685402,0.678125,0.38914910226385635
