head_top_x,head_top_y,upper_neck_x,upper_neck_y,right_shoulder_x,right_shoulder_y,right_elbow_x,right_elbow_y,right_wrist_x,right_wrist_y,thorax_x,thorax_y,left_shoulder_x,left_shoulder_y,left_elbow_x,left_elbow_y,left_wrist_x,left_wrist_y,pelvis_x,pelvis_y,right_hip_x,right_hip_y,right_knee_x,right_knee_y,right_ankle_x,right_ankle_y,left_hip_x,left_hip_y,left_knee_x,left_knee_y,left_ankle_x,left_ankle_y
0.5015649452269171,0.190625,0.5579029733959312,0.34479166666666666,0.42644757433489827,0.34479166666666666,0.4327073552425665,0.45729166666666665,0.5078247261345853,0.5385416666666667,0.5641627543035994,0.353125,0.7112676056338028,0.3614583333333333,0.7926447574334898,0.46979166666666666,0.661189358372457,0.5447916666666667,0.554773082942097,0.596875,0.4765258215962441,0.5864583333333333,0.2699530516431925,0.696875,0.4295774647887324,0.8427083333333333,0.639280125195618,0.6072916666666667,0.4170579029733959,0.7197916666666667,0.6298904538341158,0.8760416666666667
