head_top_x,head_top_y,upper_neck_x,upper_neck_y,right_shoulder_x,right_shoulder_y,right_elbow_x,right_elbow_y,right_wrist_x,right_wrist_y,thorax_x,thorax_y,left_shoulder_x,left_shoulder_y,left_elbow_x,left_elbow_y,left_wrist_x,left_wrist_y,pelvis_x,pelvis_y,right_hip_x,right_hip_y,right_knee_x,right_knee_y,right_ankle_x,right_ankle_y,left_hip_x,left_hip_y,left_knee_x,left_knee_y,left_ankle_x,left_ankle_y
0.421875,0.551643192488263,0.396875,0.5610328638497653,0.378125,0.554773082942097,0.39479166666666665,0.5046948356807512,0.39895833333333336,0.4389671361502347,0.38229166666666664,0.6142410015649452,0.35104166666666664,0.5610328638497653,0.46770833333333334,0.5391236306729263,0.471875,0.3857589984350548,0.421875,0.5985915492957747,0.396875,0.5860719874804381,0.6927083333333334,0.3231611893583724,0.6927083333333334,0.5234741784037559,0.4239583333333333,0.607981220657277,0.6822916666666666,0.33255086071987483,0.690625,0.5297339593114241
