head_top_x,head_top_y,upper_neck_x,upper_neck_y,right_shoulder_x,right_shoulder_y,right_elbow_x,right_elbow_y,right_wrist_x,right_wrist_y,thorax_x,thorax_y,left_shoulder_x,left_shoulder_y,left_elbow_x,left_elbow_y,left_wrist_x,left_wrist_y,pelvis_x,pelvis_y,right_hip_x,right_hip_y,right_knee_x,right_knee_y,right_ankle_x,right_ankle_y,left_hip_x,left_hip_y,left_knee_x,left_knee_y,left_ankle_x,left_ankle_y
0.39539422326307566,0.271875,0.5078064012490242,0.4197916666666667,0.3298204527712724,0.4322916666666667,0.2767369242779078,0.596875,0.23302107728337237,0.7302083333333333,0.49219359875097574,0.41354166666666664,0.6639344262295082,0.40729166666666666,0.8294301327088213,0.5197916666666667,0.6545667447306792,0.5864583333333333,0.6139734582357533,0.7635416666666667,0.5483996877439501,0.7697916666666667,0.304839968774395,0.19895833333333332,0.2892271662763466,0.21145833333333333,0.6982825917252147,0.7697916666666667,0.3079625292740047,0.18645833333333334,0.4672131147540984,0.403125
