head_top_x,head_top_y,upper_neck_x,upper_neck_y,right_shoulder_x,right_shoulder_y,right_elbow_x,right_elbow_y,right_wrist_x,right_wrist_y,thorax_x,thorax_y,left_shoulder_x,left_shoulder_y,left_elbow_x,left_elbow_y,left_wrist_x,left_wrist_y,pelvis_x,pelvis_y,right_hip_x,right_hip_y,right_knee_x,right_knee_y,right_ankle_x,right_ankle_y,left_hip_x,left_hip_y,left_knee_x,left_knee_y,left_ankle_x,left_ankle_y
0.6260416666666667,0.626388888888889,0.5239583333333333,0.5375,0.5697916666666667,0.6013888888888889,0.5635416666666667,0.3958333333333333,0.5697916666666667,0.5069444444444445,0.5447916666666667,0.5597222222222222,0.5135416666666667,0.5597222222222222,0.528125,0.40138888888888885,0.7260416666666667,0.5402777777777777,0.42604166666666665,0.5486111111111112,0.41354166666666664,0.5541666666666667,0.3572916666666667,0.5513888888888889,0.334375,0.5763888888888888,0.384375,0.5375,0.3572916666666667,0.5402777777777777,0.35104166666666664,0.5291666666666667
