head_top_x,head_top_y,upper_neck_x,upper_neck_y,right_shoulder_x,right_shoulder_y,right_elbow_x,right_elbow_y,right_wrist_x,right_wrist_y,thorax_x,thorax_y,left_shoulder_x,left_shoulder_y,left_elbow_x,left_elbow_y,left_wrist_x,left_wrist_y,pelvis_x,pelvis_y,right_hip_x,right_hip_y,right_knee_x,right_knee_y,right_ankle_x,right_ankle_y,left_hip_x,left_hip_y,left_knee_x,left_knee_y,left_ankle_x,left_ankle_y
0.31145833333333334,0.3017174082747853,0.321875,0.5733801717408274,0.315625,0.598360655737705,0.409375,0.5390320062451209,0.27395833333333336,0.5952380952380953,0.3260416666666667,0.5889929742388758,0.34270833333333334,0.5858704137392662,0.390625,0.5515222482435598,0.26979166666666665,0.5827478532396565,0.5572916666666666,0.373536299765808,0.5614583333333333,0.3610460577673692,0.503125,0.2798594847775176,0.25729166666666664,0.6389539422326307,0.5364583333333334,0.3485558157689305,0.5302083333333333,0.2673692427790788,0.259375,0.6545667447306792
