head_top_x,head_top_y,upper_neck_x,upper_neck_y,right_shoulder_x,right_shoulder_y,right_elbow_x,right_elbow_y,right_wrist_x,right_wrist_y,thorax_x,thorax_y,left_shoulder_x,left_shoulder_y,left_elbow_x,left_elbow_y,left_wrist_x,left_wrist_y,pelvis_x,pelvis_y,right_hip_x,right_hip_y,right_knee_x,right_knee_y,right_ankle_x,right_ankle_y,left_hip_x,left_hip_y,left_knee_x,left_knee_y,left_ankle_x,left_ankle_y
0.7885416666666667,0.4014084507042254,0.28854166666666664,0.30438184663536777,0.3260416666666667,0.30438184663536777,0.515625,0.34507042253521125,0.31354166666666666,0.392018779342723,0.3072916666666667,0.3262910798122066,0.321875,0.33568075117370894,0.31354166666666666,0.5046948356807512,0.25729166666666664,0.5422535211267605,0.4510416666666667,0.37010954616588415,0.47604166666666664,0.33255086071987483,0.31979166666666664,0.4076682316118936,0.253125,0.4358372456964006,0.44895833333333335,0.4014084507042254,0.2677083333333333,0.4076682316118936,0.23854166666666668,0.4014084507042254
