head_top_x,head_top_y,upper_neck_x,upper_neck_y,right_shoulder_x,right_shoulder_y,right_elbow_x,right_elbow_y,right_wrist_x,right_wrist_y,thorax_x,thorax_y,left_shoulder_x,left_shoulder_y,left_elbow_x,left_elbow_y,left_wrist_x,left_wrist_y,pelvis_x,pelvis_y,right_hip_x,right_hip_y,right_knee_x,right_knee_y,right_ankle_x,right_ankle_y,left_hip_x,left_hip_y,left_knee_x,left_knee_y,left_ankle_x,left_ankle_y
0.46145833333333336,0.20980392156862748,0.5302083333333333,0.44196078431372554,0.48854166666666665,0.3352941176470588,0.43645833333333334,0.38862745098039214,0.390625,0.507843137254902,0.5177083333333333,0.4011764705882353,0.578125,0.48274509803921567,0.478125,0.6301960784313725,0.515625,0.7745098039215685,0.496875,0.35411764705882354,0.48854166666666665,0.3635294117647059,0.5635416666666667,0.5109803921568628,0.553125,0.49215686274509807,0.515625,0.34470588235294114,0.46979166666666666,0.6301960784313725,0.5239583333333333,0.7745098039215685
