head_top_x,head_top_y,upper_neck_x,upper_neck_y,right_shoulder_x,right_shoulder_y,right_elbow_x,right_elbow_y,right_wrist_x,right_wrist_y,thorax_x,thorax_y,left_shoulder_x,left_shoulder_y,left_elbow_x,left_elbow_y,left_wrist_x,left_wrist_y,pelvis_x,pelvis_y,right_hip_x,right_hip_y,right_knee_x,right_knee_y,right_ankle_x,right_ankle_y,left_hip_x,left_hip_y,left_knee_x,left_knee_y,left_ankle_x,left_ankle_y
0.4510416666666667,0.09583333333333333,0.5385416666666667,0.2625,0.4635416666666667,0.21527777777777776,0.43020833333333336,0.33749999999999997,0.378125,0.45694444444444443,0.528125,0.24583333333333335,0.5947916666666667,0.28750000000000003,0.6885416666666667,0.4513888888888889,0.6510416666666666,0.626388888888889,0.5739583333333333,0.3263888888888889,0.5302083333333333,0.32916666666666666,0.43020833333333336,0.4486111111111111,0.39895833333333336,0.5375,0.6135416666666667,0.3347222222222222,0.5947916666666667,0.44305555555555554,0.5572916666666666,0.6013888888888889
