head_top_x,head_top_y,upper_neck_x,upper_neck_y,right_shoulder_x,right_shoulder_y,right_elbow_x,right_elbow_y,right_wrist_x,right_wrist_y,thorax_x,thorax_y,left_shoulder_x,left_shoulder_y,left_elbow_x,left_elbow_y,left_wrist_x,left_wrist_y,pelvis_x,pelvis_y,right_hip_x,right_hip_y,right_knee_x,right_knee_y,right_ankle_x,right_ankle_y,left_hip_x,left_hip_y,left_knee_x,left_knee_y,left_ankle_x,left_ankle_y
0.39479166666666665,0.10499609679937547,0.378125,0.3173302107728337,0.33645833333333336,0.323575331772053,0.271875,0.40788446526151434,0.3385416666666667,0.5078064012490242,0.378125,0.323575331772053,0.4239583333333333,0.3173302107728337,0.44895833333333335,0.5078064012490242,0.42604166666666665,0.382903981264637,0.39479166666666665,0.5702576112412178,0.3697916666666667,0.5702576112412178,0.3802083333333333,0.7544886807181889,0.3885416666666667,0.9449648711943793,0.41770833333333335,0.5671350507416081,0.4197916666666667,0.7576112412177985,0.415625,0.9012490241998439
