head_top_x,head_top_y,upper_neck_x,upper_neck_y,right_shoulder_x,right_shoulder_y,right_elbow_x,right_elbow_y,right_wrist_x,right_wrist_y,thorax_x,thorax_y,left_shoulder_x,left_shoulder_y,left_elbow_x,left_elbow_y,left_wrist_x,left_wrist_y,pelvis_x,pelvis_y,right_hip_x,right_hip_y,right_knee_x,right_knee_y,right_ankle_x,right_ankle_y,left_hip_x,left_hip_y,left_knee_x,left_knee_y,left_ankle_x,left_ankle_y
0.5366982836495031,0.23645833333333333,0.5190831074977417,0.3802083333333333,0.45155826558265594,0.378125,0.4133920505871726,0.46979166666666666,0.3899051490514905,0.5510416666666667,0.5161472448057814,0.3802083333333333,0.5836720867208671,0.378125,0.6189024390243902,0.459375,0.49853206865401994,0.49270833333333336,0.4955962059620597,0.534375,0.45155826558265594,0.5302083333333333,0.3987127371273712,0.6677083333333333,0.4075203252032521,0.7927083333333333,0.5425700090334236,0.5364583333333334,0.5249548328816621,0.6614583333333334,0.545505871725384,0.7552083333333334
