head_top_x,head_top_y,upper_neck_x,upper_neck_y,right_shoulder_x,right_shoulder_y,right_elbow_x,right_elbow_y,right_wrist_x,right_wrist_y,thorax_x,thorax_y,left_shoulder_x,left_shoulder_y,left_elbow_x,left_elbow_y,left_wrist_x,left_wrist_y,pelvis_x,pelvis_y,right_hip_x,right_hip_y,right_knee_x,right_knee_y,right_ankle_x,right_ankle_y,left_hip_x,left_hip_y,left_knee_x,left_knee_y,left_ankle_x,left_ankle_y
0.415625,0.11187214611872148,0.3614583333333333,0.24277016742770172,0.34270833333333334,0.2519025875190259,0.359375,0.18797564687975646,0.40729166666666666,0.2062404870624049,0.3614583333333333,0.2549467275494673,0.3802083333333333,0.26103500761035014,0.3802083333333333,0.2823439878234399,0.43854166666666666,0.21537290715372914,0.3260416666666667,0.43759512937595124,0.30520833333333336,0.4345509893455099,0.28854166666666664,0.580669710806697,0.253125,0.6293759512937595,0.346875,0.43759512937595124,0.39895833333333336,0.5928462709284628,0.43645833333333334,0.7359208523592086
