head_top_x,head_top_y,upper_neck_x,upper_neck_y,right_shoulder_x,right_shoulder_y,right_elbow_x,right_elbow_y,right_wrist_x,right_wrist_y,thorax_x,thorax_y,left_shoulder_x,left_shoulder_y,left_elbow_x,left_elbow_y,left_wrist_x,left_wrist_y,pelvis_x,pelvis_y,right_hip_x,right_hip_y,right_knee_x,right_knee_y,right_ankle_x,right_ankle_y,left_hip_x,left_hip_y,left_knee_x,left_knee_y,left_ankle_x,left_ankle_y
0.228125,0.1885758998435055,0.25729166666666664,0.4107981220657277,0.21979166666666666,0.45461658841940533,0.265625,0.5766823161189358,0.2760416666666667,0.6517996870109547,0.26145833333333335,0.4170579029733959,0.32395833333333335,0.3794992175273866,0.42604166666666665,0.5140845070422535,0.3489583333333333,0.6643192488262911,0.43854166666666666,0.6737089201877934,0.396875,0.7081377151799687,0.5322916666666667,0.827073552425665,0.6802083333333333,0.8865414710485132,0.47604166666666664,0.636150234741784,0.7364583333333333,0.42644757433489827,0.9677083333333333,0.5109546165884195
