head_top_x,head_top_y,upper_neck_x,upper_neck_y,right_shoulder_x,right_shoulder_y,right_elbow_x,right_elbow_y,right_wrist_x,right_wrist_y,thorax_x,thorax_y,left_shoulder_x,left_shoulder_y,left_elbow_x,left_elbow_y,left_wrist_x,left_wrist_y,pelvis_x,pelvis_y,right_hip_x,right_hip_y,right_knee_x,right_knee_y,right_ankle_x,right_ankle_y,left_hip_x,left_hip_y,left_knee_x,left_knee_y,left_ankle_x,left_ankle_y
0.38357843137254904,0.11145833333333334,0.4375,0.24479166666666666,0.33946078431372545,0.21770833333333334,0.3125,0.284375,0.31004901960784315,0.346875,0.42769607843137253,0.20729166666666668,0.5085784313725491,0.19479166666666667,0.5723039215686274,0.24895833333333334,0.6164215686274511,0.321875,0.46200980392156865,0.3260416666666667,0.4178921568627451,0.33229166666666665,0.41299019607843135,0.465625,0.4178921568627451,0.6010416666666667,0.5036764705882354,0.315625,0.5649509803921569,0.44895833333333335,0.6115196078431374,0.565625
