head_top_x,head_top_y,upper_neck_x,upper_neck_y,right_shoulder_x,right_shoulder_y,right_elbow_x,right_elbow_y,right_wrist_x,right_wrist_y,thorax_x,thorax_y,left_shoulder_x,left_shoulder_y,left_elbow_x,left_elbow_y,left_wrist_x,left_wrist_y,pelvis_x,pelvis_y,right_hip_x,right_hip_y,right_knee_x,right_knee_y,right_ankle_x,right_ankle_y,left_hip_x,left_hip_y,left_knee_x,left_knee_y,left_ankle_x,left_ankle_y
0.462962962962963,0.03854166666666667,0.39127837514934294,0.18645833333333334,0.2956989247311828,0.17395833333333333,0.28853046594982085,0.28229166666666666,0.4127837514934289,0.3697916666666667,0.38888888888888895,0.18854166666666666,0.479689366786141,0.190625,0.5991636798088411,0.28020833333333334,0.6827956989247312,0.35520833333333335,0.33154121863799285,0.4510416666666667,0.2622461170848268,0.44895833333333335,0.3243727598566309,0.49895833333333334,0.33154121863799285,0.7364583333333333,0.39844683393070496,0.453125,0.5394265232974911,0.496875,0.44623655913978494,0.7510416666666667
