head_top_x,head_top_y,upper_neck_x,upper_neck_y,right_shoulder_x,right_shoulder_y,right_elbow_x,right_elbow_y,right_wrist_x,right_wrist_y,thorax_x,thorax_y,left_shoulder_x,left_shoulder_y,left_elbow_x,left_elbow_y,left_wrist_x,left_wrist_y,pelvis_x,pelvis_y,right_hip_x,right_hip_y,right_knee_x,right_knee_y,right_ankle_x,right_ankle_y,left_hip_x,left_hip_y,left_knee_x,left_knee_y,left_ankle_x,left_ankle_y
0.38053613053613056,0.783203125,0.28146853146853146,0.689453125,0.1590909090909091,0.693359375,0.15326340326340326,0.587890625,0.19405594405594404,0.486328125,0.2872960372960373,0.673828125,0.1590909090909091,0.685546875,0.15326340326340326,0.595703125,0.19988344988344986,0.490234375,0.21153846153846154,0.494140625,0.25815850815850816,0.482421875,0.08333333333333331,0.458984375,0.2057109557109557,0.482421875,0.2523310023310023,0.494140625,0.26398601398601396,0.466796875,0.2057109557109557,0.466796875
