head_top_x,head_top_y,upper_neck_x,upper_neck_y,right_shoulder_x,right_shoulder_y,right_elbow_x,right_elbow_y,right_wrist_x,right_wrist_y,thorax_x,thorax_y,left_shoulder_x,left_shoulder_y,left_elbow_x,left_elbow_y,left_wrist_x,left_wrist_y,pelvis_x,pelvis_y,right_hip_x,right_hip_y,right_knee_x,right_knee_y,right_ankle_x,right_ankle_y,left_hip_x,left_hip_y,left_knee_x,left_knee_y,left_ankle_x,left_ankle_y
0.833984375,0.19776995305164322,0.478515625,0.3444835680751174,0.455078125,0.3444835680751174,0.458984375,0.4325117370892019,0.392578125,0.5322769953051644,0.505859375,0.3444835680751174,0.486328125,0.3034037558685446,0.423828125,0.4325117370892019,0.396484375,0.5498826291079812,0.529296875,0.5381455399061033,0.482421875,0.5381455399061033,0.462890625,0.6261737089201878,0.775390625,0.232981220657277,0.537109375,0.5205399061032864,0.458984375,0.6379107981220657,0.783203125,0.2153755868544601
