head_top_x,head_top_y,upper_neck_x,upper_neck_y,right_shoulder_x,right_shoulder_y,right_elbow_x,right_elbow_y,right_wrist_x,right_wrist_y,thorax_x,thorax_y,left_shoulder_x,left_shoulder_y,left_elbow_x,left_elbow_y,left_wrist_x,left_wrist_y,pelvis_x,pelvis_y,right_hip_x,right_hip_y,right_knee_x,right_knee_y,right_ankle_x,right_ankle_y,left_hip_x,left_hip_y,left_knee_x,left_knee_y,left_ankle_x,left_ankle_y
0.40351328592814373,0.693359375,0.41520864520958084,0.587890625,0.38012256736526945,0.404296875,0.2982550523952096,0.380859375,0.46199008233532934,0.345703125,0.42105632485029937,0.580078125,0.46783776197604793,0.564453125,0.5672483158682635,0.443359375,0.47368544161676646,0.361328125,0.41520864520958084,0.462890625,0.38012256736526945,0.478515625,0.37427488772455086,0.501953125,0.47368544161676646,0.591796875,0.49707616017964074,0.482421875,0.520466878742515,0.529296875,0.45029472305389223,0.583984375
