head_top_x,head_top_y,upper_neck_x,upper_neck_y,right_shoulder_x,right_shoulder_y,right_elbow_x,right_elbow_y,right_wrist_x,right_wrist_y,thorax_x,thorax_y,left_shoulder_x,left_shoulder_y,left_elbow_x,left_elbow_y,left_wrist_x,left_wrist_y,pelvis_x,pelvis_y,right_hip_x,right_hip_y,right_knee_x,right_knee_y,right_ankle_x,right_ankle_y,left_hip_x,left_hip_y,left_knee_x,left_knee_y,left_ankle_x,left_ankle_y
0.470703125,0.2578125,0.412109375,0.2630208333333333,0.521484375,0.5182291666666666,0.576171875,0.2265625,0.583984375,0.3567708333333333,0.431640625,0.2630208333333333,0.419921875,0.24739583333333334,0.576171875,0.2265625,0.572265625,0.2630208333333333,0.474609375,0.5755208333333334,0.482421875,0.5651041666666666,0.447265625,0.6536458333333334,0.240234375,0.21614583333333334,0.482421875,0.5703125,0.318359375,0.21614583333333334,0.240234375,0.2109375
