head_top_x,head_top_y,upper_neck_x,upper_neck_y,right_shoulder_x,right_shoulder_y,right_elbow_x,right_elbow_y,right_wrist_x,right_wrist_y,thorax_x,thorax_y,left_shoulder_x,left_shoulder_y,left_elbow_x,left_elbow_y,left_wrist_x,left_wrist_y,pelvis_x,pelvis_y,right_hip_x,right_hip_y,right_knee_x,right_knee_y,right_ankle_x,right_ankle_y,left_hip_x,left_hip_y,left_knee_x,left_knee_y,left_ankle_x,left_ankle_y
0.486328125,0.1323529411764706,0.533203125,0.31470588235294117,0.451171875,0.31470588235294117,0.384765625,0.4147058823529412,0.435546875,0.5617647058823529,0.529296875,0.3382352941176471,0.619140625,0.3558823529411765,0.654296875,0.5264705882352941,0.751953125,0.5735294117647058,0.478515625,0.5205882352941177,0.423828125,0.5264705882352941,0.384765625,0.6029411764705882,0.560546875,0.8147058823529412,0.525390625,0.5088235294117647,0.693359375,0.8323529411764706,0.587890625,0.8441176470588235
