head_top_x,head_top_y,upper_neck_x,upper_neck_y,right_shoulder_x,right_shoulder_y,right_elbow_x,right_elbow_y,right_wrist_x,right_wrist_y,thorax_x,thorax_y,left_shoulder_x,left_shoulder_y,left_elbow_x,left_elbow_y,left_wrist_x,left_wrist_y,pelvis_x,pelvis_y,right_hip_x,right_hip_y,right_knee_x,right_knee_y,right_ankle_x,right_ankle_y,left_hip_x,left_hip_y,left_knee_x,left_knee_y,left_ankle_x,left_ankle_y
0.4765625,0.259765625,0.5182291666666666,0.396484375,0.4348958333333333,0.404296875,0.3932291666666667,0.482421875,0.4348958333333333,0.541015625,0.5182291666666666,0.408203125,0.6015625,0.400390625,0.6328125,0.482421875,0.6171875,0.564453125,0.5338541666666666,0.552734375,0.4973958333333333,0.548828125,0.4817708333333333,0.685546875,0.4765625,0.818359375,0.5703125,0.548828125,0.5703125,0.677734375,0.5859375,0.826171875
