head_top_x,head_top_y,upper_neck_x,upper_neck_y,right_shoulder_x,right_shoulder_y,right_elbow_x,right_elbow_y,right_wrist_x,right_wrist_y,thorax_x,thorax_y,left_shoulder_x,left_shoulder_y,left_elbow_x,left_elbow_y,left_wrist_x,left_wrist_y,pelvis_x,pelvis_y,right_hip_x,right_hip_y,right_knee_x,right_knee_y,right_ankle_x,right_ankle_y,left_hip_x,left_hip_y,left_knee_x,left_knee_y,left_ankle_x,left_ankle_y
0.5204918032786885,0.087890625,0.5087822014051522,0.205078125,0.42096018735363,0.208984375,0.37997658079625296,0.267578125,0.42096018735363,0.177734375,0.502927400468384,0.201171875,0.5731850117096019,0.212890625,0.5556206088992974,0.236328125,0.4560889929742389,0.173828125,0.47950819672131145,0.345703125,0.4385245901639344,0.345703125,0.3975409836065574,0.486328125,0.42096018735363,0.603515625,0.5263466042154566,0.345703125,0.5556206088992974,0.474609375,0.5439110070257611,0.603515625
