head_top_x,head_top_y,upper_neck_x,upper_neck_y,right_shoulder_x,right_shoulder_y,right_elbow_x,right_elbow_y,right_wrist_x,right_wrist_y,thorax_x,thorax_y,left_shoulder_x,left_shoulder_y,left_elbow_x,left_elbow_y,left_wrist_x,left_wrist_y,pelvis_x,pelvis_y,right_hip_x,right_hip_y,right_knee_x,right_knee_y,right_ankle_x,right_ankle_y,left_hip_x,left_hip_y,left_knee_x,left_knee_y,left_ankle_x,left_ankle_y
0.783203125,0.2526041666666667,0.689453125,0.4296875,0.615234375,0.4192708333333333,0.568359375,0.4453125,0.560546875,0.5234375,0.658203125,0.4609375,0.673828125,0.4921875,0.580078125,0.5026041666666666,0.564453125,0.5390625,0.544921875,0.5963541666666666,0.541015625,0.6015625,0.416015625,0.5546875,0.583984375,0.8515625,0.548828125,0.5963541666666666,0.392578125,0.5546875,0.556640625,0.6119791666666666
