head_top_x,head_top_y,upper_neck_x,upper_neck_y,right_shoulder_x,right_shoulder_y,right_elbow_x,right_elbow_y,right_wrist_x,right_wrist_y,thorax_x,thorax_y,left_shoulder_x,left_shoulder_y,left_elbow_x,left_elbow_y,left_wrist_x,left_wrist_y,pelvis_x,pelvis_y,right_hip_x,right_hip_y,right_knee_x,right_knee_y,right_ankle_x,right_ankle_y,left_hip_x,left_hip_y,left_knee_x,left_knee_y,left_ankle_x,left_ankle_y
0.623046875,0.16807909604519775,0.525390625,0.23870056497175143,0.455078125,0.2669491525423729,0.431640625,0.4129001883239171,0.416015625,0.5541431261770244,0.521484375,0.2575329566854991,0.607421875,0.2669491525423729,0.537109375,0.4270244821092279,0.556640625,0.4929378531073446,0.482421875,0.5070621468926554,0.443359375,0.5070621468926554,0.673828125,0.5447269303201506,0.677734375,0.7424670433145009,0.513671875,0.4976459510357815,0.693359375,0.53060263653484,0.556640625,0.9213747645951035
