head_top_x,head_top_y,upper_neck_x,upper_neck_y,right_shoulder_x,right_shoulder_y,right_elbow_x,right_elbow_y,right_wrist_x,right_wrist_y,thorax_x,thorax_y,left_shoulder_x,left_shoulder_y,left_elbow_x,left_elbow_y,left_wrist_x,left_wrist_y,pelvis_x,pelvis_y,right_hip_x,right_hip_y,right_knee_x,right_knee_y,right_ankle_x,right_ankle_y,left_hip_x,left_hip_y,left_knee_x,left_knee_y,left_ankle_x,left_ankle_y
0.3914319248826291,0.099609375,0.4325117370892019,0.244140625,0.3268779342723005,0.267578125,0.3268779342723005,0.353515625,0.45011737089201875,0.353515625,0.45011737089201875,0.279296875,0.579225352112676,0.275390625,0.6613849765258216,0.388671875,0.6848591549295775,0.494140625,0.4618544600938967,0.501953125,0.3855633802816901,0.498046875,0.4618544600938967,0.642578125,0.5498826291079812,0.783203125,0.5322769953051644,0.509765625,0.5674882629107981,0.673828125,0.5616197183098591,0.771484375
