head_top_x,head_top_y,upper_neck_x,upper_neck_y,right_shoulder_x,right_shoulder_y,right_elbow_x,right_elbow_y,right_wrist_x,right_wrist_y,thorax_x,thorax_y,left_shoulder_x,left_shoulder_y,left_elbow_x,left_elbow_y,left_wrist_x,left_wrist_y,pelvis_x,pelvis_y,right_hip_x,right_hip_y,right_knee_x,right_knee_y,right_ankle_x,right_ankle_y,left_hip_x,left_hip_y,left_knee_x,left_knee_y,left_ankle_x,left_ankle_y
0.169921875,0.4455574912891986,0.294921875,0.5239547038327527,0.322265625,0.611062717770035,0.349609375,0.34538327526132406,0.271484375,0.4107142857142857,0.318359375,0.5283101045296167,0.322265625,0.4804006968641115,0.482421875,0.4455574912891986,0.517578125,0.4891114982578397,0.478515625,0.5500871080139372,0.462890625,0.576219512195122,0.505859375,0.5849303135888503,0.576171875,0.7025261324041813,0.494140625,0.5239547038327527,0.544921875,0.576219512195122,0.611328125,0.7155923344947736
