head_top_x,head_top_y,upper_neck_x,upper_neck_y,right_shoulder_x,right_shoulder_y,right_elbow_x,right_elbow_y,right_wrist_x,right_wrist_y,thorax_x,thorax_y,left_shoulder_x,left_shoulder_y,left_elbow_x,left_elbow_y,left_wrist_x,left_wrist_y,pelvis_x,pelvis_y,right_hip_x,right_hip_y,right_knee_x,right_knee_y,right_ankle_x,right_ankle_y,left_hip_x,left_hip_y,left_knee_x,left_knee_y,left_ankle_x,left_ankle_y
0.701171875,0.4677985948477752,0.591796875,0.4970725995316159,0.501953125,0.5614754098360656,0.533203125,0.5263466042154566,0.537109375,0.5322014051522248,0.599609375,0.4560889929742389,0.658203125,0.46194379391100704,0.548828125,0.5322014051522248,0.638671875,0.4970725995316159,0.490234375,0.5146370023419203,0.486328125,0.502927400468384,0.544921875,0.5263466042154566,0.591796875,0.696135831381733,0.513671875,0.5263466042154566,0.552734375,0.5614754098360656,0.509765625,0.6375878220140515
