head_top_x,head_top_y,upper_neck_x,upper_neck_y,right_shoulder_x,right_shoulder_y,right_elbow_x,right_elbow_y,right_wrist_x,right_wrist_y,thorax_x,thorax_y,left_shoulder_x,left_shoulder_y,left_elbow_x,left_elbow_y,left_wrist_x,left_wrist_y,pelvis_x,pelvis_y,right_hip_x,right_hip_y,right_knee_x,right_knee_y,right_ankle_x,right_ankle_y,left_hip_x,left_hip_y,left_knee_x,left_knee_y,left_ankle_x,left_ankle_y
0.474609375,0.08820093457943927,0.392578125,0.24591121495327106,0.337890625,0.18750000000000003,0.365234375,0.43866822429906543,0.416015625,0.6197429906542056,0.400390625,0.23422897196261686,0.451171875,0.24007009345794394,0.525390625,0.3101635514018692,0.580078125,0.22838785046728974,0.365234375,0.4211448598130841,0.333984375,0.39778037383177567,0.376953125,0.415303738317757,0.404296875,0.6255841121495327,0.392578125,0.415303738317757,0.439453125,0.532126168224299,0.408203125,0.5963785046728972
