head_top_x,head_top_y,upper_neck_x,upper_neck_y,right_shoulder_x,right_shoulder_y,right_elbow_x,right_elbow_y,right_wrist_x,right_wrist_y,thorax_x,thorax_y,left_shoulder_x,left_shoulder_y,left_elbow_x,left_elbow_y,left_wrist_x,left_wrist_y,pelvis_x,pelvis_y,right_hip_x,right_hip_y,right_knee_x,right_knee_y,right_ankle_x,right_ankle_y,left_hip_x,left_hip_y,left_knee_x,left_knee_y,left_ankle_x,left_ankle_y
0.478515625,0.26873536299765804,0.544921875,0.4502341920374707,0.462890625,0.37997658079625296,0.427734375,0.5614754098360656,0.435546875,0.7137002341920374,0.548828125,0.43266978922716626,0.615234375,0.4970725995316159,0.541015625,0.6141686182669789,0.447265625,0.7546838407494145,0.490234375,0.37412177985948475,0.478515625,0.37997658079625296,0.818359375,0.4677985948477752,0.556640625,0.7956674473067915,0.505859375,0.38583138173302106,0.552734375,0.5731850117096019,0.552734375,0.7898126463700234
