head_top_x,head_top_y,upper_neck_x,upper_neck_y,right_shoulder_x,right_shoulder_y,right_elbow_x,right_elbow_y,right_wrist_x,right_wrist_y,thorax_x,thorax_y,left_shoulder_x,left_shoulder_y,left_elbow_x,left_elbow_y,left_wrist_x,left_wrist_y,pelvis_x,pelvis_y,right_hip_x,right_hip_y,right_knee_x,right_knee_y,right_ankle_x,right_ankle_y,left_hip_x,left_hip_y,left_knee_x,left_knee_y,left_ankle_x,left_ankle_y
0.673828125,0.31514084507042256,0.607421875,0.19776995305164322,0.572265625,0.22711267605633803,0.501953125,0.3034037558685446,0.490234375,0.33274647887323944,0.591796875,0.19776995305164322,0.583984375,0.2153755868544601,0.556640625,0.2975352112676056,0.517578125,0.33274647887323944,0.494140625,0.45011737089201875,0.498046875,0.45011737089201875,0.576171875,0.5733568075117371,0.669921875,0.7083333333333334,0.521484375,0.4325117370892019,0.576171875,0.5498826291079812,0.572265625,0.6144366197183099
