head_top_x,head_top_y,upper_neck_x,upper_neck_y,right_shoulder_x,right_shoulder_y,right_elbow_x,right_elbow_y,right_wrist_x,right_wrist_y,thorax_x,thorax_y,left_shoulder_x,left_shoulder_y,left_elbow_x,left_elbow_y,left_wrist_x,left_wrist_y,pelvis_x,pelvis_y,right_hip_x,right_hip_y,right_knee_x,right_knee_y,right_ankle_x,right_ankle_y,left_hip_x,left_hip_y,left_knee_x,left_knee_y,left_ankle_x,left_ankle_y
0.4129526462395543,0.083984375,0.4268802228412256,0.240234375,0.2945682451253482,0.259765625,0.3224233983286908,0.408203125,0.4268802228412256,0.521484375,0.4268802228412256,0.259765625,0.58008356545961,0.263671875,0.58008356545961,0.392578125,0.49651810584958217,0.505859375,0.4616991643454039,0.458984375,0.37813370473537605,0.466796875,0.40598885793871864,0.642578125,0.46866295264623953,0.849609375,0.5313370473537604,0.455078125,0.5661559888579387,0.658203125,0.5174094707520891,0.517578125
