head_top_x,head_top_y,upper_neck_x,upper_neck_y,right_shoulder_x,right_shoulder_y,right_elbow_x,right_elbow_y,right_wrist_x,right_wrist_y,thorax_x,thorax_y,left_shoulder_x,left_shoulder_y,left_elbow_x,left_elbow_y,left_wrist_x,left_wrist_y,pelvis_x,pelvis_y,right_hip_x,right_hip_y,right_knee_x,right_knee_y,right_ankle_x,right_ankle_y,left_hip_x,left_hip_y,left_knee_x,left_knee_y,left_ankle_x,left_ankle_y
0.470703125,0.1524532710280374,0.451171875,0.298481308411215,0.458984375,0.3335280373831776,0.416015625,0.3860981308411215,0.494140625,0.3218457943925234,0.447265625,0.2926401869158879,0.466796875,0.3101635514018692,0.486328125,0.3335280373831776,0.501953125,0.28095794392523366,0.451171875,0.4269859813084112,0.435546875,0.4445093457943925,0.466796875,0.6139018691588786,0.447265625,0.8066588785046729,0.466796875,0.4269859813084112,0.513671875,0.6139018691588786,0.458984375,0.8066588785046729
