head_top_x,head_top_y,upper_neck_x,upper_neck_y,right_shoulder_x,right_shoulder_y,right_elbow_x,right_elbow_y,right_wrist_x,right_wrist_y,thorax_x,thorax_y,left_shoulder_x,left_shoulder_y,left_elbow_x,left_elbow_y,left_wrist_x,left_wrist_y,pelvis_x,pelvis_y,right_hip_x,right_hip_y,right_knee_x,right_knee_y,right_ankle_x,right_ankle_y,left_hip_x,left_hip_y,left_knee_x,left_knee_y,left_ankle_x,left_ankle_y
0.248046875,0.2578125,0.330078125,0.4036458333333333,0.306640625,0.3932291666666667,0.263671875,0.4192708333333333,0.271484375,0.5078125,0.326171875,0.3984375,0.353515625,0.3984375,0.373046875,0.4973958333333333,0.345703125,0.5598958333333334,0.337890625,0.5338541666666666,0.326171875,0.5338541666666666,0.650390625,0.7005208333333334,0.345703125,0.6328125,0.345703125,0.5338541666666666,0.373046875,0.6015625,0.353515625,0.6432291666666666
