head_top_x,head_top_y,upper_neck_x,upper_neck_y,right_shoulder_x,right_shoulder_y,right_elbow_x,right_elbow_y,right_wrist_x,right_wrist_y,thorax_x,thorax_y,left_shoulder_x,left_shoulder_y,left_elbow_x,left_elbow_y,left_wrist_x,left_wrist_y,pelvis_x,pelvis_y,right_hip_x,right_hip_y,right_knee_x,right_knee_y,right_ankle_x,right_ankle_y,left_hip_x,left_hip_y,left_knee_x,left_knee_y,left_ankle_x,left_ankle_y
0.6434426229508197,0.330078125,0.5263466042154566,0.419921875,0.4853629976580796,0.341796875,0.3916861826697892,0.275390625,0.2862997658079625,0.193359375,0.5439110070257611,0.396484375,0.6083138173302107,0.423828125,0.5790398126463701,0.318359375,0.28044496487119436,0.185546875,0.3331381733021077,0.509765625,0.3097189695550351,0.509765625,0.49121779859484777,0.619140625,0.33899297423887587,0.728515625,0.32728337236533955,0.509765625,0.37997658079625296,0.642578125,0.3331381733021077,0.732421875
