head_top_x,head_top_y,upper_neck_x,upper_neck_y,right_shoulder_x,right_shoulder_y,right_elbow_x,right_elbow_y,right_wrist_x,right_wrist_y,thorax_x,thorax_y,left_shoulder_x,left_shoulder_y,left_elbow_x,left_elbow_y,left_wrist_x,left_wrist_y,pelvis_x,pelvis_y,right_hip_x,right_hip_y,right_knee_x,right_knee_y,right_ankle_x,right_ankle_y,left_hip_x,left_hip_y,left_knee_x,left_knee_y,left_ankle_x,left_ankle_y
0.5026041666666666,0.185546875,0.4036458333333333,0.318359375,0.4401041666666667,0.326171875,0.5390625,0.412109375,0.6328125,0.373046875,0.4453125,0.298828125,0.5234375,0.314453125,0.5703125,0.400390625,0.6536458333333334,0.369140625,0.6640625,0.435546875,0.6484375,0.447265625,0.6901041666666666,0.462890625,0.6901041666666666,0.716796875,0.6744791666666666,0.427734375,0.6744791666666666,0.443359375,0.6953125,0.720703125
