head_top_x,head_top_y,upper_neck_x,upper_neck_y,right_shoulder_x,right_shoulder_y,right_elbow_x,right_elbow_y,right_wrist_x,right_wrist_y,thorax_x,thorax_y,left_shoulder_x,left_shoulder_y,left_elbow_x,left_elbow_y,left_wrist_x,left_wrist_y,pelvis_x,pelvis_y,right_hip_x,right_hip_y,right_knee_x,right_knee_y,right_ankle_x,right_ankle_y,left_hip_x,left_hip_y,left_knee_x,left_knee_y,left_ankle_x,left_ankle_y
0.6547897196261683,0.130859375,0.695677570093458,0.478515625,0.7482476635514019,0.431640625,0.643107476635514,0.388671875,0.6197429906542056,0.400390625,0.7073598130841121,0.451171875,0.5262850467289719,0.232421875,0.6022196261682243,0.376953125,0.6139018691588786,0.384765625,0.6197429906542056,0.529296875,0.6139018691588786,0.537109375,0.5671728971962617,0.666015625,0.5613317757009346,0.845703125,0.6080607476635514,0.533203125,0.4269859813084112,0.654296875,0.47955607476635514,0.767578125
