head_top_x,head_top_y,upper_neck_x,upper_neck_y,right_shoulder_x,right_shoulder_y,right_elbow_x,right_elbow_y,right_wrist_x,right_wrist_y,thorax_x,thorax_y,left_shoulder_x,left_shoulder_y,left_elbow_x,left_elbow_y,left_wrist_x,left_wrist_y,pelvis_x,pelvis_y,right_hip_x,right_hip_y,right_knee_x,right_knee_y,right_ankle_x,right_ankle_y,left_hip_x,left_hip_y,left_knee_x,left_knee_y,left_ankle_x,left_ankle_y
0.271484375,0.1572265625,0.333984375,0.3271484375,0.615234375,0.5615234375,0.603515625,0.2392578125,0.521484375,0.0869140625,0.345703125,0.3330078125,0.291015625,0.3857421875,0.439453125,0.3681640625,0.486328125,0.0927734375,0.521484375,0.4677734375,0.630859375,0.4912109375,0.591796875,0.5732421875,0.548828125,0.6201171875,0.470703125,0.4677734375,0.548828125,0.4619140625,0.529296875,0.6318359375
