head_top_x,head_top_y,upper_neck_x,upper_neck_y,right_shoulder_x,right_shoulder_y,right_elbow_x,right_elbow_y,right_wrist_x,right_wrist_y,thorax_x,thorax_y,left_shoulder_x,left_shoulder_y,left_elbow_x,left_elbow_y,left_wrist_x,left_wrist_y,pelvis_x,pelvis_y,right_hip_x,right_hip_y,right_knee_x,right_knee_y,right_ankle_x,right_ankle_y,left_hip_x,left_hip_y,left_knee_x,left_knee_y,left_ankle_x,left_ankle_y
0.482421875,0.3401717557251908,0.595703125,0.44513358778625955,0.595703125,0.44036259541984735,0.423828125,0.4880725190839695,0.392578125,0.3974236641221374,0.603515625,0.44990458015267176,0.599609375,0.4594465648854962,0.775390625,0.4594465648854962,0.388671875,0.3735687022900763,0.482421875,0.6073473282442748,0.466796875,0.588263358778626,0.408203125,0.5500954198473282,0.884765625,0.45467557251908397,0.501953125,0.612118320610687,0.404296875,0.545324427480916,0.892578125,0.44990458015267176
