head_top_x,head_top_y,upper_neck_x,upper_neck_y,right_shoulder_x,right_shoulder_y,right_elbow_x,right_elbow_y,right_wrist_x,right_wrist_y,thorax_x,thorax_y,left_shoulder_x,left_shoulder_y,left_elbow_x,left_elbow_y,left_wrist_x,left_wrist_y,pelvis_x,pelvis_y,right_hip_x,right_hip_y,right_knee_x,right_knee_y,right_ankle_x,right_ankle_y,left_hip_x,left_hip_y,left_knee_x,left_knee_y,left_ankle_x,left_ankle_y
0.435546875,0.006425233644859822,0.451171875,0.20502336448598132,0.513671875,0.19918224299065423,0.556640625,0.3276869158878505,0.474609375,0.3685747663551402,0.451171875,0.19334112149532712,0.376953125,0.1816588785046729,0.365234375,0.3393691588785047,0.451171875,0.356892523364486,0.462890625,0.4211448598130841,0.474609375,0.415303738317757,0.498046875,0.532126168224299,0.689453125,0.7424065420560748,0.447265625,0.415303738317757,0.529296875,0.5496495327102804,0.681640625,0.7307242990654206
