head_top_x,head_top_y,upper_neck_x,upper_neck_y,right_shoulder_x,right_shoulder_y,right_elbow_x,right_elbow_y,right_wrist_x,right_wrist_y,thorax_x,thorax_y,left_shoulder_x,left_shoulder_y,left_elbow_x,left_elbow_y,left_wrist_x,left_wrist_y,pelvis_x,pelvis_y,right_hip_x,right_hip_y,right_knee_x,right_knee_y,right_ankle_x,right_ankle_y,left_hip_x,left_hip_y,left_knee_x,left_knee_y,left_ankle_x,left_ankle_y
0.6090801886792453,0.041015625,0.6444575471698113,0.197265625,0.4675707547169811,0.255859375,0.41450471698113206,0.392578125,0.34375,0.513671875,0.6385613207547169,0.263671875,0.8095518867924529,0.267578125,0.8213443396226416,0.474609375,0.8095518867924529,0.576171875,0.620872641509434,0.619140625,0.5265330188679245,0.615234375,0.5265330188679245,0.884765625,0.5619103773584906,0.939453125,0.7093160377358491,0.626953125,0.7682783018867926,0.861328125,0.7741745283018869,0.974609375
