head_top_x,head_top_y,upper_neck_x,upper_neck_y,right_shoulder_x,right_shoulder_y,right_elbow_x,right_elbow_y,right_wrist_x,right_wrist_y,thorax_x,thorax_y,left_shoulder_x,left_shoulder_y,left_elbow_x,left_elbow_y,left_wrist_x,left_wrist_y,pelvis_x,pelvis_y,right_hip_x,right_hip_y,right_knee_x,right_knee_y,right_ankle_x,right_ankle_y,left_hip_x,left_hip_y,left_knee_x,left_knee_y,left_ankle_x,left_ankle_y
0.6555164319248826,0.169921875,0.6203051643192489,0.314453125,0.6203051643192489,0.294921875,0.579225352112676,0.267578125,0.4794600938967136,0.263671875,0.6203051643192489,0.310546875,0.6144366197183099,0.306640625,0.6144366197183099,0.369140625,0.5088028169014085,0.283203125,0.5322769953051644,0.455078125,0.5146713615023474,0.462890625,0.6907276995305164,0.419921875,0.6261737089201878,0.525390625,0.5322769953051644,0.447265625,0.7083333333333334,0.416015625,0.6261737089201878,0.525390625
