head_top_x,head_top_y,upper_neck_x,upper_neck_y,right_shoulder_x,right_shoulder_y,right_elbow_x,right_elbow_y,right_wrist_x,right_wrist_y,thorax_x,thorax_y,left_shoulder_x,left_shoulder_y,left_elbow_x,left_elbow_y,left_wrist_x,left_wrist_y,pelvis_x,pelvis_y,right_hip_x,right_hip_y,right_knee_x,right_knee_y,right_ankle_x,right_ankle_y,left_hip_x,left_hip_y,left_knee_x,left_knee_y,left_ankle_x,left_ankle_y
0.47346698113207547,0.244140625,0.4793632075471698,0.376953125,0.3909198113207547,0.369140625,0.37912735849056606,0.458984375,0.4498820754716981,0.470703125,0.4793632075471698,0.369140625,0.5678066037735849,0.361328125,0.6739386792452831,0.330078125,0.5737028301886793,0.408203125,0.4970518867924528,0.525390625,0.44398584905660377,0.525390625,0.4380896226415094,0.650390625,0.46167452830188677,0.787109375,0.5501179245283019,0.521484375,0.5324292452830188,0.669921875,0.5501179245283019,0.787109375
