head_top_x,head_top_y,upper_neck_x,upper_neck_y,right_shoulder_x,right_shoulder_y,right_elbow_x,right_elbow_y,right_wrist_x,right_wrist_y,thorax_x,thorax_y,left_shoulder_x,left_shoulder_y,left_elbow_x,left_elbow_y,left_wrist_x,left_wrist_y,pelvis_x,pelvis_y,right_hip_x,right_hip_y,right_knee_x,right_knee_y,right_ankle_x,right_ankle_y,left_hip_x,left_hip_y,left_knee_x,left_knee_y,left_ankle_x,left_ankle_y
0.404296875,0.609338061465721,0.576171875,0.26063829787234044,0.486328125,0.2133569739952719,0.423828125,0.5029550827423168,0.330078125,0.7039007092198581,0.583984375,0.2783687943262412,0.650390625,0.37293144208037826,0.591796875,0.556146572104019,0.537109375,0.7157210401891253,0.568359375,0.33156028368794327,0.525390625,0.32565011820330975,0.451171875,0.45567375886524825,0.330078125,0.7098108747044918,0.642578125,0.307919621749409,0.443359375,0.45567375886524825,0.337890625,0.7098108747044918
