head_top_x,head_top_y,upper_neck_x,upper_neck_y,right_shoulder_x,right_shoulder_y,right_elbow_x,right_elbow_y,right_wrist_x,right_wrist_y,thorax_x,thorax_y,left_shoulder_x,left_shoulder_y,left_elbow_x,left_elbow_y,left_wrist_x,left_wrist_y,pelvis_x,pelvis_y,right_hip_x,right_hip_y,right_knee_x,right_knee_y,right_ankle_x,right_ankle_y,left_hip_x,left_hip_y,left_knee_x,left_knee_y,left_ankle_x,left_ankle_y
0.548828125,0.2505868544600939,0.525390625,0.43838028169014087,0.537109375,0.42664319248826293,0.568359375,0.3268779342723005,0.517578125,0.23884976525821597,0.525390625,0.4325117370892019,0.517578125,0.43838028169014087,0.501953125,0.33274647887323944,0.505859375,0.24471830985915494,0.556640625,0.6026995305164319,0.572265625,0.6026995305164319,0.529296875,0.5498826291079812,0.572265625,0.6085680751173709,0.548828125,0.6085680751173709,0.509765625,0.5322769953051644,0.513671875,0.3562206572769953
