head_top_x,head_top_y,upper_neck_x,upper_neck_y,right_shoulder_x,right_shoulder_y,right_elbow_x,right_elbow_y,right_wrist_x,right_wrist_y,thorax_x,thorax_y,left_shoulder_x,left_shoulder_y,left_elbow_x,left_elbow_y,left_wrist_x,left_wrist_y,pelvis_x,pelvis_y,right_hip_x,right_hip_y,right_knee_x,right_knee_y,right_ankle_x,right_ankle_y,left_hip_x,left_hip_y,left_knee_x,left_knee_y,left_ankle_x,left_ankle_y
0.255859375,0.42096018735363,0.341796875,0.5614754098360656,0.365234375,0.5848946135831382,0.431640625,0.6434426229508197,0.392578125,0.4385245901639344,0.333984375,0.5204918032786885,0.376953125,0.5556206088992974,0.474609375,0.502927400468384,0.412109375,0.4560889929742389,0.541015625,0.5673302107728337,0.521484375,0.5790398126463701,0.841796875,0.6902810304449648,0.861328125,0.6902810304449648,0.552734375,0.5556206088992974,0.755859375,0.47365339578454335,0.869140625,0.6668618266978923
