head_top_x,head_top_y,upper_neck_x,upper_neck_y,right_shoulder_x,right_shoulder_y,right_elbow_x,right_elbow_y,right_wrist_x,right_wrist_y,thorax_x,thorax_y,left_shoulder_x,left_shoulder_y,left_elbow_x,left_elbow_y,left_wrist_x,left_wrist_y,pelvis_x,pelvis_y,right_hip_x,right_hip_y,right_knee_x,right_knee_y,right_ankle_x,right_ankle_y,left_hip_x,left_hip_y,left_knee_x,left_knee_y,left_ankle_x,left_ankle_y
0.230083857442348,0.349609375,0.30870020964360584,0.466796875,0.2772536687631027,0.478515625,0.3244234800838574,0.533203125,0.3768343815513627,0.607421875,0.30345911949685533,0.458984375,0.34538784067085954,0.427734375,0.47117400419287214,0.439453125,0.3244234800838574,0.373046875,0.42924528301886794,0.552734375,0.4030398322851153,0.572265625,0.7384696016771488,0.544921875,0.38731656184486374,0.615234375,0.42924528301886794,0.541015625,0.7017819706498951,0.525390625,0.4030398322851153,0.599609375
