head_top_x,head_top_y,upper_neck_x,upper_neck_y,right_shoulder_x,right_shoulder_y,right_elbow_x,right_elbow_y,right_wrist_x,right_wrist_y,thorax_x,thorax_y,left_shoulder_x,left_shoulder_y,left_elbow_x,left_elbow_y,left_wrist_x,left_wrist_y,pelvis_x,pelvis_y,right_hip_x,right_hip_y,right_knee_x,right_knee_y,right_ankle_x,right_ankle_y,left_hip_x,left_hip_y,left_knee_x,left_knee_y,left_ankle_x,left_ankle_y
0.404296875,0.6207865168539326,0.396484375,0.17696629213483145,0.271484375,0.2949438202247191,0.330078125,0.2949438202247191,0.416015625,0.45786516853932585,0.404296875,0.17134831460674158,0.419921875,0.18820224719101122,0.439453125,0.25,0.544921875,0.300561797752809,0.408203125,0.1601123595505618,0.404296875,0.1601123595505618,0.466796875,0.5252808988764045,0.482421875,0.6825842696629213,0.443359375,0.18820224719101122,0.431640625,0.4803370786516854,0.482421875,0.6657303370786517
