head_top_x,head_top_y,upper_neck_x,upper_neck_y,right_shoulder_x,right_shoulder_y,right_elbow_x,right_elbow_y,right_wrist_x,right_wrist_y,thorax_x,thorax_y,left_shoulder_x,left_shoulder_y,left_elbow_x,left_elbow_y,left_wrist_x,left_wrist_y,pelvis_x,pelvis_y,right_hip_x,right_hip_y,right_knee_x,right_knee_y,right_ankle_x,right_ankle_y,left_hip_x,left_hip_y,left_knee_x,left_knee_y,left_ankle_x,left_ankle_y
0.9933234421364985,0.408203125,0.34792284866468837,0.740234375,0.34792284866468837,0.708984375,0.34792284866468837,0.455078125,0.3256676557863501,0.466796875,0.35534124629080116,0.732421875,0.41468842729970323,0.423828125,0.45178041543026703,0.443359375,0.6224035608308606,0.494140625,0.34792284866468837,0.501953125,0.34050445103857563,0.505859375,0.39243323442136496,0.662109375,0.5111275964391692,0.822265625,0.35534124629080116,0.501953125,0.34792284866468837,0.666015625,0.37759643916913943,0.865234375
