head_top_x,head_top_y,upper_neck_x,upper_neck_y,right_shoulder_x,right_shoulder_y,right_elbow_x,right_elbow_y,right_wrist_x,right_wrist_y,thorax_x,thorax_y,left_shoulder_x,left_shoulder_y,left_elbow_x,left_elbow_y,left_wrist_x,left_wrist_y,pelvis_x,pelvis_y,right_hip_x,right_hip_y,right_knee_x,right_knee_y,right_ankle_x,right_ankle_y,left_hip_x,left_hip_y,left_knee_x,left_knee_y,left_ankle_x,left_ankle_y
0.8479369386227545,0.369140625,0.6666588697604791,0.419921875,0.6491158308383234,0.400390625,0.5146191991017964,0.416015625,0.5087715194610778,0.423828125,0.6842019086826348,0.412109375,0.707592627245509,0.419921875,0.6842019086826348,0.544921875,0.6023343937125749,0.595703125,0.40936096556886226,0.466796875,0.38597024700598803,0.451171875,0.37427488772455086,0.568359375,0.38597024700598803,0.658203125,0.44444704341317365,0.470703125,0.46199008233532934,0.572265625,0.47368544161676646,0.681640625
