head_top_x,head_top_y,upper_neck_x,upper_neck_y,right_shoulder_x,right_shoulder_y,right_elbow_x,right_elbow_y,right_wrist_x,right_wrist_y,thorax_x,thorax_y,left_shoulder_x,left_shoulder_y,left_elbow_x,left_elbow_y,left_wrist_x,left_wrist_y,pelvis_x,pelvis_y,right_hip_x,right_hip_y,right_knee_x,right_knee_y,right_ankle_x,right_ankle_y,left_hip_x,left_hip_y,left_knee_x,left_knee_y,left_ankle_x,left_ankle_y
0.810546875,0.28485838779956424,0.701171875,0.3066448801742919,0.380859375,0.3175381263616558,0.412109375,0.4155773420479303,0.478515625,0.43191721132897604,0.666015625,0.3175381263616558,0.712890625,0.3611111111111111,0.478515625,0.4155773420479303,0.490234375,0.43191721132897604,0.482421875,0.5081699346405228,0.470703125,0.5081699346405228,0.533203125,0.5462962962962963,0.580078125,0.69880174291939,0.494140625,0.5027233115468409,0.505859375,0.5408496732026143,0.572265625,0.6824618736383442
