head_top_x,head_top_y,upper_neck_x,upper_neck_y,right_shoulder_x,right_shoulder_y,right_elbow_x,right_elbow_y,right_wrist_x,right_wrist_y,thorax_x,thorax_y,left_shoulder_x,left_shoulder_y,left_elbow_x,left_elbow_y,left_wrist_x,left_wrist_y,pelvis_x,pelvis_y,right_hip_x,right_hip_y,right_knee_x,right_knee_y,right_ankle_x,right_ankle_y,left_hip_x,left_hip_y,left_knee_x,left_knee_y,left_ankle_x,left_ankle_y
0.466796875,0.14578454332552693,0.462890625,0.3214285714285714,0.548828125,0.2745901639344262,0.607421875,0.3916861826697892,0.626953125,0.4560889929742389,0.466796875,0.29215456674473067,0.380859375,0.32728337236533955,0.435546875,0.41510538641686184,0.455078125,0.4092505854800937,0.498046875,0.42681498829039816,0.544921875,0.41510538641686184,0.623046875,0.4970725995316159,0.638671875,0.5907494145199064,0.466796875,0.42681498829039816,0.513671875,0.4853629976580796,0.529296875,0.620023419203747
