head_top_x,head_top_y,upper_neck_x,upper_neck_y,right_shoulder_x,right_shoulder_y,right_elbow_x,right_elbow_y,right_wrist_x,right_wrist_y,thorax_x,thorax_y,left_shoulder_x,left_shoulder_y,left_elbow_x,left_elbow_y,left_wrist_x,left_wrist_y,pelvis_x,pelvis_y,right_hip_x,right_hip_y,right_knee_x,right_knee_y,right_ankle_x,right_ankle_y,left_hip_x,left_hip_y,left_knee_x,left_knee_y,left_ankle_x,left_ankle_y
0.763671875,0.33021653543307083,0.708984375,0.5024606299212598,0.646484375,0.4778543307086614,0.560546875,0.5123031496062992,0.525390625,0.546751968503937,0.705078125,0.49753937007874016,0.771484375,0.5565944881889764,0.751953125,0.6500984251968503,0.552734375,0.5664370078740157,0.408203125,0.5221456692913385,0.376953125,0.4926181102362205,0.357421875,0.4926181102362205,0.267578125,0.5910433070866142,0.447265625,0.5270669291338582,0.455078125,0.531988188976378,0.369140625,0.5959645669291339
