head_top_x,head_top_y,upper_neck_x,upper_neck_y,right_shoulder_x,right_shoulder_y,right_elbow_x,right_elbow_y,right_wrist_x,right_wrist_y,thorax_x,thorax_y,left_shoulder_x,left_shoulder_y,left_elbow_x,left_elbow_y,left_wrist_x,left_wrist_y,pelvis_x,pelvis_y,right_hip_x,right_hip_y,right_knee_x,right_knee_y,right_ankle_x,right_ankle_y,left_hip_x,left_hip_y,left_knee_x,left_knee_y,left_ankle_x,left_ankle_y
0.431640625,0.08175803402646503,0.509765625,0.24716446124763705,0.427734375,0.30860113421550095,0.431640625,0.4881852551984877,0.490234375,0.6819470699432894,0.525390625,0.2944234404536862,0.626953125,0.28497164461247637,0.642578125,0.46928166351606804,0.591796875,0.6488657844990549,0.529296875,0.5637996219281664,0.466796875,0.5590737240075614,0.494140625,0.7906427221172023,0.494140625,0.6913988657844992,0.583984375,0.5590737240075614,0.646484375,0.7575614366729679,0.662109375,0.8946124763705104
