head_top_x,head_top_y,upper_neck_x,upper_neck_y,right_shoulder_x,right_shoulder_y,right_elbow_x,right_elbow_y,right_wrist_x,right_wrist_y,thorax_x,thorax_y,left_shoulder_x,left_shoulder_y,left_elbow_x,left_elbow_y,left_wrist_x,left_wrist_y,pelvis_x,pelvis_y,right_hip_x,right_hip_y,right_knee_x,right_knee_y,right_ankle_x,right_ankle_y,left_hip_x,left_hip_y,left_knee_x,left_knee_y,left_ankle_x,left_ankle_y
0.794921875,0.502927400468384,0.642578125,0.42681498829039816,0.724609375,0.38583138173302106,0.478515625,0.620023419203747,0.490234375,0.8015222482435597,0.697265625,0.41510538641686184,0.689453125,0.3916861826697892,0.744140625,0.5614754098360656,0.794921875,0.6844262295081968,0.326171875,0.3038641686182669,0.322265625,0.29215456674473067,0.228515625,0.5146370023419203,0.220703125,0.772248243559719,0.322265625,0.29215456674473067,0.208984375,0.5146370023419203,0.216796875,0.8073770491803278
