head_top_x,head_top_y,upper_neck_x,upper_neck_y,right_shoulder_x,right_shoulder_y,right_elbow_x,right_elbow_y,right_wrist_x,right_wrist_y,thorax_x,thorax_y,left_shoulder_x,left_shoulder_y,left_elbow_x,left_elbow_y,left_wrist_x,left_wrist_y,pelvis_x,pelvis_y,right_hip_x,right_hip_y,right_knee_x,right_knee_y,right_ankle_x,right_ankle_y,left_hip_x,left_hip_y,left_knee_x,left_knee_y,left_ankle_x,left_ankle_y
0.224609375,0.4244791666666667,0.337890625,0.4557291666666667,0.322265625,0.4661458333333333,0.423828125,0.3359375,0.486328125,0.3411458333333333,0.361328125,0.4557291666666667,0.404296875,0.4505208333333333,0.509765625,0.3619791666666667,0.529296875,0.3463541666666667,0.509765625,0.4192708333333333,0.498046875,0.4192708333333333,0.517578125,0.5338541666666666,0.466796875,0.7057291666666666,0.521484375,0.4192708333333333,0.611328125,0.5442708333333334,0.478515625,0.7005208333333334
