head_top_x,head_top_y,upper_neck_x,upper_neck_y,right_shoulder_x,right_shoulder_y,right_elbow_x,right_elbow_y,right_wrist_x,right_wrist_y,thorax_x,thorax_y,left_shoulder_x,left_shoulder_y,left_elbow_x,left_elbow_y,left_wrist_x,left_wrist_y,pelvis_x,pelvis_y,right_hip_x,right_hip_y,right_knee_x,right_knee_y,right_ankle_x,right_ankle_y,left_hip_x,left_hip_y,left_knee_x,left_knee_y,left_ankle_x,left_ankle_y
0.5401498929336188,0.365234375,0.5990364025695931,0.310546875,0.4866167023554604,0.283203125,0.3688436830835118,0.380859375,0.4170235546038544,0.466796875,0.5883297644539615,0.314453125,0.6365096359743041,0.341796875,0.6793361884368309,0.427734375,0.4866167023554604,0.478515625,0.4866167023554604,0.435546875,0.41167023554603854,0.451171875,0.3795503211991435,0.513671875,0.4598501070663812,0.587890625,0.5401498929336188,0.443359375,0.5080299785867237,0.544921875,0.465203426124197,0.576171875
