head_top_x,head_top_y,upper_neck_x,upper_neck_y,right_shoulder_x,right_shoulder_y,right_elbow_x,right_elbow_y,right_wrist_x,right_wrist_y,thorax_x,thorax_y,left_shoulder_x,left_shoulder_y,left_elbow_x,left_elbow_y,left_wrist_x,left_wrist_y,pelvis_x,pelvis_y,right_hip_x,right_hip_y,right_knee_x,right_knee_y,right_ankle_x,right_ankle_y,left_hip_x,left_hip_y,left_knee_x,left_knee_y,left_ankle_x,left_ankle_y
0.5262850467289719,0.162109375,0.4328271028037383,0.298828125,0.3452102803738318,0.306640625,0.2867990654205608,0.361328125,0.298481308411215,0.392578125,0.4328271028037383,0.298828125,0.5204439252336449,0.287109375,0.5438084112149533,0.349609375,0.5788551401869159,0.376953125,0.39778037383177567,0.431640625,0.3452102803738318,0.431640625,0.3276869158878505,0.576171875,0.2926401869158879,0.751953125,0.45619158878504673,0.435546875,0.4445093457943925,0.576171875,0.45619158878504673,0.701171875
