head_top_x,head_top_y,upper_neck_x,upper_neck_y,right_shoulder_x,right_shoulder_y,right_elbow_x,right_elbow_y,right_wrist_x,right_wrist_y,thorax_x,thorax_y,left_shoulder_x,left_shoulder_y,left_elbow_x,left_elbow_y,left_wrist_x,left_wrist_y,pelvis_x,pelvis_y,right_hip_x,right_hip_y,right_knee_x,right_knee_y,right_ankle_x,right_ankle_y,left_hip_x,left_hip_y,left_knee_x,left_knee_y,left_ankle_x,left_ankle_y
0.396484375,0.3034037558685446,0.337890625,0.5205399061032864,0.302734375,0.4794600938967136,0.259765625,0.6907276995305164,0.236328125,0.7963615023474178,0.333984375,0.5146713615023474,0.353515625,0.585093896713615,0.283203125,0.6555164319248826,0.353515625,0.7200704225352113,0.400390625,0.3914319248826291,0.400390625,0.3562206572769953,0.603515625,0.5264084507042254,0.630859375,0.7728873239436619,0.412109375,0.43838028169014087,0.607421875,0.5205399061032864,0.630859375,0.7611502347417839
