head_top_x,head_top_y,upper_neck_x,upper_neck_y,right_shoulder_x,right_shoulder_y,right_elbow_x,right_elbow_y,right_wrist_x,right_wrist_y,thorax_x,thorax_y,left_shoulder_x,left_shoulder_y,left_elbow_x,left_elbow_y,left_wrist_x,left_wrist_y,pelvis_x,pelvis_y,right_hip_x,right_hip_y,right_knee_x,right_knee_y,right_ankle_x,right_ankle_y,left_hip_x,left_hip_y,left_knee_x,left_knee_y,left_ankle_x,left_ankle_y
0.287109375,0.3331381733021077,0.583984375,0.28044496487119436,0.556640625,0.28044496487119436,0.431640625,0.21604215456674472,0.318359375,0.2745901639344262,0.583984375,0.2862997658079625,0.607421875,0.25117096018735363,0.572265625,0.13407494145199061,0.318359375,0.3097189695550351,0.603515625,0.42096018735363,0.587890625,0.44437939110070257,0.572265625,0.502927400468384,0.521484375,0.7488290398126464,0.619140625,0.40339578454332553,0.576171875,0.49121779859484777,0.302734375,0.42096018735363
