head_top_x,head_top_y,upper_neck_x,upper_neck_y,right_shoulder_x,right_shoulder_y,right_elbow_x,right_elbow_y,right_wrist_x,right_wrist_y,thorax_x,thorax_y,left_shoulder_x,left_shoulder_y,left_elbow_x,left_elbow_y,left_wrist_x,left_wrist_y,pelvis_x,pelvis_y,right_hip_x,right_hip_y,right_knee_x,right_knee_y,right_ankle_x,right_ankle_y,left_hip_x,left_hip_y,left_knee_x,left_knee_y,left_ankle_x,left_ankle_y
0.5601464435146444,0.306640625,0.3980125523012552,0.369140625,0.319560669456067,0.333984375,0.22541841004184102,0.416015625,0.3875523012552301,0.423828125,0.4398535564853556,0.357421875,0.5444560669456067,0.349609375,0.5130753138075314,0.455078125,0.4450836820083682,0.439453125,0.4189330543933054,0.404296875,0.09466527196652721,0.478515625,0.4503138075313807,0.513671875,0.4555439330543933,0.642578125,0.4503138075313807,0.423828125,0.4973849372384937,0.486328125,0.4973849372384937,0.638671875
