head_top_x,head_top_y,upper_neck_x,upper_neck_y,right_shoulder_x,right_shoulder_y,right_elbow_x,right_elbow_y,right_wrist_x,right_wrist_y,thorax_x,thorax_y,left_shoulder_x,left_shoulder_y,left_elbow_x,left_elbow_y,left_wrist_x,left_wrist_y,pelvis_x,pelvis_y,right_hip_x,right_hip_y,right_knee_x,right_knee_y,right_ankle_x,right_ankle_y,left_hip_x,left_hip_y,left_knee_x,left_knee_y,left_ankle_x,left_ankle_y
0.5104456824512534,0.099609375,0.5243732590529248,0.267578125,0.399025069637883,0.283203125,0.31545961002785516,0.384765625,0.14832869080779942,0.361328125,0.5243732590529248,0.275390625,0.6706128133704735,0.271484375,0.7402506963788301,0.349609375,0.6915041782729805,0.275390625,0.4895543175487465,0.474609375,0.41991643454038996,0.462890625,0.4477715877437326,0.681640625,0.49651810584958217,0.865234375,0.5522284122562674,0.478515625,0.5731197771587744,0.693359375,0.6497214484679665,0.908203125
