head_top_x,head_top_y,upper_neck_x,upper_neck_y,right_shoulder_x,right_shoulder_y,right_elbow_x,right_elbow_y,right_wrist_x,right_wrist_y,thorax_x,thorax_y,left_shoulder_x,left_shoulder_y,left_elbow_x,left_elbow_y,left_wrist_x,left_wrist_y,pelvis_x,pelvis_y,right_hip_x,right_hip_y,right_knee_x,right_knee_y,right_ankle_x,right_ankle_y,left_hip_x,left_hip_y,left_knee_x,left_knee_y,left_ankle_x,left_ankle_y
0.3038641686182669,0.177734375,0.28044496487119436,0.330078125,0.1809133489461358,0.330078125,0.19262295081967212,0.423828125,0.24531615925058545,0.474609375,0.28044496487119436,0.333984375,0.37412177985948475,0.333984375,0.40339578454332553,0.419921875,0.3916861826697892,0.373046875,0.29215456674473067,0.505859375,0.23946135831381732,0.505859375,0.23360655737704916,0.638671875,0.23946135831381732,0.732421875,0.344847775175644,0.498046875,0.3507025761124121,0.697265625,0.37412177985948475,0.759765625
