head_top_x,head_top_y,upper_neck_x,upper_neck_y,right_shoulder_x,right_shoulder_y,right_elbow_x,right_elbow_y,right_wrist_x,right_wrist_y,thorax_x,thorax_y,left_shoulder_x,left_shoulder_y,left_elbow_x,left_elbow_y,left_wrist_x,left_wrist_y,pelvis_x,pelvis_y,right_hip_x,right_hip_y,right_knee_x,right_knee_y,right_ankle_x,right_ankle_y,left_hip_x,left_hip_y,left_knee_x,left_knee_y,left_ankle_x,left_ankle_y
0.509765625,0.23884976525821597,0.525390625,0.42664319248826293,0.462890625,0.3855633802816901,0.451171875,0.5088028169014085,0.458984375,0.6085680751173709,0.521484375,0.3796948356807512,0.580078125,0.3562206572769953,0.619140625,0.45011737089201875,0.634765625,0.5088028169014085,0.541015625,0.5733568075117371,0.501953125,0.579225352112676,0.513671875,0.7435446009389671,0.513671875,0.7024647887323944,0.572265625,0.5616197183098591,0.580078125,0.6965962441314554,0.583984375,0.6965962441314554
