head_top_x,head_top_y,upper_neck_x,upper_neck_y,right_shoulder_x,right_shoulder_y,right_elbow_x,right_elbow_y,right_wrist_x,right_wrist_y,thorax_x,thorax_y,left_shoulder_x,left_shoulder_y,left_elbow_x,left_elbow_y,left_wrist_x,left_wrist_y,pelvis_x,pelvis_y,right_hip_x,right_hip_y,right_knee_x,right_knee_y,right_ankle_x,right_ankle_y,left_hip_x,left_hip_y,left_knee_x,left_knee_y,left_ankle_x,left_ankle_y
0.478515625,0.026859504132231406,0.416015625,0.16322314049586778,0.302734375,0.12190082644628099,0.169921875,0.17148760330578514,0.103515625,0.22933884297520662,0.392578125,0.20867768595041322,0.486328125,0.22520661157024793,0.568359375,0.39462809917355374,0.650390625,0.5433884297520661,0.275390625,0.493801652892562,0.201171875,0.49793388429752067,0.474609375,0.518595041322314,0.564453125,0.7293388429752066,0.388671875,0.4896694214876033,0.666015625,0.6301652892561983,0.587890625,0.7293388429752066
