head_top_x,head_top_y,upper_neck_x,upper_neck_y,right_shoulder_x,right_shoulder_y,right_elbow_x,right_elbow_y,right_wrist_x,right_wrist_y,thorax_x,thorax_y,left_shoulder_x,left_shoulder_y,left_elbow_x,left_elbow_y,left_wrist_x,left_wrist_y,pelvis_x,pelvis_y,right_hip_x,right_hip_y,right_knee_x,right_knee_y,right_ankle_x,right_ankle_y,left_hip_x,left_hip_y,left_knee_x,left_knee_y,left_ankle_x,left_ankle_y
0.4870600414078675,0.169921875,0.5543478260869565,0.306640625,0.4767080745341615,0.310546875,0.4767080745341615,0.396484375,0.45082815734989645,0.478515625,0.5543478260869565,0.306640625,0.6268115942028986,0.298828125,0.6630434782608696,0.400390625,0.6837474120082816,0.482421875,0.5595238095238095,0.482421875,0.5181159420289855,0.482421875,0.5181159420289855,0.619140625,0.5232919254658385,0.763671875,0.6061076604554866,0.482421875,0.6061076604554866,0.607421875,0.6475155279503105,0.744140625
