head_top_x,head_top_y,upper_neck_x,upper_neck_y,right_shoulder_x,right_shoulder_y,right_elbow_x,right_elbow_y,right_wrist_x,right_wrist_y,thorax_x,thorax_y,left_shoulder_x,left_shoulder_y,left_elbow_x,left_elbow_y,left_wrist_x,left_wrist_y,pelvis_x,pelvis_y,right_hip_x,right_hip_y,right_knee_x,right_knee_y,right_ankle_x,right_ankle_y,left_hip_x,left_hip_y,left_knee_x,left_knee_y,left_ankle_x,left_ankle_y
0.470703125,0.19705882352941176,0.521484375,0.42058823529411765,0.455078125,0.36764705882352944,0.427734375,0.3911764705882353,0.392578125,0.5088235294117647,0.513671875,0.3911764705882353,0.556640625,0.42058823529411765,0.556640625,0.4852941176470588,0.486328125,0.65,0.544921875,0.5323529411764706,0.529296875,0.55,0.501953125,0.6264705882352941,0.533203125,0.7323529411764705,0.564453125,0.5205882352941177,0.814453125,0.47352941176470587,0.587890625,0.7441176470588236
