head_top_x,head_top_y,upper_neck_x,upper_neck_y,right_shoulder_x,right_shoulder_y,right_elbow_x,right_elbow_y,right_wrist_x,right_wrist_y,thorax_x,thorax_y,left_shoulder_x,left_shoulder_y,left_elbow_x,left_elbow_y,left_wrist_x,left_wrist_y,pelvis_x,pelvis_y,right_hip_x,right_hip_y,right_knee_x,right_knee_y,right_ankle_x,right_ankle_y,left_hip_x,left_hip_y,left_knee_x,left_knee_y,left_ankle_x,left_ankle_y
0.5234375,0.044921875,0.5026041666666666,0.197265625,0.3984375,0.181640625,0.3411458333333333,0.240234375,0.3567708333333333,0.271484375,0.4973958333333333,0.216796875,0.5963541666666666,0.255859375,0.6015625,0.396484375,0.4817708333333333,0.345703125,0.4765625,0.474609375,0.4244791666666667,0.466796875,0.4661458333333333,0.673828125,0.5182291666666666,0.830078125,0.5338541666666666,0.482421875,0.5026041666666666,0.689453125,0.5234375,0.865234375
