head_top_x,head_top_y,upper_neck_x,upper_neck_y,right_shoulder_x,right_shoulder_y,right_elbow_x,right_elbow_y,right_wrist_x,right_wrist_y,thorax_x,thorax_y,left_shoulder_x,left_shoulder_y,left_elbow_x,left_elbow_y,left_wrist_x,left_wrist_y,pelvis_x,pelvis_y,right_hip_x,right_hip_y,right_knee_x,right_knee_y,right_ankle_x,right_ankle_y,left_hip_x,left_hip_y,left_knee_x,left_knee_y,left_ankle_x,left_ankle_y
0.193359375,0.39829396325459315,0.494140625,0.36548556430446194,0.505859375,0.28018372703412076,0.416015625,0.286745406824147,0.404296875,0.3720472440944882,0.548828125,0.3195538057742782,0.615234375,0.3064304461942257,0.611328125,0.3195538057742782,0.611328125,0.3064304461942257,0.455078125,0.46391076115485563,0.443359375,0.4704724409448819,0.458984375,0.5688976377952756,0.455078125,0.6082677165354331,0.470703125,0.4573490813648294,0.458984375,0.5295275590551181,0.455078125,0.6017060367454068
