head_top_x,head_top_y,upper_neck_x,upper_neck_y,right_shoulder_x,right_shoulder_y,right_elbow_x,right_elbow_y,right_wrist_x,right_wrist_y,thorax_x,thorax_y,left_shoulder_x,left_shoulder_y,left_elbow_x,left_elbow_y,left_wrist_x,left_wrist_y,pelvis_x,pelvis_y,right_hip_x,right_hip_y,right_knee_x,right_knee_y,right_ankle_x,right_ankle_y,left_hip_x,left_hip_y,left_knee_x,left_knee_y,left_ankle_x,left_ankle_y
0.572265625,0.055619266055045885,0.611328125,0.23910550458715596,0.541015625,0.1989678899082569,0.474609375,0.3423165137614679,0.443359375,0.4569954128440367,0.611328125,0.20470183486238533,0.677734375,0.1989678899082569,0.732421875,0.27924311926605505,0.775390625,0.3881880733944954,0.615234375,0.39392201834862384,0.580078125,0.39392201834862384,0.544921875,0.5774082568807339,0.544921875,0.8124999999999999,0.658203125,0.40538990825688076,0.705078125,0.617545871559633,0.771484375,0.7436926605504586
