head_top_x,head_top_y,upper_neck_x,upper_neck_y,right_shoulder_x,right_shoulder_y,right_elbow_x,right_elbow_y,right_wrist_x,right_wrist_y,thorax_x,thorax_y,left_shoulder_x,left_shoulder_y,left_elbow_x,left_elbow_y,left_wrist_x,left_wrist_y,pelvis_x,pelvis_y,right_hip_x,right_hip_y,right_knee_x,right_knee_y,right_ankle_x,right_ankle_y,left_hip_x,left_hip_y,left_knee_x,left_knee_y,left_ankle_x,left_ankle_y
0.544921875,0.2862997658079625,0.544921875,0.47365339578454335,0.513671875,0.4853629976580796,0.525390625,0.5263466042154566,0.552734375,0.620023419203747,0.544921875,0.4385245901639344,0.580078125,0.41510538641686184,0.533203125,0.5263466042154566,0.548828125,0.6024590163934426,0.513671875,0.5322014051522248,0.498046875,0.538056206088993,0.498046875,0.44437939110070257,0.486328125,0.37412177985948475,0.521484375,0.538056206088993,0.486328125,0.5087822014051522,0.521484375,0.37997658079625296
