head_top_x,head_top_y,upper_neck_x,upper_neck_y,right_shoulder_x,right_shoulder_y,right_elbow_x,right_elbow_y,right_wrist_x,right_wrist_y,thorax_x,thorax_y,left_shoulder_x,left_shoulder_y,left_elbow_x,left_elbow_y,left_wrist_x,left_wrist_y,pelvis_x,pelvis_y,right_hip_x,right_hip_y,right_knee_x,right_knee_y,right_ankle_x,right_ankle_y,left_hip_x,left_hip_y,left_knee_x,left_knee_y,left_ankle_x,left_ankle_y
0.44847670250896055,0.037109375,0.4081541218637993,0.181640625,0.2961469534050179,0.181640625,0.30510752688172044,0.302734375,0.4260752688172043,0.369140625,0.403673835125448,0.197265625,0.5112007168458781,0.208984375,0.650089605734767,0.322265625,0.6814516129032259,0.416015625,0.35439068100358423,0.416015625,0.2827060931899642,0.423828125,0.32750896057347667,0.505859375,0.39471326164874554,0.705078125,0.4350358422939068,0.408203125,0.5649641577060932,0.482421875,0.5918458781362007,0.677734375
