head_top_x,head_top_y,upper_neck_x,upper_neck_y,right_shoulder_x,right_shoulder_y,right_elbow_x,right_elbow_y,right_wrist_x,right_wrist_y,thorax_x,thorax_y,left_shoulder_x,left_shoulder_y,left_elbow_x,left_elbow_y,left_wrist_x,left_wrist_y,pelvis_x,pelvis_y,right_hip_x,right_hip_y,right_knee_x,right_knee_y,right_ankle_x,right_ankle_y,left_hip_x,left_hip_y,left_knee_x,left_knee_y,left_ankle_x,left_ankle_y
0.5088028169014085,0.197265625,0.5557511737089201,0.349609375,0.42664319248826293,0.353515625,0.42664319248826293,0.458984375,0.4442488262910798,0.533203125,0.5616197183098591,0.361328125,0.7083333333333334,0.361328125,0.7963615023474178,0.478515625,0.6613849765258216,0.544921875,0.5557511737089201,0.599609375,0.48532863849765256,0.583984375,0.27992957746478875,0.701171875,0.43838028169014087,0.857421875,0.6320422535211268,0.611328125,0.4325117370892019,0.732421875,0.6026995305164319,0.876953125
