head_top_x,head_top_y,upper_neck_x,upper_neck_y,right_shoulder_x,right_shoulder_y,right_elbow_x,right_elbow_y,right_wrist_x,right_wrist_y,thorax_x,thorax_y,left_shoulder_x,left_shoulder_y,left_elbow_x,left_elbow_y,left_wrist_x,left_wrist_y,pelvis_x,pelvis_y,right_hip_x,right_hip_y,right_knee_x,right_knee_y,right_ankle_x,right_ankle_y,left_hip_x,left_hip_y,left_knee_x,left_knee_y,left_ankle_x,left_ankle_y
0.6700477326968974,0.326171875,0.5805489260143198,0.435546875,0.5686157517899761,0.451171875,0.502983293556086,0.470703125,0.15692124105011931,0.470703125,0.5865155131264916,0.423828125,0.6581145584725537,0.447265625,0.4850835322195704,0.392578125,0.46121718377088305,0.380859375,0.38365155131264916,0.412109375,0.3299522673031026,0.404296875,0.33591885441527447,0.611328125,0.47315035799522676,0.763671875,0.4075178997613365,0.419921875,0.5805489260143198,0.662109375,0.49105011933174225,0.763671875
