head_top_x,head_top_y,upper_neck_x,upper_neck_y,right_shoulder_x,right_shoulder_y,right_elbow_x,right_elbow_y,right_wrist_x,right_wrist_y,thorax_x,thorax_y,left_shoulder_x,left_shoulder_y,left_elbow_x,left_elbow_y,left_wrist_x,left_wrist_y,pelvis_x,pelvis_y,right_hip_x,right_hip_y,right_knee_x,right_knee_y,right_ankle_x,right_ankle_y,left_hip_x,left_hip_y,left_knee_x,left_knee_y,left_ankle_x,left_ankle_y
0.5381455399061033,0.205078125,0.5205399061032864,0.333984375,0.4735915492957746,0.330078125,0.45598591549295775,0.412109375,0.3855633802816901,0.482421875,0.5205399061032864,0.330078125,0.5557511737089201,0.330078125,0.5264084507042254,0.396484375,0.5674882629107981,0.294921875,0.5029342723004695,0.513671875,0.49119718309859156,0.513671875,0.5616197183098591,0.654296875,0.5616197183098591,0.771484375,0.5264084507042254,0.517578125,0.5205399061032864,0.662109375,0.5674882629107981,0.783203125
