head_top_x,head_top_y,upper_neck_x,upper_neck_y,right_shoulder_x,right_shoulder_y,right_elbow_x,right_elbow_y,right_wrist_x,right_wrist_y,thorax_x,thorax_y,left_shoulder_x,left_shoulder_y,left_elbow_x,left_elbow_y,left_wrist_x,left_wrist_y,pelvis_x,pelvis_y,right_hip_x,right_hip_y,right_knee_x,right_knee_y,right_ankle_x,right_ankle_y,left_hip_x,left_hip_y,left_knee_x,left_knee_y,left_ankle_x,left_ankle_y
0.4853629976580796,0.525390625,0.5790398126463701,0.634765625,0.4970725995316159,0.654296875,0.4385245901639344,0.513671875,0.5087822014051522,0.560546875,0.5731850117096019,0.626953125,0.6668618266978923,0.611328125,0.7488290398126464,0.662109375,0.5556206088992974,0.357421875,0.46194379391100704,0.412109375,0.42681498829039816,0.412109375,0.3975409836065574,0.470703125,0.4677985948477752,0.302734375,0.5087822014051522,0.412109375,0.5322014051522248,0.318359375,0.42681498829039816,0.287109375
