head_top_x,head_top_y,upper_neck_x,upper_neck_y,right_shoulder_x,right_shoulder_y,right_elbow_x,right_elbow_y,right_wrist_x,right_wrist_y,thorax_x,thorax_y,left_shoulder_x,left_shoulder_y,left_elbow_x,left_elbow_y,left_wrist_x,left_wrist_y,pelvis_x,pelvis_y,right_hip_x,right_hip_y,right_knee_x,right_knee_y,right_ankle_x,right_ankle_y,left_hip_x,left_hip_y,left_knee_x,left_knee_y,left_ankle_x,left_ankle_y
0.439453125,0.20502336448598132,0.419921875,0.4211448598130841,0.357421875,0.4328271028037383,0.369140625,0.532126168224299,0.451171875,0.584696261682243,0.419921875,0.415303738317757,0.478515625,0.415303738317757,0.529296875,0.47955607476635514,0.498046875,0.5496495327102804,0.447265625,0.5438084112149533,0.412109375,0.5613317757009346,0.408203125,0.6022196261682243,0.455078125,0.6489485981308412,0.482421875,0.532126168224299,0.529296875,0.5438084112149533,0.521484375,0.6489485981308412
