head_top_x,head_top_y,upper_neck_x,upper_neck_y,right_shoulder_x,right_shoulder_y,right_elbow_x,right_elbow_y,right_wrist_x,right_wrist_y,thorax_x,thorax_y,left_shoulder_x,left_shoulder_y,left_elbow_x,left_elbow_y,left_wrist_x,left_wrist_y,pelvis_x,pelvis_y,right_hip_x,right_hip_y,right_knee_x,right_knee_y,right_ankle_x,right_ankle_y,left_hip_x,left_hip_y,left_knee_x,left_knee_y,left_ankle_x,left_ankle_y
0.337890625,0.37997658079625296,0.447265625,0.3097189695550351,0.427734375,0.3038641686182669,0.384765625,0.3507025761124121,0.392578125,0.42681498829039816,0.474609375,0.3038641686182669,0.525390625,0.3097189695550351,0.576171875,0.37997658079625296,0.599609375,0.43266978922716626,0.529296875,0.4970725995316159,0.486328125,0.5204918032786885,0.568359375,0.5497658079625293,0.623046875,0.6434426229508197,0.548828125,0.47950819672131145,0.595703125,0.5497658079625293,0.642578125,0.6258782201405152
