head_top_x,head_top_y,upper_neck_x,upper_neck_y,right_shoulder_x,right_shoulder_y,right_elbow_x,right_elbow_y,right_wrist_x,right_wrist_y,thorax_x,thorax_y,left_shoulder_x,left_shoulder_y,left_elbow_x,left_elbow_y,left_wrist_x,left_wrist_y,pelvis_x,pelvis_y,right_hip_x,right_hip_y,right_knee_x,right_knee_y,right_ankle_x,right_ankle_y,left_hip_x,left_hip_y,left_knee_x,left_knee_y,left_ankle_x,left_ankle_y
0.44553941908713696,0.134765625,0.44553941908713696,0.271484375,0.35217842323651455,0.287109375,0.3054979253112033,0.388671875,0.3366182572614108,0.373046875,0.44553941908713696,0.291015625,0.5492738589211619,0.287109375,0.6218879668049793,0.380859375,0.6945020746887967,0.466796875,0.43516597510373445,0.509765625,0.37811203319502074,0.509765625,0.34699170124481327,0.693359375,0.43516597510373445,0.833984375,0.49221991701244816,0.509765625,0.48184647302904565,0.697265625,0.4507261410788382,0.865234375
