head_top_x,head_top_y,upper_neck_x,upper_neck_y,right_shoulder_x,right_shoulder_y,right_elbow_x,right_elbow_y,right_wrist_x,right_wrist_y,thorax_x,thorax_y,left_shoulder_x,left_shoulder_y,left_elbow_x,left_elbow_y,left_wrist_x,left_wrist_y,pelvis_x,pelvis_y,right_hip_x,right_hip_y,right_knee_x,right_knee_y,right_ankle_x,right_ankle_y,left_hip_x,left_hip_y,left_knee_x,left_knee_y,left_ankle_x,left_ankle_y
0.4853629976580796,0.384765625,0.5848946135831382,0.513671875,0.4853629976580796,0.517578125,0.43266978922716626,0.599609375,0.36241217798594844,0.638671875,0.5790398126463701,0.494140625,0.6727166276346604,0.478515625,0.7605386416861827,0.513671875,0.7371194379391101,0.525390625,0.6610070257611241,0.623046875,0.620023419203747,0.634765625,0.6141686182669789,0.705078125,0.6434426229508197,0.728515625,0.7019906323185011,0.607421875,0.7488290398126464,0.673828125,0.7605386416861827,0.728515625
