head_top_x,head_top_y,upper_neck_x,upper_neck_y,right_shoulder_x,right_shoulder_y,right_elbow_x,right_elbow_y,right_wrist_x,right_wrist_y,thorax_x,thorax_y,left_shoulder_x,left_shoulder_y,left_elbow_x,left_elbow_y,left_wrist_x,left_wrist_y,pelvis_x,pelvis_y,right_hip_x,right_hip_y,right_knee_x,right_knee_y,right_ankle_x,right_ankle_y,left_hip_x,left_hip_y,left_knee_x,left_knee_y,left_ankle_x,left_ankle_y
0.708984375,0.5688325991189427,0.564453125,0.45870044052863435,0.537109375,0.414647577092511,0.650390625,0.3871145374449339,0.568359375,0.27698237885462557,0.544921875,0.42566079295154186,0.548828125,0.4036343612334802,0.658203125,0.3871145374449339,0.572265625,0.28248898678414097,0.470703125,0.5192731277533039,0.443359375,0.5027533039647577,0.599609375,0.6073788546255506,0.732421875,0.8001101321585904,0.505859375,0.5082599118942731,0.720703125,0.6734581497797357,0.736328125,0.7890969162995596
