head_top_x,head_top_y,upper_neck_x,upper_neck_y,right_shoulder_x,right_shoulder_y,right_elbow_x,right_elbow_y,right_wrist_x,right_wrist_y,thorax_x,thorax_y,left_shoulder_x,left_shoulder_y,left_elbow_x,left_elbow_y,left_wrist_x,left_wrist_y,pelvis_x,pelvis_y,right_hip_x,right_hip_y,right_knee_x,right_knee_y,right_ankle_x,right_ankle_y,left_hip_x,left_hip_y,left_knee_x,left_knee_y,left_ankle_x,left_ankle_y
0.763671875,0.3203125,0.646484375,0.3776041666666667,0.595703125,0.3671875,0.564453125,0.4765625,0.314453125,0.4036458333333333,0.623046875,0.3723958333333333,0.630859375,0.3880208333333333,0.564453125,0.4765625,0.458984375,0.4661458333333333,0.337890625,0.4348958333333333,0.298828125,0.4401041666666667,0.349609375,0.6588541666666666,0.365234375,0.8463541666666666,0.384765625,0.4505208333333333,0.412109375,0.5963541666666666,0.388671875,0.8880208333333334
