head_top_x,head_top_y,upper_neck_x,upper_neck_y,right_shoulder_x,right_shoulder_y,right_elbow_x,right_elbow_y,right_wrist_x,right_wrist_y,thorax_x,thorax_y,left_shoulder_x,left_shoulder_y,left_elbow_x,left_elbow_y,left_wrist_x,left_wrist_y,pelvis_x,pelvis_y,right_hip_x,right_hip_y,right_knee_x,right_knee_y,right_ankle_x,right_ankle_y,left_hip_x,left_hip_y,left_knee_x,left_knee_y,left_ankle_x,left_ankle_y
0.4817708333333333,0.162109375,0.4869791666666667,0.310546875,0.4296875,0.322265625,0.3723958333333333,0.384765625,0.3619791666666667,0.427734375,0.4869791666666667,0.322265625,0.5494791666666666,0.322265625,0.5807291666666666,0.380859375,0.5598958333333334,0.455078125,0.4817708333333333,0.443359375,0.4609375,0.443359375,0.4505208333333333,0.548828125,0.4453125,0.634765625,0.5078125,0.443359375,0.4869791666666667,0.552734375,0.5130208333333334,0.650390625
