head_top_x,head_top_y,upper_neck_x,upper_neck_y,right_shoulder_x,right_shoulder_y,right_elbow_x,right_elbow_y,right_wrist_x,right_wrist_y,thorax_x,thorax_y,left_shoulder_x,left_shoulder_y,left_elbow_x,left_elbow_y,left_wrist_x,left_wrist_y,pelvis_x,pelvis_y,right_hip_x,right_hip_y,right_knee_x,right_knee_y,right_ankle_x,right_ankle_y,left_hip_x,left_hip_y,left_knee_x,left_knee_y,left_ankle_x,left_ankle_y
0.4453125,0.224609375,0.4453125,0.287109375,0.4140625,0.294921875,0.3359375,0.466796875,0.4661458333333333,0.474609375,0.4348958333333333,0.302734375,0.4661458333333333,0.310546875,0.4973958333333333,0.392578125,0.5338541666666666,0.474609375,0.4192708333333333,0.482421875,0.3984375,0.490234375,0.4348958333333333,0.583984375,0.5026041666666666,0.751953125,0.4557291666666667,0.478515625,0.5182291666666666,0.568359375,0.5494791666666666,0.759765625
