head_top_x,head_top_y,upper_neck_x,upper_neck_y,right_shoulder_x,right_shoulder_y,right_elbow_x,right_elbow_y,right_wrist_x,right_wrist_y,thorax_x,thorax_y,left_shoulder_x,left_shoulder_y,left_elbow_x,left_elbow_y,left_wrist_x,left_wrist_y,pelvis_x,pelvis_y,right_hip_x,right_hip_y,right_knee_x,right_knee_y,right_ankle_x,right_ankle_y,left_hip_x,left_hip_y,left_knee_x,left_knee_y,left_ankle_x,left_ankle_y
0.5835129310344828,0.080078125,0.48114224137931033,0.193359375,0.4326508620689655,0.177734375,0.44342672413793105,0.259765625,0.556573275862069,0.322265625,0.4865301724137931,0.193359375,0.5457974137931034,0.201171875,0.556573275862069,0.291015625,0.5835129310344828,0.322265625,0.3787715517241379,0.341796875,0.3464439655172414,0.337890625,0.4110991379310345,0.494140625,0.27101293103448276,0.603515625,0.4110991379310345,0.341796875,0.41648706896551724,0.490234375,0.2817887931034483,0.595703125
