head_top_x,head_top_y,upper_neck_x,upper_neck_y,right_shoulder_x,right_shoulder_y,right_elbow_x,right_elbow_y,right_wrist_x,right_wrist_y,thorax_x,thorax_y,left_shoulder_x,left_shoulder_y,left_elbow_x,left_elbow_y,left_wrist_x,left_wrist_y,pelvis_x,pelvis_y,right_hip_x,right_hip_y,right_knee_x,right_knee_y,right_ankle_x,right_ankle_y,left_hip_x,left_hip_y,left_knee_x,left_knee_y,left_ankle_x,left_ankle_y
0.501953125,0.22135416666666666,0.478515625,0.4088541666666667,0.494140625,0.3984375,0.373046875,0.3671875,0.353515625,0.3203125,0.474609375,0.3984375,0.435546875,0.3880208333333333,0.349609375,0.3619791666666667,0.333984375,0.3046875,0.466796875,0.5182291666666666,0.474609375,0.5338541666666666,0.451171875,0.6484375,0.396484375,0.7317708333333334,0.451171875,0.5234375,0.447265625,0.6588541666666666,0.455078125,0.8359375
