head_top_x,head_top_y,upper_neck_x,upper_neck_y,right_shoulder_x,right_shoulder_y,right_elbow_x,right_elbow_y,right_wrist_x,right_wrist_y,thorax_x,thorax_y,left_shoulder_x,left_shoulder_y,left_elbow_x,left_elbow_y,left_wrist_x,left_wrist_y,pelvis_x,pelvis_y,right_hip_x,right_hip_y,right_knee_x,right_knee_y,right_ankle_x,right_ankle_y,left_hip_x,left_hip_y,left_knee_x,left_knee_y,left_ankle_x,left_ankle_y
0.24531615925058545,0.291015625,0.3331381733021077,0.423828125,0.43266978922716626,0.416015625,0.5204918032786885,0.505859375,0.4677985948477752,0.451171875,0.3331381733021077,0.427734375,0.23946135831381732,0.451171875,0.2628805620608899,0.513671875,0.33899297423887587,0.517578125,0.3916861826697892,0.576171875,0.4385245901639344,0.572265625,0.5848946135831382,0.658203125,0.5322014051522248,0.853515625,0.344847775175644,0.580078125,0.49121779859484777,0.654296875,0.5263466042154566,0.849609375
