head_top_x,head_top_y,upper_neck_x,upper_neck_y,right_shoulder_x,right_shoulder_y,right_elbow_x,right_elbow_y,right_wrist_x,right_wrist_y,thorax_x,thorax_y,left_shoulder_x,left_shoulder_y,left_elbow_x,left_elbow_y,left_wrist_x,left_wrist_y,pelvis_x,pelvis_y,right_hip_x,right_hip_y,right_knee_x,right_knee_y,right_ankle_x,right_ankle_y,left_hip_x,left_hip_y,left_knee_x,left_knee_y,left_ankle_x,left_ankle_y
0.357421875,0.3203125,0.384765625,0.5182291666666666,0.322265625,0.5078125,0.302734375,0.6328125,0.255859375,0.5911458333333334,0.388671875,0.5182291666666666,0.455078125,0.5234375,0.447265625,0.6901041666666666,0.365234375,0.7265625,0.388671875,0.7109375,0.361328125,0.6901041666666666,0.283203125,0.7421875,0.291015625,0.9192708333333334,0.423828125,0.7265625,0.337890625,0.7578125,0.341796875,0.9401041666666666
