head_top_x,head_top_y,upper_neck_x,upper_neck_y,right_shoulder_x,right_shoulder_y,right_elbow_x,right_elbow_y,right_wrist_x,right_wrist_y,thorax_x,thorax_y,left_shoulder_x,left_shoulder_y,left_elbow_x,left_elbow_y,left_wrist_x,left_wrist_y,pelvis_x,pelvis_y,right_hip_x,right_hip_y,right_knee_x,right_knee_y,right_ankle_x,right_ankle_y,left_hip_x,left_hip_y,left_knee_x,left_knee_y,left_ankle_x,left_ankle_y
0.373046875,0.16816367265469062,0.330078125,0.25798403193612773,0.333984375,0.31786427145708585,0.416015625,0.3378243512974052,0.419921875,0.14820359281437126,0.349609375,0.25798403193612773,0.544921875,0.40768463073852296,0.439453125,0.3328343313373254,0.576171875,0.3478043912175649,0.572265625,0.437624750499002,0.576171875,0.4276447105788423,0.611328125,0.6022954091816367,0.611328125,0.7769461077844311,0.560546875,0.4426147704590818,0.583984375,0.5923153692614771,0.595703125,0.7619760479041915
