head_top_x,head_top_y,upper_neck_x,upper_neck_y,right_shoulder_x,right_shoulder_y,right_elbow_x,right_elbow_y,right_wrist_x,right_wrist_y,thorax_x,thorax_y,left_shoulder_x,left_shoulder_y,left_elbow_x,left_elbow_y,left_wrist_x,left_wrist_y,pelvis_x,pelvis_y,right_hip_x,right_hip_y,right_knee_x,right_knee_y,right_ankle_x,right_ankle_y,left_hip_x,left_hip_y,left_knee_x,left_knee_y,left_ankle_x,left_ankle_y
0.232421875,0.19190140845070425,0.259765625,0.3914319248826291,0.169921875,0.4794600938967136,0.279296875,0.6085680751173709,0.365234375,0.6261737089201878,0.259765625,0.43838028169014087,0.333984375,0.3796948356807512,0.427734375,0.5088028169014085,0.365234375,0.6613849765258216,0.423828125,0.6613849765258216,0.388671875,0.6848591549295775,0.517578125,0.8022300469483568,0.611328125,0.9665492957746478,0.451171875,0.6261737089201878,0.595703125,0.7083333333333334,0.646484375,0.9548122065727699
