head_top_x,head_top_y,upper_neck_x,upper_neck_y,right_shoulder_x,right_shoulder_y,right_elbow_x,right_elbow_y,right_wrist_x,right_wrist_y,thorax_x,thorax_y,left_shoulder_x,left_shoulder_y,left_elbow_x,left_elbow_y,left_wrist_x,left_wrist_y,pelvis_x,pelvis_y,right_hip_x,right_hip_y,right_knee_x,right_knee_y,right_ankle_x,right_ankle_y,left_hip_x,left_hip_y,left_knee_x,left_knee_y,left_ankle_x,left_ankle_y
0.25227272727272726,0.310546875,0.5159090909090909,0.447265625,0.29772727272727273,0.380859375,0.43863636363636366,0.443359375,0.5159090909090909,0.408203125,0.48863636363636365,0.357421875,0.48409090909090907,0.361328125,0.48409090909090907,0.435546875,0.5431818181818182,0.404296875,0.5113636363636364,0.517578125,0.475,0.525390625,0.525,0.541015625,0.6522727272727272,0.529296875,0.5295454545454545,0.513671875,0.5613636363636364,0.482421875,0.7068181818181818,0.525390625
