head_top_x,head_top_y,upper_neck_x,upper_neck_y,right_shoulder_x,right_shoulder_y,right_elbow_x,right_elbow_y,right_wrist_x,right_wrist_y,thorax_x,thorax_y,left_shoulder_x,left_shoulder_y,left_elbow_x,left_elbow_y,left_wrist_x,left_wrist_y,pelvis_x,pelvis_y,right_hip_x,right_hip_y,right_knee_x,right_knee_y,right_ankle_x,right_ankle_y,left_hip_x,left_hip_y,left_knee_x,left_knee_y,left_ankle_x,left_ankle_y
0.521484375,0.4973958333333333,0.501953125,0.3984375,0.419921875,0.4088541666666667,0.388671875,0.4244791666666667,0.466796875,0.3151041666666667,0.494140625,0.3880208333333333,0.548828125,0.4036458333333333,0.556640625,0.4713541666666667,0.509765625,0.3255208333333333,0.462890625,0.5234375,0.427734375,0.5234375,0.388671875,0.6744791666666666,0.369140625,0.8046875,0.498046875,0.5338541666666666,0.470703125,0.6901041666666666,0.451171875,0.7786458333333334
