head_top_x,head_top_y,upper_neck_x,upper_neck_y,right_shoulder_x,right_shoulder_y,right_elbow_x,right_elbow_y,right_wrist_x,right_wrist_y,thorax_x,thorax_y,left_shoulder_x,left_shoulder_y,left_elbow_x,left_elbow_y,left_wrist_x,left_wrist_y,pelvis_x,pelvis_y,right_hip_x,right_hip_y,right_knee_x,right_knee_y,right_ankle_x,right_ankle_y,left_hip_x,left_hip_y,left_knee_x,left_knee_y,left_ankle_x,left_ankle_y
0.4299792531120332,0.029296875,0.4299792531120332,0.181640625,0.2691908713692946,0.251953125,0.17582987551867219,0.392578125,0.3054979253112033,0.482421875,0.4299792531120332,0.240234375,0.5855809128630706,0.232421875,0.6530082987551867,0.392578125,0.6893153526970954,0.310546875,0.44553941908713696,0.505859375,0.3573651452282158,0.509765625,0.404045643153527,0.669921875,0.34699170124481327,0.822265625,0.5337136929460581,0.505859375,0.5596473029045643,0.677734375,0.5440871369294605,0.876953125
