head_top_x,head_top_y,upper_neck_x,upper_neck_y,right_shoulder_x,right_shoulder_y,right_elbow_x,right_elbow_y,right_wrist_x,right_wrist_y,thorax_x,thorax_y,left_shoulder_x,left_shoulder_y,left_elbow_x,left_elbow_y,left_wrist_x,left_wrist_y,pelvis_x,pelvis_y,right_hip_x,right_hip_y,right_knee_x,right_knee_y,right_ankle_x,right_ankle_y,left_hip_x,left_hip_y,left_knee_x,left_knee_y,left_ankle_x,left_ankle_y
0.6017745302713987,0.044921875,0.5234864300626305,0.177734375,0.4451983298538622,0.185546875,0.3564718162839248,0.326171875,0.38778705636743216,0.435546875,0.5182672233820459,0.201171875,0.5808977035490606,0.220703125,0.6017745302713987,0.349609375,0.6905010438413361,0.455078125,0.48173277661795405,0.466796875,0.45563674321503134,0.466796875,0.5130480167014614,0.658203125,0.49739039665970775,0.845703125,0.5182672233820459,0.466796875,0.5130480167014614,0.646484375,0.4869519832985386,0.830078125
