head_top_x,head_top_y,upper_neck_x,upper_neck_y,right_shoulder_x,right_shoulder_y,right_elbow_x,right_elbow_y,right_wrist_x,right_wrist_y,thorax_x,thorax_y,left_shoulder_x,left_shoulder_y,left_elbow_x,left_elbow_y,left_wrist_x,left_wrist_y,pelvis_x,pelvis_y,right_hip_x,right_hip_y,right_knee_x,right_knee_y,right_ankle_x,right_ankle_y,left_hip_x,left_hip_y,left_knee_x,left_knee_y,left_ankle_x,left_ankle_y
0.615234375,0.1132172131147541,0.580078125,0.3078893442622951,0.486328125,0.31301229508196726,0.337890625,0.35399590163934425,0.197265625,0.3744877049180328,0.568359375,0.33350409836065575,0.638671875,0.3488729508196721,0.708984375,0.45133196721311475,0.708984375,0.6050204918032787,0.560546875,0.6203893442622951,0.498046875,0.6357581967213115,0.599609375,0.461577868852459,0.658203125,0.6408811475409836,0.615234375,0.6203893442622951,0.736328125,0.4103483606557377,0.712890625,0.6460040983606558
