head_top_x,head_top_y,upper_neck_x,upper_neck_y,right_shoulder_x,right_shoulder_y,right_elbow_x,right_elbow_y,right_wrist_x,right_wrist_y,thorax_x,thorax_y,left_shoulder_x,left_shoulder_y,left_elbow_x,left_elbow_y,left_wrist_x,left_wrist_y,pelvis_x,pelvis_y,right_hip_x,right_hip_y,right_knee_x,right_knee_y,right_ankle_x,right_ankle_y,left_hip_x,left_hip_y,left_knee_x,left_knee_y,left_ankle_x,left_ankle_y
0.763671875,0.1146322378716745,0.455078125,0.2750391236306729,0.673828125,0.27895148669796554,0.572265625,0.38067292644757433,0.517578125,0.505868544600939,0.455078125,0.318075117370892,0.455078125,0.3454616588419405,0.681640625,0.44327073552425666,0.630859375,0.505868544600939,0.537109375,0.48630672926447577,0.544921875,0.46674491392801254,0.427734375,0.6193270735524258,0.478515625,0.7719092331768389,0.568359375,0.49413145539906106,0.498046875,0.6310641627543037,0.490234375,0.7640845070422536
