head_top_x,head_top_y,upper_neck_x,upper_neck_y,right_shoulder_x,right_shoulder_y,right_elbow_x,right_elbow_y,right_wrist_x,right_wrist_y,thorax_x,thorax_y,left_shoulder_x,left_shoulder_y,left_elbow_x,left_elbow_y,left_wrist_x,left_wrist_y,pelvis_x,pelvis_y,right_hip_x,right_hip_y,right_knee_x,right_knee_y,right_ankle_x,right_ankle_y,left_hip_x,left_hip_y,left_knee_x,left_knee_y,left_ankle_x,left_ankle_y
0.564453125,0.09705882352941177,0.611328125,0.2676470588235294,0.583984375,0.2852941176470588,0.544921875,0.3735294117647059,0.478515625,0.42058823529411765,0.611328125,0.2735294117647059,0.626953125,0.2735294117647059,0.681640625,0.38529411764705884,0.580078125,0.2088235294117647,0.646484375,0.49117647058823527,0.626953125,0.49117647058823527,0.576171875,0.6323529411764706,0.630859375,0.8029411764705883,0.669921875,0.47941176470588237,0.673828125,0.6676470588235294,0.740234375,0.85
