head_top_x,head_top_y,upper_neck_x,upper_neck_y,right_shoulder_x,right_shoulder_y,right_elbow_x,right_elbow_y,right_wrist_x,right_wrist_y,thorax_x,thorax_y,left_shoulder_x,left_shoulder_y,left_elbow_x,left_elbow_y,left_wrist_x,left_wrist_y,pelvis_x,pelvis_y,right_hip_x,right_hip_y,right_knee_x,right_knee_y,right_ankle_x,right_ankle_y,left_hip_x,left_hip_y,left_knee_x,left_knee_y,left_ankle_x,left_ankle_y
0.759765625,0.0460701947236181,0.732421875,0.2129200690954774,0.681640625,0.19819802135678394,0.619140625,0.2129200690954774,0.556640625,0.18838332286432163,0.732421875,0.2129200690954774,0.787109375,0.23745681532663318,0.833984375,0.3552331972361809,0.755859375,0.4043066896984925,0.701171875,0.46319488065326636,0.677734375,0.453380182160804,0.642578125,0.6349521042713567,0.662109375,0.8018019786432161,0.724609375,0.47300957914572866,0.732421875,0.6643961997487438,0.744140625,0.8459681218592965
