head_top_x,head_top_y,upper_neck_x,upper_neck_y,right_shoulder_x,right_shoulder_y,right_elbow_x,right_elbow_y,right_wrist_x,right_wrist_y,thorax_x,thorax_y,left_shoulder_x,left_shoulder_y,left_elbow_x,left_elbow_y,left_wrist_x,left_wrist_y,pelvis_x,pelvis_y,right_hip_x,right_hip_y,right_knee_x,right_knee_y,right_ankle_x,right_ankle_y,left_hip_x,left_hip_y,left_knee_x,left_knee_y,left_ankle_x,left_ankle_y
0.857421875,0.36572265625,0.583984375,0.48291015625,0.681640625,0.36083984375,0.677734375,0.36572265625,0.494140625,0.45849609375,0.583984375,0.46826171875,0.580078125,0.45849609375,0.623046875,0.41943359375,0.482421875,0.45361328125,0.560546875,0.46826171875,0.568359375,0.46337890625,0.533203125,0.57080078125,0.498046875,0.64892578125,0.564453125,0.47314453125,0.572265625,0.58544921875,0.525390625,0.68798828125
