head_top_x,head_top_y,upper_neck_x,upper_neck_y,right_shoulder_x,right_shoulder_y,right_elbow_x,right_elbow_y,right_wrist_x,right_wrist_y,thorax_x,thorax_y,left_shoulder_x,left_shoulder_y,left_elbow_x,left_elbow_y,left_wrist_x,left_wrist_y,pelvis_x,pelvis_y,right_hip_x,right_hip_y,right_knee_x,right_knee_y,right_ankle_x,right_ankle_y,left_hip_x,left_hip_y,left_knee_x,left_knee_y,left_ankle_x,left_ankle_y
0.5701663201663202,0.072265625,0.5597713097713097,0.216796875,0.4194386694386694,0.271484375,0.3414760914760915,0.439453125,0.409043659043659,0.556640625,0.5597713097713097,0.275390625,0.6897089397089397,0.283203125,0.6949064449064448,0.435546875,0.6429313929313929,0.341796875,0.487006237006237,0.646484375,0.38825363825363823,0.650390625,0.37266112266112267,0.818359375,0.2895010395010395,0.955078125,0.5805613305613305,0.630859375,0.6013513513513513,0.798828125,0.564968814968815,0.826171875
