head_top_x,head_top_y,upper_neck_x,upper_neck_y,right_shoulder_x,right_shoulder_y,right_elbow_x,right_elbow_y,right_wrist_x,right_wrist_y,thorax_x,thorax_y,left_shoulder_x,left_shoulder_y,left_elbow_x,left_elbow_y,left_wrist_x,left_wrist_y,pelvis_x,pelvis_y,right_hip_x,right_hip_y,right_knee_x,right_knee_y,right_ankle_x,right_ankle_y,left_hip_x,left_hip_y,left_knee_x,left_knee_y,left_ankle_x,left_ankle_y
0.478515625,0.16320072332730562,0.552734375,0.3078661844484629,0.529296875,0.29430379746835444,0.494140625,0.44801084990958406,0.541015625,0.48417721518987344,0.552734375,0.3214285714285714,0.544921875,0.3214285714285714,0.658203125,0.5158227848101266,0.537109375,0.4977396021699819,0.388671875,0.4615732368896926,0.369140625,0.4344484629294756,0.521484375,0.583634719710669,0.517578125,0.8141952983725136,0.435546875,0.4977396021699819,0.486328125,0.5429475587703436,0.537109375,0.8187160940325497
