head_top_x,head_top_y,upper_neck_x,upper_neck_y,right_shoulder_x,right_shoulder_y,right_elbow_x,right_elbow_y,right_wrist_x,right_wrist_y,thorax_x,thorax_y,left_shoulder_x,left_shoulder_y,left_elbow_x,left_elbow_y,left_wrist_x,left_wrist_y,pelvis_x,pelvis_y,right_hip_x,right_hip_y,right_knee_x,right_knee_y,right_ankle_x,right_ankle_y,left_hip_x,left_hip_y,left_knee_x,left_knee_y,left_ankle_x,left_ankle_y
0.287109375,0.20052083333333334,0.431640625,0.2838541666666667,0.447265625,0.2786458333333333,0.552734375,0.3932291666666667,0.572265625,0.4869791666666667,0.451171875,0.2838541666666667,0.419921875,0.2994791666666667,0.486328125,0.4140625,0.560546875,0.4869791666666667,0.494140625,0.5338541666666666,0.521484375,0.5234375,0.607421875,0.5546875,0.517578125,0.7421875,0.478515625,0.5234375,0.431640625,0.5651041666666666,0.451171875,0.7682291666666666
