head_top_x,head_top_y,upper_neck_x,upper_neck_y,right_shoulder_x,right_shoulder_y,right_elbow_x,right_elbow_y,right_wrist_x,right_wrist_y,thorax_x,thorax_y,left_shoulder_x,left_shoulder_y,left_elbow_x,left_elbow_y,left_wrist_x,left_wrist_y,pelvis_x,pelvis_y,right_hip_x,right_hip_y,right_knee_x,right_knee_y,right_ankle_x,right_ankle_y,left_hip_x,left_hip_y,left_knee_x,left_knee_y,left_ankle_x,left_ankle_y
0.322265625,0.620023419203747,0.439453125,0.31557377049180324,0.478515625,0.3214285714285714,0.517578125,0.37997658079625296,0.533203125,0.44437939110070257,0.439453125,0.3097189695550351,0.416015625,0.3214285714285714,0.435546875,0.3916861826697892,0.498046875,0.42681498829039816,0.458984375,0.46194379391100704,0.478515625,0.44437939110070257,0.470703125,0.4560889929742389,0.572265625,0.620023419203747,0.455078125,0.47365339578454335,0.466796875,0.43266978922716626,0.326171875,0.6610070257611241
