head_top_x,head_top_y,upper_neck_x,upper_neck_y,right_shoulder_x,right_shoulder_y,right_elbow_x,right_elbow_y,right_wrist_x,right_wrist_y,thorax_x,thorax_y,left_shoulder_x,left_shoulder_y,left_elbow_x,left_elbow_y,left_wrist_x,left_wrist_y,pelvis_x,pelvis_y,right_hip_x,right_hip_y,right_knee_x,right_knee_y,right_ankle_x,right_ankle_y,left_hip_x,left_hip_y,left_knee_x,left_knee_y,left_ankle_x,left_ankle_y
0.3475085910652921,0.236328125,0.45489690721649484,0.357421875,0.4720790378006873,0.365234375,0.49355670103092786,0.501953125,0.4334192439862543,0.583984375,0.4849656357388316,0.373046875,0.49785223367697595,0.388671875,0.5536941580756014,0.541015625,0.45489690721649484,0.623046875,0.6524914089347079,0.498046875,0.618127147766323,0.501953125,0.4634879725085911,0.576171875,0.4162371134020619,0.802734375,0.6825601374570447,0.494140625,0.6610824742268041,0.708984375,0.8586769759450171,0.794921875
