head_top_x,head_top_y,upper_neck_x,upper_neck_y,right_shoulder_x,right_shoulder_y,right_elbow_x,right_elbow_y,right_wrist_x,right_wrist_y,thorax_x,thorax_y,left_shoulder_x,left_shoulder_y,left_elbow_x,left_elbow_y,left_wrist_x,left_wrist_y,pelvis_x,pelvis_y,right_hip_x,right_hip_y,right_knee_x,right_knee_y,right_ankle_x,right_ankle_y,left_hip_x,left_hip_y,left_knee_x,left_knee_y,left_ankle_x,left_ankle_y
0.646484375,0.2043325526932084,0.611328125,0.41510538641686184,0.537109375,0.46194379391100704,0.478515625,0.5673302107728337,0.564453125,0.6258782201405152,0.607421875,0.3916861826697892,0.611328125,0.37412177985948475,0.615234375,0.47950819672131145,0.630859375,0.4853629976580796,0.443359375,0.5146370023419203,0.431640625,0.5263466042154566,0.353515625,0.5614754098360656,0.466796875,0.6024590163934426,0.458984375,0.5204918032786885,0.431640625,0.43266978922716626,0.474609375,0.5966042154566744
