head_top_x,head_top_y,upper_neck_x,upper_neck_y,right_shoulder_x,right_shoulder_y,right_elbow_x,right_elbow_y,right_wrist_x,right_wrist_y,thorax_x,thorax_y,left_shoulder_x,left_shoulder_y,left_elbow_x,left_elbow_y,left_wrist_x,left_wrist_y,pelvis_x,pelvis_y,right_hip_x,right_hip_y,right_knee_x,right_knee_y,right_ankle_x,right_ankle_y,left_hip_x,left_hip_y,left_knee_x,left_knee_y,left_ankle_x,left_ankle_y
0.431640625,0.6992318143812709,0.423828125,0.5097982859531772,0.365234375,0.5359270484949833,0.255859375,0.5424592391304348,0.142578125,0.5816523829431438,0.419921875,0.5293948578595318,0.423828125,0.5359270484949833,0.595703125,0.4902017140468227,0.689453125,0.5489914297658863,0.400390625,0.33996132943143814,0.392578125,0.3268969481605351,0.287109375,0.5359270484949833,0.142578125,0.6012489548494984,0.419921875,0.3464935200668896,0.517578125,0.13746341973244144,0.142578125,0.5816523829431438
