head_top_x,head_top_y,upper_neck_x,upper_neck_y,right_shoulder_x,right_shoulder_y,right_elbow_x,right_elbow_y,right_wrist_x,right_wrist_y,thorax_x,thorax_y,left_shoulder_x,left_shoulder_y,left_elbow_x,left_elbow_y,left_wrist_x,left_wrist_y,pelvis_x,pelvis_y,right_hip_x,right_hip_y,right_knee_x,right_knee_y,right_ankle_x,right_ankle_y,left_hip_x,left_hip_y,left_knee_x,left_knee_y,left_ankle_x,left_ankle_y
0.759765625,0.2745901639344262,0.623046875,0.3331381733021077,0.587890625,0.3097189695550351,0.486328125,0.37997658079625296,0.423828125,0.49121779859484777,0.634765625,0.32728337236533955,0.666015625,0.3331381733021077,0.611328125,0.43266978922716626,0.537109375,0.5322014051522248,0.501953125,0.4853629976580796,0.466796875,0.4853629976580796,0.470703125,0.5907494145199064,0.439453125,0.7605386416861827,0.537109375,0.47950819672131145,0.544921875,0.5848946135831382,0.529296875,0.7488290398126464
