head_top_x,head_top_y,upper_neck_x,upper_neck_y,right_shoulder_x,right_shoulder_y,right_elbow_x,right_elbow_y,right_wrist_x,right_wrist_y,thorax_x,thorax_y,left_shoulder_x,left_shoulder_y,left_elbow_x,left_elbow_y,left_wrist_x,left_wrist_y,pelvis_x,pelvis_y,right_hip_x,right_hip_y,right_knee_x,right_knee_y,right_ankle_x,right_ankle_y,left_hip_x,left_hip_y,left_knee_x,left_knee_y,left_ankle_x,left_ankle_y
0.392578125,0.04305230614973262,0.513671875,0.09005264037433156,0.462890625,0.10049715909090909,0.373046875,0.3250543114973262,0.322265625,0.48172209224598933,0.552734375,0.09527489973262032,0.705078125,0.10571941844919786,0.716796875,0.33549883021390375,0.681640625,0.4138327205882353,0.580078125,0.3877214237967914,0.521484375,0.40338820187165775,0.310546875,0.5913895387700535,0.416015625,0.7585018382352942,0.642578125,0.398165942513369,0.607421875,0.601834057486631,0.572265625,0.8107244318181818
