head_top_x,head_top_y,upper_neck_x,upper_neck_y,right_shoulder_x,right_shoulder_y,right_elbow_x,right_elbow_y,right_wrist_x,right_wrist_y,thorax_x,thorax_y,left_shoulder_x,left_shoulder_y,left_elbow_x,left_elbow_y,left_wrist_x,left_wrist_y,pelvis_x,pelvis_y,right_hip_x,right_hip_y,right_knee_x,right_knee_y,right_ankle_x,right_ankle_y,left_hip_x,left_hip_y,left_knee_x,left_knee_y,left_ankle_x,left_ankle_y
0.5444560669456067,0.189453125,0.575836820083682,0.330078125,0.4555439330543933,0.365234375,0.3300209205020921,0.490234375,0.42416317991631797,0.478515625,0.5862970711297071,0.376953125,0.6908995815899581,0.373046875,0.7432008368200836,0.490234375,0.575836820083682,0.447265625,0.5392259414225942,0.626953125,0.4503138075313807,0.615234375,0.2620292887029289,0.646484375,0.22541841004184102,0.841796875,0.6490585774058577,0.642578125,0.7484309623430963,0.701171875,0.27771966527196656,0.853515625
