head_top_x,head_top_y,upper_neck_x,upper_neck_y,right_shoulder_x,right_shoulder_y,right_elbow_x,right_elbow_y,right_wrist_x,right_wrist_y,thorax_x,thorax_y,left_shoulder_x,left_shoulder_y,left_elbow_x,left_elbow_y,left_wrist_x,left_wrist_y,pelvis_x,pelvis_y,right_hip_x,right_hip_y,right_knee_x,right_knee_y,right_ankle_x,right_ankle_y,left_hip_x,left_hip_y,left_knee_x,left_knee_y,left_ankle_x,left_ankle_y
0.763671875,0.2988197424892704,0.658203125,0.4007510729613734,0.650390625,0.39002145922746784,0.638671875,0.47585836909871243,0.763671875,0.486587982832618,0.666015625,0.3953862660944206,0.673828125,0.4061158798283262,0.642578125,0.47585836909871243,0.685546875,0.5080472103004292,0.380859375,0.42757510729613735,0.361328125,0.42757510729613735,0.623046875,0.5187768240343348,0.318359375,0.5026824034334764,0.408203125,0.43293991416309013,0.357421875,0.47049356223175964,0.298828125,0.486587982832618
