head_top_x,head_top_y,upper_neck_x,upper_neck_y,right_shoulder_x,right_shoulder_y,right_elbow_x,right_elbow_y,right_wrist_x,right_wrist_y,thorax_x,thorax_y,left_shoulder_x,left_shoulder_y,left_elbow_x,left_elbow_y,left_wrist_x,left_wrist_y,pelvis_x,pelvis_y,right_hip_x,right_hip_y,right_knee_x,right_knee_y,right_ankle_x,right_ankle_y,left_hip_x,left_hip_y,left_knee_x,left_knee_y,left_ankle_x,left_ankle_y
0.11197916666666667,0.404296875,0.3359375,0.517578125,0.1796875,0.443359375,0.20052083333333334,0.439453125,0.23697916666666666,0.384765625,0.3671875,0.525390625,0.2265625,0.443359375,0.4244791666666667,0.427734375,0.24739583333333334,0.376953125,0.3984375,0.533203125,0.3828125,0.544921875,0.6953125,0.564453125,0.4296875,0.751953125,0.4817708333333333,0.498046875,0.4348958333333333,0.611328125,0.4348958333333333,0.755859375
