head_top_x,head_top_y,upper_neck_x,upper_neck_y,right_shoulder_x,right_shoulder_y,right_elbow_x,right_elbow_y,right_wrist_x,right_wrist_y,thorax_x,thorax_y,left_shoulder_x,left_shoulder_y,left_elbow_x,left_elbow_y,left_wrist_x,left_wrist_y,pelvis_x,pelvis_y,right_hip_x,right_hip_y,right_knee_x,right_knee_y,right_ankle_x,right_ankle_y,left_hip_x,left_hip_y,left_knee_x,left_knee_y,left_ankle_x,left_ankle_y
0.451171875,0.1676470588235294,0.443359375,0.35,0.478515625,0.3382352941176471,0.513671875,0.42058823529411765,0.556640625,0.4676470588235294,0.451171875,0.3382352941176471,0.458984375,0.35,0.494140625,0.4264705882352941,0.544921875,0.47941176470588237,0.521484375,0.47941176470588237,0.529296875,0.47941176470588237,0.521484375,0.5970588235294118,0.564453125,0.7205882352941176,0.521484375,0.47352941176470587,0.560546875,0.5264705882352941,0.564453125,0.7029411764705882
