head_top_x,head_top_y,upper_neck_x,upper_neck_y,right_shoulder_x,right_shoulder_y,right_elbow_x,right_elbow_y,right_wrist_x,right_wrist_y,thorax_x,thorax_y,left_shoulder_x,left_shoulder_y,left_elbow_x,left_elbow_y,left_wrist_x,left_wrist_y,pelvis_x,pelvis_y,right_hip_x,right_hip_y,right_knee_x,right_knee_y,right_ankle_x,right_ankle_y,left_hip_x,left_hip_y,left_knee_x,left_knee_y,left_ankle_x,left_ankle_y
0.525390625,0.1574941451990632,0.431640625,0.31557377049180324,0.455078125,0.3331381733021077,0.509765625,0.47365339578454335,0.396484375,0.3682669789227166,0.439453125,0.32728337236533955,0.416015625,0.29215456674473067,0.353515625,0.36241217798594844,0.380859375,0.40339578454332553,0.388671875,0.4092505854800937,0.400390625,0.42096018735363,0.599609375,0.5731850117096019,0.646484375,0.7429742388758782,0.357421875,0.40339578454332553,0.603515625,0.5614754098360656,0.650390625,0.7254098360655737
