head_top_x,head_top_y,upper_neck_x,upper_neck_y,right_shoulder_x,right_shoulder_y,right_elbow_x,right_elbow_y,right_wrist_x,right_wrist_y,thorax_x,thorax_y,left_shoulder_x,left_shoulder_y,left_elbow_x,left_elbow_y,left_wrist_x,left_wrist_y,pelvis_x,pelvis_y,right_hip_x,right_hip_y,right_knee_x,right_knee_y,right_ankle_x,right_ankle_y,left_hip_x,left_hip_y,left_knee_x,left_knee_y,left_ankle_x,left_ankle_y
0.388671875,0.289553752535497,0.478515625,0.41125760649087223,0.525390625,0.390973630831643,0.544921875,0.44675456389452334,0.509765625,0.5126774847870182,0.474609375,0.3960446247464503,0.431640625,0.4163286004056795,0.451171875,0.4264705882352941,0.462890625,0.5228194726166329,0.498046875,0.5126774847870182,0.529296875,0.507606490872211,0.544921875,0.5380324543610547,0.494140625,0.5887423935091278,0.474609375,0.5177484787018256,0.521484375,0.5481744421906694,0.505859375,0.5684584178498986
