head_top_x,head_top_y,upper_neck_x,upper_neck_y,right_shoulder_x,right_shoulder_y,right_elbow_x,right_elbow_y,right_wrist_x,right_wrist_y,thorax_x,thorax_y,left_shoulder_x,left_shoulder_y,left_elbow_x,left_elbow_y,left_wrist_x,left_wrist_y,pelvis_x,pelvis_y,right_hip_x,right_hip_y,right_knee_x,right_knee_y,right_ankle_x,right_ankle_y,left_hip_x,left_hip_y,left_knee_x,left_knee_y,left_ankle_x,left_ankle_y
0.333984375,0.19243792325056436,0.361328125,0.29401805869074493,0.279296875,0.3391647855530474,0.255859375,0.4633182844243792,0.302734375,0.5987584650112867,0.373046875,0.29966139954853277,0.423828125,0.23758465011286684,0.615234375,0.4068848758465011,0.576171875,0.45767494356659144,0.482421875,0.5028216704288939,0.408203125,0.5141083521444695,0.537109375,0.5987584650112867,0.544921875,1.0,0.541015625,0.5084650112866818,0.583984375,0.5705417607223476,0.767578125,0.7849887133182845
