head_top_x,head_top_y,upper_neck_x,upper_neck_y,right_shoulder_x,right_shoulder_y,right_elbow_x,right_elbow_y,right_wrist_x,right_wrist_y,thorax_x,thorax_y,left_shoulder_x,left_shoulder_y,left_elbow_x,left_elbow_y,left_wrist_x,left_wrist_y,pelvis_x,pelvis_y,right_hip_x,right_hip_y,right_knee_x,right_knee_y,right_ankle_x,right_ankle_y,left_hip_x,left_hip_y,left_knee_x,left_knee_y,left_ankle_x,left_ankle_y
0.412109375,-0.001953125,0.466796875,0.17764253526645768,0.404296875,0.20519445532915362,0.392578125,0.37050597570532917,0.294921875,0.33744367163009403,0.470703125,0.18315291927899688,0.525390625,0.16111138322884014,0.615234375,0.12804907915360503,0.673828125,0.2713190634796238,0.486328125,0.5192863440438872,0.439453125,0.5192863440438872,0.341796875,0.7066394004702194,0.177734375,0.7948055446708464,0.529296875,0.5027551920062696,0.666015625,0.6405147923197492,0.759765625,0.8884820728840125
