head_top_x,head_top_y,upper_neck_x,upper_neck_y,right_shoulder_x,right_shoulder_y,right_elbow_x,right_elbow_y,right_wrist_x,right_wrist_y,thorax_x,thorax_y,left_shoulder_x,left_shoulder_y,left_elbow_x,left_elbow_y,left_wrist_x,left_wrist_y,pelvis_x,pelvis_y,right_hip_x,right_hip_y,right_knee_x,right_knee_y,right_ankle_x,right_ankle_y,left_hip_x,left_hip_y,left_knee_x,left_knee_y,left_ankle_x,left_ankle_y
0.673828125,0.23177083333333334,0.705078125,0.3880208333333333,0.654296875,0.3932291666666667,0.615234375,0.4609375,0.603515625,0.4765625,0.701171875,0.3932291666666667,0.740234375,0.3828125,0.763671875,0.5546875,0.740234375,0.6119791666666666,0.689453125,0.5859375,0.662109375,0.5703125,0.673828125,0.7213541666666666,0.677734375,0.8359375,0.712890625,0.5807291666666666,0.728515625,0.7057291666666666,0.732421875,0.9036458333333334
