head_top_x,head_top_y,upper_neck_x,upper_neck_y,right_shoulder_x,right_shoulder_y,right_elbow_x,right_elbow_y,right_wrist_x,right_wrist_y,thorax_x,thorax_y,left_shoulder_x,left_shoulder_y,left_elbow_x,left_elbow_y,left_wrist_x,left_wrist_y,pelvis_x,pelvis_y,right_hip_x,right_hip_y,right_knee_x,right_knee_y,right_ankle_x,right_ankle_y,left_hip_x,left_hip_y,left_knee_x,left_knee_y,left_ankle_x,left_ankle_y
0.748046875,0.3880208333333333,0.603515625,0.4348958333333333,0.490234375,0.4088541666666667,0.408203125,0.4036458333333333,0.388671875,0.2578125,0.583984375,0.4192708333333333,0.607421875,0.3671875,0.548828125,0.3255208333333333,0.533203125,0.2630208333333333,0.498046875,0.4401041666666667,0.458984375,0.4713541666666667,0.330078125,0.6432291666666666,0.373046875,0.7942708333333334,0.525390625,0.4088541666666667,0.392578125,0.6536458333333334,0.396484375,0.7682291666666666
