head_top_x,head_top_y,upper_neck_x,upper_neck_y,right_shoulder_x,right_shoulder_y,right_elbow_x,right_elbow_y,right_wrist_x,right_wrist_y,thorax_x,thorax_y,left_shoulder_x,left_shoulder_y,left_elbow_x,left_elbow_y,left_wrist_x,left_wrist_y,pelvis_x,pelvis_y,right_hip_x,right_hip_y,right_knee_x,right_knee_y,right_ankle_x,right_ankle_y,left_hip_x,left_hip_y,left_knee_x,left_knee_y,left_ankle_x,left_ankle_y
0.552734375,0.087890625,0.490234375,0.228515625,0.416015625,0.208984375,0.357421875,0.298828125,0.384765625,0.330078125,0.490234375,0.228515625,0.568359375,0.255859375,0.580078125,0.361328125,0.662109375,0.384765625,0.470703125,0.439453125,0.419921875,0.447265625,0.353515625,0.591796875,0.298828125,0.708984375,0.517578125,0.439453125,0.626953125,0.603515625,0.681640625,0.771484375
