head_top_x,head_top_y,upper_neck_x,upper_neck_y,right_shoulder_x,right_shoulder_y,right_elbow_x,right_elbow_y,right_wrist_x,right_wrist_y,thorax_x,thorax_y,left_shoulder_x,left_shoulder_y,left_elbow_x,left_elbow_y,left_wrist_x,left_wrist_y,pelvis_x,pelvis_y,right_hip_x,right_hip_y,right_knee_x,right_knee_y,right_ankle_x,right_ankle_y,left_hip_x,left_hip_y,left_knee_x,left_knee_y,left_ankle_x,left_ankle_y
0.3916861826697892,0.142578125,0.3916861826697892,0.287109375,0.3097189695550351,0.298828125,0.2628805620608899,0.384765625,0.2745901639344262,0.478515625,0.3975409836065574,0.294921875,0.47950819672131145,0.291015625,0.5146370023419203,0.376953125,0.4502341920374707,0.419921875,0.38583138173302106,0.458984375,0.3331381733021077,0.458984375,0.3916861826697892,0.576171875,0.38583138173302106,0.701171875,0.43266978922716626,0.458984375,0.4677985948477752,0.576171875,0.42681498829039816,0.685546875
