head_top_x,head_top_y,upper_neck_x,upper_neck_y,right_shoulder_x,right_shoulder_y,right_elbow_x,right_elbow_y,right_wrist_x,right_wrist_y,thorax_x,thorax_y,left_shoulder_x,left_shoulder_y,left_elbow_x,left_elbow_y,left_wrist_x,left_wrist_y,pelvis_x,pelvis_y,right_hip_x,right_hip_y,right_knee_x,right_knee_y,right_ankle_x,right_ankle_y,left_hip_x,left_hip_y,left_knee_x,left_knee_y,left_ankle_x,left_ankle_y
0.45588235294117646,0.107421875,0.4852941176470588,0.248046875,0.55,0.279296875,0.4970588235294118,0.392578125,0.6088235294117647,0.080078125,0.4852941176470588,0.267578125,0.4264705882352941,0.251953125,0.7676470588235295,0.650390625,0.45,0.525390625,0.5147058823529411,0.498046875,0.5205882352941177,0.486328125,0.5852941176470589,0.716796875,0.4441176470588235,0.970703125,0.47941176470588237,0.501953125,0.49117647058823527,0.732421875,0.39705882352941174,0.962890625
