head_top_x,head_top_y,upper_neck_x,upper_neck_y,right_shoulder_x,right_shoulder_y,right_elbow_x,right_elbow_y,right_wrist_x,right_wrist_y,thorax_x,thorax_y,left_shoulder_x,left_shoulder_y,left_elbow_x,left_elbow_y,left_wrist_x,left_wrist_y,pelvis_x,pelvis_y,right_hip_x,right_hip_y,right_knee_x,right_knee_y,right_ankle_x,right_ankle_y,left_hip_x,left_hip_y,left_knee_x,left_knee_y,left_ankle_x,left_ankle_y
0.673828125,0.15163934426229506,0.615234375,0.3331381733021077,0.595703125,0.33899297423887587,0.541015625,0.13992974238875877,0.580078125,0.24531615925058545,0.615234375,0.33899297423887587,0.630859375,0.3331381733021077,0.646484375,0.42681498829039816,0.646484375,0.41510538641686184,0.513671875,0.5146370023419203,0.494140625,0.5146370023419203,0.470703125,0.5673302107728337,0.474609375,0.5848946135831382,0.544921875,0.502927400468384,0.482421875,0.5673302107728337,0.587890625,0.19262295081967212
