head_top_x,head_top_y,upper_neck_x,upper_neck_y,right_shoulder_x,right_shoulder_y,right_elbow_x,right_elbow_y,right_wrist_x,right_wrist_y,thorax_x,thorax_y,left_shoulder_x,left_shoulder_y,left_elbow_x,left_elbow_y,left_wrist_x,left_wrist_y,pelvis_x,pelvis_y,right_hip_x,right_hip_y,right_knee_x,right_knee_y,right_ankle_x,right_ankle_y,left_hip_x,left_hip_y,left_knee_x,left_knee_y,left_ankle_x,left_ankle_y
0.458984375,0.5202546296296297,0.451171875,0.6880787037037037,0.404296875,0.6649305555555556,0.345703125,0.5086805555555556,0.431640625,0.5318287037037037,0.447265625,0.6707175925925926,0.462890625,0.6707175925925926,0.458984375,0.6533564814814815,0.451171875,0.5376157407407407,0.607421875,0.6244212962962963,0.611328125,0.6244212962962963,0.818359375,0.5896990740740741,0.962890625,0.5434027777777778,0.611328125,0.6186342592592593,0.794921875,0.578125,0.966796875,0.5260416666666666
