head_top_x,head_top_y,upper_neck_x,upper_neck_y,right_shoulder_x,right_shoulder_y,right_elbow_x,right_elbow_y,right_wrist_x,right_wrist_y,thorax_x,thorax_y,left_shoulder_x,left_shoulder_y,left_elbow_x,left_elbow_y,left_wrist_x,left_wrist_y,pelvis_x,pelvis_y,right_hip_x,right_hip_y,right_knee_x,right_knee_y,right_ankle_x,right_ankle_y,left_hip_x,left_hip_y,left_knee_x,left_knee_y,left_ankle_x,left_ankle_y
0.5442708333333334,0.138671875,0.4505208333333333,0.220703125,0.3880208333333333,0.205078125,0.2630208333333333,0.310546875,0.2734375,0.384765625,0.4453125,0.228515625,0.5442708333333334,0.232421875,0.5755208333333334,0.322265625,0.6067708333333334,0.400390625,0.4713541666666667,0.494140625,0.4296875,0.490234375,0.4713541666666667,0.568359375,0.3880208333333333,0.685546875,0.5338541666666666,0.490234375,0.4817708333333333,0.568359375,0.3932291666666667,0.677734375
