head_top_x,head_top_y,upper_neck_x,upper_neck_y,right_shoulder_x,right_shoulder_y,right_elbow_x,right_elbow_y,right_wrist_x,right_wrist_y,thorax_x,thorax_y,left_shoulder_x,left_shoulder_y,left_elbow_x,left_elbow_y,left_wrist_x,left_wrist_y,pelvis_x,pelvis_y,right_hip_x,right_hip_y,right_knee_x,right_knee_y,right_ankle_x,right_ankle_y,left_hip_x,left_hip_y,left_knee_x,left_knee_y,left_ankle_x,left_ankle_y
0.5674882629107981,0.197265625,0.5029342723004695,0.326171875,0.4970657276995305,0.337890625,0.414906103286385,0.439453125,0.33274647887323944,0.498046875,0.4970657276995305,0.326171875,0.48532863849765256,0.326171875,0.3914319248826291,0.443359375,0.33274647887323944,0.501953125,0.48532863849765256,0.384765625,0.49119718309859156,0.392578125,0.39730046948356806,0.482421875,0.30927230046948356,0.576171875,0.5029342723004695,0.365234375,0.6555164319248826,0.400390625,0.31514084507042256,0.580078125
