head_top_x,head_top_y,upper_neck_x,upper_neck_y,right_shoulder_x,right_shoulder_y,right_elbow_x,right_elbow_y,right_wrist_x,right_wrist_y,thorax_x,thorax_y,left_shoulder_x,left_shoulder_y,left_elbow_x,left_elbow_y,left_wrist_x,left_wrist_y,pelvis_x,pelvis_y,right_hip_x,right_hip_y,right_knee_x,right_knee_y,right_ankle_x,right_ankle_y,left_hip_x,left_hip_y,left_knee_x,left_knee_y,left_ankle_x,left_ankle_y
0.369140625,0.02394859813084113,0.341796875,0.19918224299065423,0.318359375,0.21670560747663553,0.310546875,0.4445093457943925,0.287109375,0.7073598130841121,0.341796875,0.21670560747663553,0.357421875,0.21670560747663553,0.353515625,0.4912383177570093,0.400390625,0.473714953271028,0.564453125,0.7015186915887851,0.451171875,0.7482476635514019,0.474609375,0.8767523364485982,0.619140625,0.7832943925233645,0.580078125,0.6898364485981309,0.642578125,0.7716121495327103,0.662109375,0.7307242990654206
