head_top_x,head_top_y,upper_neck_x,upper_neck_y,right_shoulder_x,right_shoulder_y,right_elbow_x,right_elbow_y,right_wrist_x,right_wrist_y,thorax_x,thorax_y,left_shoulder_x,left_shoulder_y,left_elbow_x,left_elbow_y,left_wrist_x,left_wrist_y,pelvis_x,pelvis_y,right_hip_x,right_hip_y,right_knee_x,right_knee_y,right_ankle_x,right_ankle_y,left_hip_x,left_hip_y,left_knee_x,left_knee_y,left_ankle_x,left_ankle_y
0.46896162528216706,0.169921875,0.38995485327313767,0.322265625,0.2714446952595937,0.333984375,0.2545146726862303,0.482421875,0.4068848758465011,0.419921875,0.38995485327313767,0.330078125,0.5197516930022573,0.330078125,0.5253950338600452,0.474609375,0.5141083521444695,0.435546875,0.35609480812641087,0.513671875,0.29401805869074493,0.521484375,0.18679458239277655,0.560546875,0.621331828442438,0.771484375,0.4238148984198645,0.513671875,0.559255079006772,0.572265625,0.621331828442438,0.787109375
