head_top_x,head_top_y,upper_neck_x,upper_neck_y,right_shoulder_x,right_shoulder_y,right_elbow_x,right_elbow_y,right_wrist_x,right_wrist_y,thorax_x,thorax_y,left_shoulder_x,left_shoulder_y,left_elbow_x,left_elbow_y,left_wrist_x,left_wrist_y,pelvis_x,pelvis_y,right_hip_x,right_hip_y,right_knee_x,right_knee_y,right_ankle_x,right_ankle_y,left_hip_x,left_hip_y,left_knee_x,left_knee_y,left_ankle_x,left_ankle_y
0.521484375,0.11651053864168617,0.494140625,0.05796252927400467,0.412109375,0.028688524590163925,0.443359375,0.21018735362997656,0.548828125,0.41510538641686184,0.505859375,0.05796252927400467,0.615234375,0.05210772833723652,0.666015625,0.19262295081967212,0.619140625,0.32728337236533955,0.494140625,0.19847775175644025,0.447265625,0.21604215456674472,0.634765625,0.5146370023419203,0.630859375,0.7488290398126464,0.544921875,0.19262295081967212,0.638671875,0.47950819672131145,0.630859375,0.7546838407494145
