head_top_x,head_top_y,upper_neck_x,upper_neck_y,right_shoulder_x,right_shoulder_y,right_elbow_x,right_elbow_y,right_wrist_x,right_wrist_y,thorax_x,thorax_y,left_shoulder_x,left_shoulder_y,left_elbow_x,left_elbow_y,left_wrist_x,left_wrist_y,pelvis_x,pelvis_y,right_hip_x,right_hip_y,right_knee_x,right_knee_y,right_ankle_x,right_ankle_y,left_hip_x,left_hip_y,left_knee_x,left_knee_y,left_ankle_x,left_ankle_y
0.572265625,0.2734375,0.447265625,0.1796875,0.505859375,0.20572916666666666,0.490234375,0.3515625,0.541015625,0.4557291666666667,0.455078125,0.20052083333333334,0.494140625,0.20572916666666666,0.474609375,0.3723958333333333,0.517578125,0.4557291666666667,0.482421875,0.4765625,0.470703125,0.4765625,0.513671875,0.6432291666666666,0.607421875,0.7421875,0.474609375,0.4713541666666667,0.509765625,0.6380208333333334,0.611328125,0.7369791666666666
