head_top_x,head_top_y,upper_neck_x,upper_neck_y,right_shoulder_x,right_shoulder_y,right_elbow_x,right_elbow_y,right_wrist_x,right_wrist_y,thorax_x,thorax_y,left_shoulder_x,left_shoulder_y,left_elbow_x,left_elbow_y,left_wrist_x,left_wrist_y,pelvis_x,pelvis_y,right_hip_x,right_hip_y,right_knee_x,right_knee_y,right_ankle_x,right_ankle_y,left_hip_x,left_hip_y,left_knee_x,left_knee_y,left_ankle_x,left_ankle_y
0.708984375,0.6261737089201878,0.591796875,0.6085680751173709,0.587890625,0.579225352112676,0.537109375,0.5029342723004695,0.525390625,0.4970657276995305,0.603515625,0.6026995305164319,0.580078125,0.6085680751173709,0.494140625,0.49119718309859156,0.439453125,0.4735915492957746,0.455078125,0.4618544600938967,0.474609375,0.4677230046948357,0.498046875,0.3268779342723005,0.498046875,0.2975352112676056,0.447265625,0.4735915492957746,0.501953125,0.5616197183098591,0.482421875,0.24471830985915494
