head_top_x,head_top_y,upper_neck_x,upper_neck_y,right_shoulder_x,right_shoulder_y,right_elbow_x,right_elbow_y,right_wrist_x,right_wrist_y,thorax_x,thorax_y,left_shoulder_x,left_shoulder_y,left_elbow_x,left_elbow_y,left_wrist_x,left_wrist_y,pelvis_x,pelvis_y,right_hip_x,right_hip_y,right_knee_x,right_knee_y,right_ankle_x,right_ankle_y,left_hip_x,left_hip_y,left_knee_x,left_knee_y,left_ankle_x,left_ankle_y
0.669921875,0.12867234281437126,0.630859375,0.3274934505988024,0.568359375,0.33918880988023953,0.552734375,0.38012256736526945,0.634765625,0.3625795284431138,0.619140625,0.3450364895209581,0.677734375,0.3450364895209581,0.685546875,0.42105632485029937,0.654296875,0.37427488772455086,0.587890625,0.6783542290419162,0.556640625,0.6666588697604791,0.572265625,0.8654799775449102,0.552734375,0.842089258982036,0.619140625,0.6725065494011976,0.611328125,0.8596322979041917,0.607421875,0.98828125
