head_top_x,head_top_y,upper_neck_x,upper_neck_y,right_shoulder_x,right_shoulder_y,right_elbow_x,right_elbow_y,right_wrist_x,right_wrist_y,thorax_x,thorax_y,left_shoulder_x,left_shoulder_y,left_elbow_x,left_elbow_y,left_wrist_x,left_wrist_y,pelvis_x,pelvis_y,right_hip_x,right_hip_y,right_knee_x,right_knee_y,right_ankle_x,right_ankle_y,left_hip_x,left_hip_y,left_knee_x,left_knee_y,left_ankle_x,left_ankle_y
0.322265625,0.4502341920374707,0.474609375,0.3975409836065574,0.521484375,0.42096018735363,0.517578125,0.23946135831381732,0.451171875,0.3038641686182669,0.517578125,0.3975409836065574,0.501953125,0.42096018735363,0.396484375,0.40339578454332553,0.431640625,0.3097189695550351,0.439453125,0.33899297423887587,0.447265625,0.3038641686182669,0.427734375,0.5848946135831382,0.404296875,0.7019906323185011,0.431640625,0.3682669789227166,0.345703125,0.502927400468384,0.330078125,0.7312646370023419
