head_top_x,head_top_y,upper_neck_x,upper_neck_y,right_shoulder_x,right_shoulder_y,right_elbow_x,right_elbow_y,right_wrist_x,right_wrist_y,thorax_x,thorax_y,left_shoulder_x,left_shoulder_y,left_elbow_x,left_elbow_y,left_wrist_x,left_wrist_y,pelvis_x,pelvis_y,right_hip_x,right_hip_y,right_knee_x,right_knee_y,right_ankle_x,right_ankle_y,left_hip_x,left_hip_y,left_knee_x,left_knee_y,left_ankle_x,left_ankle_y
0.5731850117096019,0.181640625,0.5614754098360656,0.326171875,0.47950819672131145,0.326171875,0.37412177985948475,0.384765625,0.43266978922716626,0.443359375,0.5614754098360656,0.330078125,0.6317330210772834,0.326171875,0.6785714285714286,0.400390625,0.6785714285714286,0.462890625,0.5322014051522248,0.478515625,0.47950819672131145,0.478515625,0.47950819672131145,0.572265625,0.5204918032786885,0.677734375,0.5790398126463701,0.482421875,0.5614754098360656,0.595703125,0.538056206088993,0.689453125
