head_top_x,head_top_y,upper_neck_x,upper_neck_y,right_shoulder_x,right_shoulder_y,right_elbow_x,right_elbow_y,right_wrist_x,right_wrist_y,thorax_x,thorax_y,left_shoulder_x,left_shoulder_y,left_elbow_x,left_elbow_y,left_wrist_x,left_wrist_y,pelvis_x,pelvis_y,right_hip_x,right_hip_y,right_knee_x,right_knee_y,right_ankle_x,right_ankle_y,left_hip_x,left_hip_y,left_knee_x,left_knee_y,left_ankle_x,left_ankle_y
0.314453125,0.2600710900473933,0.365234375,0.4496445497630332,0.322265625,0.431872037914692,0.357421875,0.7043838862559242,0.373046875,0.2956161137440758,0.365234375,0.3963270142180095,0.388671875,0.3489336492890995,0.583984375,0.3726303317535545,0.376953125,0.30154028436018954,0.603515625,0.4140995260663507,0.615234375,0.2778436018957346,0.400390625,0.639218009478673,0.361328125,0.8761848341232227,0.615234375,0.4140995260663507,0.623046875,0.5859004739336493,0.365234375,0.8821090047393365
