head_top_x,head_top_y,upper_neck_x,upper_neck_y,right_shoulder_x,right_shoulder_y,right_elbow_x,right_elbow_y,right_wrist_x,right_wrist_y,thorax_x,thorax_y,left_shoulder_x,left_shoulder_y,left_elbow_x,left_elbow_y,left_wrist_x,left_wrist_y,pelvis_x,pelvis_y,right_hip_x,right_hip_y,right_knee_x,right_knee_y,right_ankle_x,right_ankle_y,left_hip_x,left_hip_y,left_knee_x,left_knee_y,left_ankle_x,left_ankle_y
0.591796875,0.14578454332552693,0.580078125,0.3331381733021077,0.541015625,0.29215456674473067,0.494140625,0.37997658079625296,0.474609375,0.49121779859484777,0.580078125,0.3038641686182669,0.611328125,0.32728337236533955,0.662109375,0.42096018735363,0.630859375,0.4677985948477752,0.544921875,0.49121779859484777,0.525390625,0.49121779859484777,0.517578125,0.5966042154566744,0.537109375,0.6844262295081968,0.556640625,0.4970725995316159,0.544921875,0.6258782201405152,0.537109375,0.7195550351288056
