head_top_x,head_top_y,upper_neck_x,upper_neck_y,right_shoulder_x,right_shoulder_y,right_elbow_x,right_elbow_y,right_wrist_x,right_wrist_y,thorax_x,thorax_y,left_shoulder_x,left_shoulder_y,left_elbow_x,left_elbow_y,left_wrist_x,left_wrist_y,pelvis_x,pelvis_y,right_hip_x,right_hip_y,right_knee_x,right_knee_y,right_ankle_x,right_ankle_y,left_hip_x,left_hip_y,left_knee_x,left_knee_y,left_ankle_x,left_ankle_y
0.5673302107728337,0.337890625,0.5848946135831382,0.494140625,0.47950819672131145,0.505859375,0.38583138173302106,0.580078125,0.3097189695550351,0.525390625,0.5848946135831382,0.509765625,0.696135831381733,0.509765625,0.7137002341920374,0.646484375,0.6141686182669789,0.666015625,0.5673302107728337,0.779296875,0.5497658079625293,0.787109375,0.3214285714285714,0.248046875,0.2980093676814988,0.302734375,0.6024590163934426,0.771484375,0.3331381733021077,0.240234375,0.38583138173302106,0.271484375
