head_top_x,head_top_y,upper_neck_x,upper_neck_y,right_shoulder_x,right_shoulder_y,right_elbow_x,right_elbow_y,right_wrist_x,right_wrist_y,thorax_x,thorax_y,left_shoulder_x,left_shoulder_y,left_elbow_x,left_elbow_y,left_wrist_x,left_wrist_y,pelvis_x,pelvis_y,right_hip_x,right_hip_y,right_knee_x,right_knee_y,right_ankle_x,right_ankle_y,left_hip_x,left_hip_y,left_knee_x,left_knee_y,left_ankle_x,left_ankle_y
0.6327993254637437,0.310546875,0.5611298482293423,0.451171875,0.47681281618887017,0.419921875,0.4599494097807757,0.568359375,0.5484822934232715,0.607421875,0.5737774030354131,0.427734375,0.6623102866779089,0.435546875,0.6665261382799326,0.537109375,0.6749578414839797,0.599609375,0.5231871838111298,0.533203125,0.4515177065767285,0.525390625,0.4515177065767285,0.623046875,0.39671163575042157,0.802734375,0.5779932546374368,0.533203125,0.6201517706576729,0.599609375,0.5526981450252951,0.806640625
