head_top_x,head_top_y,upper_neck_x,upper_neck_y,right_shoulder_x,right_shoulder_y,right_elbow_x,right_elbow_y,right_wrist_x,right_wrist_y,thorax_x,thorax_y,left_shoulder_x,left_shoulder_y,left_elbow_x,left_elbow_y,left_wrist_x,left_wrist_y,pelvis_x,pelvis_y,right_hip_x,right_hip_y,right_knee_x,right_knee_y,right_ankle_x,right_ankle_y,left_hip_x,left_hip_y,left_knee_x,left_knee_y,left_ankle_x,left_ankle_y
0.447265625,0.7920854271356784,0.447265625,0.6099246231155779,0.392578125,0.6413316582914573,0.431640625,0.5722361809045227,0.435546875,0.4277638190954774,0.458984375,0.660175879396985,0.521484375,0.6664572864321608,0.482421875,0.5659547738693468,0.474609375,0.3900753768844221,0.443359375,0.4842964824120603,0.439453125,0.44660804020100503,0.451171875,0.4780150753768844,0.447265625,0.503140703517588,0.482421875,0.5596733668341709,0.447265625,0.5282663316582915,0.439453125,0.6350502512562815
