head_top_x,head_top_y,upper_neck_x,upper_neck_y,right_shoulder_x,right_shoulder_y,right_elbow_x,right_elbow_y,right_wrist_x,right_wrist_y,thorax_x,thorax_y,left_shoulder_x,left_shoulder_y,left_elbow_x,left_elbow_y,left_wrist_x,left_wrist_y,pelvis_x,pelvis_y,right_hip_x,right_hip_y,right_knee_x,right_knee_y,right_ankle_x,right_ankle_y,left_hip_x,left_hip_y,left_knee_x,left_knee_y,left_ankle_x,left_ankle_y
0.193359375,0.560546875,0.330078125,0.521484375,0.337890625,0.486328125,0.392578125,0.466796875,0.423828125,0.513671875,0.330078125,0.513671875,0.326171875,0.505859375,0.357421875,0.498046875,0.447265625,0.521484375,0.505859375,0.509765625,0.501953125,0.509765625,0.591796875,0.607421875,0.615234375,0.638671875,0.513671875,0.509765625,0.591796875,0.615234375,0.623046875,0.634765625
