head_top_x,head_top_y,upper_neck_x,upper_neck_y,right_shoulder_x,right_shoulder_y,right_elbow_x,right_elbow_y,right_wrist_x,right_wrist_y,thorax_x,thorax_y,left_shoulder_x,left_shoulder_y,left_elbow_x,left_elbow_y,left_wrist_x,left_wrist_y,pelvis_x,pelvis_y,right_hip_x,right_hip_y,right_knee_x,right_knee_y,right_ankle_x,right_ankle_y,left_hip_x,left_hip_y,left_knee_x,left_knee_y,left_ankle_x,left_ankle_y
0.853515625,0.4296875,0.396484375,0.2630208333333333,0.349609375,0.2630208333333333,0.251953125,0.3619791666666667,0.181640625,0.3828125,0.427734375,0.2578125,0.712890625,0.3723958333333333,0.544921875,0.3098958333333333,0.353515625,1.0,0.482421875,0.4921875,0.451171875,0.5130208333333334,0.376953125,0.7109375,0.166015625,0.4192708333333333,0.529296875,0.4713541666666667,0.416015625,0.7265625,0.548828125,1.0
