head_top_x,head_top_y,upper_neck_x,upper_neck_y,right_shoulder_x,right_shoulder_y,right_elbow_x,right_elbow_y,right_wrist_x,right_wrist_y,thorax_x,thorax_y,left_shoulder_x,left_shoulder_y,left_elbow_x,left_elbow_y,left_wrist_x,left_wrist_y,pelvis_x,pelvis_y,right_hip_x,right_hip_y,right_knee_x,right_knee_y,right_ankle_x,right_ankle_y,left_hip_x,left_hip_y,left_knee_x,left_knee_y,left_ankle_x,left_ankle_y
0.50244140625,0.052734375,0.48291015625,0.201171875,0.38525390625,0.240234375,0.34130859375,0.373046875,0.32177734375,0.494140625,0.47802734375,0.232421875,0.57080078125,0.212890625,0.60009765625,0.349609375,0.63916015625,0.451171875,0.50732421875,0.466796875,0.44873046875,0.470703125,0.54150390625,0.669921875,0.60498046875,0.876953125,0.55615234375,0.462890625,0.52685546875,0.666015625,0.59521484375,0.873046875
