head_top_x,head_top_y,upper_neck_x,upper_neck_y,right_shoulder_x,right_shoulder_y,right_elbow_x,right_elbow_y,right_wrist_x,right_wrist_y,thorax_x,thorax_y,left_shoulder_x,left_shoulder_y,left_elbow_x,left_elbow_y,left_wrist_x,left_wrist_y,pelvis_x,pelvis_y,right_hip_x,right_hip_y,right_knee_x,right_knee_y,right_ankle_x,right_ankle_y,left_hip_x,left_hip_y,left_knee_x,left_knee_y,left_ankle_x,left_ankle_y
0.2976492117117117,0.095703125,0.3973582957957958,0.228515625,0.26832301051051055,0.294921875,0.3093796921921922,0.451171875,0.35630161411411415,0.529296875,0.46187593843843844,0.255859375,0.6730245870870871,0.244140625,0.7316769894894896,0.474609375,0.6554288663663664,0.615234375,0.5087978603603603,0.556640625,0.40908877627627627,0.556640625,0.3387058933933934,0.677734375,0.3914930555555555,0.931640625,0.6143721846846847,0.556640625,0.7551379504504505,0.681640625,0.6671593468468469,0.908203125
