head_top_x,head_top_y,upper_neck_x,upper_neck_y,right_shoulder_x,right_shoulder_y,right_elbow_x,right_elbow_y,right_wrist_x,right_wrist_y,thorax_x,thorax_y,left_shoulder_x,left_shoulder_y,left_elbow_x,left_elbow_y,left_wrist_x,left_wrist_y,pelvis_x,pelvis_y,right_hip_x,right_hip_y,right_knee_x,right_knee_y,right_ankle_x,right_ankle_y,left_hip_x,left_hip_y,left_knee_x,left_knee_y,left_ankle_x,left_ankle_y
0.5137618563685636,0.251953125,0.552295054200542,0.369140625,0.4917428861788618,0.361328125,0.45320968834688347,0.423828125,0.4422002032520325,0.458984375,0.5467903116531165,0.365234375,0.5908282520325203,0.388671875,0.6293614498644987,0.466796875,0.5192665989159891,0.494140625,0.5027523712737128,0.509765625,0.4642191734417344,0.501953125,0.436695460704607,0.673828125,0.42018123306233063,0.798828125,0.541285569105691,0.517578125,0.5357808265582655,0.646484375,0.5633045392953929,0.755859375
