head_top_x,head_top_y,upper_neck_x,upper_neck_y,right_shoulder_x,right_shoulder_y,right_elbow_x,right_elbow_y,right_wrist_x,right_wrist_y,thorax_x,thorax_y,left_shoulder_x,left_shoulder_y,left_elbow_x,left_elbow_y,left_wrist_x,left_wrist_y,pelvis_x,pelvis_y,right_hip_x,right_hip_y,right_knee_x,right_knee_y,right_ankle_x,right_ankle_y,left_hip_x,left_hip_y,left_knee_x,left_knee_y,left_ankle_x,left_ankle_y
0.544921875,0.09468664850136238,0.599609375,0.31948228882833785,0.529296875,0.2922343324250681,0.501953125,0.42166212534059944,0.458984375,0.49659400544959126,0.595703125,0.305858310626703,0.658203125,0.2922343324250681,0.701171875,0.4080381471389645,0.748046875,0.5034059945504087,0.587890625,0.5306539509536785,0.548828125,0.5374659400544959,0.548828125,0.5851498637602179,0.556640625,0.7486376021798365,0.615234375,0.5102179836512262,0.603515625,0.6600817438692098,0.599609375,0.7213896457765667
