head_top_x,head_top_y,upper_neck_x,upper_neck_y,right_shoulder_x,right_shoulder_y,right_elbow_x,right_elbow_y,right_wrist_x,right_wrist_y,thorax_x,thorax_y,left_shoulder_x,left_shoulder_y,left_elbow_x,left_elbow_y,left_wrist_x,left_wrist_y,pelvis_x,pelvis_y,right_hip_x,right_hip_y,right_knee_x,right_knee_y,right_ankle_x,right_ankle_y,left_hip_x,left_hip_y,left_knee_x,left_knee_y,left_ankle_x,left_ankle_y
0.344847775175644,0.287109375,0.4677985948477752,0.404296875,0.3565573770491803,0.412109375,0.3331381733021077,0.498046875,0.3507025761124121,0.419921875,0.47365339578454335,0.408203125,0.5673302107728337,0.392578125,0.5673302107728337,0.521484375,0.3507025761124121,0.478515625,0.5439110070257611,0.560546875,0.47365339578454335,0.556640625,0.25117096018735363,0.587890625,0.33899297423887587,0.744140625,0.6141686182669789,0.580078125,0.4502341920374707,0.595703125,0.5790398126463701,0.736328125
