head_top_x,head_top_y,upper_neck_x,upper_neck_y,right_shoulder_x,right_shoulder_y,right_elbow_x,right_elbow_y,right_wrist_x,right_wrist_y,thorax_x,thorax_y,left_shoulder_x,left_shoulder_y,left_elbow_x,left_elbow_y,left_wrist_x,left_wrist_y,pelvis_x,pelvis_y,right_hip_x,right_hip_y,right_knee_x,right_knee_y,right_ankle_x,right_ankle_y,left_hip_x,left_hip_y,left_knee_x,left_knee_y,left_ankle_x,left_ankle_y
0.33281893004115226,0.107421875,0.4202674897119342,0.236328125,0.5334362139917695,0.228515625,0.5694444444444444,0.365234375,0.6003086419753086,0.478515625,0.4202674897119342,0.240234375,0.3070987654320988,0.255859375,0.27109053497942387,0.388671875,0.21450617283950618,0.326171875,0.45113168724279834,0.478515625,0.5180041152263375,0.482421875,0.44598765432098764,0.677734375,0.39454732510288065,0.884765625,0.39969135802469136,0.470703125,0.3688271604938272,0.689453125,0.33796296296296297,0.880859375
