head_top_x,head_top_y,upper_neck_x,upper_neck_y,right_shoulder_x,right_shoulder_y,right_elbow_x,right_elbow_y,right_wrist_x,right_wrist_y,thorax_x,thorax_y,left_shoulder_x,left_shoulder_y,left_elbow_x,left_elbow_y,left_wrist_x,left_wrist_y,pelvis_x,pelvis_y,right_hip_x,right_hip_y,right_knee_x,right_knee_y,right_ankle_x,right_ankle_y,left_hip_x,left_hip_y,left_knee_x,left_knee_y,left_ankle_x,left_ankle_y
0.537109375,0.10677083333333333,0.548828125,0.3046875,0.466796875,0.3359375,0.439453125,0.5026041666666666,0.423828125,0.5859375,0.552734375,0.3411458333333333,0.638671875,0.3515625,0.646484375,0.5286458333333334,0.638671875,0.6276041666666666,0.537109375,0.6484375,0.490234375,0.6484375,0.478515625,0.8984375,0.462890625,1.0,0.576171875,0.6536458333333334,0.576171875,0.9036458333333334,0.548828125,1.0
