head_top_x,head_top_y,upper_neck_x,upper_neck_y,right_shoulder_x,right_shoulder_y,right_elbow_x,right_elbow_y,right_wrist_x,right_wrist_y,thorax_x,thorax_y,left_shoulder_x,left_shoulder_y,left_elbow_x,left_elbow_y,left_wrist_x,left_wrist_y,pelvis_x,pelvis_y,right_hip_x,right_hip_y,right_knee_x,right_knee_y,right_ankle_x,right_ankle_y,left_hip_x,left_hip_y,left_knee_x,left_knee_y,left_ankle_x,left_ankle_y
0.662109375,0.06925675675675674,0.669921875,0.30011261261261263,0.626953125,0.3338963963963964,0.591796875,0.42398648648648646,0.544921875,0.3338963963963964,0.662109375,0.3902027027027027,0.755859375,0.32826576576576577,0.802734375,0.5309684684684685,0.673828125,0.40709459459459457,0.599609375,0.6379504504504504,0.568359375,0.6323198198198198,0.560546875,0.7336711711711713,0.345703125,0.22128378378378377,0.630859375,0.6548423423423424,0.634765625,0.7393018018018019,0.619140625,0.7449324324324326
