head_top_x,head_top_y,upper_neck_x,upper_neck_y,right_shoulder_x,right_shoulder_y,right_elbow_x,right_elbow_y,right_wrist_x,right_wrist_y,thorax_x,thorax_y,left_shoulder_x,left_shoulder_y,left_elbow_x,left_elbow_y,left_wrist_x,left_wrist_y,pelvis_x,pelvis_y,right_hip_x,right_hip_y,right_knee_x,right_knee_y,right_ankle_x,right_ankle_y,left_hip_x,left_hip_y,left_knee_x,left_knee_y,left_ankle_x,left_ankle_y
0.541015625,0.19010416666666666,0.568359375,0.3619791666666667,0.505859375,0.3411458333333333,0.451171875,0.3880208333333333,0.466796875,0.4505208333333333,0.560546875,0.3307291666666667,0.626953125,0.3411458333333333,0.669921875,0.4609375,0.611328125,0.5026041666666666,0.564453125,0.4817708333333333,0.517578125,0.4765625,0.447265625,0.5286458333333334,0.431640625,0.7213541666666666,0.576171875,0.4817708333333333,0.447265625,0.5286458333333334,0.431640625,0.7109375
