head_top_x,head_top_y,upper_neck_x,upper_neck_y,right_shoulder_x,right_shoulder_y,right_elbow_x,right_elbow_y,right_wrist_x,right_wrist_y,thorax_x,thorax_y,left_shoulder_x,left_shoulder_y,left_elbow_x,left_elbow_y,left_wrist_x,left_wrist_y,pelvis_x,pelvis_y,right_hip_x,right_hip_y,right_knee_x,right_knee_y,right_ankle_x,right_ankle_y,left_hip_x,left_hip_y,left_knee_x,left_knee_y,left_ankle_x,left_ankle_y
0.650390625,0.1640625,0.626953125,0.3463541666666667,0.541015625,0.3307291666666667,0.455078125,0.4296875,0.388671875,0.5234375,0.623046875,0.3463541666666667,0.693359375,0.4088541666666667,0.666015625,0.5494791666666666,0.525390625,0.5546875,0.646484375,0.3984375,0.611328125,0.4088541666666667,0.451171875,0.5026041666666666,0.603515625,0.20052083333333334,0.677734375,0.4609375,0.486328125,0.5807291666666666,0.521484375,0.8151041666666666
