head_top_x,head_top_y,upper_neck_x,upper_neck_y,right_shoulder_x,right_shoulder_y,right_elbow_x,right_elbow_y,right_wrist_x,right_wrist_y,thorax_x,thorax_y,left_shoulder_x,left_shoulder_y,left_elbow_x,left_elbow_y,left_wrist_x,left_wrist_y,pelvis_x,pelvis_y,right_hip_x,right_hip_y,right_knee_x,right_knee_y,right_ankle_x,right_ankle_y,left_hip_x,left_hip_y,left_knee_x,left_knee_y,left_ankle_x,left_ankle_y
0.646484375,0.1484375,0.583984375,0.3203125,0.537109375,0.3359375,0.505859375,0.4036458333333333,0.517578125,0.4973958333333333,0.583984375,0.3203125,0.638671875,0.3255208333333333,0.642578125,0.4453125,0.623046875,0.6015625,0.572265625,0.4401041666666667,0.533203125,0.4401041666666667,0.544921875,0.5703125,0.509765625,0.7109375,0.603515625,0.4453125,0.607421875,0.5963541666666666,0.576171875,0.7265625
