head_top_x,head_top_y,upper_neck_x,upper_neck_y,right_shoulder_x,right_shoulder_y,right_elbow_x,right_elbow_y,right_wrist_x,right_wrist_y,thorax_x,thorax_y,left_shoulder_x,left_shoulder_y,left_elbow_x,left_elbow_y,left_wrist_x,left_wrist_y,pelvis_x,pelvis_y,right_hip_x,right_hip_y,right_knee_x,right_knee_y,right_ankle_x,right_ankle_y,left_hip_x,left_hip_y,left_knee_x,left_knee_y,left_ankle_x,left_ankle_y
0.3307291666666667,0.146484375,0.4817708333333333,0.216796875,0.3828125,0.244140625,0.3567708333333333,0.357421875,0.2682291666666667,0.458984375,0.4817708333333333,0.232421875,0.5911458333333334,0.228515625,0.6432291666666666,0.369140625,0.6536458333333334,0.470703125,0.4973958333333333,0.455078125,0.4296875,0.458984375,0.4817708333333333,0.638671875,0.4921875,0.720703125,0.5651041666666666,0.451171875,0.6067708333333334,0.638671875,0.5598958333333334,0.720703125
