head_top_x,head_top_y,upper_neck_x,upper_neck_y,right_shoulder_x,right_shoulder_y,right_elbow_x,right_elbow_y,right_wrist_x,right_wrist_y,thorax_x,thorax_y,left_shoulder_x,left_shoulder_y,left_elbow_x,left_elbow_y,left_wrist_x,left_wrist_y,pelvis_x,pelvis_y,right_hip_x,right_hip_y,right_knee_x,right_knee_y,right_ankle_x,right_ankle_y,left_hip_x,left_hip_y,left_knee_x,left_knee_y,left_ankle_x,left_ankle_y
0.5146370023419203,0.080078125,0.5322014051522248,0.224609375,0.46194379391100704,0.205078125,0.37412177985948475,0.142578125,0.29215456674473067,0.064453125,0.5322014051522248,0.212890625,0.6083138173302107,0.212890625,0.6317330210772834,0.263671875,0.6434426229508197,0.236328125,0.5322014051522248,0.435546875,0.502927400468384,0.439453125,0.3507025761124121,0.576171875,0.37997658079625296,0.736328125,0.5673302107728337,0.435546875,0.344847775175644,0.572265625,0.7195550351288056,0.619140625
