head_top_x,head_top_y,upper_neck_x,upper_neck_y,right_shoulder_x,right_shoulder_y,right_elbow_x,right_elbow_y,right_wrist_x,right_wrist_y,thorax_x,thorax_y,left_shoulder_x,left_shoulder_y,left_elbow_x,left_elbow_y,left_wrist_x,left_wrist_y,pelvis_x,pelvis_y,right_hip_x,right_hip_y,right_knee_x,right_knee_y,right_ankle_x,right_ankle_y,left_hip_x,left_hip_y,left_knee_x,left_knee_y,left_ankle_x,left_ankle_y
0.7107390300230947,0.576171875,0.5144341801385681,0.548828125,0.3065819861431871,0.392578125,0.3412240184757506,0.458984375,0.4220554272517321,0.466796875,0.3816397228637413,0.396484375,0.4855658198614319,0.466796875,0.5028868360277137,0.435546875,0.4797921478060046,0.447265625,0.3989607390300231,0.486328125,0.3758660508083141,0.498046875,0.3758660508083141,0.580078125,0.6934180138568129,0.595703125,0.4336027713625866,0.482421875,0.4971131639722864,0.541015625,0.6991916859122402,0.583984375
