head_top_x,head_top_y,upper_neck_x,upper_neck_y,right_shoulder_x,right_shoulder_y,right_elbow_x,right_elbow_y,right_wrist_x,right_wrist_y,thorax_x,thorax_y,left_shoulder_x,left_shoulder_y,left_elbow_x,left_elbow_y,left_wrist_x,left_wrist_y,pelvis_x,pelvis_y,right_hip_x,right_hip_y,right_knee_x,right_knee_y,right_ankle_x,right_ankle_y,left_hip_x,left_hip_y,left_knee_x,left_knee_y,left_ankle_x,left_ankle_y
0.623046875,0.12239583333333333,0.458984375,0.6015625,0.392578125,0.5963541666666666,0.330078125,0.5703125,0.314453125,0.4244791666666667,0.458984375,0.5755208333333334,0.478515625,0.5807291666666666,0.482421875,0.5078125,0.318359375,0.4192708333333333,0.462890625,0.5390625,0.470703125,0.5286458333333334,0.646484375,0.5651041666666666,0.701171875,0.6848958333333334,0.462890625,0.5390625,0.646484375,0.5651041666666666,0.736328125,0.7630208333333334
