head_top_x,head_top_y,upper_neck_x,upper_neck_y,right_shoulder_x,right_shoulder_y,right_elbow_x,right_elbow_y,right_wrist_x,right_wrist_y,thorax_x,thorax_y,left_shoulder_x,left_shoulder_y,left_elbow_x,left_elbow_y,left_wrist_x,left_wrist_y,pelvis_x,pelvis_y,right_hip_x,right_hip_y,right_knee_x,right_knee_y,right_ankle_x,right_ankle_y,left_hip_x,left_hip_y,left_knee_x,left_knee_y,left_ankle_x,left_ankle_y
0.470703125,0.4428429423459245,0.599609375,0.5173956262425448,0.552734375,0.5124254473161034,0.505859375,0.5869781312127237,0.490234375,0.7410536779324056,0.580078125,0.5024850894632207,0.537109375,0.5273359840954275,0.494140625,0.591948310139165,0.482421875,0.7311133200795229,0.724609375,0.5670974155069582,0.708984375,0.5820079522862823,0.619140625,0.6167992047713717,0.494140625,0.6863817097415507,0.736328125,0.5571570576540755,0.525390625,0.5372763419483101,0.486328125,0.676441351888668
