head_top_x,head_top_y,upper_neck_x,upper_neck_y,right_shoulder_x,right_shoulder_y,right_elbow_x,right_elbow_y,right_wrist_x,right_wrist_y,thorax_x,thorax_y,left_shoulder_x,left_shoulder_y,left_elbow_x,left_elbow_y,left_wrist_x,left_wrist_y,pelvis_x,pelvis_y,right_hip_x,right_hip_y,right_knee_x,right_knee_y,right_ankle_x,right_ankle_y,left_hip_x,left_hip_y,left_knee_x,left_knee_y,left_ankle_x,left_ankle_y
0.490234375,0.259765625,0.478515625,0.408203125,0.412109375,0.419921875,0.380859375,0.564453125,0.455078125,0.470703125,0.478515625,0.412109375,0.541015625,0.404296875,0.552734375,0.486328125,0.533203125,0.466796875,0.482421875,0.548828125,0.451171875,0.552734375,0.451171875,0.712890625,0.455078125,0.861328125,0.517578125,0.544921875,0.513671875,0.708984375,0.509765625,0.857421875
