head_top_x,head_top_y,upper_neck_x,upper_neck_y,right_shoulder_x,right_shoulder_y,right_elbow_x,right_elbow_y,right_wrist_x,right_wrist_y,thorax_x,thorax_y,left_shoulder_x,left_shoulder_y,left_elbow_x,left_elbow_y,left_wrist_x,left_wrist_y,pelvis_x,pelvis_y,right_hip_x,right_hip_y,right_knee_x,right_knee_y,right_ankle_x,right_ankle_y,left_hip_x,left_hip_y,left_knee_x,left_knee_y,left_ankle_x,left_ankle_y
0.3958333333333333,0.173828125,0.37894144144144143,0.314453125,0.30011261261261263,0.298828125,0.25506756756756754,0.349609375,0.30574324324324326,0.361328125,0.37894144144144143,0.306640625,0.44650900900900903,0.302734375,0.5140765765765766,0.373046875,0.5197072072072072,0.369140625,0.36768018018018017,0.447265625,0.32263513513513514,0.443359375,0.3170045045045045,0.505859375,0.25506756756756754,0.591796875,0.40709459459459457,0.443359375,0.3902027027027027,0.517578125,0.34515765765765766,0.630859375
