head_top_x,head_top_y,upper_neck_x,upper_neck_y,right_shoulder_x,right_shoulder_y,right_elbow_x,right_elbow_y,right_wrist_x,right_wrist_y,thorax_x,thorax_y,left_shoulder_x,left_shoulder_y,left_elbow_x,left_elbow_y,left_wrist_x,left_wrist_y,pelvis_x,pelvis_y,right_hip_x,right_hip_y,right_knee_x,right_knee_y,right_ankle_x,right_ankle_y,left_hip_x,left_hip_y,left_knee_x,left_knee_y,left_ankle_x,left_ankle_y
0.5556206088992974,0.021484375,0.49121779859484777,0.130859375,0.32728337236533955,0.130859375,0.2745901639344262,0.314453125,0.36241217798594844,0.408203125,0.49121779859484777,0.158203125,0.6727166276346604,0.162109375,0.6610070257611241,0.318359375,0.538056206088993,0.197265625,0.47365339578454335,0.462890625,0.37412177985948475,0.470703125,0.11065573770491802,0.365234375,0.31557377049180324,0.830078125,0.5614754098360656,0.439453125,0.6902810304449648,0.404296875,0.5673302107728337,0.810546875
