head_top_x,head_top_y,upper_neck_x,upper_neck_y,right_shoulder_x,right_shoulder_y,right_elbow_x,right_elbow_y,right_wrist_x,right_wrist_y,thorax_x,thorax_y,left_shoulder_x,left_shoulder_y,left_elbow_x,left_elbow_y,left_wrist_x,left_wrist_y,pelvis_x,pelvis_y,right_hip_x,right_hip_y,right_knee_x,right_knee_y,right_ankle_x,right_ankle_y,left_hip_x,left_hip_y,left_knee_x,left_knee_y,left_ankle_x,left_ankle_y
0.337890625,0.2957516339869281,0.427734375,0.5027233115468409,0.431640625,0.5190631808278867,0.431640625,0.5354030501089324,0.291015625,0.633442265795207,0.419921875,0.4809368191721133,0.416015625,0.5190631808278867,0.427734375,0.5245098039215687,0.412109375,0.44281045751633985,0.419921875,0.3937908496732026,0.416015625,0.3828976034858388,0.529296875,0.5299564270152506,0.400390625,0.39923747276688454,0.419921875,0.39923747276688454,0.353515625,0.34477124183006536,0.388671875,0.37745098039215685
