head_top_x,head_top_y,upper_neck_x,upper_neck_y,right_shoulder_x,right_shoulder_y,right_elbow_x,right_elbow_y,right_wrist_x,right_wrist_y,thorax_x,thorax_y,left_shoulder_x,left_shoulder_y,left_elbow_x,left_elbow_y,left_wrist_x,left_wrist_y,pelvis_x,pelvis_y,right_hip_x,right_hip_y,right_knee_x,right_knee_y,right_ankle_x,right_ankle_y,left_hip_x,left_hip_y,left_knee_x,left_knee_y,left_ankle_x,left_ankle_y
0.537109375,0.18177189409368635,0.548828125,0.359979633401222,0.494140625,0.359979633401222,0.490234375,0.4923625254582485,0.509765625,0.5789205702647657,0.544921875,0.359979633401222,0.599609375,0.365071283095723,0.611328125,0.5025458248472505,0.591796875,0.6043788187372708,0.548828125,0.5025458248472505,0.525390625,0.5076374745417516,0.486328125,0.6247454175152749,0.451171875,0.7876782077393074,0.572265625,0.5025458248472505,0.615234375,0.645112016293279,0.654296875,0.8131364562118125
