head_top_x,head_top_y,upper_neck_x,upper_neck_y,right_shoulder_x,right_shoulder_y,right_elbow_x,right_elbow_y,right_wrist_x,right_wrist_y,thorax_x,thorax_y,left_shoulder_x,left_shoulder_y,left_elbow_x,left_elbow_y,left_wrist_x,left_wrist_y,pelvis_x,pelvis_y,right_hip_x,right_hip_y,right_knee_x,right_knee_y,right_ankle_x,right_ankle_y,left_hip_x,left_hip_y,left_knee_x,left_knee_y,left_ankle_x,left_ankle_y
0.548828125,0.056924882629108,0.580078125,0.2564553990610329,0.498046875,0.23884976525821597,0.447265625,0.3444835680751174,0.416015625,0.4325117370892019,0.576171875,0.23884976525821597,0.662109375,0.23884976525821597,0.689453125,0.33861502347417843,0.666015625,0.3210093896713615,0.591796875,0.409037558685446,0.552734375,0.40316901408450706,0.541015625,0.4970657276995305,0.537109375,0.579225352112676,0.630859375,0.409037558685446,0.611328125,0.5205399061032864,0.599609375,0.6026995305164319
