head_top_x,head_top_y,upper_neck_x,upper_neck_y,right_shoulder_x,right_shoulder_y,right_elbow_x,right_elbow_y,right_wrist_x,right_wrist_y,thorax_x,thorax_y,left_shoulder_x,left_shoulder_y,left_elbow_x,left_elbow_y,left_wrist_x,left_wrist_y,pelvis_x,pelvis_y,right_hip_x,right_hip_y,right_knee_x,right_knee_y,right_ankle_x,right_ankle_y,left_hip_x,left_hip_y,left_knee_x,left_knee_y,left_ankle_x,left_ankle_y
0.4403842659883721,0.154296875,0.5539380450581396,0.267578125,0.5425826671511628,0.279296875,0.5425826671511628,0.349609375,0.4347065770348837,0.310546875,0.5596157340116279,0.267578125,0.576648800872093,0.251953125,0.4176735101744186,0.287109375,0.3779296875,0.267578125,0.6618141351744187,0.439453125,0.6163926235465116,0.439453125,0.6107149345930233,0.580078125,0.6107149345930233,0.701171875,0.7015579578488372,0.439453125,0.6958802688953488,0.580078125,0.7469794694767442,0.744140625
