head_top_x,head_top_y,upper_neck_x,upper_neck_y,right_shoulder_x,right_shoulder_y,right_elbow_x,right_elbow_y,right_wrist_x,right_wrist_y,thorax_x,thorax_y,left_shoulder_x,left_shoulder_y,left_elbow_x,left_elbow_y,left_wrist_x,left_wrist_y,pelvis_x,pelvis_y,right_hip_x,right_hip_y,right_knee_x,right_knee_y,right_ankle_x,right_ankle_y,left_hip_x,left_hip_y,left_knee_x,left_knee_y,left_ankle_x,left_ankle_y
0.462890625,0.1015625,0.537109375,0.2682291666666667,0.458984375,0.22135416666666666,0.419921875,0.3463541666666667,0.373046875,0.4713541666666667,0.521484375,0.2421875,0.587890625,0.2786458333333333,0.673828125,0.4453125,0.654296875,0.6067708333333334,0.595703125,0.3776041666666667,0.556640625,0.3723958333333333,0.544921875,0.5703125,0.564453125,0.5182291666666666,0.626953125,0.3932291666666667,0.572265625,0.5963541666666666,0.611328125,0.5651041666666666
