head_top_x,head_top_y,upper_neck_x,upper_neck_y,right_shoulder_x,right_shoulder_y,right_elbow_x,right_elbow_y,right_wrist_x,right_wrist_y,thorax_x,thorax_y,left_shoulder_x,left_shoulder_y,left_elbow_x,left_elbow_y,left_wrist_x,left_wrist_y,pelvis_x,pelvis_y,right_hip_x,right_hip_y,right_knee_x,right_knee_y,right_ankle_x,right_ankle_y,left_hip_x,left_hip_y,left_knee_x,left_knee_y,left_ankle_x,left_ankle_y
0.3682669789227166,0.205078125,0.4502341920374707,0.357421875,0.37412177985948475,0.431640625,0.2745901639344262,0.603515625,0.23946135831381732,0.740234375,0.5087822014051522,0.419921875,0.6902810304449648,0.423828125,0.8249414519906323,0.529296875,0.655152224824356,0.591796875,0.5263466042154566,0.556640625,0.4677985948477752,0.548828125,0.3331381733021077,0.572265625,0.32728337236533955,0.806640625,0.6024590163934426,0.576171875,0.6083138173302107,0.607421875,0.5966042154566744,0.748046875
