head_top_x,head_top_y,upper_neck_x,upper_neck_y,right_shoulder_x,right_shoulder_y,right_elbow_x,right_elbow_y,right_wrist_x,right_wrist_y,thorax_x,thorax_y,left_shoulder_x,left_shoulder_y,left_elbow_x,left_elbow_y,left_wrist_x,left_wrist_y,pelvis_x,pelvis_y,right_hip_x,right_hip_y,right_knee_x,right_knee_y,right_ankle_x,right_ankle_y,left_hip_x,left_hip_y,left_knee_x,left_knee_y,left_ankle_x,left_ankle_y
0.3151041666666667,0.259765625,0.3307291666666667,0.400390625,0.4453125,0.404296875,0.5598958333333334,0.431640625,0.3984375,0.443359375,0.3307291666666667,0.404296875,0.2109375,0.408203125,0.1796875,0.505859375,0.2734375,0.490234375,0.3776041666666667,0.544921875,0.4609375,0.548828125,0.4713541666666667,0.654296875,0.4713541666666667,0.744140625,0.3046875,0.544921875,0.2630208333333333,0.654296875,0.3098958333333333,0.794921875
