head_top_x,head_top_y,upper_neck_x,upper_neck_y,right_shoulder_x,right_shoulder_y,right_elbow_x,right_elbow_y,right_wrist_x,right_wrist_y,thorax_x,thorax_y,left_shoulder_x,left_shoulder_y,left_elbow_x,left_elbow_y,left_wrist_x,left_wrist_y,pelvis_x,pelvis_y,right_hip_x,right_hip_y,right_knee_x,right_knee_y,right_ankle_x,right_ankle_y,left_hip_x,left_hip_y,left_knee_x,left_knee_y,left_ankle_x,left_ankle_y
0.4922037422037422,0.416015625,0.4922037422037422,0.556640625,0.39864864864864863,0.580078125,0.38305613305613306,0.685546875,0.4298336798336798,0.728515625,0.4974012474012474,0.580078125,0.6013513513513513,0.583984375,0.6117463617463618,0.701171875,0.5545738045738046,0.732421875,0.5025987525987526,0.771484375,0.43503118503118504,0.771484375,0.41424116424116425,0.783203125,0.38825363825363823,0.978515625,0.590956340956341,0.853515625,0.564968814968815,0.775390625,0.5545738045738046,0.291015625
