head_top_x,head_top_y,upper_neck_x,upper_neck_y,right_shoulder_x,right_shoulder_y,right_elbow_x,right_elbow_y,right_wrist_x,right_wrist_y,thorax_x,thorax_y,left_shoulder_x,left_shoulder_y,left_elbow_x,left_elbow_y,left_wrist_x,left_wrist_y,pelvis_x,pelvis_y,right_hip_x,right_hip_y,right_knee_x,right_knee_y,right_ankle_x,right_ankle_y,left_hip_x,left_hip_y,left_knee_x,left_knee_y,left_ankle_x,left_ankle_y
0.7371194379391101,0.423828125,0.7429742388758782,0.576171875,0.7195550351288056,0.580078125,0.6024590163934426,0.650390625,0.5556206088992974,0.673828125,0.7429742388758782,0.583984375,0.7605386416861827,0.587890625,0.5966042154566744,0.654296875,0.5087822014051522,0.662109375,0.41510538641686184,0.568359375,0.4385245901639344,0.521484375,0.41510538641686184,0.119140625,0.3916861826697892,0.173828125,0.40339578454332553,0.572265625,0.40339578454332553,0.119140625,0.4092505854800937,0.142578125
