head_top_x,head_top_y,upper_neck_x,upper_neck_y,right_shoulder_x,right_shoulder_y,right_elbow_x,right_elbow_y,right_wrist_x,right_wrist_y,thorax_x,thorax_y,left_shoulder_x,left_shoulder_y,left_elbow_x,left_elbow_y,left_wrist_x,left_wrist_y,pelvis_x,pelvis_y,right_hip_x,right_hip_y,right_knee_x,right_knee_y,right_ankle_x,right_ankle_y,left_hip_x,left_hip_y,left_knee_x,left_knee_y,left_ankle_x,left_ankle_y
0.40435356200527706,0.166015625,0.4241424802110818,0.318359375,0.2988126649076517,0.341796875,0.24604221635883905,0.447265625,0.3317941952506596,0.447265625,0.4241424802110818,0.345703125,0.5626649076517151,0.341796875,0.5890501319261213,0.458984375,0.5230870712401056,0.521484375,0.4241424802110818,0.529296875,0.35158311345646437,0.525390625,0.35817941952506593,0.697265625,0.36477572559366755,0.857421875,0.5098944591029023,0.529296875,0.5164907651715039,0.705078125,0.4637203166226913,0.904296875
