head_top_x,head_top_y,upper_neck_x,upper_neck_y,right_shoulder_x,right_shoulder_y,right_elbow_x,right_elbow_y,right_wrist_x,right_wrist_y,thorax_x,thorax_y,left_shoulder_x,left_shoulder_y,left_elbow_x,left_elbow_y,left_wrist_x,left_wrist_y,pelvis_x,pelvis_y,right_hip_x,right_hip_y,right_knee_x,right_knee_y,right_ankle_x,right_ankle_y,left_hip_x,left_hip_y,left_knee_x,left_knee_y,left_ankle_x,left_ankle_y
0.47955607476635514,0.048828125,0.5671728971962617,0.189453125,0.473714953271028,0.205078125,0.3860981308411215,0.330078125,0.23422897196261686,0.345703125,0.5788551401869159,0.201171875,0.6664719626168224,0.205078125,0.8417056074766356,0.314453125,0.8417056074766356,0.423828125,0.7248831775700935,0.451171875,0.7365654205607477,0.451171875,0.695677570093458,0.638671875,0.6606308411214953,0.837890625,0.7365654205607477,0.455078125,0.6255841121495327,0.638671875,0.643107476635514,0.876953125
