head_top_x,head_top_y,upper_neck_x,upper_neck_y,right_shoulder_x,right_shoulder_y,right_elbow_x,right_elbow_y,right_wrist_x,right_wrist_y,thorax_x,thorax_y,left_shoulder_x,left_shoulder_y,left_elbow_x,left_elbow_y,left_wrist_x,left_wrist_y,pelvis_x,pelvis_y,right_hip_x,right_hip_y,right_knee_x,right_knee_y,right_ankle_x,right_ankle_y,left_hip_x,left_hip_y,left_knee_x,left_knee_y,left_ankle_x,left_ankle_y
0.517578125,0.013020833333333334,0.509765625,0.20052083333333334,0.435546875,0.1796875,0.404296875,0.2994791666666667,0.400390625,0.20052083333333334,0.509765625,0.1953125,0.568359375,0.19010416666666666,0.576171875,0.3411458333333333,0.583984375,0.23697916666666666,0.486328125,0.5546875,0.455078125,0.5598958333333334,0.501953125,0.8671875,0.494140625,1.0,0.517578125,0.5442708333333334,0.533203125,0.8515625,0.521484375,1.0
