head_top_x,head_top_y,upper_neck_x,upper_neck_y,right_shoulder_x,right_shoulder_y,right_elbow_x,right_elbow_y,right_wrist_x,right_wrist_y,thorax_x,thorax_y,left_shoulder_x,left_shoulder_y,left_elbow_x,left_elbow_y,left_wrist_x,left_wrist_y,pelvis_x,pelvis_y,right_hip_x,right_hip_y,right_knee_x,right_knee_y,right_ankle_x,right_ankle_y,left_hip_x,left_hip_y,left_knee_x,left_knee_y,left_ankle_x,left_ankle_y
0.5401498929336188,0.044921875,0.49732334047109206,0.189453125,0.395610278372591,0.205078125,0.3099571734475374,0.306640625,0.29925053533190576,0.404296875,0.4919700214132762,0.201171875,0.5883297644539615,0.201171875,0.5883297644539615,0.283203125,0.604389721627409,0.318359375,0.465203426124197,0.412109375,0.4330835117773019,0.412109375,0.4759100642398287,0.587890625,0.4009635974304069,0.748046875,0.5026766595289079,0.412109375,0.44914346895074947,0.587890625,0.4063169164882227,0.744140625
