head_top_x,head_top_y,upper_neck_x,upper_neck_y,right_shoulder_x,right_shoulder_y,right_elbow_x,right_elbow_y,right_wrist_x,right_wrist_y,thorax_x,thorax_y,left_shoulder_x,left_shoulder_y,left_elbow_x,left_elbow_y,left_wrist_x,left_wrist_y,pelvis_x,pelvis_y,right_hip_x,right_hip_y,right_knee_x,right_knee_y,right_ankle_x,right_ankle_y,left_hip_x,left_hip_y,left_knee_x,left_knee_y,left_ankle_x,left_ankle_y
0.634765625,0.19262295081967212,0.615234375,0.3975409836065574,0.552734375,0.3916861826697892,0.552734375,0.5204918032786885,0.662109375,0.5322014051522248,0.615234375,0.3975409836065574,0.685546875,0.3916861826697892,0.751953125,0.538056206088993,0.705078125,0.5614754098360656,0.623046875,0.6668618266978923,0.587890625,0.6610070257611241,0.591796875,0.5848946135831382,0.611328125,0.8366510538641686,0.677734375,0.6668618266978923,0.599609375,0.5790398126463701,0.646484375,0.7839578454332552
