head_top_x,head_top_y,upper_neck_x,upper_neck_y,right_shoulder_x,right_shoulder_y,right_elbow_x,right_elbow_y,right_wrist_x,right_wrist_y,thorax_x,thorax_y,left_shoulder_x,left_shoulder_y,left_elbow_x,left_elbow_y,left_wrist_x,left_wrist_y,pelvis_x,pelvis_y,right_hip_x,right_hip_y,right_knee_x,right_knee_y,right_ankle_x,right_ankle_y,left_hip_x,left_hip_y,left_knee_x,left_knee_y,left_ankle_x,left_ankle_y
0.37997658079625296,0.166015625,0.37997658079625296,0.322265625,0.29215456674473067,0.337890625,0.21018735362997656,0.412109375,0.12822014051522246,0.478515625,0.37997658079625296,0.333984375,0.46194379391100704,0.326171875,0.5614754098360656,0.388671875,0.6317330210772834,0.458984375,0.38583138173302106,0.505859375,0.33899297423887587,0.505859375,0.3214285714285714,0.611328125,0.3214285714285714,0.728515625,0.43266978922716626,0.501953125,0.42096018735363,0.626953125,0.4385245901639344,0.771484375
