head_top_x,head_top_y,upper_neck_x,upper_neck_y,right_shoulder_x,right_shoulder_y,right_elbow_x,right_elbow_y,right_wrist_x,right_wrist_y,thorax_x,thorax_y,left_shoulder_x,left_shoulder_y,left_elbow_x,left_elbow_y,left_wrist_x,left_wrist_y,pelvis_x,pelvis_y,right_hip_x,right_hip_y,right_knee_x,right_knee_y,right_ankle_x,right_ankle_y,left_hip_x,left_hip_y,left_knee_x,left_knee_y,left_ankle_x,left_ankle_y
0.3980125523012552,0.376953125,0.5339958158995816,0.443359375,0.4450836820083682,0.369140625,0.3875523012552301,0.548828125,0.40324267782426776,0.599609375,0.5130753138075314,0.427734375,0.6019874476987448,0.396484375,0.7118200836820083,0.455078125,0.8007322175732218,0.576171875,0.6542887029288703,0.486328125,0.5915271966527197,0.490234375,0.4293933054393305,0.537109375,0.49215481171548114,0.564453125,0.7170502092050209,0.470703125,0.5339958158995816,0.544921875,0.7641213389121339,0.576171875
