head_top_x,head_top_y,upper_neck_x,upper_neck_y,right_shoulder_x,right_shoulder_y,right_elbow_x,right_elbow_y,right_wrist_x,right_wrist_y,thorax_x,thorax_y,left_shoulder_x,left_shoulder_y,left_elbow_x,left_elbow_y,left_wrist_x,left_wrist_y,pelvis_x,pelvis_y,right_hip_x,right_hip_y,right_knee_x,right_knee_y,right_ankle_x,right_ankle_y,left_hip_x,left_hip_y,left_knee_x,left_knee_y,left_ankle_x,left_ankle_y
0.525390625,0.11061507936507937,0.552734375,0.28422619047619047,0.486328125,0.28422619047619047,0.458984375,0.38343253968253965,0.435546875,0.4677579365079365,0.552734375,0.2891865079365079,0.611328125,0.28422619047619047,0.658203125,0.37351190476190477,0.638671875,0.45287698412698413,0.556640625,0.5074404761904762,0.517578125,0.4975198412698413,0.486328125,0.6314484126984127,0.521484375,0.8000992063492064,0.595703125,0.5124007936507936,0.560546875,0.6463293650793651,0.548828125,0.795138888888889
