head_top_x,head_top_y,upper_neck_x,upper_neck_y,right_shoulder_x,right_shoulder_y,right_elbow_x,right_elbow_y,right_wrist_x,right_wrist_y,thorax_x,thorax_y,left_shoulder_x,left_shoulder_y,left_elbow_x,left_elbow_y,left_wrist_x,left_wrist_y,pelvis_x,pelvis_y,right_hip_x,right_hip_y,right_knee_x,right_knee_y,right_ankle_x,right_ankle_y,left_hip_x,left_hip_y,left_knee_x,left_knee_y,left_ankle_x,left_ankle_y
0.146484375,0.09635416666666667,0.552734375,0.4036458333333333,0.396484375,0.4713541666666667,0.498046875,0.4453125,0.478515625,0.4557291666666667,0.568359375,0.3984375,0.517578125,0.4296875,0.501953125,0.4296875,0.517578125,0.4921875,0.517578125,0.4713541666666667,0.509765625,0.4661458333333333,0.466796875,0.6588541666666666,0.466796875,0.8098958333333334,0.525390625,0.4765625,0.490234375,0.6536458333333334,0.513671875,0.8203125
