head_top_x,head_top_y,upper_neck_x,upper_neck_y,right_shoulder_x,right_shoulder_y,right_elbow_x,right_elbow_y,right_wrist_x,right_wrist_y,thorax_x,thorax_y,left_shoulder_x,left_shoulder_y,left_elbow_x,left_elbow_y,left_wrist_x,left_wrist_y,pelvis_x,pelvis_y,right_hip_x,right_hip_y,right_knee_x,right_knee_y,right_ankle_x,right_ankle_y,left_hip_x,left_hip_y,left_knee_x,left_knee_y,left_ankle_x,left_ankle_y
0.689453125,-0.001953125,0.751953125,0.19262295081967212,0.712890625,0.24531615925058545,0.724609375,0.46194379391100704,0.716796875,0.6083138173302107,0.767578125,0.23946135831381732,0.826171875,0.23360655737704916,0.947265625,0.4970725995316159,0.810546875,0.6375878220140515,0.697265625,0.6083138173302107,0.681640625,0.5966042154566744,0.544921875,0.538056206088993,0.455078125,0.8249414519906323,0.689453125,0.6258782201405152,0.544921875,0.5497658079625293,0.255859375,0.8366510538641686
