head_top_x,head_top_y,upper_neck_x,upper_neck_y,right_shoulder_x,right_shoulder_y,right_elbow_x,right_elbow_y,right_wrist_x,right_wrist_y,thorax_x,thorax_y,left_shoulder_x,left_shoulder_y,left_elbow_x,left_elbow_y,left_wrist_x,left_wrist_y,pelvis_x,pelvis_y,right_hip_x,right_hip_y,right_knee_x,right_knee_y,right_ankle_x,right_ankle_y,left_hip_x,left_hip_y,left_knee_x,left_knee_y,left_ankle_x,left_ankle_y
0.5263466042154566,0.154296875,0.502927400468384,0.306640625,0.37412177985948475,0.306640625,0.29215456674473067,0.404296875,0.3331381733021077,0.396484375,0.4970725995316159,0.314453125,0.6141686182669789,0.322265625,0.4560889929742389,0.427734375,0.344847775175644,0.404296875,0.5439110070257611,0.501953125,0.47950819672131145,0.509765625,0.5146370023419203,0.642578125,0.43266978922716626,0.798828125,0.6083138173302107,0.494140625,0.5673302107728337,0.646484375,0.5263466042154566,0.814453125
