head_top_x,head_top_y,upper_neck_x,upper_neck_y,right_shoulder_x,right_shoulder_y,right_elbow_x,right_elbow_y,right_wrist_x,right_wrist_y,thorax_x,thorax_y,left_shoulder_x,left_shoulder_y,left_elbow_x,left_elbow_y,left_wrist_x,left_wrist_y,pelvis_x,pelvis_y,right_hip_x,right_hip_y,right_knee_x,right_knee_y,right_ankle_x,right_ankle_y,left_hip_x,left_hip_y,left_knee_x,left_knee_y,left_ankle_x,left_ankle_y
0.197265625,0.15262582056892776,0.294921875,0.2893873085339168,0.318359375,0.26750547045951856,0.251953125,0.4972647702407002,0.197265625,0.47538293216630195,0.318359375,0.26750547045951856,0.341796875,0.26750547045951856,0.462890625,0.31126914660831506,0.583984375,0.3386214442013129,0.326171875,0.5082056892778993,0.291015625,0.5191466083150985,0.255859375,0.7598468271334792,0.197265625,0.8856673960612691,0.361328125,0.49179431072210067,0.380859375,0.699671772428884,0.388671875,0.9403719912472648
