head_top_x,head_top_y,upper_neck_x,upper_neck_y,right_shoulder_x,right_shoulder_y,right_elbow_x,right_elbow_y,right_wrist_x,right_wrist_y,thorax_x,thorax_y,left_shoulder_x,left_shoulder_y,left_elbow_x,left_elbow_y,left_wrist_x,left_wrist_y,pelvis_x,pelvis_y,right_hip_x,right_hip_y,right_knee_x,right_knee_y,right_ankle_x,right_ankle_y,left_hip_x,left_hip_y,left_knee_x,left_knee_y,left_ankle_x,left_ankle_y
0.4869791666666667,0.205078125,0.4921875,0.361328125,0.3828125,0.388671875,0.3567708333333333,0.517578125,0.3203125,0.599609375,0.4921875,0.392578125,0.6119791666666666,0.400390625,0.6640625,0.533203125,0.5859375,0.548828125,0.4713541666666667,0.595703125,0.4036458333333333,0.580078125,0.22135416666666666,0.494140625,0.3098958333333333,0.791015625,0.5390625,0.607421875,0.3723958333333333,0.669921875,0.3411458333333333,0.830078125
