head_top_x,head_top_y,upper_neck_x,upper_neck_y,right_shoulder_x,right_shoulder_y,right_elbow_x,right_elbow_y,right_wrist_x,right_wrist_y,thorax_x,thorax_y,left_shoulder_x,left_shoulder_y,left_elbow_x,left_elbow_y,left_wrist_x,left_wrist_y,pelvis_x,pelvis_y,right_hip_x,right_hip_y,right_knee_x,right_knee_y,right_ankle_x,right_ankle_y,left_hip_x,left_hip_y,left_knee_x,left_knee_y,left_ankle_x,left_ankle_y
0.494140625,0.006551752645502649,0.486328125,0.171895667989418,0.419921875,0.16156167328042328,0.361328125,0.27523561507936506,0.369140625,0.3630745701058201,0.486328125,0.171895667989418,0.556640625,0.1822296626984127,0.583984375,0.3062375992063492,0.634765625,0.39407655423280424,0.490234375,0.41474454365079366,0.447265625,0.41474454365079366,0.451171875,0.595589451058201,0.419921875,0.7609333664021164,0.533203125,0.41474454365079366,0.552734375,0.6007564484126984,0.583984375,0.7816013558201058
