head_top_x,head_top_y,upper_neck_x,upper_neck_y,right_shoulder_x,right_shoulder_y,right_elbow_x,right_elbow_y,right_wrist_x,right_wrist_y,thorax_x,thorax_y,left_shoulder_x,left_shoulder_y,left_elbow_x,left_elbow_y,left_wrist_x,left_wrist_y,pelvis_x,pelvis_y,right_hip_x,right_hip_y,right_knee_x,right_knee_y,right_ankle_x,right_ankle_y,left_hip_x,left_hip_y,left_knee_x,left_knee_y,left_ankle_x,left_ankle_y
0.310546875,0.022833723653395775,0.376953125,0.19262295081967212,0.326171875,0.21018735362997656,0.326171875,0.3331381733021077,0.388671875,0.28044496487119436,0.376953125,0.18676814988290397,0.427734375,0.15163934426229506,0.482421875,0.25117096018735363,0.455078125,0.24531615925058545,0.427734375,0.42096018735363,0.396484375,0.42681498829039816,0.376953125,0.655152224824356,0.376953125,0.8600702576112412,0.462890625,0.41510538641686184,0.501953125,0.6434426229508197,0.541015625,0.813231850117096
