head_top_x,head_top_y,upper_neck_x,upper_neck_y,right_shoulder_x,right_shoulder_y,right_elbow_x,right_elbow_y,right_wrist_x,right_wrist_y,thorax_x,thorax_y,left_shoulder_x,left_shoulder_y,left_elbow_x,left_elbow_y,left_wrist_x,left_wrist_y,pelvis_x,pelvis_y,right_hip_x,right_hip_y,right_knee_x,right_knee_y,right_ankle_x,right_ankle_y,left_hip_x,left_hip_y,left_knee_x,left_knee_y,left_ankle_x,left_ankle_y
0.669921875,0.07552083333333333,0.615234375,0.2421875,0.548828125,0.24739583333333334,0.533203125,0.3984375,0.357421875,0.4973958333333333,0.611328125,0.2526041666666667,0.673828125,0.2578125,0.666015625,0.3932291666666667,0.693359375,0.4401041666666667,0.583984375,0.4609375,0.541015625,0.4765625,0.576171875,0.6223958333333334,0.599609375,0.8307291666666666,0.615234375,0.4453125,0.626953125,0.6276041666666666,0.634765625,0.8619791666666666
