head_top_x,head_top_y,upper_neck_x,upper_neck_y,right_shoulder_x,right_shoulder_y,right_elbow_x,right_elbow_y,right_wrist_x,right_wrist_y,thorax_x,thorax_y,left_shoulder_x,left_shoulder_y,left_elbow_x,left_elbow_y,left_wrist_x,left_wrist_y,pelvis_x,pelvis_y,right_hip_x,right_hip_y,right_knee_x,right_knee_y,right_ankle_x,right_ankle_y,left_hip_x,left_hip_y,left_knee_x,left_knee_y,left_ankle_x,left_ankle_y
0.5461468446601941,0.10729166666666666,0.5324737055016181,0.2635416666666667,0.36839603559870554,0.25729166666666664,0.27268406148867314,0.38645833333333335,0.21457322006472493,0.478125,0.5358919902912621,0.2635416666666667,0.6999696601941747,0.27395833333333336,0.7375707928802588,0.4197916666666667,0.761498786407767,0.5197916666666667,0.4675262944983819,0.5114583333333333,0.3581411812297734,0.5135416666666667,0.3171217637540453,0.678125,0.2829389158576052,0.865625,0.5769114077669902,0.5052083333333334,0.5940028317152103,0.621875,0.5632382686084143,0.8239583333333333
