head_top_x,head_top_y,upper_neck_x,upper_neck_y,right_shoulder_x,right_shoulder_y,right_elbow_x,right_elbow_y,right_wrist_x,right_wrist_y,thorax_x,thorax_y,left_shoulder_x,left_shoulder_y,left_elbow_x,left_elbow_y,left_wrist_x,left_wrist_y,pelvis_x,pelvis_y,right_hip_x,right_hip_y,right_knee_x,right_knee_y,right_ankle_x,right_ankle_y,left_hip_x,left_hip_y,left_knee_x,left_knee_y,left_ankle_x,left_ankle_y
0.5378033980582524,0.08854166666666667,0.5054004854368933,0.246875,0.6350121359223301,0.2864583333333333,0.6998179611650485,0.4114583333333333,0.7574231391585761,0.515625,0.5018001618122978,0.26979166666666665,0.3649878640776699,0.2552083333333333,0.21737459546925575,0.35520833333333335,0.27497977346278324,0.39479166666666665,0.5018001618122978,0.5072916666666667,0.5702063106796117,0.503125,0.642212783171521,0.6427083333333333,0.7574231391585761,0.8072916666666666,0.42979368932038836,0.515625,0.5054004854368933,0.6739583333333333,0.588207928802589,0.834375
