head_top_x,head_top_y,upper_neck_x,upper_neck_y,right_shoulder_x,right_shoulder_y,right_elbow_x,right_elbow_y,right_wrist_x,right_wrist_y,thorax_x,thorax_y,left_shoulder_x,left_shoulder_y,left_elbow_x,left_elbow_y,left_wrist_x,left_wrist_y,pelvis_x,pelvis_y,right_hip_x,right_hip_y,right_knee_x,right_knee_y,right_ankle_x,right_ankle_y,left_hip_x,left_hip_y,left_knee_x,left_knee_y,left_ankle_x,left_ankle_y
0.5927083333333333,0.08011209239130435,0.6072916666666667,0.25079823369565213,0.5427083333333333,0.2280400815217391,0.534375,0.32817595108695646,0.46770833333333334,0.3987262228260869,0.609375,0.24397078804347824,0.6739583333333333,0.2576256793478261,0.759375,0.34183084239130435,0.7260416666666667,0.4078294836956522,0.5697916666666667,0.4920346467391304,0.5260416666666666,0.47610394021739133,0.37604166666666666,0.6490658967391304,0.17395833333333333,0.7514775815217392,0.615625,0.5056895380434783,0.578125,0.6627207880434782,0.546875,0.8698199728260869
