head_top_x,head_top_y,upper_neck_x,upper_neck_y,right_shoulder_x,right_shoulder_y,right_elbow_x,right_elbow_y,right_wrist_x,right_wrist_y,thorax_x,thorax_y,left_shoulder_x,left_shoulder_y,left_elbow_x,left_elbow_y,left_wrist_x,left_wrist_y,pelvis_x,pelvis_y,right_hip_x,right_hip_y,right_knee_x,right_knee_y,right_ankle_x,right_ankle_y,left_hip_x,left_hip_y,left_knee_x,left_knee_y,left_ankle_x,left_ankle_y
0.6577651515151515,0.140625,0.562310606060606,0.278125,0.5251893939393939,0.278125,0.44564393939393937,0.365625,0.5835227272727274,0.428125,0.5517045454545455,0.290625,0.5782196969696969,0.30520833333333336,0.5410984848484849,0.39479166666666665,0.5808712121212122,0.4427083333333333,0.5251893939393939,0.503125,0.49071969696969703,0.5010416666666667,0.3926136363636364,0.6760416666666667,0.20965909090909088,0.8239583333333333,0.5596590909090909,0.503125,0.737310606060606,0.5864583333333333,0.7558712121212122,0.7802083333333333
