head_top_x,head_top_y,upper_neck_x,upper_neck_y,right_shoulder_x,right_shoulder_y,right_elbow_x,right_elbow_y,right_wrist_x,right_wrist_y,thorax_x,thorax_y,left_shoulder_x,left_shoulder_y,left_elbow_x,left_elbow_y,left_wrist_x,left_wrist_y,pelvis_x,pelvis_y,right_hip_x,right_hip_y,right_knee_x,right_knee_y,right_ankle_x,right_ankle_y,left_hip_x,left_hip_y,left_knee_x,left_knee_y,left_ankle_x,left_ankle_y
0.5520833333333333,0.14479166666666668,0.46458333333333335,0.28020833333333334,0.41874999999999996,0.259375,0.33125000000000004,0.20104166666666667,0.3145833333333333,0.121875,0.47291666666666665,0.26979166666666665,0.51875,0.2760416666666667,0.7604166666666667,0.2635416666666667,0.7229166666666667,0.178125,0.42708333333333337,0.5177083333333333,0.4354166666666667,0.5177083333333333,0.34791666666666665,0.7010416666666667,0.5770833333333334,0.8427083333333333,0.41874999999999996,0.5197916666666667,0.21875,0.7114583333333333,0.41041666666666665,0.878125
