head_top_x,head_top_y,upper_neck_x,upper_neck_y,right_shoulder_x,right_shoulder_y,right_elbow_x,right_elbow_y,right_wrist_x,right_wrist_y,thorax_x,thorax_y,left_shoulder_x,left_shoulder_y,left_elbow_x,left_elbow_y,left_wrist_x,left_wrist_y,pelvis_x,pelvis_y,right_hip_x,right_hip_y,right_knee_x,right_knee_y,right_ankle_x,right_ankle_y,left_hip_x,left_hip_y,left_knee_x,left_knee_y,left_ankle_x,left_ankle_y
0.3169614779874214,0.12604166666666666,0.4328419811320755,0.26979166666666665,0.5302869496855346,0.25729166666666664,0.5276533018867924,0.34270833333333334,0.44864386792452826,0.37395833333333334,0.42494103773584896,0.259375,0.3248624213836478,0.26979166666666665,0.21951650943396225,0.35104166666666664,0.26955581761006286,0.471875,0.49604952830188676,0.44895833333333335,0.5539897798742138,0.44479166666666664,0.6514347484276729,0.653125,0.7804834905660377,0.7739583333333333,0.43020833333333325,0.4510416666666667,0.3590998427672956,0.621875,0.39333726415094344,0.803125
