head_top_x,head_top_y,upper_neck_x,upper_neck_y,right_shoulder_x,right_shoulder_y,right_elbow_x,right_elbow_y,right_wrist_x,right_wrist_y,thorax_x,thorax_y,left_shoulder_x,left_shoulder_y,left_elbow_x,left_elbow_y,left_wrist_x,left_wrist_y,pelvis_x,pelvis_y,right_hip_x,right_hip_y,right_knee_x,right_knee_y,right_ankle_x,right_ankle_y,left_hip_x,left_hip_y,left_knee_x,left_knee_y,left_ankle_x,left_ankle_y
0.40116071428571426,0.065625,0.49276785714285715,0.21354166666666666,0.6615178571428572,0.23020833333333332,0.7097321428571427,0.35520833333333335,0.5458035714285714,0.4239583333333333,0.5024107142857144,0.221875,0.33848214285714295,0.21770833333333334,0.32401785714285714,0.36354166666666665,0.23241071428571436,0.48854166666666665,0.5361607142857143,0.453125,0.6133035714285714,0.4552083333333333,0.5168750000000001,0.6239583333333333,0.7097321428571427,0.771875,0.45901785714285714,0.45729166666666665,0.280625,0.665625,0.5843750000000001,0.8302083333333333
