head_top_x,head_top_y,upper_neck_x,upper_neck_y,right_shoulder_x,right_shoulder_y,right_elbow_x,right_elbow_y,right_wrist_x,right_wrist_y,thorax_x,thorax_y,left_shoulder_x,left_shoulder_y,left_elbow_x,left_elbow_y,left_wrist_x,left_wrist_y,pelvis_x,pelvis_y,right_hip_x,right_hip_y,right_knee_x,right_knee_y,right_ankle_x,right_ankle_y,left_hip_x,left_hip_y,left_knee_x,left_knee_y,left_ankle_x,left_ankle_y
0.48803490990990994,0.057291666666666664,0.4784628378378378,0.21979166666666666,0.30137950450450446,0.25729166666666664,0.21523085585585586,0.384375,0.2965934684684684,0.4739583333333333,0.4784628378378378,0.253125,0.6507601351351352,0.24479166666666666,0.6268299549549549,0.37395833333333334,0.7512668918918919,0.415625,0.48803490990990994,0.47604166666666664,0.4018862612612612,0.478125,0.3923141891891892,0.678125,0.3492398648648649,0.8677083333333333,0.5789695945945947,0.471875,0.6316159909909909,0.6885416666666667,0.6076858108108109,0.8552083333333333
