head_top_x,head_top_y,upper_neck_x,upper_neck_y,right_shoulder_x,right_shoulder_y,right_elbow_x,right_elbow_y,right_wrist_x,right_wrist_y,thorax_x,thorax_y,left_shoulder_x,left_shoulder_y,left_elbow_x,left_elbow_y,left_wrist_x,left_wrist_y,pelvis_x,pelvis_y,right_hip_x,right_hip_y,right_knee_x,right_knee_y,right_ankle_x,right_ankle_y,left_hip_x,left_hip_y,left_knee_x,left_knee_y,left_ankle_x,left_ankle_y
0.3758116883116884,0.06354166666666666,0.5024350649350651,0.21770833333333334,0.41964285714285715,0.24895833333333334,0.5073051948051949,0.346875,0.4586038961038961,0.44479166666666664,0.5219155844155845,0.240625,0.6193181818181818,0.23020833333333332,0.716720779220779,0.3572916666666667,0.643668831168831,0.48854166666666665,0.5121753246753248,0.4947916666666667,0.4342532467532467,0.49270833333333336,0.3271103896103896,0.6864583333333333,0.239448051948052,0.8677083333333333,0.5900974025974026,0.49270833333333336,0.6485389610389611,0.6760416666666667,0.7751623376623376,0.8572916666666667
