head_top_x,head_top_y,upper_neck_x,upper_neck_y,right_shoulder_x,right_shoulder_y,right_elbow_x,right_elbow_y,right_wrist_x,right_wrist_y,thorax_x,thorax_y,left_shoulder_x,left_shoulder_y,left_elbow_x,left_elbow_y,left_wrist_x,left_wrist_y,pelvis_x,pelvis_y,right_hip_x,right_hip_y,right_knee_x,right_knee_y,right_ankle_x,right_ankle_y,left_hip_x,left_hip_y,left_knee_x,left_knee_y,left_ankle_x,left_ankle_y
0.5668402777777779,0.09479166666666666,0.5133680555555556,0.253125,0.3453125000000001,0.28229166666666666,0.21163194444444447,0.403125,0.30711805555555555,0.528125,0.5019097222222223,0.278125,0.6470486111111111,0.271875,0.7043402777777777,0.38645833333333335,0.7578125,0.490625,0.4331597222222223,0.490625,0.3453125000000001,0.490625,0.3338541666666667,0.684375,0.3147569444444445,0.8572916666666667,0.5286458333333334,0.48854166666666665,0.6355902777777778,0.6510416666666666,0.6661458333333332,0.7885416666666667
