head_top_x,head_top_y,upper_neck_x,upper_neck_y,right_shoulder_x,right_shoulder_y,right_elbow_x,right_elbow_y,right_wrist_x,right_wrist_y,thorax_x,thorax_y,left_shoulder_x,left_shoulder_y,left_elbow_x,left_elbow_y,left_wrist_x,left_wrist_y,pelvis_x,pelvis_y,right_hip_x,right_hip_y,right_knee_x,right_knee_y,right_ankle_x,right_ankle_y,left_hip_x,left_hip_y,left_knee_x,left_knee_y,left_ankle_x,left_ankle_y
0.42604166666666665,0.1731977513227513,0.3885416666666667,0.31721230158730157,0.37395833333333334,0.26846891534391537,0.5614583333333333,0.31721230158730157,0.534375,0.2108630952380952,0.390625,0.26846891534391537,0.390625,0.2640376984126984,0.5552083333333333,0.31499669312169315,0.5364583333333334,0.22858796296296294,0.3802083333333333,0.43020833333333336,0.3572916666666667,0.43685515873015873,0.36354166666666665,0.6163194444444444,0.22395833333333334,0.8245866402116402,0.421875,0.4102678571428572,0.5614583333333333,0.35930886243386245,0.834375,0.4124834656084656
