head_top_x,head_top_y,upper_neck_x,upper_neck_y,right_shoulder_x,right_shoulder_y,right_elbow_x,right_elbow_y,right_wrist_x,right_wrist_y,thorax_x,thorax_y,left_shoulder_x,left_shoulder_y,left_elbow_x,left_elbow_y,left_wrist_x,left_wrist_y,pelvis_x,pelvis_y,right_hip_x,right_hip_y,right_knee_x,right_knee_y,right_ankle_x,right_ankle_y,left_hip_x,left_hip_y,left_knee_x,left_knee_y,left_ankle_x,left_ankle_y
0.5408509036144578,0.08854166666666667,0.5058358433734941,0.24479166666666666,0.6770205823293174,0.29270833333333335,0.7742846385542169,0.428125,0.7392695783132531,0.5114583333333333,0.4980547188755021,0.284375,0.31130773092369485,0.271875,0.2257153614457832,0.4114583333333333,0.2101531124497992,0.5260416666666666,0.45136797188755023,0.546875,0.5330697791164658,0.5489583333333333,0.5058358433734941,0.7052083333333333,0.3229794176706828,0.8552083333333333,0.3657756024096385,0.5447916666666667,0.40468122489959846,0.684375,0.43191516064257035,0.853125
