head_top_x,head_top_y,upper_neck_x,upper_neck_y,right_shoulder_x,right_shoulder_y,right_elbow_x,right_elbow_y,right_wrist_x,right_wrist_y,thorax_x,thorax_y,left_shoulder_x,left_shoulder_y,left_elbow_x,left_elbow_y,left_wrist_x,left_wrist_y,pelvis_x,pelvis_y,right_hip_x,right_hip_y,right_knee_x,right_knee_y,right_ankle_x,right_ankle_y,left_hip_x,left_hip_y,left_knee_x,left_knee_y,left_ankle_x,left_ankle_y
0.22491071428571427,0.065625,0.3424702380952382,0.221875,0.22020833333333334,0.2677083333333333,0.39419642857142856,0.3697916666666667,0.4929464285714286,0.31145833333333334,0.35657738095238095,0.240625,0.4835416666666667,0.21770833333333334,0.6152083333333332,0.265625,0.746875,0.20729166666666668,0.4929464285714286,0.46145833333333336,0.3847916666666667,0.4739583333333333,0.4083035714285714,0.7072916666666667,0.20610119047619055,0.815625,0.5963988095238095,0.44895833333333335,0.7139583333333335,0.6552083333333333,0.7045535714285713,0.8864583333333333
