head_top_x,head_top_y,upper_neck_x,upper_neck_y,right_shoulder_x,right_shoulder_y,right_elbow_x,right_elbow_y,right_wrist_x,right_wrist_y,thorax_x,thorax_y,left_shoulder_x,left_shoulder_y,left_elbow_x,left_elbow_y,left_wrist_x,left_wrist_y,pelvis_x,pelvis_y,right_hip_x,right_hip_y,right_knee_x,right_knee_y,right_ankle_x,right_ankle_y,left_hip_x,left_hip_y,left_knee_x,left_knee_y,left_ankle_x,left_ankle_y
0.70995670995671,0.06979166666666667,0.6796536796536796,0.23854166666666668,0.7619047619047621,0.290625,0.658008658008658,0.40520833333333334,0.6103896103896104,0.5197916666666667,0.658008658008658,0.2760416666666667,0.5411255411255411,0.2677083333333333,0.3809523809523809,0.421875,0.4545454545454546,0.49895833333333334,0.5064935064935066,0.521875,0.5974025974025974,0.5322916666666667,0.722943722943723,0.7427083333333333,0.7272727272727273,0.9635416666666666,0.41991341991341996,0.5135416666666667,0.35930735930735935,0.734375,0.20346320346320346,0.9260416666666667
