head_top_x,head_top_y,upper_neck_x,upper_neck_y,right_shoulder_x,right_shoulder_y,right_elbow_x,right_elbow_y,right_wrist_x,right_wrist_y,thorax_x,thorax_y,left_shoulder_x,left_shoulder_y,left_elbow_x,left_elbow_y,left_wrist_x,left_wrist_y,pelvis_x,pelvis_y,right_hip_x,right_hip_y,right_knee_x,right_knee_y,right_ankle_x,right_ankle_y,left_hip_x,left_hip_y,left_knee_x,left_knee_y,left_ankle_x,left_ankle_y
0.8447010869565216,0.12395833333333334,0.5798460144927536,0.18020833333333333,0.5214221014492754,0.20104166666666667,0.4591032608695652,0.365625,0.4552083333333332,0.4947916666666667,0.5136322463768116,0.196875,0.501947463768116,0.18854166666666666,0.431838768115942,0.33645833333333336,0.431838768115942,0.471875,0.32278079710144925,0.4197916666666667,0.30720108695652165,0.41770833333333335,0.32278079710144925,0.615625,0.22540760869565218,0.8322916666666667,0.3422554347826087,0.421875,0.43962862318840573,0.628125,0.4045742753623188,0.8385416666666666
