head_top_x,head_top_y,upper_neck_x,upper_neck_y,right_shoulder_x,right_shoulder_y,right_elbow_x,right_elbow_y,right_wrist_x,right_wrist_y,thorax_x,thorax_y,left_shoulder_x,left_shoulder_y,left_elbow_x,left_elbow_y,left_wrist_x,left_wrist_y,pelvis_x,pelvis_y,right_hip_x,right_hip_y,right_knee_x,right_knee_y,right_ankle_x,right_ankle_y,left_hip_x,left_hip_y,left_knee_x,left_knee_y,left_ankle_x,left_ankle_y
0.6555775316455696,0.06145833333333333,0.5518591772151898,0.215625,0.33991297468354426,0.24895833333333334,0.21364715189873426,0.37395833333333334,0.4075553797468354,0.43645833333333334,0.5383306962025316,0.240625,0.7277294303797468,0.228125,0.7457674050632911,0.34270833333333334,0.741257911392405,0.40520833333333334,0.47970727848101263,0.490625,0.37147943037974684,0.4947916666666667,0.2677610759493671,0.684375,0.20011867088607596,0.8635416666666667,0.5924446202531646,0.49270833333333336,0.6555775316455696,0.6885416666666667,0.5744066455696204,0.884375
