head_top_x,head_top_y,upper_neck_x,upper_neck_y,right_shoulder_x,right_shoulder_y,right_elbow_x,right_elbow_y,right_wrist_x,right_wrist_y,thorax_x,thorax_y,left_shoulder_x,left_shoulder_y,left_elbow_x,left_elbow_y,left_wrist_x,left_wrist_y,pelvis_x,pelvis_y,right_hip_x,right_hip_y,right_knee_x,right_knee_y,right_ankle_x,right_ankle_y,left_hip_x,left_hip_y,left_knee_x,left_knee_y,left_ankle_x,left_ankle_y
0.35717905405405403,0.103125,0.48234797297297294,0.23229166666666667,0.4695101351351352,0.26979166666666665,0.3828547297297297,0.353125,0.22880067567567572,0.39895833333333336,0.5080236486486487,0.259375,0.5465371621621621,0.24895833333333334,0.6620777027027027,0.36354166666666665,0.6845439189189189,0.48854166666666665,0.5690033783783783,0.4947916666666667,0.5401182432432432,0.4947916666666667,0.5369087837837837,0.6697916666666667,0.7423141891891892,0.7989583333333333,0.5978885135135136,0.490625,0.5272804054054054,0.6802083333333333,0.4727195945945946,0.7614583333333333
