head_top_x,head_top_y,upper_neck_x,upper_neck_y,right_shoulder_x,right_shoulder_y,right_elbow_x,right_elbow_y,right_wrist_x,right_wrist_y,thorax_x,thorax_y,left_shoulder_x,left_shoulder_y,left_elbow_x,left_elbow_y,left_wrist_x,left_wrist_y,pelvis_x,pelvis_y,right_hip_x,right_hip_y,right_knee_x,right_knee_y,right_ankle_x,right_ankle_y,left_hip_x,left_hip_y,left_knee_x,left_knee_y,left_ankle_x,left_ankle_y
0.530751329787234,0.06979166666666667,0.48974955673758874,0.22604166666666667,0.30524157801418444,0.2552083333333333,0.21503767730496456,0.390625,0.26013962765957444,0.515625,0.48974955673758874,0.24270833333333333,0.6660571808510638,0.23020833333333332,0.7398603723404255,0.359375,0.735760195035461,0.2864583333333333,0.469248670212766,0.465625,0.37904476950354615,0.465625,0.35034352836879434,0.6614583333333334,0.3380429964539008,0.8572916666666667,0.5594525709219857,0.46979166666666666,0.567652925531915,0.6552083333333333,0.6127548758865248,0.859375
