head_top_x,head_top_y,upper_neck_x,upper_neck_y,right_shoulder_x,right_shoulder_y,right_elbow_x,right_elbow_y,right_wrist_x,right_wrist_y,thorax_x,thorax_y,left_shoulder_x,left_shoulder_y,left_elbow_x,left_elbow_y,left_wrist_x,left_wrist_y,pelvis_x,pelvis_y,right_hip_x,right_hip_y,right_knee_x,right_knee_y,right_ankle_x,right_ankle_y,left_hip_x,left_hip_y,left_knee_x,left_knee_y,left_ankle_x,left_ankle_y
0.4680803571428571,0.07604166666666666,0.4595684523809524,0.240625,0.2723065476190476,0.2864583333333333,0.21697916666666664,0.4635416666666667,0.45531250000000006,0.490625,0.45531250000000006,0.28229166666666666,0.6340625000000001,0.27395833333333336,0.6298065476190478,0.43854166666666666,0.7404613095238095,0.28854166666666664,0.4084970238095238,0.5302083333333333,0.2850744047619047,0.5322916666666667,0.5957589285714285,0.590625,0.7447172619047618,0.8322916666666667,0.5234077380952381,0.5239583333333333,0.5191517857142858,0.684375,0.4808482142857142,0.8802083333333334
