head_top_x,head_top_y,upper_neck_x,upper_neck_y,right_shoulder_x,right_shoulder_y,right_elbow_x,right_elbow_y,right_wrist_x,right_wrist_y,thorax_x,thorax_y,left_shoulder_x,left_shoulder_y,left_elbow_x,left_elbow_y,left_wrist_x,left_wrist_y,pelvis_x,pelvis_y,right_hip_x,right_hip_y,right_knee_x,right_knee_y,right_ankle_x,right_ankle_y,left_hip_x,left_hip_y,left_knee_x,left_knee_y,left_ankle_x,left_ankle_y
0.5518280228758169,0.10104166666666667,0.4696180555555556,0.25104166666666666,0.4803410947712418,0.25729166666666664,0.6447610294117647,0.284375,0.7448427287581699,0.23020833333333332,0.4696180555555556,0.253125,0.45174632352941174,0.25104166666666666,0.6554840686274509,0.321875,0.7484170751633986,0.25104166666666666,0.2658803104575163,0.471875,0.2873263888888889,0.47604166666666664,0.5017871732026145,0.6552083333333333,0.4267258986928104,0.846875,0.24443423202614376,0.46979166666666666,0.3838337418300654,0.6385416666666667,0.21226511437908493,0.7927083333333333
