head_top_x,head_top_y,upper_neck_x,upper_neck_y,right_shoulder_x,right_shoulder_y,right_elbow_x,right_elbow_y,right_wrist_x,right_wrist_y,thorax_x,thorax_y,left_shoulder_x,left_shoulder_y,left_elbow_x,left_elbow_y,left_wrist_x,left_wrist_y,pelvis_x,pelvis_y,right_hip_x,right_hip_y,right_knee_x,right_knee_y,right_ankle_x,right_ankle_y,left_hip_x,left_hip_y,left_knee_x,left_knee_y,left_ankle_x,left_ankle_y
0.8358101851851852,0.08020833333333334,0.5927083333333333,0.17604166666666668,0.48145833333333327,0.18229166666666666,0.3866898148148148,0.30104166666666665,0.4567361111111112,0.43854166666666666,0.5515046296296295,0.19479166666666667,0.6091898148148147,0.20104166666666667,0.5185416666666667,0.309375,0.5185416666666667,0.4114583333333333,0.4690972222222222,0.43020833333333336,0.4567361111111112,0.42604166666666665,0.5844675925925926,0.6364583333333333,0.23011574074074073,0.7614583333333333,0.47733796296296294,0.43020833333333336,0.5309027777777777,0.628125,0.4649768518518519,0.8447916666666667
