head_top_x,head_top_y,upper_neck_x,upper_neck_y,right_shoulder_x,right_shoulder_y,right_elbow_x,right_elbow_y,right_wrist_x,right_wrist_y,thorax_x,thorax_y,left_shoulder_x,left_shoulder_y,left_elbow_x,left_elbow_y,left_wrist_x,left_wrist_y,pelvis_x,pelvis_y,right_hip_x,right_hip_y,right_knee_x,right_knee_y,right_ankle_x,right_ankle_y,left_hip_x,left_hip_y,left_knee_x,left_knee_y,left_ankle_x,left_ankle_y
0.8168004587155963,0.14479166666666668,0.6619839449541284,0.24895833333333334,0.6275802752293578,0.2947916666666667,0.5157683486238532,0.4322916666666667,0.6791857798165138,0.44479166666666664,0.6132454128440367,0.27395833333333336,0.6017775229357798,0.25729166666666664,0.5043004587155964,0.365625,0.6275802752293578,0.4114583333333333,0.32368119266055045,0.446875,0.3294151376146789,0.44895833333333335,0.5530389908256881,0.653125,0.23767201834862386,0.778125,0.3150802752293578,0.44479166666666664,0.4698967889908257,0.6697916666666667,0.35521788990825687,0.8697916666666666
