head_top_x,head_top_y,upper_neck_x,upper_neck_y,right_shoulder_x,right_shoulder_y,right_elbow_x,right_elbow_y,right_wrist_x,right_wrist_y,thorax_x,thorax_y,left_shoulder_x,left_shoulder_y,left_elbow_x,left_elbow_y,left_wrist_x,left_wrist_y,pelvis_x,pelvis_y,right_hip_x,right_hip_y,right_knee_x,right_knee_y,right_ankle_x,right_ankle_y,left_hip_x,left_hip_y,left_knee_x,left_knee_y,left_ankle_x,left_ankle_y
0.3409598214285714,0.15520833333333334,0.4328497023809524,0.2864583333333333,0.4846850198412698,0.27395833333333336,0.46819196428571425,0.3489583333333333,0.37158978174603174,0.38645833333333335,0.42578125,0.28229166666666666,0.369233630952381,0.28854166666666664,0.27734374999999994,0.415625,0.22079613095238093,0.4114583333333333,0.609561011904762,0.41770833333333335,0.6566840277777779,0.40520833333333334,0.6802455357142858,0.5885416666666666,0.7650669642857143,0.7552083333333334,0.5577256944444444,0.4239583333333333,0.37394593253968256,0.5927083333333333,0.3480282738095238,0.790625
