head_top_x,head_top_y,upper_neck_x,upper_neck_y,right_shoulder_x,right_shoulder_y,right_elbow_x,right_elbow_y,right_wrist_x,right_wrist_y,thorax_x,thorax_y,left_shoulder_x,left_shoulder_y,left_elbow_x,left_elbow_y,left_wrist_x,left_wrist_y,pelvis_x,pelvis_y,right_hip_x,right_hip_y,right_knee_x,right_knee_y,right_ankle_x,right_ankle_y,left_hip_x,left_hip_y,left_knee_x,left_knee_y,left_ankle_x,left_ankle_y
0.4412890625,0.08645833333333333,0.5152213541666667,0.240625,0.3543098958333334,0.259375,0.2542838541666666,0.37604166666666666,0.2238411458333334,0.503125,0.5326171875,0.26979166666666665,0.7065755208333334,0.2760416666666667,0.7805078125,0.40729166666666666,0.7413671875,0.5114583333333333,0.4847786458333334,0.49895833333333334,0.3847526041666666,0.503125,0.3325651041666667,0.678125,0.2760286458333333,0.8677083333333333,0.5848046875,0.5010416666666667,0.5935026041666667,0.6802083333333333,0.5804557291666668,0.8614583333333333
