head_top_x,head_top_y,upper_neck_x,upper_neck_y,right_shoulder_x,right_shoulder_y,right_elbow_x,right_elbow_y,right_wrist_x,right_wrist_y,thorax_x,thorax_y,left_shoulder_x,left_shoulder_y,left_elbow_x,left_elbow_y,left_wrist_x,left_wrist_y,pelvis_x,pelvis_y,right_hip_x,right_hip_y,right_knee_x,right_knee_y,right_ankle_x,right_ankle_y,left_hip_x,left_hip_y,left_knee_x,left_knee_y,left_ankle_x,left_ankle_y
0.47107240437158465,0.046875,0.47107240437158465,0.209375,0.2238729508196721,0.26979166666666665,0.2449112021857924,0.39895833333333336,0.3869193989071038,0.4552083333333333,0.47107240437158465,0.2677083333333333,0.7130122950819672,0.2677083333333333,0.7393101092896176,0.403125,0.586782786885246,0.440625,0.4605532786885246,0.5072916666666667,0.33958333333333335,0.5052083333333334,0.2764685792349726,0.703125,0.2606898907103825,0.8927083333333333,0.5762636612021856,0.509375,0.6498975409836064,0.7114583333333333,0.6814549180327869,0.921875
