head_top_x,head_top_y,upper_neck_x,upper_neck_y,right_shoulder_x,right_shoulder_y,right_elbow_x,right_elbow_y,right_wrist_x,right_wrist_y,thorax_x,thorax_y,left_shoulder_x,left_shoulder_y,left_elbow_x,left_elbow_y,left_wrist_x,left_wrist_y,pelvis_x,pelvis_y,right_hip_x,right_hip_y,right_knee_x,right_knee_y,right_ankle_x,right_ankle_y,left_hip_x,left_hip_y,left_knee_x,left_knee_y,left_ankle_x,left_ankle_y
0.5170804794520548,0.051041666666666666,0.46827910958904106,0.215625,0.2535530821917808,0.25104166666666666,0.21939212328767121,0.39895833333333336,0.21939212328767121,0.5322916666666667,0.4633989726027397,0.23854166666666668,0.663484589041096,0.22604166666666667,0.7269263698630137,0.3489583333333333,0.7562071917808219,0.44479166666666664,0.5463613013698629,0.484375,0.43899828767123283,0.496875,0.48779965753424664,0.7177083333333333,0.36091609589041096,0.846875,0.663484589041096,0.4739583333333333,0.7415667808219178,0.703125,0.7659674657534246,0.9072916666666667
