head_top_x,head_top_y,upper_neck_x,upper_neck_y,right_shoulder_x,right_shoulder_y,right_elbow_x,right_elbow_y,right_wrist_x,right_wrist_y,thorax_x,thorax_y,left_shoulder_x,left_shoulder_y,left_elbow_x,left_elbow_y,left_wrist_x,left_wrist_y,pelvis_x,pelvis_y,right_hip_x,right_hip_y,right_knee_x,right_knee_y,right_ankle_x,right_ankle_y,left_hip_x,left_hip_y,left_knee_x,left_knee_y,left_ankle_x,left_ankle_y
0.5531562499999999,0.08854166666666667,0.47440625,0.246875,0.6004062499999999,0.26979166666666665,0.6712812499999999,0.37604166666666666,0.7421562500000001,0.4635416666666667,0.46653125000000006,0.26145833333333335,0.33265625,0.25729166666666664,0.18303125,0.346875,0.16728125000000008,0.46145833333333336,0.3995937500000001,0.4552083333333333,0.47834374999999996,0.4552083333333333,0.6319062500000001,0.596875,0.58465625,0.778125,0.32478125,0.46145833333333336,0.37990625000000006,0.646875,0.33265625,0.8510416666666667
