head_top_x,head_top_y,upper_neck_x,upper_neck_y,right_shoulder_x,right_shoulder_y,right_elbow_x,right_elbow_y,right_wrist_x,right_wrist_y,thorax_x,thorax_y,left_shoulder_x,left_shoulder_y,left_elbow_x,left_elbow_y,left_wrist_x,left_wrist_y,pelvis_x,pelvis_y,right_hip_x,right_hip_y,right_knee_x,right_knee_y,right_ankle_x,right_ankle_y,left_hip_x,left_hip_y,left_knee_x,left_knee_y,left_ankle_x,left_ankle_y
0.4358497191011236,0.042708333333333334,0.48893960674157305,0.203125,0.2987008426966292,0.209375,0.2588834269662922,0.3489583333333333,0.2234901685393259,0.46979166666666666,0.48893960674157305,0.203125,0.6791783707865168,0.196875,0.7720856741573034,0.31354166666666666,0.7234199438202248,0.3927083333333333,0.4845154494382023,0.4552083333333333,0.3827598314606741,0.459375,0.4004564606741573,0.665625,0.4225772471910113,0.8239583333333333,0.5862710674157304,0.4552083333333333,0.5951193820224719,0.678125,0.5774227528089888,0.878125
