head_top_x,head_top_y,upper_neck_x,upper_neck_y,right_shoulder_x,right_shoulder_y,right_elbow_x,right_elbow_y,right_wrist_x,right_wrist_y,thorax_x,thorax_y,left_shoulder_x,left_shoulder_y,left_elbow_x,left_elbow_y,left_wrist_x,left_wrist_y,pelvis_x,pelvis_y,right_hip_x,right_hip_y,right_knee_x,right_knee_y,right_ankle_x,right_ankle_y,left_hip_x,left_hip_y,left_knee_x,left_knee_y,left_ankle_x,left_ankle_y
0.5785714285714286,0.06145833333333333,0.5404761904761904,0.22395833333333334,0.3547619047619048,0.26145833333333335,0.21666666666666665,0.384375,0.32142857142857145,0.3177083333333333,0.5357142857142857,0.25729166666666664,0.7119047619047618,0.2552083333333333,0.7642857142857142,0.3489583333333333,0.7738095238095237,0.3614583333333333,0.5166666666666667,0.5010416666666667,0.4166666666666667,0.503125,0.43571428571428567,0.7177083333333333,0.4166666666666667,0.8802083333333334,0.6166666666666666,0.49895833333333334,0.6023809523809524,0.678125,0.6214285714285713,0.815625
