head_top_x,head_top_y,upper_neck_x,upper_neck_y,right_shoulder_x,right_shoulder_y,right_elbow_x,right_elbow_y,right_wrist_x,right_wrist_y,thorax_x,thorax_y,left_shoulder_x,left_shoulder_y,left_elbow_x,left_elbow_y,left_wrist_x,left_wrist_y,pelvis_x,pelvis_y,right_hip_x,right_hip_y,right_knee_x,right_knee_y,right_ankle_x,right_ankle_y,left_hip_x,left_hip_y,left_knee_x,left_knee_y,left_ankle_x,left_ankle_y
0.46420250896057347,0.07395833333333333,0.4894713261648746,0.23020833333333332,0.32943548387096777,0.28020833333333334,0.20730286738351256,0.409375,0.38418458781362,0.3927083333333333,0.49368279569892476,0.26145833333333335,0.6579301075268817,0.24479166666666666,0.7590053763440862,0.328125,0.7421594982078853,0.403125,0.5526433691756272,0.48854166666666665,0.46420250896057347,0.48854166666666665,0.32943548387096777,0.540625,0.5905465949820788,0.7447916666666666,0.6452956989247313,0.484375,0.6958333333333334,0.5864583333333333,0.6410842293906811,0.7447916666666666
