head_top_x,head_top_y,upper_neck_x,upper_neck_y,right_shoulder_x,right_shoulder_y,right_elbow_x,right_elbow_y,right_wrist_x,right_wrist_y,thorax_x,thorax_y,left_shoulder_x,left_shoulder_y,left_elbow_x,left_elbow_y,left_wrist_x,left_wrist_y,pelvis_x,pelvis_y,right_hip_x,right_hip_y,right_knee_x,right_knee_y,right_ankle_x,right_ankle_y,left_hip_x,left_hip_y,left_knee_x,left_knee_y,left_ankle_x,left_ankle_y
0.5315724206349206,0.10729166666666666,0.48172123015873014,0.26145833333333335,0.5348958333333333,0.24895833333333334,0.6545386904761905,0.34270833333333334,0.7575644841269842,0.328125,0.4883680555555555,0.2552083333333333,0.4318700396825397,0.259375,0.5083085317460319,0.340625,0.6645089285714286,0.34479166666666666,0.39198908730158727,0.46145833333333336,0.39531249999999996,0.465625,0.3687251984126984,0.6427083333333333,0.2158482142857143,0.8072916666666666,0.3886656746031746,0.459375,0.4684275793650794,0.6447916666666667,0.4218998015873016,0.821875
