head_top_x,head_top_y,upper_neck_x,upper_neck_y,right_shoulder_x,right_shoulder_y,right_elbow_x,right_elbow_y,right_wrist_x,right_wrist_y,thorax_x,thorax_y,left_shoulder_x,left_shoulder_y,left_elbow_x,left_elbow_y,left_wrist_x,left_wrist_y,pelvis_x,pelvis_y,right_hip_x,right_hip_y,right_knee_x,right_knee_y,right_ankle_x,right_ankle_y,left_hip_x,left_hip_y,left_knee_x,left_knee_y,left_ankle_x,left_ankle_y
0.5398787313432836,0.04479166666666667,0.45480410447761194,0.20729166666666668,0.545195895522388,0.2552083333333333,0.5132929104477613,0.415625,0.7525652985074628,0.521875,0.433535447761194,0.24270833333333333,0.3218750000000001,0.23229166666666667,0.3271921641791045,0.39479166666666665,0.46543843283582087,0.490625,0.4229011194029851,0.515625,0.5186100746268657,0.5135416666666667,0.6940764925373134,0.6614583333333334,0.6621735074626867,0.8864583333333333,0.3218750000000001,0.521875,0.3006063432835821,0.6802083333333333,0.23680037313432833,0.8760416666666667
