head_top_x,head_top_y,upper_neck_x,upper_neck_y,right_shoulder_x,right_shoulder_y,right_elbow_x,right_elbow_y,right_wrist_x,right_wrist_y,thorax_x,thorax_y,left_shoulder_x,left_shoulder_y,left_elbow_x,left_elbow_y,left_wrist_x,left_wrist_y,pelvis_x,pelvis_y,right_hip_x,right_hip_y,right_knee_x,right_knee_y,right_ankle_x,right_ankle_y,left_hip_x,left_hip_y,left_knee_x,left_knee_y,left_ankle_x,left_ankle_y
0.47468297101449275,0.078125,0.4552083333333332,0.240625,0.32278079710144925,0.26979166666666665,0.1708786231884058,0.34479166666666666,0.198143115942029,0.4197916666666667,0.4552083333333332,0.25104166666666666,0.5837409420289855,0.228125,0.6850090579710145,0.321875,0.7512228260869566,0.29270833333333335,0.48636775362318835,0.496875,0.4201539855072463,0.496875,0.6538496376811593,0.6447916666666667,0.5097373188405798,0.8239583333333333,0.5603713768115943,0.4947916666666667,0.4240489130434782,0.696875,0.2487771739130434,0.840625
