head_top_x,head_top_y,upper_neck_x,upper_neck_y,right_shoulder_x,right_shoulder_y,right_elbow_x,right_elbow_y,right_wrist_x,right_wrist_y,thorax_x,thorax_y,left_shoulder_x,left_shoulder_y,left_elbow_x,left_elbow_y,left_wrist_x,left_wrist_y,pelvis_x,pelvis_y,right_hip_x,right_hip_y,right_knee_x,right_knee_y,right_ankle_x,right_ankle_y,left_hip_x,left_hip_y,left_knee_x,left_knee_y,left_ankle_x,left_ankle_y
0.8159208579881656,0.178125,0.6994637573964497,0.284375,0.7415865384615384,0.30520833333333336,0.7465421597633136,0.39895833333333336,0.7242418639053255,0.478125,0.6945081360946745,0.290625,0.6499075443786982,0.278125,0.6003513313609468,0.353125,0.6375184911242603,0.4114583333333333,0.5532729289940829,0.4427083333333333,0.5681397928994082,0.43854166666666666,0.394693047337278,0.565625,0.2237241124260355,0.546875,0.5433616863905326,0.434375,0.610262573964497,0.609375,0.6375184911242603,0.796875
