head_top_x,head_top_y,upper_neck_x,upper_neck_y,right_shoulder_x,right_shoulder_y,right_elbow_x,right_elbow_y,right_wrist_x,right_wrist_y,thorax_x,thorax_y,left_shoulder_x,left_shoulder_y,left_elbow_x,left_elbow_y,left_wrist_x,left_wrist_y,pelvis_x,pelvis_y,right_hip_x,right_hip_y,right_knee_x,right_knee_y,right_ankle_x,right_ankle_y,left_hip_x,left_hip_y,left_knee_x,left_knee_y,left_ankle_x,left_ankle_y
0.5632440476190476,0.059375,0.3760416666666667,0.20104166666666667,0.43675595238095233,0.25104166666666666,0.41145833333333337,0.38645833333333335,0.7706845238095238,0.4197916666666667,0.31026785714285715,0.246875,0.18377976190476195,0.24270833333333333,0.17366071428571422,0.3885416666666667,0.36592261904761897,0.46770833333333334,0.3254464285714285,0.5114583333333333,0.4468750000000001,0.496875,0.6947916666666667,0.690625,0.7555059523809524,0.8885416666666667,0.18883928571428574,0.5239583333333333,0.46205357142857145,0.7260416666666667,0.2394345238095238,0.7885416666666667
