head_top_x,head_top_y,upper_neck_x,upper_neck_y,right_shoulder_x,right_shoulder_y,right_elbow_x,right_elbow_y,right_wrist_x,right_wrist_y,thorax_x,thorax_y,left_shoulder_x,left_shoulder_y,left_elbow_x,left_elbow_y,left_wrist_x,left_wrist_y,pelvis_x,pelvis_y,right_hip_x,right_hip_y,right_knee_x,right_knee_y,right_ankle_x,right_ankle_y,left_hip_x,left_hip_y,left_knee_x,left_knee_y,left_ankle_x,left_ankle_y
0.47335824275362315,0.08229166666666667,0.48975317028985504,0.24270833333333333,0.649603713768116,0.24479166666666666,0.7438745471014492,0.3697916666666667,0.7561707427536233,0.471875,0.49385190217391295,0.24895833333333334,0.33810009057971013,0.246875,0.23153306159420284,0.36354166666666665,0.25202672101449275,0.37604166666666666,0.5184442934782609,0.4864583333333333,0.6127151268115941,0.4864583333333333,0.6127151268115941,0.6552083333333333,0.6004189311594202,0.8197916666666667,0.42007472826086945,0.4822916666666667,0.3995810688405797,0.6614583333333334,0.39138360507246367,0.8552083333333333
