head_top_x,head_top_y,upper_neck_x,upper_neck_y,right_shoulder_x,right_shoulder_y,right_elbow_x,right_elbow_y,right_wrist_x,right_wrist_y,thorax_x,thorax_y,left_shoulder_x,left_shoulder_y,left_elbow_x,left_elbow_y,left_wrist_x,left_wrist_y,pelvis_x,pelvis_y,right_hip_x,right_hip_y,right_knee_x,right_knee_y,right_ankle_x,right_ankle_y,left_hip_x,left_hip_y,left_knee_x,left_knee_y,left_ankle_x,left_ankle_y
0.15520833333333334,0.40563936781609194,0.303125,0.3179238505747127,0.3385416666666667,0.37374281609195403,0.35104166666666664,0.5518318965517242,0.31354166666666666,0.7378951149425287,0.3302083333333333,0.2886853448275862,0.3385416666666667,0.20096982758620688,0.465625,0.158441091954023,0.309375,0.7990301724137931,0.6635416666666667,0.21957614942528736,0.678125,0.20628591954022987,0.609375,0.5305675287356322,0.8427083333333333,0.2886853448275862,0.6572916666666667,0.22489224137931033,0.6177083333333333,0.5491738505747127,0.871875,0.5810704022988507
