head_top_x,head_top_y,upper_neck_x,upper_neck_y,right_shoulder_x,right_shoulder_y,right_elbow_x,right_elbow_y,right_wrist_x,right_wrist_y,thorax_x,thorax_y,left_shoulder_x,left_shoulder_y,left_elbow_x,left_elbow_y,left_wrist_x,left_wrist_y,pelvis_x,pelvis_y,right_hip_x,right_hip_y,right_knee_x,right_knee_y,right_ankle_x,right_ankle_y,left_hip_x,left_hip_y,left_knee_x,left_knee_y,left_ankle_x,left_ankle_y
0.5326923076923077,0.08020833333333334,0.42499999999999993,0.22604166666666667,0.22115384615384612,0.278125,0.19807692307692312,0.4635416666666667,0.4788461538461538,0.44479166666666664,0.3865384615384615,0.265625,0.525,0.25729166666666664,0.5788461538461539,0.38229166666666664,0.7173076923076922,0.40729166666666666,0.5057692307692309,0.5552083333333333,0.41730769230769227,0.565625,0.5673076923076924,0.7614583333333333,0.49423076923076914,0.959375,0.5980769230769231,0.540625,0.7173076923076922,0.734375,0.7634615384615384,0.8989583333333333
