head_top_x,head_top_y,upper_neck_x,upper_neck_y,right_shoulder_x,right_shoulder_y,right_elbow_x,right_elbow_y,right_wrist_x,right_wrist_y,thorax_x,thorax_y,left_shoulder_x,left_shoulder_y,left_elbow_x,left_elbow_y,left_wrist_x,left_wrist_y,pelvis_x,pelvis_y,right_hip_x,right_hip_y,right_knee_x,right_knee_y,right_ankle_x,right_ankle_y,left_hip_x,left_hip_y,left_knee_x,left_knee_y,left_ankle_x,left_ankle_y
0.7627314814814814,0.17604166666666668,0.7210648148148148,0.34270833333333334,0.6562499999999999,0.253125,0.4756944444444445,0.240625,0.3113425925925926,0.20104166666666667,0.7164351851851851,0.3572916666666667,0.767361111111111,0.4427083333333333,0.7696759259259258,0.5197916666666667,0.730324074074074,0.6427083333333333,0.4548611111111111,0.5072916666666667,0.44097222222222227,0.4739583333333333,0.2604166666666667,0.36770833333333336,0.3043981481481482,0.5947916666666667,0.4895833333333333,0.5427083333333333,0.25347222222222227,0.3697916666666667,0.30671296296296297,0.5885416666666666
