head_top_x,head_top_y,upper_neck_x,upper_neck_y,right_shoulder_x,right_shoulder_y,right_elbow_x,right_elbow_y,right_wrist_x,right_wrist_y,thorax_x,thorax_y,left_shoulder_x,left_shoulder_y,left_elbow_x,left_elbow_y,left_wrist_x,left_wrist_y,pelvis_x,pelvis_y,right_hip_x,right_hip_y,right_knee_x,right_knee_y,right_ankle_x,right_ankle_y,left_hip_x,left_hip_y,left_knee_x,left_knee_y,left_ankle_x,left_ankle_y
0.4505442942942943,0.121875,0.5079767267267268,0.271875,0.6196509009009009,0.259375,0.7440878378378379,0.35104166666666664,0.6451764264264265,0.39479166666666665,0.5079767267267268,0.271875,0.3963025525525526,0.28020833333333334,0.34844219219219225,0.41770833333333335,0.2399587087087087,0.45729166666666665,0.6451764264264265,0.4822916666666667,0.7089902402402403,0.478125,0.6643205705705706,0.6572916666666667,0.7568506006006006,0.834375,0.5845533033033032,0.4864583333333333,0.3803490990990991,0.640625,0.4377815315315315,0.8364583333333333
