head_top_x,head_top_y,upper_neck_x,upper_neck_y,right_shoulder_x,right_shoulder_y,right_elbow_x,right_elbow_y,right_wrist_x,right_wrist_y,thorax_x,thorax_y,left_shoulder_x,left_shoulder_y,left_elbow_x,left_elbow_y,left_wrist_x,left_wrist_y,pelvis_x,pelvis_y,right_hip_x,right_hip_y,right_knee_x,right_knee_y,right_ankle_x,right_ankle_y,left_hip_x,left_hip_y,left_knee_x,left_knee_y,left_ankle_x,left_ankle_y
0.5399639423076923,0.090625,0.5209334935897436,0.25104166666666666,0.6236979166666667,0.259375,0.6275040064102565,0.390625,0.7569110576923077,0.48020833333333335,0.5209334935897436,0.2552083333333333,0.41816907051282054,0.24895833333333334,0.44481169871794873,0.3489583333333333,0.5399639423076923,0.403125,0.4790665064102564,0.45729166666666665,0.543770032051282,0.4635416666666667,0.5209334935897436,0.6822916666666666,0.4790665064102564,0.8572916666666667,0.4105568910256411,0.45729166666666665,0.38010817307692313,0.6614583333333334,0.20122195512820518,0.8010416666666667
