head_top_x,head_top_y,upper_neck_x,upper_neck_y,right_shoulder_x,right_shoulder_y,right_elbow_x,right_elbow_y,right_wrist_x,right_wrist_y,thorax_x,thorax_y,left_shoulder_x,left_shoulder_y,left_elbow_x,left_elbow_y,left_wrist_x,left_wrist_y,pelvis_x,pelvis_y,right_hip_x,right_hip_y,right_knee_x,right_knee_y,right_ankle_x,right_ankle_y,left_hip_x,left_hip_y,left_knee_x,left_knee_y,left_ankle_x,left_ankle_y
0.48581295289855075,0.08854166666666667,0.43311820652173916,0.246875,0.5628283514492755,0.2677083333333333,0.6438971920289855,0.40520833333333334,0.7695538949275362,0.5052083333333334,0.42906476449275366,0.259375,0.29124773550724636,0.25729166666666664,0.22639266304347827,0.37395833333333334,0.35610280797101446,0.41770833333333335,0.34799592391304346,0.4739583333333333,0.42095788043478255,0.478125,0.48986639492753625,0.659375,0.43311820652173916,0.859375,0.27908740942028987,0.46979166666666666,0.3236752717391304,0.634375,0.22233922101449277,0.790625
