head_top_x,head_top_y,upper_neck_x,upper_neck_y,right_shoulder_x,right_shoulder_y,right_elbow_x,right_elbow_y,right_wrist_x,right_wrist_y,thorax_x,thorax_y,left_shoulder_x,left_shoulder_y,left_elbow_x,left_elbow_y,left_wrist_x,left_wrist_y,pelvis_x,pelvis_y,right_hip_x,right_hip_y,right_knee_x,right_knee_y,right_ankle_x,right_ankle_y,left_hip_x,left_hip_y,left_knee_x,left_knee_y,left_ankle_x,left_ankle_y
0.8039721385542169,0.5010416666666667,0.6324359939759037,0.49895833333333334,0.6248682228915663,0.4239583333333333,0.6046874999999999,0.3385416666666667,0.6324359939759037,0.21145833333333333,0.627390813253012,0.49895833333333334,0.6349585843373494,0.546875,0.5870293674698795,0.6239583333333333,0.5340549698795181,0.703125,0.41297063253012045,0.5177083333333333,0.4104480421686747,0.49895833333333334,0.18089231927710844,0.496875,0.10269201807228914,0.7739583333333333,0.4205384036144578,0.5364583333333334,0.24395707831325297,0.659375,0.10016942771084338,0.7802083333333333
