head_top_x,head_top_y,upper_neck_x,upper_neck_y,right_shoulder_x,right_shoulder_y,right_elbow_x,right_elbow_y,right_wrist_x,right_wrist_y,thorax_x,thorax_y,left_shoulder_x,left_shoulder_y,left_elbow_x,left_elbow_y,left_wrist_x,left_wrist_y,pelvis_x,pelvis_y,right_hip_x,right_hip_y,right_knee_x,right_knee_y,right_ankle_x,right_ankle_y,left_hip_x,left_hip_y,left_knee_x,left_knee_y,left_ankle_x,left_ankle_y
0.48810529279279286,0.07395833333333333,0.47858952702702695,0.234375,0.6736627252252252,0.22395833333333334,0.7688203828828828,0.33229166666666665,0.6165681306306305,0.3885416666666667,0.47383164414414414,0.23229166666666667,0.27400056306306314,0.23854166666666668,0.20739020270270273,0.3572916666666667,0.39294763513513514,0.40520833333333334,0.5118947072072073,0.46979166666666666,0.6213260135135135,0.4635416666666667,0.7164836711711713,0.6614583333333334,0.7212415540540541,0.8885416666666667,0.397705518018018,0.48020833333333335,0.397705518018018,0.6697916666666667,0.41197916666666673,0.8552083333333333
