head_top_x,head_top_y,upper_neck_x,upper_neck_y,right_shoulder_x,right_shoulder_y,right_elbow_x,right_elbow_y,right_wrist_x,right_wrist_y,thorax_x,thorax_y,left_shoulder_x,left_shoulder_y,left_elbow_x,left_elbow_y,left_wrist_x,left_wrist_y,pelvis_x,pelvis_y,right_hip_x,right_hip_y,right_knee_x,right_knee_y,right_ankle_x,right_ankle_y,left_hip_x,left_hip_y,left_knee_x,left_knee_y,left_ankle_x,left_ankle_y
0.5068672839506174,0.07604166666666666,0.4153034979423869,0.22395833333333334,0.25048868312757205,0.221875,0.20928497942386837,0.353125,0.29169238683127574,0.309375,0.4198816872427984,0.221875,0.5801183127572017,0.22604166666666667,0.6121656378600823,0.334375,0.45650720164609054,0.3072916666666667,0.4427726337448559,0.453125,0.35578703703703707,0.45729166666666665,0.30084876543209876,0.653125,0.30542695473251025,0.8635416666666667,0.5297582304526749,0.453125,0.6396347736625515,0.6489583333333333,0.758667695473251,0.8552083333333333
