head_top_x,head_top_y,upper_neck_x,upper_neck_y,right_shoulder_x,right_shoulder_y,right_elbow_x,right_elbow_y,right_wrist_x,right_wrist_y,thorax_x,thorax_y,left_shoulder_x,left_shoulder_y,left_elbow_x,left_elbow_y,left_wrist_x,left_wrist_y,pelvis_x,pelvis_y,right_hip_x,right_hip_y,right_knee_x,right_knee_y,right_ankle_x,right_ankle_y,left_hip_x,left_hip_y,left_knee_x,left_knee_y,left_ankle_x,left_ankle_y
0.6154605263157895,0.11770833333333333,0.4769078947368421,0.234375,0.36322368421052637,0.20104166666666667,0.4449342105263159,0.20520833333333333,0.5763815789473684,0.228125,0.4626973684210527,0.24270833333333333,0.5408552631578947,0.284375,0.6190131578947369,0.3697916666666667,0.7540131578947368,0.359375,0.30638157894736845,0.484375,0.2957236842105263,0.484375,0.43427631578947384,0.665625,0.45559210526315796,0.871875,0.31703947368421054,0.4864583333333333,0.30638157894736845,0.6760416666666667,0.21756578947368418,0.840625
