head_top_x,head_top_y,upper_neck_x,upper_neck_y,right_shoulder_x,right_shoulder_y,right_elbow_x,right_elbow_y,right_wrist_x,right_wrist_y,thorax_x,thorax_y,left_shoulder_x,left_shoulder_y,left_elbow_x,left_elbow_y,left_wrist_x,left_wrist_y,pelvis_x,pelvis_y,right_hip_x,right_hip_y,right_knee_x,right_knee_y,right_ankle_x,right_ankle_y,left_hip_x,left_hip_y,left_knee_x,left_knee_y,left_ankle_x,left_ankle_y
0.5242568597560976,0.14479166666666668,0.5140434451219512,0.2989583333333333,0.4527629573170731,0.2947916666666667,0.5344702743902439,0.36770833333333336,0.6774580792682926,0.340625,0.5165967987804878,0.29270833333333335,0.5778772865853659,0.28020833333333334,0.6570312500000001,0.309375,0.7106516768292683,0.3072916666666667,0.503830030487805,0.471875,0.4553163109756097,0.46770833333333334,0.35318216463414626,0.6260416666666667,0.2178544207317073,0.7739583333333333,0.5497903963414634,0.4739583333333333,0.6238376524390244,0.6302083333333334,0.6621379573170731,0.7822916666666667
