head_top_x,head_top_y,upper_neck_x,upper_neck_y,right_shoulder_x,right_shoulder_y,right_elbow_x,right_elbow_y,right_wrist_x,right_wrist_y,thorax_x,thorax_y,left_shoulder_x,left_shoulder_y,left_elbow_x,left_elbow_y,left_wrist_x,left_wrist_y,pelvis_x,pelvis_y,right_hip_x,right_hip_y,right_knee_x,right_knee_y,right_ankle_x,right_ankle_y,left_hip_x,left_hip_y,left_knee_x,left_knee_y,left_ankle_x,left_ankle_y
0.583347602739726,0.13229166666666667,0.5211900684931506,0.28020833333333334,0.3799229452054794,0.284375,0.2697345890410959,0.371875,0.22170376712328768,0.453125,0.5183647260273972,0.28854166666666664,0.6539811643835616,0.29270833333333335,0.7302654109589041,0.415625,0.7726455479452055,0.5385416666666667,0.5127140410958905,0.490625,0.4505565068493151,0.49270833333333336,0.3629708904109589,0.6552083333333333,0.3799229452054794,0.8302083333333333,0.5776969178082191,0.4864583333333333,0.6002996575342466,0.6427083333333333,0.6681078767123287,0.8385416666666666
