head_top_x,head_top_y,upper_neck_x,upper_neck_y,right_shoulder_x,right_shoulder_y,right_elbow_x,right_elbow_y,right_wrist_x,right_wrist_y,thorax_x,thorax_y,left_shoulder_x,left_shoulder_y,left_elbow_x,left_elbow_y,left_wrist_x,left_wrist_y,pelvis_x,pelvis_y,right_hip_x,right_hip_y,right_knee_x,right_knee_y,right_ankle_x,right_ankle_y,left_hip_x,left_hip_y,left_knee_x,left_knee_y,left_ankle_x,left_ankle_y
0.5694507575757575,0.15104166666666666,0.5085290404040405,0.29270833333333335,0.4354229797979798,0.234375,0.33063762626262627,0.271875,0.21123106060606062,0.2760416666666667,0.5182765151515152,0.2760416666666667,0.5938194444444443,0.31354166666666666,0.6888573232323232,0.4510416666666667,0.7717108585858585,0.571875,0.42811237373737376,0.48854166666666665,0.3647537878787879,0.465625,0.2502209595959596,0.628125,0.2136679292929293,0.7614583333333333,0.4865972222222222,0.509375,0.33794823232323234,0.7052083333333333,0.31845328282828284,0.8114583333333333
