head_top_x,head_top_y,upper_neck_x,upper_neck_y,right_shoulder_x,right_shoulder_y,right_elbow_x,right_elbow_y,right_wrist_x,right_wrist_y,thorax_x,thorax_y,left_shoulder_x,left_shoulder_y,left_elbow_x,left_elbow_y,left_wrist_x,left_wrist_y,pelvis_x,pelvis_y,right_hip_x,right_hip_y,right_knee_x,right_knee_y,right_ankle_x,right_ankle_y,left_hip_x,left_hip_y,left_knee_x,left_knee_y,left_ankle_x,left_ankle_y
0.5671875,0.115625,0.5921874999999999,0.2760416666666667,0.4640624999999999,0.31145833333333334,0.3296875,0.421875,0.3328125,0.2760416666666667,0.6046875,0.31354166666666666,0.7453125,0.31145833333333334,0.7640625,0.4864583333333333,0.5609375,0.540625,0.5546875,0.5552083333333333,0.4609374999999999,0.5322916666666667,0.22656249999999997,0.6447916666666667,0.32343749999999993,0.8364583333333333,0.6515625,0.5697916666666667,0.4546874999999999,0.671875,0.5359375,0.890625
