head_top_x,head_top_y,upper_neck_x,upper_neck_y,right_shoulder_x,right_shoulder_y,right_elbow_x,right_elbow_y,right_wrist_x,right_wrist_y,thorax_x,thorax_y,left_shoulder_x,left_shoulder_y,left_elbow_x,left_elbow_y,left_wrist_x,left_wrist_y,pelvis_x,pelvis_y,right_hip_x,right_hip_y,right_knee_x,right_knee_y,right_ankle_x,right_ankle_y,left_hip_x,left_hip_y,left_knee_x,left_knee_y,left_ankle_x,left_ankle_y
0.6256249999999999,0.228125,0.4228618421052632,0.334375,0.4801644736842105,0.334375,0.4184539473684211,0.21354166666666666,0.3699671052631579,0.11145833333333334,0.43608552631578945,0.32395833333333335,0.3831907894736841,0.3072916666666667,0.29503289473684213,0.20729166666666668,0.27740131578947363,0.10104166666666667,0.2465460526315789,0.5614583333333333,0.26858552631578947,0.5677083333333334,0.44049342105263156,0.7010416666666667,0.7402302631578948,0.7697916666666667,0.21569078947368414,0.559375,0.26858552631578947,0.7385416666666667,0.4493092105263157,0.8677083333333333
