head_top_x,head_top_y,upper_neck_x,upper_neck_y,right_shoulder_x,right_shoulder_y,right_elbow_x,right_elbow_y,right_wrist_x,right_wrist_y,thorax_x,thorax_y,left_shoulder_x,left_shoulder_y,left_elbow_x,left_elbow_y,left_wrist_x,left_wrist_y,pelvis_x,pelvis_y,right_hip_x,right_hip_y,right_knee_x,right_knee_y,right_ankle_x,right_ankle_y,left_hip_x,left_hip_y,left_knee_x,left_knee_y,left_ankle_x,left_ankle_y
0.4735595703125,0.12604166666666666,0.5320068359375,0.278125,0.4429443359375,0.309375,0.3594482421875,0.34270833333333334,0.2091552734375,0.26979166666666665,0.5403564453124999,0.2947916666666667,0.6377685546875,0.28020833333333334,0.7323974609375,0.38645833333333335,0.7156982421875001,0.4239583333333333,0.5542724609375,0.5239583333333333,0.4930419921875001,0.5364583333333334,0.4679931640625,0.7427083333333333,0.3677978515625001,0.7552083333333334,0.6071533203125,0.5114583333333333,0.7518798828125001,0.6677083333333333,0.7713623046875,0.8302083333333333
