head_top_x,head_top_y,upper_neck_x,upper_neck_y,right_shoulder_x,right_shoulder_y,right_elbow_x,right_elbow_y,right_wrist_x,right_wrist_y,thorax_x,thorax_y,left_shoulder_x,left_shoulder_y,left_elbow_x,left_elbow_y,left_wrist_x,left_wrist_y,pelvis_x,pelvis_y,right_hip_x,right_hip_y,right_knee_x,right_knee_y,right_ankle_x,right_ankle_y,left_hip_x,left_hip_y,left_knee_x,left_knee_y,left_ankle_x,left_ankle_y
0.5299107142857142,0.18854166666666666,0.4581250000000001,0.33229166666666665,0.3424702380952382,0.28020833333333334,0.2866369047619048,0.20729166666666668,0.2786607142857144,0.10729166666666666,0.47008928571428577,0.31354166666666666,0.5897321428571428,0.3489583333333333,0.7293154761904761,0.40520833333333334,0.7612202380952382,0.33645833333333336,0.40627976190476195,0.509375,0.3584226190476191,0.5052083333333334,0.3624107142857143,0.6927083333333334,0.39032738095238095,0.8572916666666667,0.4581250000000001,0.5114583333333333,0.3504464285714286,0.6572916666666667,0.21485119047619045,0.7635416666666667
