head_top_x,head_top_y,upper_neck_x,upper_neck_y,right_shoulder_x,right_shoulder_y,right_elbow_x,right_elbow_y,right_wrist_x,right_wrist_y,thorax_x,thorax_y,left_shoulder_x,left_shoulder_y,left_elbow_x,left_elbow_y,left_wrist_x,left_wrist_y,pelvis_x,pelvis_y,right_hip_x,right_hip_y,right_knee_x,right_knee_y,right_ankle_x,right_ankle_y,left_hip_x,left_hip_y,left_knee_x,left_knee_y,left_ankle_x,left_ankle_y
0.4475996376811594,0.07604166666666666,0.5013435990338165,0.234375,0.5927083333333334,0.23645833333333333,0.6330163043478261,0.3489583333333333,0.5013435990338165,0.3885416666666667,0.5040307971014494,0.23645833333333333,0.41535326086956526,0.234375,0.27830615942028986,0.259375,0.22456219806763283,0.178125,0.5335899758454106,0.4635416666666667,0.5873339371980677,0.46145833333333336,0.6061443236714975,0.659375,0.6330163043478261,0.8739583333333333,0.4798460144927536,0.46770833333333334,0.47715881642512076,0.671875,0.46909722222222217,0.8864583333333333
