head_top_x,head_top_y,upper_neck_x,upper_neck_y,right_shoulder_x,right_shoulder_y,right_elbow_x,right_elbow_y,right_wrist_x,right_wrist_y,thorax_x,thorax_y,left_shoulder_x,left_shoulder_y,left_elbow_x,left_elbow_y,left_wrist_x,left_wrist_y,pelvis_x,pelvis_y,right_hip_x,right_hip_y,right_knee_x,right_knee_y,right_ankle_x,right_ankle_y,left_hip_x,left_hip_y,left_knee_x,left_knee_y,left_ankle_x,left_ankle_y
0.7989583333333333,0.21691645408163265,0.665625,0.28955676020408166,0.6947916666666667,0.2831473214285714,0.703125,0.3942442602040816,0.759375,0.4754304846938775,0.6697916666666667,0.2831473214285714,0.6489583333333333,0.2767378826530612,0.6177083333333333,0.3921077806122449,0.640625,0.48397640306122447,0.49895833333333334,0.3856983418367347,0.496875,0.38783482142857145,0.403125,0.5224330357142857,0.209375,0.47970344387755104,0.5010416666666667,0.3792889030612245,0.6489583333333333,0.5566167091836735,0.6010416666666667,0.7467633928571429
