head_top_x,head_top_y,upper_neck_x,upper_neck_y,right_shoulder_x,right_shoulder_y,right_elbow_x,right_elbow_y,right_wrist_x,right_wrist_y,thorax_x,thorax_y,left_shoulder_x,left_shoulder_y,left_elbow_x,left_elbow_y,left_wrist_x,left_wrist_y,pelvis_x,pelvis_y,right_hip_x,right_hip_y,right_knee_x,right_knee_y,right_ankle_x,right_ankle_y,left_hip_x,left_hip_y,left_knee_x,left_knee_y,left_ankle_x,left_ankle_y
0.6989712732919255,0.159375,0.5949340062111801,0.28229166666666666,0.6105395962732919,0.2760416666666667,0.574126552795031,0.38229166666666664,0.6937694099378882,0.4010416666666667,0.6001358695652174,0.278125,0.5871312111801242,0.271875,0.4518827639751553,0.296875,0.5299107142857142,0.40729166666666666,0.5507181677018633,0.46979166666666666,0.5299107142857142,0.46770833333333334,0.4206715838509317,0.6385416666666667,0.20739518633540374,0.5697916666666667,0.574126552795031,0.4635416666666667,0.6833656832298136,0.6135416666666667,0.7665954968944099,0.796875
