head_top_x,head_top_y,upper_neck_x,upper_neck_y,right_shoulder_x,right_shoulder_y,right_elbow_x,right_elbow_y,right_wrist_x,right_wrist_y,thorax_x,thorax_y,left_shoulder_x,left_shoulder_y,left_elbow_x,left_elbow_y,left_wrist_x,left_wrist_y,pelvis_x,pelvis_y,right_hip_x,right_hip_y,right_knee_x,right_knee_y,right_ankle_x,right_ankle_y,left_hip_x,left_hip_y,left_knee_x,left_knee_y,left_ankle_x,left_ankle_y
0.501632882882883,0.12604166666666666,0.416722972972973,0.278125,0.33834459459459454,0.290625,0.20444819819819818,0.390625,0.374268018018018,0.4427083333333333,0.4036599099099098,0.2989583333333333,0.4657094594594595,0.30520833333333336,0.4787725225225225,0.403125,0.6159346846846847,0.403125,0.472240990990991,0.5072916666666667,0.44284909909909903,0.5177083333333333,0.625731981981982,0.6614583333333334,0.7596283783783784,0.853125,0.5081644144144145,0.496875,0.59634009009009,0.6677083333333333,0.4036599099099098,0.796875
