head_top_x,head_top_y,upper_neck_x,upper_neck_y,right_shoulder_x,right_shoulder_y,right_elbow_x,right_elbow_y,right_wrist_x,right_wrist_y,thorax_x,thorax_y,left_shoulder_x,left_shoulder_y,left_elbow_x,left_elbow_y,left_wrist_x,left_wrist_y,pelvis_x,pelvis_y,right_hip_x,right_hip_y,right_knee_x,right_knee_y,right_ankle_x,right_ankle_y,left_hip_x,left_hip_y,left_knee_x,left_knee_y,left_ankle_x,left_ankle_y
0.5356488853503184,0.15104166666666666,0.5171642781316348,0.31354166666666666,0.6359938959660297,0.3302083333333333,0.6624004777070064,0.446875,0.5805400743099788,0.45729166666666665,0.5198049363057324,0.321875,0.40361597664543525,0.3260416666666667,0.36928742038216555,0.434375,0.44058519108280253,0.48854166666666665,0.5092423036093419,0.446875,0.577899416135881,0.44479166666666664,0.7099323248407644,0.6364583333333333,0.7812300955414013,0.8447916666666667,0.43002255838641185,0.459375,0.279505042462845,0.6635416666666667,0.2108479299363057,0.8489583333333334
