head_top_x,head_top_y,upper_neck_x,upper_neck_y,right_shoulder_x,right_shoulder_y,right_elbow_x,right_elbow_y,right_wrist_x,right_wrist_y,thorax_x,thorax_y,left_shoulder_x,left_shoulder_y,left_elbow_x,left_elbow_y,left_wrist_x,left_wrist_y,pelvis_x,pelvis_y,right_hip_x,right_hip_y,right_knee_x,right_knee_y,right_ankle_x,right_ankle_y,left_hip_x,left_hip_y,left_knee_x,left_knee_y,left_ankle_x,left_ankle_y
0.6127219945355191,0.053125,0.519245218579235,0.21145833333333333,0.6952015027322405,0.246875,0.6842042349726777,0.39895833333333336,0.7116974043715847,0.540625,0.5027493169398909,0.24270833333333333,0.3157957650273225,0.23229166666666667,0.22231898907103825,0.35520833333333335,0.37628073770491804,0.353125,0.4367657103825136,0.521875,0.546738387978142,0.5197916666666667,0.7061987704918032,0.6510416666666666,0.7831796448087431,0.8364583333333333,0.3322916666666667,0.521875,0.39277663934426227,0.696875,0.37078210382513666,0.8885416666666667
