head_top_x,head_top_y,upper_neck_x,upper_neck_y,right_shoulder_x,right_shoulder_y,right_elbow_x,right_elbow_y,right_wrist_x,right_wrist_y,thorax_x,thorax_y,left_shoulder_x,left_shoulder_y,left_elbow_x,left_elbow_y,left_wrist_x,left_wrist_y,pelvis_x,pelvis_y,right_hip_x,right_hip_y,right_knee_x,right_knee_y,right_ankle_x,right_ankle_y,left_hip_x,left_hip_y,left_knee_x,left_knee_y,left_ankle_x,left_ankle_y
0.34501811594202897,0.06979166666666667,0.4711050724637681,0.22604166666666667,0.6865036231884059,0.240625,0.7705615942028986,0.3802083333333333,0.7337862318840578,0.4864583333333333,0.48686594202898553,0.24479166666666666,0.28722826086956527,0.25104166666666666,0.22943840579710145,0.39895833333333336,0.2136775362318841,0.5364583333333334,0.5236413043478262,0.49270833333333336,0.6234601449275362,0.48854166666666665,0.628713768115942,0.671875,0.6917572463768116,0.8635416666666667,0.41856884057971017,0.49895833333333334,0.45534420289855077,0.6927083333333334,0.5236413043478262,0.8989583333333333
