head_top_x,head_top_y,upper_neck_x,upper_neck_y,right_shoulder_x,right_shoulder_y,right_elbow_x,right_elbow_y,right_wrist_x,right_wrist_y,thorax_x,thorax_y,left_shoulder_x,left_shoulder_y,left_elbow_x,left_elbow_y,left_wrist_x,left_wrist_y,pelvis_x,pelvis_y,right_hip_x,right_hip_y,right_knee_x,right_knee_y,right_ankle_x,right_ankle_y,left_hip_x,left_hip_y,left_knee_x,left_knee_y,left_ankle_x,left_ankle_y
0.7139777131782946,0.128125,0.5760416666666667,0.25729166666666664,0.5371366279069767,0.28854166666666664,0.3992005813953488,0.39479166666666665,0.22943313953488376,0.490625,0.5371366279069767,0.28020833333333334,0.5335998062015503,0.27395833333333336,0.3461482558139535,0.35520833333333335,0.24358042635658914,0.478125,0.46640019379844966,0.540625,0.4522529069767442,0.5385416666666667,0.7705668604651164,0.7385416666666667,0.5442102713178294,0.9510416666666667,0.48762112403100777,0.540625,0.47701065891472866,0.7385416666666667,0.24358042635658914,0.9510416666666667
