head_top_x,head_top_y,upper_neck_x,upper_neck_y,right_shoulder_x,right_shoulder_y,right_elbow_x,right_elbow_y,right_wrist_x,right_wrist_y,thorax_x,thorax_y,left_shoulder_x,left_shoulder_y,left_elbow_x,left_elbow_y,left_wrist_x,left_wrist_y,pelvis_x,pelvis_y,right_hip_x,right_hip_y,right_knee_x,right_knee_y,right_ankle_x,right_ankle_y,left_hip_x,left_hip_y,left_knee_x,left_knee_y,left_ankle_x,left_ankle_y
0.320205745341615,0.17395833333333333,0.366013198757764,0.33229166666666665,0.33394798136645965,0.37604166666666666,0.3797554347826087,0.471875,0.42785326086956527,0.528125,0.3751746894409938,0.3572916666666667,0.4209821428571428,0.33645833333333336,0.4393051242236025,0.4239583333333333,0.4644992236024845,0.509375,0.4644992236024845,0.5489583333333333,0.44159549689440997,0.5510416666666667,0.29272127329192554,0.6260416666666667,0.22171972049689442,0.815625,0.4851125776397515,0.5447916666666667,0.5629852484472049,0.7177083333333333,0.5011451863354038,0.7552083333333334
