head_top_x,head_top_y,upper_neck_x,upper_neck_y,right_shoulder_x,right_shoulder_y,right_elbow_x,right_elbow_y,right_wrist_x,right_wrist_y,thorax_x,thorax_y,left_shoulder_x,left_shoulder_y,left_elbow_x,left_elbow_y,left_wrist_x,left_wrist_y,pelvis_x,pelvis_y,right_hip_x,right_hip_y,right_knee_x,right_knee_y,right_ankle_x,right_ankle_y,left_hip_x,left_hip_y,left_knee_x,left_knee_y,left_ankle_x,left_ankle_y
0.38317087155963303,0.10729166666666666,0.3925172018348624,0.2760416666666667,0.26789946483180427,0.296875,0.21805237003058106,0.39479166666666665,0.43301796636085627,0.4010416666666667,0.3925172018348624,0.296875,0.5202503822629969,0.290625,0.6230600152905198,0.353125,0.7570240825688074,0.440625,0.4143253058103975,0.521875,0.34578555045871556,0.5364583333333334,0.45794151376146786,0.6927083333333334,0.5638665902140673,0.8260416666666667,0.4828650611620795,0.5052083333333334,0.4922113914373089,0.6885416666666667,0.47351873088685015,0.884375
