head_top_x,head_top_y,upper_neck_x,upper_neck_y,right_shoulder_x,right_shoulder_y,right_elbow_x,right_elbow_y,right_wrist_x,right_wrist_y,thorax_x,thorax_y,left_shoulder_x,left_shoulder_y,left_elbow_x,left_elbow_y,left_wrist_x,left_wrist_y,pelvis_x,pelvis_y,right_hip_x,right_hip_y,right_knee_x,right_knee_y,right_ankle_x,right_ankle_y,left_hip_x,left_hip_y,left_knee_x,left_knee_y,left_ankle_x,left_ankle_y
0.5028176229508198,0.051041666666666666,0.37320696721311475,0.21145833333333333,0.39574795081967223,0.24479166666666666,0.49718237704918034,0.3614583333333333,0.7789446721311476,0.4197916666666667,0.3563012295081968,0.23229166666666667,0.29994877049180324,0.21979166666666666,0.3844774590163934,0.315625,0.5704405737704917,0.41770833333333335,0.40701844262295084,0.471875,0.40701844262295084,0.4739583333333333,0.39574795081967223,0.684375,0.2605020491803279,0.9010416666666666,0.40138319672131156,0.46770833333333334,0.41265368852459017,0.671875,0.4239241803278688,0.878125
