head_top_x,head_top_y,upper_neck_x,upper_neck_y,right_shoulder_x,right_shoulder_y,right_elbow_x,right_elbow_y,right_wrist_x,right_wrist_y,thorax_x,thorax_y,left_shoulder_x,left_shoulder_y,left_elbow_x,left_elbow_y,left_wrist_x,left_wrist_y,pelvis_x,pelvis_y,right_hip_x,right_hip_y,right_knee_x,right_knee_y,right_ankle_x,right_ankle_y,left_hip_x,left_hip_y,left_knee_x,left_knee_y,left_ankle_x,left_ankle_y
0.49035773026315793,0.08020833333333334,0.4517886513157895,0.23020833333333332,0.5482113486842106,0.21770833333333334,0.6887129934210525,0.265625,0.7658511513157894,0.228125,0.4517886513157895,0.228125,0.3526110197368421,0.23645833333333333,0.2148643092105263,0.22395833333333334,0.23690378289473682,0.20729166666666668,0.42148437499999997,0.415625,0.47658305921052635,0.42604166666666665,0.3856702302631579,0.6552083333333333,0.3195518092105263,0.8239583333333333,0.3663856907894737,0.409375,0.2672080592105263,0.6322916666666667,0.2203741776315789,0.8197916666666667
