head_top_x,head_top_y,upper_neck_x,upper_neck_y,right_shoulder_x,right_shoulder_y,right_elbow_x,right_elbow_y,right_wrist_x,right_wrist_y,thorax_x,thorax_y,left_shoulder_x,left_shoulder_y,left_elbow_x,left_elbow_y,left_wrist_x,left_wrist_y,pelvis_x,pelvis_y,right_hip_x,right_hip_y,right_knee_x,right_knee_y,right_ankle_x,right_ankle_y,left_hip_x,left_hip_y,left_knee_x,left_knee_y,left_ankle_x,left_ankle_y
0.4960986024844721,0.14895833333333333,0.5091032608695653,0.3072916666666667,0.43107531055900616,0.3177083333333333,0.4622864906832298,0.42604166666666665,0.581929347826087,0.3697916666666667,0.5091032608695653,0.30520833333333336,0.5923330745341615,0.284375,0.6703610248447205,0.3614583333333333,0.6729619565217392,0.365625,0.5143051242236025,0.49270833333333336,0.46488742236024844,0.496875,0.37385481366459633,0.678125,0.18658773291925468,0.7739583333333333,0.5611218944099379,0.490625,0.6729619565217392,0.6447916666666667,0.7769992236024845,0.809375
