head_top_x,head_top_y,upper_neck_x,upper_neck_y,right_shoulder_x,right_shoulder_y,right_elbow_x,right_elbow_y,right_wrist_x,right_wrist_y,thorax_x,thorax_y,left_shoulder_x,left_shoulder_y,left_elbow_x,left_elbow_y,left_wrist_x,left_wrist_y,pelvis_x,pelvis_y,right_hip_x,right_hip_y,right_knee_x,right_knee_y,right_ankle_x,right_ankle_y,left_hip_x,left_hip_y,left_knee_x,left_knee_y,left_ankle_x,left_ankle_y
0.5278409090909091,0.09479166666666666,0.4721590909090909,0.2552083333333333,0.3979166666666666,0.27395833333333336,0.56125,0.365625,0.7468560606060606,0.3927083333333333,0.4721590909090909,0.25729166666666664,0.546401515151515,0.23854166666666668,0.613219696969697,0.32395833333333335,0.7431439393939394,0.38229166666666664,0.4016287878787878,0.446875,0.3162499999999999,0.446875,0.3719318181818181,0.653125,0.21602272727272728,0.8447916666666667,0.4795833333333333,0.4427083333333333,0.6614772727272726,0.6447916666666667,0.5760984848484849,0.8239583333333333
