head_top_x,head_top_y,upper_neck_x,upper_neck_y,right_shoulder_x,right_shoulder_y,right_elbow_x,right_elbow_y,right_wrist_x,right_wrist_y,thorax_x,thorax_y,left_shoulder_x,left_shoulder_y,left_elbow_x,left_elbow_y,left_wrist_x,left_wrist_y,pelvis_x,pelvis_y,right_hip_x,right_hip_y,right_knee_x,right_knee_y,right_ankle_x,right_ankle_y,left_hip_x,left_hip_y,left_knee_x,left_knee_y,left_ankle_x,left_ankle_y
0.6336718749999999,0.078125,0.6155468749999999,0.228125,0.48414062500000005,0.2635416666666667,0.429765625,0.3697916666666667,0.24851562500000005,0.409375,0.6155468749999999,0.25104166666666666,0.733359375,0.23229166666666667,0.751484375,0.18645833333333334,0.742421875,0.11979166666666667,0.656328125,0.48854166666666665,0.5611718749999999,0.490625,0.5657031249999999,0.6989583333333333,0.6291406249999999,0.859375,0.742421875,0.4822916666666667,0.674453125,0.690625,0.688046875,0.878125
