head_top_x,head_top_y,upper_neck_x,upper_neck_y,right_shoulder_x,right_shoulder_y,right_elbow_x,right_elbow_y,right_wrist_x,right_wrist_y,thorax_x,thorax_y,left_shoulder_x,left_shoulder_y,left_elbow_x,left_elbow_y,left_wrist_x,left_wrist_y,pelvis_x,pelvis_y,right_hip_x,right_hip_y,right_knee_x,right_knee_y,right_ankle_x,right_ankle_y,left_hip_x,left_hip_y,left_knee_x,left_knee_y,left_ankle_x,left_ankle_y
0.511015625,0.078125,0.474296875,0.22604166666666667,0.371484375,0.19895833333333332,0.21971354166666668,0.215625,0.21971354166666668,0.30104166666666665,0.481640625,0.209375,0.5917968749999999,0.215625,0.7631510416666668,0.33229166666666665,0.701953125,0.43854166666666666,0.518359375,0.446875,0.4473697916666667,0.4552083333333333,0.44981770833333334,0.684375,0.4865364583333333,0.7760416666666666,0.5893489583333335,0.4427083333333333,0.7582552083333335,0.6322916666666667,0.6774739583333333,0.784375
