head_top_x,head_top_y,upper_neck_x,upper_neck_y,right_shoulder_x,right_shoulder_y,right_elbow_x,right_elbow_y,right_wrist_x,right_wrist_y,thorax_x,thorax_y,left_shoulder_x,left_shoulder_y,left_elbow_x,left_elbow_y,left_wrist_x,left_wrist_y,pelvis_x,pelvis_y,right_hip_x,right_hip_y,right_knee_x,right_knee_y,right_ankle_x,right_ankle_y,left_hip_x,left_hip_y,left_knee_x,left_knee_y,left_ankle_x,left_ankle_y
0.48433248299319726,0.11770833333333333,0.49572704081632657,0.28020833333333334,0.5242134353741497,0.25729166666666664,0.6524022108843537,0.3072916666666667,0.7862882653061224,0.25729166666666664,0.49572704081632657,0.26979166666666665,0.4643920068027211,0.28020833333333334,0.6125212585034013,0.3072916666666667,0.7264668367346938,0.2635416666666667,0.49857568027210886,0.478125,0.5441539115646259,0.4739583333333333,0.709375,0.615625,0.7464073129251702,0.8114583333333333,0.45014880952380953,0.484375,0.38747874149659867,0.6635416666666667,0.22510629251700678,0.796875
