head_top_x,head_top_y,upper_neck_x,upper_neck_y,right_shoulder_x,right_shoulder_y,right_elbow_x,right_elbow_y,right_wrist_x,right_wrist_y,thorax_x,thorax_y,left_shoulder_x,left_shoulder_y,left_elbow_x,left_elbow_y,left_wrist_x,left_wrist_y,pelvis_x,pelvis_y,right_hip_x,right_hip_y,right_knee_x,right_knee_y,right_ankle_x,right_ankle_y,left_hip_x,left_hip_y,left_knee_x,left_knee_y,left_ankle_x,left_ankle_y
0.6339162844036696,0.871875,0.6140768348623854,0.6052083333333333,0.6041571100917432,0.7427083333333333,0.3561639908256881,0.25729166666666664,0.39914946483180436,0.23645833333333333,0.5611716360856269,0.646875,0.6372228593272171,0.6114583333333333,0.6603688837920489,0.5322916666666667,0.6835149082568807,0.428125,0.6074636850152906,0.3489583333333333,0.5380256116207951,0.34479166666666666,0.6173834097859328,0.459375,0.6702886085626911,0.45729166666666665,0.676901758409786,0.3489583333333333,0.6074636850152906,0.584375,0.776099006116208,0.096875
