head_top_x,head_top_y,upper_neck_x,upper_neck_y,right_shoulder_x,right_shoulder_y,right_elbow_x,right_elbow_y,right_wrist_x,right_wrist_y,thorax_x,thorax_y,left_shoulder_x,left_shoulder_y,left_elbow_x,left_elbow_y,left_wrist_x,left_wrist_y,pelvis_x,pelvis_y,right_hip_x,right_hip_y,right_knee_x,right_knee_y,right_ankle_x,right_ankle_y,left_hip_x,left_hip_y,left_knee_x,left_knee_y,left_ankle_x,left_ankle_y
0.4919858870967742,0.053125,0.6095262096774194,0.20520833333333333,0.5293850806451613,0.23854166666666668,0.3530745967741935,0.34270833333333334,0.21950604838709678,0.278125,0.6362399193548386,0.23645833333333333,0.7430947580645162,0.23854166666666668,0.6095262096774194,0.37395833333333334,0.26224798387096776,0.28020833333333334,0.577469758064516,0.5072916666666667,0.5133568548387097,0.509375,0.508014112903226,0.6947916666666667,0.5721270161290322,0.8697916666666666,0.6255544354838709,0.5052083333333334,0.508014112903226,0.703125,0.5454133064516129,0.890625
