head_top_x,head_top_y,upper_neck_x,upper_neck_y,right_shoulder_x,right_shoulder_y,right_elbow_x,right_elbow_y,right_wrist_x,right_wrist_y,thorax_x,thorax_y,left_shoulder_x,left_shoulder_y,left_elbow_x,left_elbow_y,left_wrist_x,left_wrist_y,pelvis_x,pelvis_y,right_hip_x,right_hip_y,right_knee_x,right_knee_y,right_ankle_x,right_ankle_y,left_hip_x,left_hip_y,left_knee_x,left_knee_y,left_ankle_x,left_ankle_y
0.5528724747474747,0.22604166666666667,0.4471275252525252,0.35520833333333335,0.35407196969696964,0.2947916666666667,0.294854797979798,0.203125,0.2483270202020202,0.10729166666666666,0.4767361111111111,0.33229166666666665,0.5951704545454546,0.37395833333333334,0.713604797979798,0.42604166666666665,0.7601325757575759,0.353125,0.3625315656565657,0.521875,0.31600378787878786,0.5177083333333333,0.30331439393939397,0.6989583333333333,0.2737058080808081,0.865625,0.4090593434343434,0.528125,0.3244633838383838,0.7010416666666667,0.22717803030303024,0.8052083333333333
